epoch,step,min_lidar,action,reward,q_max,loss
1,0,0.665,0,1.0,0.0,0
1,1,0.664,0,1.0,-3.2421105,0
1,2,0.670,2,-0.05,-3.241297,0
1,3,0.661,0,1.0,-3.2532096,0
1,4,0.671,0,1.0,-3.2058415,0
1,5,0.661,2,-0.05,-3.2248163,0
1,6,0.665,0,1.0,-3.257854,0
1,7,0.668,0,1.0,-3.2488184,0
1,8,0.657,0,1.0,-3.2230268,0
1,9,0.669,1,-0.05,-3.1923523,0
1,10,0.671,2,-0.05,-3.166963,0
1,11,0.664,1,-0.05,-2.9928086,0
1,12,0.654,0,1.0,-3.2292175,0
1,13,0.659,0,1.0,-3.3791306,0
1,14,0.653,0,1.0,-3.3925116,0
1,15,0.646,0,1.0,-3.3662338,0
1,16,0.646,2,-0.05,-3.3932478,0
1,17,0.644,0,1.0,-3.4940069,0
1,18,0.652,1,-0.05,-3.4923224,0
1,19,0.636,2,-0.05,-3.5509748,0
1,20,0.628,0,1.0,-3.4129646,0
1,21,0.639,1,-0.05,-3.3161678,0
1,22,0.633,0,1.0,-2.9248304,0
1,23,0.643,2,-0.05,-2.9234915,0
1,24,0.638,1,-0.05,-2.8947496,0
1,25,0.635,2,-0.05,-3.2850413,0
1,26,0.633,1,-0.05,-3.0880198,0
1,27,0.616,1,-0.05,-3.2464156,0
1,28,0.644,0,1.0,-3.5003319,0
1,29,0.626,0,1.0,-3.373086,0
1,30,0.626,2,-0.05,-3.4029007,0
1,31,0.625,0,1.0,-3.4107437,0
1,32,0.613,2,-0.05,-3.4174035,0
1,33,0.604,1,-0.05,-3.3887148,0
1,34,0.613,2,-0.05,-3.2278857,0
1,35,0.606,1,-0.05,-3.4045517,0
1,36,0.596,0,1.0,-3.34594,0
1,37,0.586,0,1.0,-3.6574597,0
1,38,0.576,1,-0.05,-3.6419234,0
1,39,0.574,2,-0.05,-4.0496173,0
1,40,0.570,2,-0.05,-3.507243,0
1,41,0.558,0,1.0,-3.4173822,0
1,42,0.562,0,1.0,-3.5519376,0
1,43,0.537,0,1.0,-3.5260735,0
1,44,0.541,0,1.0,-3.5972612,0
1,45,0.520,2,-0.05,-3.5857658,0
1,46,0.543,0,1.0,-3.548904,0
1,47,0.521,1,-0.05,-3.546053,0
1,48,0.512,0,1.0,-3.5080872,0
1,49,0.517,1,-0.05,-3.4220314,0
1,50,0.520,2,-0.05,-3.3600044,0
1,51,0.522,2,-0.05,-3.5827587,0
1,52,0.515,0,1.0,-3.408469,0
1,53,0.514,2,-0.05,-2.8486915,0
1,54,0.520,2,-0.05,-2.6517742,0
1,55,0.523,1,-0.05,-2.6428204,0
1,56,0.533,0,1.0,-2.4613771,0
1,57,0.526,2,-0.05,-2.6930127,0
1,58,0.530,1,-0.05,-3.2777462,0
1,59,0.528,0,1.0,-3.23597,0
1,60,0.532,0,1.0,-3.7730222,0
1,61,0.519,0,1.0,-3.313556,0
1,62,0.498,0,1.0,-3.2476006,0
1,63,0.487,0,1.0,-3.2064626,0
1,64,0.497,2,-0.05,-3.0197902,0
1,65,0.475,2,-0.05,-2.9729524,0
1,66,0.489,1,-0.05,-2.9800103,0
1,67,0.484,0,1.0,-3.0097075,0
1,68,0.473,1,-0.05,-2.5547342,0
1,69,0.470,0,1.0,-2.9059134,0
1,70,0.449,0,1.0,-3.8436103,0
1,71,0.449,1,-0.05,-3.5329092,0
1,72,0.449,1,-0.05,-3.3176763,0
1,73,0.437,1,-0.05,-2.859557,0
1,74,0.426,1,-0.05,-2.141788,0
1,75,0.422,1,-0.05,-2.4469156,0
1,76,0.418,0,1.0,-2.1752572,0
1,77,0.396,1,-0.05,-1.598238,0
1,78,0.383,2,-0.05,-1.944297,0
1,79,0.385,1,-0.05,-2.0353785,0
1,80,0.366,0,1.0,-2.0702205,0
1,81,0.342,2,-0.05,-1.613306,0
1,82,0.341,2,-0.05,-1.3410292,0
1,83,0.324,1,-0.05,-2.0275915,0
1,84,0.323,1,-0.05,-1.303104,0
1,85,0.305,2,-0.05,0.06921238,0
1,86,0.291,2,-0.05,-1.043181,0
1,87,0.311,2,-0.05,-1.7260649,0
1,88,0.293,2,-0.05,-1.8684886,0
1,89,0.293,1,-0.05,-1.5917983,0
1,90,0.270,2,-0.05,-1.8640931,0
1,91,0.273,2,-0.05,-1.4465146,0
1,92,0.275,2,-0.05,-1.6667216,0
1,93,0.240,0,1.0,-2.1089144,0
1,94,0.227,0,1.0,-2.6648362,0
1,95,0.209,1,-0.05,-2.711741,0
1,96,0.196,2,-100.0,-2.5656943,0
2,0,0.672,0,1.0,0.0,0
2,1,0.653,1,-0.05,-3.072908,0
2,2,0.667,0,1.0,-3.1919374,0
2,3,0.653,0,1.0,-3.2776005,0
2,4,0.659,0,1.0,-3.3356574,0
2,5,0.658,2,-0.05,-3.3438818,0
2,6,0.649,2,-0.05,-3.3467033,0
2,7,0.657,0,1.0,-3.298387,0
2,8,0.647,0,1.0,-3.0638309,0
2,9,0.654,0,1.0,-2.939197,0
2,10,0.652,1,-0.05,-2.9605925,0
2,11,0.659,1,-0.05,-2.9196148,0
2,12,0.657,0,1.0,-3.1863227,0
2,13,0.666,2,-0.05,-3.3039784,0
2,14,0.656,1,-0.05,-3.4299164,0
2,15,0.660,0,1.0,-3.546823,0
2,16,0.647,0,1.0,-3.3483095,0
2,17,0.623,0,1.0,-3.3774738,0
2,18,0.628,2,-0.05,-3.2628324,0
2,19,0.610,0,1.0,-3.2728465,0
2,20,0.592,0,1.0,-3.3247442,0
2,21,0.585,0,1.0,-3.3395584,0
2,22,0.574,1,-0.05,-3.3750165,0
2,23,0.570,0,1.0,-3.3796294,0
2,24,0.555,2,-0.05,-3.4763303,0
2,25,0.543,1,-0.05,-3.438433,0
2,26,0.540,2,-0.05,-3.7402163,0
2,27,0.547,2,-0.05,-3.4223871,0
2,28,0.536,0,1.0,-3.4431276,0
2,29,0.534,2,-0.05,-3.5477567,0
2,30,0.522,2,-0.05,-3.4213793,0
2,31,0.527,2,-0.05,-3.6210775,0
2,32,0.524,0,1.0,-3.2849615,0
2,33,0.538,0,1.0,-3.0583744,0
2,34,0.532,2,-0.05,-2.9669008,0
2,35,0.533,0,1.0,-2.970577,0
2,36,0.541,2,-0.05,-2.9470778,0
2,37,0.552,2,-0.05,-2.9756746,0
2,38,0.553,0,1.0,-2.6902664,0
2,39,0.565,1,-0.05,-1.9019339,0
2,40,0.574,0,1.0,-1.0080452,0
2,41,0.576,1,-0.05,-1.0480306,0
2,42,0.583,2,-0.05,-1.0406531,0
2,43,0.588,0,1.0,-0.77943146,0
2,44,0.613,1,-0.05,-0.5175097,0
2,45,0.607,1,-0.05,-0.53821003,0
2,46,0.615,1,-0.05,-0.36238682,0
2,47,0.625,1,-0.05,-0.64396596,0
2,48,0.629,1,-0.05,-1.0007457,0
2,49,0.629,2,-0.05,-2.0843487,0
2,50,0.633,1,-0.05,-1.6869953,0
2,51,0.633,2,-0.05,-2.025679,0
2,52,0.638,1,-0.05,-1.7520338,0
2,53,0.636,2,-0.05,-1.9811206,0
2,54,0.626,2,-0.05,-1.5245713,0
2,55,0.642,2,-0.05,-0.8609886,0
2,56,0.645,2,-0.05,-0.40080166,0
2,57,0.647,2,-0.05,-0.5573746,0
2,58,0.660,2,-0.05,-0.94988203,0
2,59,0.672,0,1.0,-1.7059621,0
2,60,0.689,1,-0.05,-2.5044386,0
2,61,0.708,0,1.0,-3.0981708,0
2,62,0.662,0,1.0,-3.1402218,0
2,63,0.626,2,-0.05,-3.2398186,0
2,64,0.624,1,-0.05,-3.240846,0
2,65,0.600,1,-0.05,-3.4683523,0
2,66,0.605,2,-0.05,-2.8965783,0
2,67,0.600,1,-0.05,-3.318612,0
2,68,0.601,2,-0.05,-3.000774,0
2,69,0.591,2,-0.05,-3.295728,0
2,70,0.584,1,-0.05,-3.255096,0
2,71,0.574,2,-0.05,-3.5290813,0
2,72,0.575,1,-0.05,-3.2464678,0
2,73,0.552,1,-0.05,-3.0398517,0
2,74,0.557,2,-0.05,-2.8244605,0
2,75,0.546,0,1.0,-3.285599,0
2,76,0.511,0,1.0,-3.236566,0
2,77,0.473,1,-0.05,-3.3667152,0
2,78,0.460,1,-0.05,-3.43773,0
2,79,0.432,1,-0.05,-3.3280606,0
2,80,0.428,0,1.0,-2.780827,0
2,81,0.417,1,-0.05,-2.6047647,0
2,82,0.405,2,-0.05,-1.7337974,0
2,83,0.399,2,-0.05,-2.326168,0
2,84,0.396,1,-0.05,-2.6679087,0
2,85,0.377,0,1.0,-2.763515,0
2,86,0.364,1,-0.05,-1.7947145,0
2,87,0.355,2,-0.05,-1.1825305,0
2,88,0.351,2,-0.05,-1.5860245,0
2,89,0.332,0,1.0,-2.299043,0
2,90,0.316,1,-0.05,-2.498553,0
2,91,0.314,2,-0.05,-3.0271606,0
2,92,0.303,1,-0.05,-3.2805152,0
2,93,0.276,0,1.0,-3.10588,0
2,94,0.257,1,-0.05,-2.649186,0
2,95,0.249,1,-0.05,-1.7007447,0
2,96,0.239,0,1.0,-1.6893246,0
2,97,0.220,1,-0.05,-1.5027862,0
2,98,0.217,1,-0.05,-2.2441158,0
2,99,0.199,0,-100.0,-2.138671,0
3,0,0.669,0,1.0,0.0,0
3,1,0.658,1,-0.05,-3.4783096,0
3,2,0.659,0,1.0,-3.548221,0
3,3,0.651,0,1.0,-3.353957,0
3,4,0.622,2,-0.05,-3.3490105,0
3,5,0.626,2,-0.05,-3.346233,0
3,6,0.617,2,-0.05,-3.3832932,0
3,7,0.621,1,-0.05,-3.5597,0
3,8,0.598,0,1.0,-3.5225332,0
3,9,0.606,0,1.0,-3.3279486,0
3,10,0.598,1,-0.05,-3.3449156,0
3,11,0.595,2,-0.05,-3.4067051,0
3,12,0.577,1,-0.05,-3.472725,0
3,13,0.584,0,1.0,-3.4054031,0
3,14,0.575,1,-0.05,-3.2201788,0
3,15,0.563,1,-0.05,-2.8531265,0
3,16,0.551,0,1.0,-3.039815,0
3,17,0.519,0,1.0,-2.6569219,0
3,18,0.508,2,-0.05,-2.3935764,0
3,19,0.476,0,1.0,-2.2581038,0
3,20,0.448,1,-0.05,-2.2135916,0
3,21,0.460,2,-0.05,-1.9858136,0
3,22,0.423,0,1.0,-2.5030735,0
3,23,0.412,0,1.0,-2.9213843,0
3,24,0.400,0,1.0,-2.842509,0
3,25,0.344,0,1.0,-2.8237655,0
3,26,0.348,1,-0.05,-2.6962667,0
3,27,0.349,2,-0.05,-2.6578593,0
3,28,0.335,2,-0.05,-2.748042,0
3,29,0.330,2,-0.05,-3.0733516,0
3,30,0.307,0,1.0,-3.6513677,0
3,31,0.315,2,-0.05,-3.629546,0
3,32,0.309,2,-0.05,-3.5634692,0
3,33,0.314,0,1.0,-3.598774,0
3,34,0.302,2,-0.05,-3.4448998,0
3,35,0.302,0,1.0,-3.8933117,0
3,36,0.303,0,1.0,-3.800174,0
3,37,0.314,1,-0.05,-3.6788042,0
3,38,0.314,1,-0.05,-3.6870608,0
3,39,0.318,0,1.0,-3.915082,0
3,40,0.320,2,-0.05,-3.537591,0
3,41,0.310,2,-0.05,-3.4997973,0
3,42,0.320,2,-0.05,-3.4957654,0
3,43,0.317,1,-0.05,-3.6643913,0
3,44,0.313,1,-0.05,-3.7007182,0
3,45,0.317,1,-0.05,-3.5270429,0
3,46,0.318,2,-0.05,-3.5734303,0
3,47,0.320,0,1.0,-3.6251419,0
3,48,0.314,2,-0.05,-3.6327434,0
3,49,0.318,0,1.0,-3.4908066,0
3,50,0.321,1,-0.05,-3.2530081,0
3,51,0.330,1,-0.05,-2.105589,0
3,52,0.321,0,1.0,-3.0289721,0
3,53,0.325,2,-0.05,-3.295719,0
3,54,0.330,0,1.0,-3.582103,0
3,55,0.335,0,1.0,-3.2114203,0
3,56,0.344,0,1.0,-3.0517466,0
3,57,0.333,1,-0.05,-3.0143242,0
3,58,0.351,2,-0.05,-2.9539797,0
3,59,0.346,0,1.0,-2.5486238,0
3,60,0.363,1,-0.05,-2.2964668,0
3,61,0.370,0,1.0,-1.4364555,0
3,62,0.366,1,-0.05,-1.4793591,0
3,63,0.400,0,1.0,-1.4724784,0
3,64,0.402,2,-0.05,-1.5067,0
3,65,0.404,2,-0.05,-1.4224914,0
3,66,0.419,1,-0.05,-2.0577078,0
3,67,0.422,0,1.0,-1.4762826,0
3,68,0.442,1,-0.05,-1.5367835,0
3,69,0.432,0,1.0,-1.8213472,0
3,70,0.449,0,1.0,-1.7231911,0
3,71,0.457,1,-0.05,-1.7961472,0
3,72,0.466,0,1.0,-2.1277173,0
3,73,0.480,1,-0.05,-2.1840222,0
3,74,0.472,1,-0.05,-2.141097,0
3,75,0.463,1,-0.05,-2.532154,0
3,76,0.490,0,1.0,-2.5072224,0
3,77,0.475,1,-0.05,-3.4255884,0
3,78,0.487,2,-0.05,-3.115264,0
3,79,0.488,2,-0.05,-3.0546136,0
3,80,0.478,2,-0.05,-3.2403128,0
3,81,0.480,0,1.0,-2.3689213,0
3,82,0.481,0,1.0,-2.3822007,0
3,83,0.489,2,-0.05,-2.1900687,0
3,84,0.506,0,1.0,-2.1266308,0
3,85,0.517,2,-0.05,-2.1405811,0
3,86,0.529,0,1.0,-2.6559334,0
3,87,0.529,1,-0.05,-2.6661048,0
3,88,0.539,1,-0.05,-2.6640265,0
3,89,0.539,0,1.0,-2.5599675,0
3,90,0.531,2,-0.05,-2.203854,0
3,91,0.540,1,-0.05,-2.5180998,0
3,92,0.547,1,-0.05,-2.3795595,0
3,93,0.549,2,-0.05,-3.1343396,0
3,94,0.533,1,-0.05,-2.9686897,0
3,95,0.537,1,-0.05,-4.2206526,0
3,96,0.552,2,-0.05,-3.9184213,0
3,97,0.538,2,-0.05,-4.281231,0
3,98,0.546,0,1.0,-2.901277,0
3,99,0.530,0,1.0,-2.7009428,0
3,100,0.541,0,1.0,-2.589458,0
3,101,0.540,1,-0.05,-3.6599827,0
3,102,0.545,0,1.0,-3.3248596,0
3,103,0.539,2,-0.05,-3.317754,0
3,104,0.542,2,-0.05,-2.624417,0
3,105,0.562,1,-0.05,-2.8098571,0
3,106,0.544,2,-0.05,-2.5962205,0
3,107,0.552,2,-0.05,-2.762624,0
3,108,0.548,0,1.0,-3.3317595,0
3,109,0.561,1,-0.05,-3.1295583,0
3,110,0.553,2,-0.05,-2.4338667,0
3,111,0.562,1,-0.05,-2.1083488,0
3,112,0.578,0,1.0,-2.3166645,0
3,113,0.580,1,-0.05,-2.5412955,0
3,114,0.591,0,1.0,-2.9590735,0
3,115,0.595,1,-0.05,-2.753735,0
3,116,0.609,0,1.0,-2.2487993,0
3,117,0.590,0,1.0,-2.575505,0
3,118,0.604,2,-0.05,-2.536956,0
3,119,0.601,1,-0.05,-2.5314753,0
3,120,0.599,1,-0.05,-2.7975845,0
3,121,0.593,2,-0.05,-3.1998682,0
3,122,0.592,2,-0.05,-2.9417615,0
3,123,0.597,1,-0.05,-2.4853396,0
3,124,0.597,0,1.0,-2.8939734,0
3,125,0.580,1,-0.05,-3.0774386,0
3,126,0.596,1,-0.05,-2.7311616,0
3,127,0.580,2,-0.05,-2.158093,0
3,128,0.574,2,-0.05,-2.3799477,0
3,129,0.581,0,1.0,-2.8703609,0
3,130,0.571,1,-0.05,-2.8213053,0
3,131,0.579,1,-0.05,-2.7977877,0
3,132,0.575,1,-0.05,-2.6914394,0
3,133,0.576,1,-0.05,-2.502086,0
3,134,0.576,2,-0.05,-2.1716385,0
3,135,0.563,1,-0.05,-2.2776058,0
3,136,0.567,1,-0.05,-2.1591227,0
3,137,0.560,1,-0.05,-1.7207289,0
3,138,0.548,2,-0.05,-1.2719345,0
3,139,0.558,2,-0.05,-1.5283264,0
3,140,0.556,1,-0.05,-2.0640748,0
3,141,0.558,1,-0.05,-1.7757193,0
3,142,0.551,1,-0.05,-1.2595514,0
3,143,0.550,2,-0.05,-1.0974423,0
3,144,0.544,1,-0.05,-1.1524985,0
3,145,0.544,1,-0.05,-1.1269758,0
3,146,0.531,1,-0.05,-0.82761705,0
3,147,0.541,1,-0.05,-0.4351493,0
3,148,0.542,2,-0.05,0.057201743,0
3,149,0.524,2,-0.05,-0.19799316,0
3,150,0.514,0,1.0,-0.71873426,0
3,151,0.482,2,-0.05,-1.011282,0
3,152,0.492,0,1.0,-1.4355762,0
3,153,0.480,1,-0.05,-1.7386131,0
3,154,0.475,2,-0.05,-1.9517415,0
3,155,0.476,1,-0.05,-2.067323,0
3,156,0.468,1,-0.05,-1.9271748,0
3,157,0.466,1,-0.05,-1.7687138,0
3,158,0.462,2,-0.05,-1.5525041,0
3,159,0.447,0,1.0,-1.6309915,0
3,160,0.449,2,-0.05,-1.9848659,0
3,161,0.445,1,-0.05,-2.123911,0
3,162,0.445,2,-0.05,-2.0304706,0
3,163,0.441,0,1.0,-2.041247,0
3,164,0.438,0,1.0,-2.224896,0
3,165,0.443,1,-0.05,-2.3059487,0
3,166,0.429,2,-0.05,-2.2800226,0
3,167,0.419,2,-0.05,-2.4089575,0
3,168,0.437,0,1.0,-2.762823,0
3,169,0.429,0,1.0,-2.5353596,0
3,170,0.380,2,-0.05,-2.3276072,0
3,171,0.375,1,-0.05,-2.3804407,0
3,172,0.363,1,-0.05,-2.6943662,0
3,173,0.363,2,-0.05,-2.4580076,0
3,174,0.338,2,-0.05,-2.608188,0
3,175,0.337,2,-0.05,-2.3620224,0
3,176,0.328,1,-0.05,-1.8634144,0
3,177,0.319,2,-0.05,-2.24213,0
3,178,0.308,1,-0.05,-1.9189789,0
3,179,0.294,2,-0.05,-2.2089152,0
3,180,0.283,2,-0.05,-1.9967029,0
3,181,0.266,1,-0.05,-1.2738209,0
3,182,0.270,2,-0.05,-1.7401912,0
3,183,0.233,0,1.0,-1.2933848,0
3,184,0.212,2,-0.05,-0.89052093,0
3,185,0.194,2,-100.0,-0.7421153,0
4,0,0.672,0,1.0,0.0,0
4,1,0.669,2,-0.05,-3.0704136,0
4,2,0.669,2,-0.05,-2.9795566,0
4,3,0.658,0,1.0,-2.5781763,0
4,4,0.661,2,-0.05,-2.5357175,0
4,5,0.680,0,1.0,-2.1775436,0
4,6,0.685,0,1.0,-1.8080531,0
4,7,0.698,2,-0.05,-1.6766526,0
4,8,0.710,2,-0.05,-1.6436541,0
4,9,0.698,2,-0.05,-1.1600956,0
4,10,0.706,1,-0.05,-0.5172403,0
4,11,0.688,2,-0.05,-0.72987366,0
4,12,0.694,1,-0.05,-0.65234804,0
4,13,0.692,2,-0.05,-0.73137057,0
4,14,0.689,2,-0.05,-0.6344179,0
4,15,0.681,1,-0.05,-0.7322371,0
4,16,0.678,0,1.0,-0.6300756,0
4,17,0.666,2,-0.05,-0.6903317,0
4,18,0.663,0,1.0,-1.4900557,0
4,19,0.643,2,-0.05,-1.5490052,0
4,20,0.654,2,-0.05,-1.5573676,0
4,21,0.633,2,-0.05,-0.78472674,0
4,22,0.000,1,-0.05,-0.55556524,0
4,23,0.645,1,-0.05,0.0,0
4,24,0.626,0,1.0,-0.5853175,0
4,25,0.611,2,-0.05,-1.3664657,0
4,26,0.617,2,-0.05,-2.1232493,0
4,27,0.615,1,-0.05,-1.5694704,0
4,28,0.608,1,-0.05,-1.8702605,0
4,29,0.603,1,-0.05,-2.2651906,0
4,30,0.598,1,-0.05,-1.9634451,0
4,31,0.597,2,-0.05,-2.3326597,0
4,32,0.609,0,1.0,-2.0070243,0
4,33,0.587,1,-0.05,-2.1663513,0
4,34,0.577,0,1.0,-2.1366198,0
4,35,0.584,1,-0.05,-2.1551046,0
4,36,0.566,0,1.0,-2.1821141,0
4,37,0.584,1,-0.05,-2.1694427,0
4,38,0.568,1,-0.05,-2.1684325,0
4,39,0.561,0,1.0,-2.1786942,0
4,40,0.545,2,-0.05,-1.9108227,0
4,41,0.547,1,-0.05,-2.2694287,0
4,42,0.549,2,-0.05,-2.3359594,0
4,43,0.554,2,-0.05,-2.3299665,0
4,44,0.550,1,-0.05,-1.9486564,0
4,45,0.548,1,-0.05,-2.1852703,0
4,46,0.547,2,-0.05,-2.2850401,0
4,47,0.555,1,-0.05,-2.1781597,0
4,48,0.547,0,1.0,-2.3105752,0
4,49,0.552,0,1.0,-2.4762018,0
4,50,0.541,1,-0.05,-2.586745,0
4,51,0.544,2,-0.05,-2.5875096,0
4,52,0.554,2,-0.05,-2.417562,0
4,53,0.557,0,1.0,-2.3263092,0
4,54,0.558,2,-0.05,-2.1017947,0
4,55,0.547,1,-0.05,-2.0020533,0
4,56,0.553,0,1.0,-2.1296215,0
4,57,0.551,0,1.0,-2.300374,0
4,58,0.541,2,-0.05,-2.335475,0
4,59,0.541,2,-0.05,-2.2827623,0
4,60,0.539,1,-0.05,-2.3260674,0
4,61,0.543,0,1.0,-2.256835,0
4,62,0.542,0,1.0,-2.35805,0
4,63,0.536,0,1.0,-2.5007043,0
4,64,0.555,0,1.0,-2.5583801,0
4,65,0.549,2,-0.05,-2.5480413,0
4,66,0.552,0,1.0,-2.586637,0
4,67,0.556,0,1.0,-2.666347,0
4,68,0.563,1,-0.05,-2.857026,0
4,69,0.553,1,-0.05,-2.9057493,0
4,70,0.559,1,-0.05,-2.9747949,0
4,71,0.557,2,-0.05,-2.9721334,0
4,72,0.554,2,-0.05,-3.030957,0
4,73,0.555,2,-0.05,-2.935511,0
4,74,0.549,2,-0.05,-2.3867266,0
4,75,0.565,2,-0.05,-2.3405569,0
4,76,0.558,0,1.0,-2.2550128,0
4,77,0.555,2,-0.05,-2.372686,0
4,78,0.547,0,1.0,-2.130711,0
4,79,0.532,0,1.0,-1.5809616,0
4,80,0.520,0,1.0,-1.188935,0
4,81,0.494,0,1.0,-1.2341228,0
4,82,0.487,2,-0.05,-1.5212607,0
4,83,0.468,0,1.0,-1.5784009,0
4,84,0.462,2,-0.05,-1.6208895,0
4,85,0.444,0,1.0,-1.6325377,0
4,86,0.434,1,-0.05,-1.6606257,0
4,87,0.447,2,-0.05,-1.6370513,0
4,88,0.427,1,-0.05,-0.8422786,0
4,89,0.416,0,1.0,-1.7180585,0
4,90,0.391,0,1.0,-2.5323834,0
4,91,0.394,1,-0.05,-2.589684,0
4,92,0.386,2,-0.05,-2.6045654,0
4,93,0.385,1,-0.05,-2.7035642,0
4,94,0.378,1,-0.05,-2.6452184,0
4,95,0.377,2,-0.05,-2.5402439,0
4,96,0.375,0,1.0,-2.51894,0
4,97,0.375,2,-0.05,-2.742015,0
4,98,0.361,0,1.0,-1.6510549,0
4,99,0.343,1,-0.05,-0.59270525,0
4,100,0.340,1,-0.05,-0.41653192,0
4,101,0.342,0,1.0,-0.64241457,0
4,102,0.320,2,-0.05,-1.7347705,0
4,103,0.313,2,-0.05,-3.017884,0
4,104,0.305,2,-0.05,-2.0514555,0
4,105,0.311,1,-0.05,-1.100596,0
4,106,0.304,2,-0.05,-1.949399,0
4,107,0.297,0,1.0,-1.1790035,0
4,108,0.281,1,-0.05,-0.39169478,0
4,109,0.280,2,-0.05,-0.54248714,0
4,110,0.271,1,-0.05,-0.61702657,0
4,111,0.268,2,-0.05,-0.39777792,0
4,112,0.251,0,1.0,-0.5473993,0
4,113,0.212,0,1.0,-1.4651794,0
4,114,0.195,1,-100.0,-1.8057095,0
5,0,0.671,0,1.0,0.0,0
5,1,0.661,0,1.0,-3.1873724,0
5,2,0.655,0,1.0,-3.211214,0
5,3,0.674,0,1.0,-3.2328172,0
5,4,0.673,2,-0.05,-3.2239063,0
5,5,0.654,2,-0.05,-3.2153602,0
5,6,0.657,0,1.0,-2.9006453,0
5,7,0.670,0,1.0,-2.6900268,0
5,8,0.686,1,-0.05,-2.5356946,0
5,9,0.671,2,-0.05,-2.5386949,0
5,10,0.672,0,1.0,-2.3803282,0
5,11,0.680,2,-0.05,-2.119496,0
5,12,0.693,0,1.0,-1.4788697,0
5,13,0.707,1,-0.05,-0.76308227,0
5,14,0.703,1,-0.05,-0.6370826,0
5,15,0.698,2,-0.05,-0.73025715,0
5,16,0.708,2,-0.05,-0.5362568,0
5,17,0.697,1,-0.05,-0.6997093,0
5,18,0.692,0,1.0,-0.65896773,0
5,19,0.676,2,-0.05,-0.70531213,0
5,20,0.671,1,-0.05,-1.4770387,0
5,21,0.662,0,1.0,-2.1268878,0
5,22,0.643,1,-0.05,-2.1459436,0
5,23,0.646,0,1.0,-2.3184075,0
5,24,0.647,2,-0.05,-2.6704082,0
5,25,0.654,2,-0.05,-2.9020863,0
5,26,0.653,1,-0.05,-2.678341,0
5,27,0.646,2,-0.05,-2.8516035,0
5,28,0.652,1,-0.05,-2.661758,0
5,29,0.656,0,1.0,-2.824908,0
5,30,0.659,2,-0.05,-3.0278354,0
5,31,0.642,1,-0.05,-3.3225334,0
5,32,0.651,0,1.0,-3.300753,0
5,33,0.665,1,-0.05,-3.1197653,0
5,34,0.667,1,-0.05,-3.2123158,0
5,35,0.665,0,1.0,-3.2549944,0
5,36,0.683,0,1.0,-3.142629,0
5,37,0.696,1,-0.05,-3.0422726,0
5,38,0.689,0,1.0,-3.1062908,0
5,39,0.682,1,-0.05,-2.9904938,0
5,40,0.672,2,-0.05,-3.0092037,0
5,41,0.665,0,1.0,-3.2656956,0
5,42,0.647,2,-0.05,-3.4008017,0
5,43,0.633,2,-0.05,-3.6498137,0
5,44,0.635,1,-0.05,-3.363439,0
5,45,0.625,0,1.0,-3.2998173,0
5,46,0.613,2,-0.05,-3.5402095,0
5,47,0.618,0,1.0,-3.5305126,0
5,48,0.601,1,-0.05,-3.9986193,0
5,49,0.599,1,-0.05,-3.6081715,0
5,50,0.600,1,-0.05,-3.8311718,0
5,51,0.590,1,-0.05,-3.3813634,0
5,52,0.586,1,-0.05,-2.7172532,0
5,53,0.587,1,-0.05,-2.358966,0
5,54,0.579,0,1.0,-1.6583349,0
5,55,0.546,1,-0.05,-2.1121788,0
5,56,0.534,0,1.0,-2.2880356,0
5,57,0.512,2,-0.05,-2.4552703,0
5,58,0.495,2,-0.05,-2.2157447,0
5,59,0.480,0,1.0,-2.2014704,0
5,60,0.452,0,1.0,-2.0394285,0
5,61,0.425,1,-0.05,-1.792433,0
5,62,0.403,2,-0.05,-1.854619,0
5,63,0.402,2,-0.05,-1.7777077,0
5,64,0.395,0,1.0,-2.0015962,0
5,65,0.375,1,-0.05,-1.9077044,0
5,66,0.365,2,-0.05,-1.6239356,0
5,67,0.374,2,-0.05,-1.5791117,0
5,68,0.359,1,-0.05,-2.3942332,0
5,69,0.336,0,1.0,-1.6707606,0
5,70,0.350,1,-0.05,-2.1200075,0
5,71,0.337,2,-0.05,-2.3223953,0
5,72,0.330,2,-0.05,-2.0246427,0
5,73,0.313,2,-0.05,-1.5995282,0
5,74,0.321,1,-0.05,-1.9116707,0
5,75,0.317,2,-0.05,-1.6453781,0
5,76,0.297,1,-0.05,-1.8505416,0
5,77,0.298,0,1.0,-1.6302133,0
5,78,0.294,2,-0.05,-2.8788044,0
5,79,0.280,2,-0.05,-2.3207216,0
5,80,0.270,0,1.0,-2.546088,0
5,81,0.259,2,-0.05,-3.1459577,0
5,82,0.254,2,-0.05,-2.5312827,0
5,83,0.244,2,-0.05,-2.6949973,0
5,84,0.237,0,1.0,-2.9761713,0
5,85,0.235,2,-0.05,-2.8208456,0
5,86,0.225,1,-0.05,-2.6449444,0
5,87,0.227,2,-0.05,-2.6921163,0
5,88,0.222,2,-0.05,-2.6242216,0
5,89,0.228,0,1.0,-2.9078465,0
5,90,0.226,1,-0.05,-3.850839,0
5,91,0.223,2,-0.05,-3.1916022,0
5,92,0.233,1,-0.05,-2.655098,0
5,93,0.225,0,1.0,-2.9939735,0
5,94,0.233,0,1.0,-3.8107157,0
5,95,0.233,1,-0.05,-3.2329237,0
5,96,0.245,2,-0.05,-3.2072315,0
5,97,0.241,0,1.0,-3.0285385,0
5,98,0.246,1,-0.05,-3.1404912,0
5,99,0.242,0,1.0,-2.4375668,0
5,100,0.252,2,-0.05,-2.4452226,0
5,101,0.261,2,-0.05,-2.4187574,0
5,102,0.255,2,-0.05,-1.8947047,0
5,103,0.257,1,-0.05,-1.672916,0
5,104,0.265,0,1.0,-1.7822315,0
5,105,0.265,0,1.0,-1.8990471,0
5,106,0.289,1,-0.05,-2.0199986,0
5,107,0.281,2,-0.05,-1.4376274,0
5,108,0.293,0,1.0,-1.6930625,0
5,109,0.294,1,-0.05,-1.6483921,0
5,110,0.298,2,-0.05,-1.891962,0
5,111,0.300,2,-0.05,-1.6829103,0
5,112,0.314,0,1.0,-2.0594528,0
5,113,0.341,0,1.0,-2.4200072,0
5,114,0.363,2,-0.05,-2.5235882,0
5,115,0.373,0,1.0,-2.5185776,0
5,116,0.397,1,-0.05,-2.4857202,0
5,117,0.400,2,-0.05,-2.6179671,0
5,118,0.414,1,-0.05,-2.585391,0
5,119,0.425,0,1.0,-2.6340392,0
5,120,0.431,2,-0.05,-2.1642187,0
5,121,0.445,2,-0.05,-1.6957022,0
5,122,0.456,0,1.0,-1.9948946,0
5,123,0.465,2,-0.05,-2.245265,0
5,124,0.478,1,-0.05,-2.3008075,0
5,125,0.484,0,1.0,-2.296838,0
5,126,0.508,0,1.0,-1.9336832,0
5,127,0.529,2,-0.05,-0.9112891,0
5,128,0.546,1,-0.05,-0.8888445,0
5,129,0.538,2,-0.05,-0.64276314,0
5,130,0.549,2,-0.05,-0.8722385,0
5,131,0.547,0,1.0,-0.94301367,0
5,132,0.581,2,-0.05,-1.7460774,0
5,133,0.579,1,-0.05,-1.8446007,0
5,134,0.584,2,-0.05,-1.802351,0
5,135,0.590,1,-0.05,-1.8342652,0
5,136,0.598,2,-0.05,-1.0397136,0
5,137,0.609,1,-0.05,-1.8655777,0
5,138,0.618,1,-0.05,-1.0472121,0
5,139,0.630,0,1.0,-0.7756772,0
5,140,0.649,1,-0.05,-1.164,0
5,141,0.648,2,-0.05,-2.3383667,0
5,142,0.653,0,1.0,-1.9101164,0
5,143,0.693,0,1.0,-1.6316524,0
5,144,0.706,0,1.0,-1.7409462,0
5,145,0.717,2,-0.05,-2.07377,0
5,146,0.706,2,-0.05,-2.0931911,0
5,147,0.720,2,-0.05,-1.8335099,0
5,148,0.711,0,1.0,-1.3254969,0
5,149,0.691,1,-0.05,-1.383223,0
5,150,0.706,0,1.0,-1.6002645,0
5,151,0.669,1,-0.05,-1.6352996,0
5,152,0.677,1,-0.05,-1.7331713,0
5,153,0.666,2,-0.05,-1.5606831,0
5,154,0.662,1,-0.05,-1.6873679,0
5,155,0.673,2,-0.05,-1.6377773,0
5,156,0.664,0,1.0,-1.7549475,0
5,157,0.657,0,1.0,-2.1645265,0
5,158,0.638,1,-0.05,-2.2329063,0
5,159,0.648,1,-0.05,-2.2749891,0
5,160,0.651,0,1.0,-2.0416894,0
5,161,0.676,0,1.0,-2.0865397,0
5,162,0.682,0,1.0,-2.4986315,0
5,163,0.681,0,1.0,-2.555282,0
5,164,0.703,2,-0.05,-2.573094,0
5,165,0.703,2,-0.05,-2.7187605,0
5,166,0.713,1,-0.05,-2.540299,0
5,167,0.707,2,-0.05,-2.697788,0
5,168,0.727,1,-0.05,-2.4923205,0
5,169,0.708,1,-0.05,-2.6588035,0
5,170,0.747,2,-0.05,-2.6418495,0
5,171,0.716,1,-0.05,-2.595611,0
5,172,0.727,2,-0.05,-2.5880919,0
5,173,0.717,0,1.0,-2.6080098,0
5,174,0.677,0,1.0,-2.4544382,0
5,175,0.638,1,-0.05,-2.3057342,0
5,176,0.640,2,-0.05,-2.1724684,0
5,177,0.627,1,-0.05,-1.9879618,0
5,178,0.615,2,-0.05,-2.108147,0
5,179,0.613,1,-0.05,-1.9029967,0
5,180,0.604,2,-0.05,-2.054341,0
5,181,0.610,1,-0.05,-1.8004351,0
5,182,0.595,1,-0.05,-1.9703411,0
5,183,0.592,1,-0.05,-2.1254814,0
5,184,0.569,0,1.0,-2.2350292,0
5,185,0.516,0,1.0,-2.0476182,0
5,186,0.477,1,-0.05,-2.4459517,0
5,187,0.444,0,1.0,-2.7135248,0
5,188,0.396,0,1.0,-2.976687,0
5,189,0.369,1,-0.05,-2.8474364,0
5,190,0.336,0,1.0,-3.1697855,0
5,191,0.283,0,1.0,-3.1405177,0
5,192,0.232,0,1.0,-3.1648247,0
5,193,0.185,0,-100.0,-2.7506697,0
6,0,0.669,0,1.0,0.0,0
6,1,0.669,1,-0.05,-3.2761245,0
6,2,0.656,0,1.0,-3.322617,0
6,3,0.655,0,1.0,-3.3304749,0
6,4,0.656,1,-0.05,-3.3107119,0
6,5,0.663,0,1.0,-3.298308,0
6,6,0.654,0,1.0,-3.2976532,0
6,7,0.656,2,-0.05,-3.3076954,0
6,8,0.640,1,-0.05,-3.3006516,0
6,9,0.649,0,1.0,-3.3774536,0
6,10,0.652,0,1.0,-3.537317,0
6,11,0.643,0,1.0,-3.5841138,0
6,12,0.639,2,-0.05,-3.5738297,0
6,13,0.625,1,-0.05,-3.5729692,0
6,14,0.624,1,-0.05,-3.3923874,0
6,15,0.629,2,-0.05,-3.29655,0
6,16,0.625,0,1.0,-3.2348948,0
6,17,0.617,1,-0.05,-3.478211,0
6,18,0.613,2,-0.05,-3.5287185,0
6,19,0.607,2,-0.05,-3.4443727,0
6,20,0.602,2,-0.05,-3.3861008,0
6,21,0.607,2,-0.05,-3.0120645,0
6,22,0.602,1,-0.05,-3.0364194,0
6,23,0.608,2,-0.05,-2.9580054,0
6,24,0.608,1,-0.05,-3.0425644,0
6,25,0.600,1,-0.05,-2.9145548,0
6,26,0.614,1,-0.05,-3.2206728,0
6,27,0.622,0,1.0,-3.432178,0
6,28,0.613,0,1.0,-3.5504704,0
6,29,0.604,1,-0.05,-3.5359757,0
6,30,0.606,2,-0.05,-3.3707466,0
6,31,0.612,1,-0.05,-3.5913663,0
6,32,0.617,1,-0.05,-3.529887,0
6,33,0.614,2,-0.05,-3.5038264,0
6,34,0.608,1,-0.05,-3.3931756,0
6,35,0.608,1,-0.05,-3.4077613,0
6,36,0.600,1,-0.05,-3.3783102,0
6,37,0.609,1,-0.05,-3.427893,0
6,38,0.601,1,-0.05,-3.6446967,0
6,39,0.583,1,-0.05,-3.0722456,0
6,40,0.582,0,1.0,-3.0012527,0
6,41,0.581,1,-0.05,-2.234623,0
6,42,0.000,2,-0.05,-1.6696446,0
6,43,0.566,1,-0.05,0.0,0
6,44,0.550,1,-0.05,-1.6167936,0
6,45,0.524,0,1.0,-2.126791,0
6,46,0.526,2,-0.05,-2.2137322,0
6,47,0.519,2,-0.05,-2.1094546,0
6,48,0.500,0,1.0,-2.1155763,0
6,49,0.465,0,1.0,-2.0973806,0
6,50,0.441,2,-0.05,-1.9835442,0
6,51,0.409,0,1.0,-1.8033849,0
6,52,0.378,1,-0.05,-1.6834378,0
6,53,0.359,0,1.0,-1.5534437,0
6,54,0.324,1,-0.05,-1.4485549,0
6,55,0.323,2,-0.05,-1.3548285,0
6,56,0.316,2,-0.05,-1.4393568,0
6,57,0.303,1,-0.05,-1.60098,0
6,58,0.297,0,1.0,-1.6063685,0
6,59,0.261,0,1.0,-1.2436241,0
6,60,0.238,2,-0.05,-1.1454201,0
6,61,0.214,0,1.0,-1.0402951,0
6,62,0.200,2,-100.0,-0.74047726,0
7,0,0.662,0,1.0,0.0,0
7,1,0.661,0,1.0,-3.1721392,0
7,2,0.661,0,1.0,-3.161506,0
7,3,0.662,1,-0.05,-3.1446667,0
7,4,0.660,0,1.0,-3.1420531,0
7,5,0.664,2,-0.05,-3.11138,0
7,6,0.656,0,1.0,-3.1300256,0
7,7,0.668,1,-0.05,-3.1329684,0
7,8,0.649,1,-0.05,-3.117084,0
7,9,0.668,1,-0.05,-3.2330742,0
7,10,0.674,1,-0.05,-3.3709123,0
7,11,0.674,1,-0.05,-3.5617223,0
7,12,0.672,2,-0.05,-3.4205027,0
7,13,0.661,0,1.0,-3.5691078,0
7,14,0.665,2,-0.05,-3.405405,0
7,15,0.660,2,-0.05,-3.2918303,0
7,16,0.651,1,-0.05,-3.106717,0
7,17,0.638,0,1.0,-3.2286606,0
7,18,0.629,0,1.0,-3.3798358,0
7,19,0.658,0,1.0,-3.4331915,0
7,20,0.644,2,-0.05,-3.4301403,0
7,21,0.632,2,-0.05,-3.540655,0
7,22,0.639,1,-0.05,-3.3739374,0
7,23,0.635,0,1.0,-3.540673,0
7,24,0.635,1,-0.05,-3.410632,0
7,25,0.636,0,1.0,-3.2341208,0
7,26,0.633,2,-0.05,-3.3654296,0
7,27,0.612,0,1.0,-3.3492856,0
7,28,0.595,1,-0.05,-3.2674215,0
7,29,0.592,1,-0.05,-3.0064116,0
7,30,0.591,1,-0.05,-3.000866,0
7,31,0.576,0,1.0,-2.6046758,0
7,32,0.558,1,-0.05,-2.0261307,0
7,33,0.542,0,1.0,-1.674919,0
7,34,0.523,2,-0.05,-2.0873137,0
7,35,0.504,2,-0.05,-1.9450934,0
7,36,0.489,0,1.0,-2.0852408,0
7,37,0.450,0,1.0,-1.9099704,0
7,38,0.430,1,-0.05,-1.7586495,0
7,39,0.405,0,1.0,-1.8050874,0
7,40,0.381,0,1.0,-1.7002126,0
7,41,0.345,2,-0.05,-1.5220486,0
7,42,0.335,1,-0.05,-1.4045666,0
7,43,0.331,2,-0.05,-1.2754673,0
7,44,0.334,1,-0.05,-1.3282752,0
7,45,0.325,2,-0.05,-0.98349005,0
7,46,0.291,0,1.0,-1.2649947,0
7,47,0.283,2,-0.05,-1.4795603,0
7,48,0.277,2,-0.05,-1.5048614,0
7,49,0.265,0,1.0,-1.565196,0
7,50,0.235,0,1.0,-2.2342672,0
7,51,0.210,2,-0.05,-2.1455595,0
7,52,0.213,2,-0.05,-1.7926185,0
7,53,0.212,1,-0.05,-2.4363108,0
7,54,0.215,2,-0.05,-1.825188,0
7,55,0.199,0,-100.0,-2.4012742,0
8,0,0.662,0,1.0,0.0,0
8,1,0.660,2,-0.05,-2.5684197,0
8,2,0.665,0,1.0,-2.2062535,0
8,3,0.684,2,-0.05,-1.824041,0
8,4,0.674,1,-0.05,-0.9667468,0
8,5,0.692,1,-0.05,-1.5454428,0
8,6,0.687,0,1.0,-2.1657627,0
8,7,0.698,1,-0.05,-2.4254916,0
8,8,0.693,1,-0.05,-2.5614846,0
8,9,0.692,2,-0.05,-2.9552975,0
8,10,0.697,2,-0.05,-2.6974568,0
8,11,0.704,2,-0.05,-2.394969,0
8,12,0.692,1,-0.05,-2.3157806,0
8,13,0.699,2,-0.05,-2.353238,0
8,14,0.695,0,1.0,-2.2559633,0
8,15,0.686,0,1.0,-2.0831382,0
8,16,0.687,1,-0.05,-1.6864078,0
8,17,0.669,0,1.0,-1.7218342,0
8,18,0.665,1,-0.05,-1.675897,0
8,19,0.658,0,1.0,-1.6554005,0
8,20,0.642,0,1.0,-1.6163584,0
8,21,0.622,0,1.0,-1.5994049,0
8,22,0.586,0,1.0,-1.6341511,0
8,23,0.582,2,-0.05,-1.6372198,0
8,24,0.584,1,-0.05,-1.6514984,0
8,25,0.581,1,-0.05,-2.192368,0
8,26,0.575,0,1.0,-2.2201343,0
8,27,0.567,0,1.0,-1.9547683,0
8,28,0.559,2,-0.05,-2.173184,0
8,29,0.566,1,-0.05,-2.1494403,0
8,30,0.567,2,-0.05,-2.4267197,0
8,31,0.570,2,-0.05,-2.1772723,0
8,32,0.564,2,-0.05,-1.9375085,0
8,33,0.574,1,-0.05,-2.32457,0
8,34,0.555,0,1.0,-2.0459065,0
8,35,0.552,1,-0.05,-1.9173259,0
8,36,0.559,1,-0.05,-2.3175163,0
8,37,0.542,1,-0.05,-2.4265008,0
8,38,0.542,1,-0.05,-2.6556954,0
8,39,0.553,0,1.0,-2.9322197,0
8,40,0.564,2,-0.05,-2.8865616,0
8,41,0.562,0,1.0,-2.769819,0
8,42,0.580,2,-0.05,-2.7902205,0
8,43,0.583,1,-0.05,-2.6975377,0
8,44,0.594,0,1.0,-3.2381165,0
8,45,0.599,2,-0.05,-3.329123,0
8,46,0.594,1,-0.05,-3.1856875,0
8,47,0.599,2,-0.05,-2.9328074,0
8,48,0.614,2,-0.05,-3.246425,0
8,49,0.604,2,-0.05,-3.2328212,0
8,50,0.622,0,1.0,-3.1977077,0
8,51,0.632,2,-0.05,-2.8201427,0
8,52,0.631,2,-0.05,-3.1828938,0
8,53,0.624,1,-0.05,-3.2277844,0
8,54,0.643,0,1.0,-3.2003973,0
8,55,0.653,0,1.0,-2.8830953,0
8,56,0.660,2,-0.05,-3.1532588,0
8,57,0.672,0,1.0,-3.1124775,0
8,58,0.680,2,-0.05,-3.044687,0
8,59,0.678,2,-0.05,-3.0836618,0
8,60,0.693,2,-0.05,-3.1847398,0
8,61,0.687,2,-0.05,-3.2910624,0
8,62,0.700,0,1.0,-3.1369247,0
8,63,0.696,1,-0.05,-3.214528,0
8,64,0.691,2,-0.05,-2.682866,0
8,65,0.695,1,-0.05,-2.5204682,0
8,66,0.682,1,-0.05,-2.6888475,0
8,67,0.697,1,-0.05,-3.0944884,0
8,68,0.702,2,-0.05,-3.118641,0
8,69,0.694,0,1.0,-3.1283011,0
8,70,0.687,2,-0.05,-2.9091074,0
8,71,0.689,1,-0.05,-2.4763057,0
8,72,0.683,1,-0.05,-2.7589245,0
8,73,0.689,1,-0.05,-2.9699845,0
8,74,0.687,1,-0.05,-3.370603,0
8,75,0.706,0,1.0,-3.263363,0
8,76,0.694,2,-0.05,-3.1350603,0
8,77,0.700,1,-0.05,-3.3184953,0
8,78,0.712,2,-0.05,-3.4081,0
8,79,0.699,2,-0.05,-3.3347852,0
8,80,0.697,2,-0.05,-3.1181915,0
8,81,0.702,1,-0.05,-3.263097,0
8,82,0.697,2,-0.05,-3.2197495,0
8,83,0.699,0,1.0,-3.3215687,0
8,84,0.685,1,-0.05,-3.3073616,0
8,85,0.692,2,-0.05,-3.1967852,0
8,86,0.696,1,-0.05,-2.795756,0
8,87,0.689,1,-0.05,-2.9908595,0
8,88,0.693,2,-0.05,-3.3321168,0
8,89,0.697,0,1.0,-3.1103735,0
8,90,0.688,2,-0.05,-2.699862,0
8,91,0.679,1,-0.05,-2.2140374,0
8,92,0.694,2,-0.05,-2.4991753,0
8,93,0.674,2,-0.05,-2.2516327,0
8,94,0.689,0,1.0,-2.5984359,0
8,95,0.696,2,-0.05,-2.3524199,0
8,96,0.695,1,-0.05,-1.7060118,0
8,97,0.691,2,-0.05,-2.1622186,0
8,98,0.700,1,-0.05,-1.6653793,0
8,99,0.703,0,1.0,-2.1201925,0
8,100,0.696,1,-0.05,-2.4842892,0
8,101,0.681,0,1.0,-2.0317452,0
8,102,0.685,0,1.0,-2.323166,0
8,103,0.683,0,1.0,-2.6560147,0
8,104,0.680,2,-0.05,-2.5904205,0
8,105,0.679,2,-0.05,-2.4849725,0
8,106,0.676,2,-0.05,-2.342558,0
8,107,0.676,1,-0.05,-2.3283763,0
8,108,0.680,1,-0.05,-2.2897844,0
8,109,0.673,0,1.0,-2.4224362,0
8,110,0.681,1,-0.05,-3.1691854,0
8,111,0.668,1,-0.05,-2.752604,0
8,112,0.679,2,-0.05,-2.6580007,0
8,113,0.677,0,1.0,-2.5913007,0
8,114,0.685,2,-0.05,-2.5897877,0
8,115,0.679,1,-0.05,-2.6404803,0
8,116,0.681,1,-0.05,-2.5242026,0
8,117,0.688,2,-0.05,-2.581294,0
8,118,0.675,2,-0.05,-2.47741,0
8,119,0.684,1,-0.05,-2.398148,0
8,120,0.675,2,-0.05,-2.3358297,0
8,121,0.679,2,-0.05,-2.3718204,0
8,122,0.697,0,1.0,-2.4363346,0
8,123,0.684,2,-0.05,-2.5318227,0
8,124,0.687,1,-0.05,-2.509519,0
8,125,0.665,2,-0.05,-2.6168141,0
8,126,0.673,0,1.0,-2.5957015,0
8,127,0.666,1,-0.05,-2.4314766,0
8,128,0.648,0,1.0,-2.3215597,0
8,129,0.648,2,-0.05,-2.3382845,0
8,130,0.644,2,-0.05,-2.2680497,0
8,131,0.616,0,1.0,-1.9426038,0
8,132,0.606,0,1.0,-2.065812,0
8,133,0.586,0,1.0,-2.1854506,0
8,134,0.554,0,1.0,-2.445877,0
8,135,0.535,2,-0.05,-1.9710176,0
8,136,0.532,2,-0.05,-1.1517684,0
8,137,0.529,0,1.0,-2.0532777,0
8,138,0.501,0,1.0,-2.1541252,0
8,139,0.478,2,-0.05,-1.4687768,0
8,140,0.454,0,1.0,-0.9712179,0
8,141,0.448,2,-0.05,-0.9930372,0
8,142,0.426,2,-0.05,-1.2200555,0
8,143,0.430,0,1.0,-1.4887618,0
8,144,0.400,0,1.0,-1.9240172,0
8,145,0.384,0,1.0,-2.0635624,0
8,146,0.374,0,1.0,-2.0361142,0
8,147,0.398,0,1.0,-2.1236567,0
8,148,0.402,0,1.0,-2.2325947,0
8,149,0.409,0,1.0,-2.3027258,0
8,150,0.434,2,-0.05,-2.432311,0
8,151,0.459,0,1.0,-2.3990912,0
8,152,0.481,1,-0.05,-2.3907466,0
8,153,0.481,2,-0.05,-2.3633268,0
8,154,0.498,2,-0.05,-2.2656586,0
8,155,0.509,0,1.0,-2.2734826,0
8,156,0.531,2,-0.05,-2.418303,0
8,157,0.531,2,-0.05,-2.9222436,0
8,158,0.543,2,-0.05,-3.1923475,0
8,159,0.551,0,1.0,-4.0499353,0
8,160,0.563,2,-0.05,-3.8043857,0
8,161,0.580,2,-0.05,-3.8777943,0
8,162,0.576,0,1.0,-2.831172,0
8,163,0.583,2,-0.05,-2.329574,0
8,164,0.590,2,-0.05,-2.295652,0
8,165,0.605,0,1.0,-2.3996284,0
8,166,0.605,1,-0.05,-2.2870193,0
8,167,0.602,0,1.0,-1.8425686,0
8,168,0.598,1,-0.05,-1.5907512,0
8,169,0.608,2,-0.05,-1.5706177,0
8,170,0.601,0,1.0,-1.8904824,0
8,171,0.578,0,1.0,-1.9328928,0
8,172,0.583,1,-0.05,-1.6071666,0
8,173,0.597,2,-0.05,-2.5867565,0
8,174,0.590,0,1.0,-2.764151,0
8,175,0.575,1,-0.05,-0.81923914,0
8,176,0.576,1,-0.05,-0.6516768,0
8,177,0.570,1,-0.05,-2.1035457,0
8,178,0.569,1,-0.05,-3.0926938,0
8,179,0.568,0,1.0,-3.6293583,0
8,180,0.569,2,-0.05,-2.4829366,0
8,181,0.570,2,-0.05,-2.0285504,0
8,182,0.572,2,-0.05,-3.0557375,0
8,183,0.568,1,-0.05,-2.856861,0
8,184,0.556,2,-0.05,-3.0918226,0
8,185,0.556,0,1.0,-3.0403872,0
8,186,0.567,0,1.0,-2.0281415,0
8,187,0.548,1,-0.05,-2.1621058,0
8,188,0.545,0,1.0,-2.110552,0
8,189,0.536,2,-0.05,-1.8183911,0
8,190,0.525,1,-0.05,-1.7028973,0
8,191,0.522,2,-0.05,-1.8624085,0
8,192,0.545,2,-0.05,-1.7473452,0
8,193,0.522,0,1.0,-2.082689,0
8,194,0.506,0,1.0,-1.5808737,0
8,195,0.484,0,1.0,-1.9570404,0
8,196,0.466,2,-0.05,-1.6692243,0
8,197,0.465,1,-0.05,-1.5963087,0
8,198,0.468,1,-0.05,-0.77162683,0
8,199,0.453,0,1.0,-0.9045453,0
8,200,0.452,0,1.0,-1.9084733,0
8,201,0.000,1,-0.05,-2.2525182,0
8,202,0.434,2,-0.05,0.0013302874,0
8,203,0.436,1,-0.05,-2.2908895,0
8,204,0.429,0,1.0,-2.8523622,0
8,205,0.423,1,-0.05,-2.100983,0
8,206,0.425,0,1.0,-2.0302134,0
8,207,0.417,0,1.0,-2.2395725,0
8,208,0.419,1,-0.05,-2.287508,0
8,209,0.423,1,-0.05,-2.3394637,0
8,210,0.419,2,-0.05,-2.5452905,0
8,211,0.429,2,-0.05,-2.4987297,0
8,212,0.425,1,-0.05,-2.235035,0
8,213,0.419,2,-0.05,-2.3089523,0
8,214,0.426,0,1.0,-2.238884,0
8,215,0.421,2,-0.05,-2.000596,0
8,216,0.423,0,1.0,-1.8507603,0
8,217,0.400,0,1.0,-2.5873783,0
8,218,0.393,2,-0.05,-2.5970726,0
8,219,0.406,2,-0.05,-1.9535699,0
8,220,0.394,0,1.0,-2.5562513,0
8,221,0.379,0,1.0,-2.0751677,0
8,222,0.346,0,1.0,-2.0025306,0
8,223,0.341,1,-0.05,-2.0448523,0
8,224,0.345,2,-0.05,-2.243772,0
8,225,0.329,1,-0.05,-1.8801396,0
8,226,0.320,1,-0.05,-2.795475,0
8,227,0.332,2,-0.05,-2.2306502,0
8,228,0.334,2,-0.05,-2.9534326,0
8,229,0.325,2,-0.05,-2.0511365,0
8,230,0.320,1,-0.05,-0.3096565,0
8,231,0.314,1,-0.05,-2.0294588,0
8,232,0.297,0,1.0,-2.964678,0
8,233,0.288,1,-0.05,-2.3837788,0
8,234,0.297,2,-0.05,-2.2674475,0
8,235,0.291,0,1.0,-2.3251114,0
8,236,0.289,2,-0.05,-2.2913795,0
8,237,0.263,0,1.0,-2.360802,0
8,238,0.259,1,-0.05,-1.0954866,0
8,239,0.254,1,-0.05,-1.0844183,0
8,240,0.245,0,1.0,-1.7189001,0
8,241,0.229,1,-0.05,-2.1242957,0
8,242,0.215,1,-0.05,-2.4751568,0
8,243,0.226,1,-0.05,-2.4908617,0
8,244,0.216,1,-0.05,-2.5880673,0
8,245,0.210,0,1.0,-2.957451,0
8,246,0.209,1,-0.05,-2.4132938,0
8,247,0.200,2,-0.05,-2.62021,0
8,248,0.211,1,-0.05,-2.5266097,0
8,249,0.212,1,-0.05,-1.9199655,0
8,250,0.203,0,1.0,-2.2397099,0
8,251,0.196,2,-100.0,-2.8921065,0
9,0,0.668,0,1.0,0.0,0
9,1,0.669,1,-0.05,-2.2795517,0
9,2,0.665,1,-0.05,-2.3183255,0
9,3,0.673,1,-0.05,-2.3387358,0
9,4,0.670,0,1.0,-2.6125116,0
9,5,0.663,1,-0.05,-2.7189264,0
9,6,0.649,2,-0.05,-2.9912753,0
9,7,0.662,0,1.0,-2.9487064,0
9,8,0.634,1,-0.05,-2.7622128,0
9,9,0.644,1,-0.05,-2.4751465,0
9,10,0.645,0,1.0,-2.724618,0
9,11,0.639,0,1.0,-2.764968,0
9,12,0.624,1,-0.05,-3.0218995,0
9,13,0.618,1,-0.05,-3.0681467,0
9,14,0.625,1,-0.05,-3.2142806,0
9,15,0.605,0,1.0,-3.2187252,0
9,16,0.590,0,1.0,-2.8276558,0
9,17,0.583,2,-0.05,-2.7150333,0
9,18,0.544,2,-0.05,-2.7833998,0
9,19,0.571,1,-0.05,-2.9423547,0
9,20,0.563,2,-0.05,-2.6972857,0
9,21,0.545,2,-0.05,-2.8991203,0
9,22,0.548,2,-0.05,-3.315971,0
9,23,0.548,1,-0.05,-3.2260964,0
9,24,0.540,2,-0.05,-3.3845704,0
9,25,0.541,0,1.0,-3.280297,0
9,26,0.534,2,-0.05,-2.8192163,0
9,27,0.523,0,1.0,-2.49916,0
9,28,0.513,1,-0.05,-2.5004363,0
9,29,0.514,1,-0.05,-2.3767126,0
9,30,0.520,0,1.0,-2.5198264,0
9,31,0.507,1,-0.05,-2.5356398,0
9,32,0.521,1,-0.05,-3.1119876,0
9,33,0.511,0,1.0,-3.404856,0
9,34,0.504,1,-0.05,-3.3780332,0
9,35,0.487,1,-0.05,-2.9699042,0
9,36,0.482,0,1.0,-2.5455308,0
9,37,0.455,0,1.0,-2.419482,0
9,38,0.439,2,-0.05,-2.5980027,0
9,39,0.438,1,-0.05,-2.5923698,0
9,40,0.423,0,1.0,-2.0324783,0
9,41,0.398,2,-0.05,-2.2864368,0
9,42,0.384,1,-0.05,-1.8388016,0
9,43,0.373,2,-0.05,-1.6322125,0
9,44,0.373,1,-0.05,-1.6382898,0
9,45,0.367,1,-0.05,-1.548748,0
9,46,0.366,2,-0.05,-1.7880126,0
9,47,0.351,1,-0.05,-1.4555333,0
9,48,0.330,0,1.0,-1.7427218,0
9,49,0.313,2,-0.05,-1.5641614,0
9,50,0.289,0,1.0,-1.6583731,0
9,51,0.255,2,-0.05,-1.6024867,0
9,52,0.245,1,-0.05,-1.5101192,0
9,53,0.243,2,-0.05,-1.885721,0
9,54,0.220,0,1.0,-1.4817126,0
9,55,0.184,1,-100.0,-1.0751603,0
10,0,0.668,0,1.0,0.0,0
10,1,0.660,0,1.0,-2.0070238,0
10,2,0.665,0,1.0,-2.0611134,0
10,3,0.665,1,-0.05,-2.066988,0
10,4,0.659,1,-0.05,-2.057228,0
10,5,0.672,1,-0.05,-2.0876577,0
10,6,0.666,1,-0.05,-2.3139544,0
10,7,0.669,0,1.0,-2.5895987,0
10,8,0.650,1,-0.05,-2.7882,0
10,9,0.655,2,-0.05,-3.016785,0
10,10,0.644,2,-0.05,-2.9690807,0
10,11,0.644,2,-0.05,-2.6551414,0
10,12,0.637,0,1.0,-2.4483862,0
10,13,0.633,1,-0.05,-2.1318595,0
10,14,0.629,1,-0.05,-2.0179791,0
10,15,0.640,2,-0.05,-2.0734828,0
10,16,0.628,0,1.0,-2.0281746,0
10,17,0.638,0,1.0,-1.7389565,0
10,18,0.654,2,-0.05,-1.6014849,0
10,19,0.645,1,-0.05,-1.5496298,0
10,20,0.637,2,-0.05,-1.783082,0
10,21,0.648,2,-0.05,-1.5321226,0
10,22,0.641,2,-0.05,-1.3444861,0
10,23,0.637,1,-0.05,-0.8345624,0
10,24,0.657,0,1.0,-0.9895631,0
10,25,0.643,1,-0.05,-1.3147974,0
10,26,0.654,0,1.0,-1.7117709,0
10,27,0.663,1,-0.05,-1.908158,0
10,28,0.658,2,-0.05,-2.2478433,0
10,29,0.639,0,1.0,-1.9494992,0
10,30,0.650,2,-0.05,-1.8089405,0
10,31,0.654,0,1.0,-1.4604497,0
10,32,0.658,1,-0.05,-1.2692242,0
10,33,0.662,0,1.0,-0.9164969,0
10,34,0.667,2,-0.05,-0.92152226,0
10,35,0.665,2,-0.05,-0.924104,0
10,36,0.679,1,-0.05,-1.2055959,0
10,37,0.668,1,-0.05,-0.9596777,0
10,38,0.679,0,1.0,-1.2561456,0
10,39,0.695,0,1.0,-1.3745062,0
10,40,0.694,2,-0.05,-1.4212441,0
10,41,0.690,2,-0.05,-1.4432863,0
10,42,0.701,0,1.0,-1.3841736,0
10,43,0.694,0,1.0,-1.2770989,0
10,44,0.674,0,1.0,-0.9421177,0
10,45,0.692,0,1.0,-0.96780884,0
10,46,0.672,1,-0.05,-1.4345012,0
10,47,0.676,1,-0.05,-1.5259047,0
10,48,0.673,0,1.0,-1.3751526,0
10,49,0.654,1,-0.05,-1.4795921,0
10,50,0.669,0,1.0,-1.4600984,0
10,51,0.651,2,-0.05,-1.5542765,0
10,52,0.654,1,-0.05,-2.0443327,0
10,53,0.667,0,1.0,-2.1167142,0
10,54,0.675,2,-0.05,-2.762206,0
10,55,0.668,2,-0.05,-2.8286145,0
10,56,0.671,1,-0.05,-2.8112667,0
10,57,0.667,2,-0.05,-2.8064418,0
10,58,0.679,2,-0.05,-2.7842321,0
10,59,0.667,2,-0.05,-2.0754256,0
10,60,0.691,2,-0.05,-1.9457767,0
10,61,0.685,0,1.0,-1.3201827,0
10,62,0.000,1,-0.05,-1.3146337,0
10,63,0.680,0,1.0,0.004398883,0
10,64,0.682,0,1.0,-1.6830157,0
10,65,0.655,0,1.0,-1.4592068,0
10,66,0.659,1,-0.05,-1.5008917,0
10,67,0.646,2,-0.05,-1.5843813,0
10,68,0.652,2,-0.05,-2.1331968,0
10,69,0.668,2,-0.05,-1.5261698,0
10,70,0.646,0,1.0,-0.7719116,0
10,71,0.624,0,1.0,-0.47795403,0
10,72,0.615,2,-0.05,-0.4438914,0
10,73,0.600,1,-0.05,-0.46933222,0
10,74,0.597,0,1.0,-0.68672216,0
10,75,0.586,1,-0.05,-1.5924497,0
10,76,0.590,1,-0.05,-2.2435265,0
10,77,0.582,1,-0.05,-1.8960841,0
10,78,0.572,0,1.0,-1.840289,0
10,79,0.579,2,-0.05,-2.0368402,0
10,80,0.573,1,-0.05,-2.033198,0
10,81,0.576,0,1.0,-2.1665022,0
10,82,0.571,2,-0.05,-3.0581381,0
10,83,0.576,0,1.0,-2.996169,0
10,84,0.584,1,-0.05,-3.0225732,0
10,85,0.583,0,1.0,-3.0396118,0
10,86,0.599,2,-0.05,-3.03388,0
10,87,0.599,1,-0.05,-3.3131366,0
10,88,0.588,2,-0.05,-2.803904,0
10,89,0.587,0,1.0,-3.308609,0
10,90,0.613,2,-0.05,-2.9734192,0
10,91,0.619,0,1.0,-2.4854894,0
10,92,0.609,0,1.0,-2.7063475,0
10,93,0.604,2,-0.05,-2.702935,0
10,94,0.594,0,1.0,-2.724022,0
10,95,0.600,0,1.0,-2.3576612,0
10,96,0.593,0,1.0,-2.8186464,0
10,97,0.597,0,1.0,-2.8199868,0
10,98,0.585,2,-0.05,-2.3192992,0
10,99,0.596,2,-0.05,-2.3342056,0
10,100,0.596,2,-0.05,-2.0662575,0
10,101,0.595,2,-0.05,-2.9756992,0
10,102,0.589,1,-0.05,-3.0732274,0
10,103,0.588,1,-0.05,-3.0420747,0
10,104,0.584,1,-0.05,-2.0314445,0
10,105,0.571,2,-0.05,-1.957679,0
10,106,0.584,2,-0.05,-1.7264199,0
10,107,0.586,2,-0.05,-2.0524592,0
10,108,0.581,2,-0.05,-2.9700224,0
10,109,0.588,2,-0.05,-2.8706303,0
10,110,0.582,2,-0.05,-2.308549,0
10,111,0.576,1,-0.05,-2.0947886,0
10,112,0.569,1,-0.05,-2.1764023,0
10,113,0.573,1,-0.05,-2.831415,0
10,114,0.571,2,-0.05,-2.0121922,0
10,115,0.555,1,-0.05,-2.839847,0
10,116,0.558,0,1.0,-2.0008488,0
10,117,0.546,1,-0.05,-1.7416592,0
10,118,0.552,1,-0.05,-2.0406256,0
10,119,0.533,1,-0.05,-3.3535712,0
10,120,0.541,1,-0.05,-4.5999784,0
10,121,0.543,2,-0.05,-4.01772,0
10,122,0.534,2,-0.05,-3.846813,0
10,123,0.544,2,-0.05,-4.2775536,0
10,124,0.542,0,1.0,-4.251503,0
10,125,0.539,2,-0.05,-3.9349692,0
10,126,0.533,1,-0.05,-3.8170638,0
10,127,0.517,0,1.0,-3.9088225,0
10,128,0.521,1,-0.05,-3.4888806,0
10,129,0.522,2,-0.05,-3.7717557,0
10,130,0.518,0,1.0,-3.6557078,0
10,131,0.519,0,1.0,-3.4581318,0
10,132,0.516,0,1.0,-3.5009272,0
10,133,0.515,0,1.0,-3.5488365,0
10,134,0.537,0,1.0,-3.5040433,0
10,135,0.549,0,1.0,-3.5785637,0
10,136,0.563,0,1.0,-3.6643496,0
10,137,0.582,1,-0.05,-3.6741197,0
10,138,0.587,1,-0.05,-3.6942825,0
10,139,0.582,2,-0.05,-3.560214,0
10,140,0.614,2,-0.05,-3.6082983,0
10,141,0.607,0,1.0,-3.9501872,0
10,142,0.659,1,-0.05,-4.31519,0
10,143,0.615,2,-0.05,-4.170795,0
10,144,0.649,0,1.0,-3.8151054,0
10,145,0.677,1,-0.05,-3.3547077,0
10,146,0.681,1,-0.05,-3.2150497,0
10,147,0.683,1,-0.05,-3.4078593,0
10,148,0.665,0,1.0,-3.9005044,0
10,149,0.732,0,1.0,-4.364208,0
10,150,0.749,1,-0.05,-4.319176,0
10,151,0.749,2,-0.05,-4.3058825,0
10,152,0.742,1,-0.05,-4.270747,0
10,153,0.721,0,1.0,-4.282586,0
10,154,0.693,2,-0.05,-3.9589705,0
10,155,0.665,2,-0.05,-3.7930536,0
10,156,0.635,0,1.0,-3.928135,0
10,157,0.575,0,1.0,-4.0910416,0
10,158,0.555,2,-0.05,-4.1903057,0
10,159,0.532,1,-0.05,-4.195882,0
10,160,0.516,1,-0.05,-4.0525956,0
10,161,0.528,1,-0.05,-3.697812,0
10,162,0.516,2,-0.05,-3.649437,0
10,163,0.508,2,-0.05,-3.5596836,0
10,164,0.495,1,-0.05,-3.948244,0
10,165,0.483,2,-0.05,-3.736925,0
10,166,0.474,2,-0.05,-4.062919,0
10,167,0.466,1,-0.05,-4.1763115,0
10,168,0.456,1,-0.05,-4.1134686,0
10,169,0.448,1,-0.05,-3.7588215,0
10,170,0.433,1,-0.05,-3.615398,0
10,171,0.415,0,1.0,-3.4269385,0
10,172,0.366,1,-0.05,-2.6393619,0
10,173,0.336,0,1.0,-2.2144442,0
10,174,0.304,2,-0.05,-1.9071405,0
10,175,0.263,0,1.0,-1.861938,0
10,176,0.220,1,-0.05,-1.643961,0
10,177,0.213,2,-0.05,-1.2221149,0
10,178,0.201,2,-0.05,-1.6504344,0
10,179,0.181,0,-100.0,-1.7820458,0
11,0,0.662,0,1.0,0.0,0
11,1,0.662,1,-0.05,-0.7892084,0
11,2,0.674,2,-0.05,-0.71008503,0
11,3,0.681,0,1.0,-0.8923788,0
11,4,0.686,1,-0.05,-0.7576364,0
11,5,0.691,1,-0.05,-0.35444933,0
11,6,0.697,0,1.0,-0.7295033,0
11,7,0.710,1,-0.05,-1.0640308,0
11,8,0.693,1,-0.05,-0.772794,0
11,9,0.696,0,1.0,-1.0113467,0
11,10,0.709,2,-0.05,-1.3506421,0
11,11,0.700,1,-0.05,-1.5051261,0
11,12,0.702,2,-0.05,-1.5459912,0
11,13,0.702,2,-0.05,-1.5333126,0
11,14,0.698,0,1.0,-1.2829626,0
11,15,0.702,0,1.0,-0.8090595,0
11,16,0.698,2,-0.05,-0.70922065,0
11,17,0.686,2,-0.05,-0.69195044,0
11,18,0.696,2,-0.05,-0.7149315,0
11,19,0.687,0,1.0,-1.1579313,0
11,20,0.665,0,1.0,-0.61338246,0
11,21,0.665,1,-0.05,-0.8688872,0
11,22,0.648,0,1.0,-0.86487305,0
11,23,0.627,1,-0.05,-1.023305,0
11,24,0.623,1,-0.05,-1.0893723,0
11,25,0.625,0,1.0,-1.1404306,0
11,26,0.615,2,-0.05,-1.3707223,0
11,27,0.606,0,1.0,-0.7568239,0
11,28,0.595,1,-0.05,-0.7407652,0
11,29,0.606,2,-0.05,-1.1143901,0
11,30,0.608,1,-0.05,-0.76796436,0
11,31,0.594,1,-0.05,-1.1238523,0
11,32,0.574,0,1.0,-1.349458,0
11,33,0.598,1,-0.05,-1.447603,0
11,34,0.602,0,1.0,-1.6140816,0
11,35,0.605,2,-0.05,-1.9727618,0
11,36,0.599,1,-0.05,-2.1345606,0
11,37,0.607,1,-0.05,-2.40163,0
11,38,0.609,1,-0.05,-2.6992302,0
11,39,0.594,1,-0.05,-2.4878306,0
11,40,0.615,1,-0.05,-2.3655443,0
11,41,0.607,1,-0.05,-2.1333187,0
11,42,0.616,1,-0.05,-2.080456,0
11,43,0.625,1,-0.05,-2.557392,0
11,44,0.610,1,-0.05,-2.4991956,0
11,45,0.652,0,1.0,-2.8879478,0
11,46,0.685,0,1.0,-3.049701,0
11,47,0.686,1,-0.05,-2.9261472,0
11,48,0.692,1,-0.05,-2.7727213,0
11,49,0.668,0,1.0,-2.9624453,0
11,50,0.635,2,-0.05,-3.3419595,0
11,51,0.633,2,-0.05,-3.4690719,0
11,52,0.621,2,-0.05,-3.2612891,0
11,53,0.604,2,-0.05,-2.958045,0
11,54,0.589,0,1.0,-2.5221615,0
11,55,0.536,0,1.0,-2.5636353,0
11,56,0.504,0,1.0,-2.5449376,0
11,57,0.479,1,-0.05,-2.4098194,0
11,58,0.455,0,1.0,-2.5446618,0
11,59,0.432,1,-0.05,-2.5146236,0
11,60,0.402,2,-0.05,-2.452495,0
11,61,0.408,2,-0.05,-2.569607,0
11,62,0.407,1,-0.05,-2.8077428,0
11,63,0.389,1,-0.05,-2.6414583,0
11,64,0.389,1,-0.05,-2.4813972,0
11,65,0.371,0,1.0,-2.3900528,0
11,66,0.348,1,-0.05,-2.0734427,0
11,67,0.302,0,1.0,-2.1150193,0
11,68,0.288,1,-0.05,-2.9522505,0
11,69,0.291,1,-0.05,-3.2919865,0
11,70,0.253,0,1.0,-3.8238416,0
11,71,0.238,1,-0.05,-3.15974,0
11,72,0.196,0,-100.0,-2.5899985,0
12,0,0.669,0,1.0,0.0,0
12,1,0.658,2,-0.05,-1.9359864,0
12,2,0.666,1,-0.05,-2.422277,0
12,3,0.664,2,-0.05,-2.7770486,0
12,4,0.647,1,-0.05,-2.5101922,0
12,5,0.641,0,1.0,-3.1398847,0
12,6,0.636,1,-0.05,-2.852559,0
12,7,0.632,2,-0.05,-2.9077053,0
12,8,0.628,1,-0.05,-3.0403714,0
12,9,0.625,2,-0.05,-2.9483995,0
12,10,0.624,0,1.0,-3.0837893,0
12,11,0.615,2,-0.05,-3.105245,0
12,12,0.607,0,1.0,-2.8415964,0
12,13,0.598,2,-0.05,-2.1406355,0
12,14,0.602,0,1.0,-1.7986116,0
12,15,0.598,1,-0.05,-1.7279372,0
12,16,0.583,1,-0.05,-1.514677,0
12,17,0.577,1,-0.05,-1.6811475,0
12,18,0.602,2,-0.05,-1.7334354,0
12,19,0.604,2,-0.05,-1.6911428,0
12,20,0.592,2,-0.05,-1.6211699,0
12,21,0.596,0,1.0,-1.2621719,0
12,22,0.600,0,1.0,-0.81523466,0
12,23,0.609,0,1.0,-0.74551034,0
12,24,0.628,0,1.0,-0.720804,0
12,25,0.627,0,1.0,-0.719561,0
12,26,0.644,2,-0.05,-0.74862814,0
12,27,0.652,1,-0.05,-0.78795755,0
12,28,0.657,0,1.0,-1.1229187,0
12,29,0.649,1,-0.05,-1.3190868,0
12,30,0.655,1,-0.05,-1.5365108,0
12,31,0.663,0,1.0,-1.7196276,0
12,32,0.654,0,1.0,-2.0161858,0
12,33,0.653,2,-0.05,-2.027083,0
12,34,0.649,0,1.0,-2.025028,0
12,35,0.628,2,-0.05,-2.0507026,0
12,36,0.637,1,-0.05,-1.9969411,0
12,37,0.632,0,1.0,-2.4832613,0
12,38,0.623,2,-0.05,-3.1213486,0
12,39,0.628,1,-0.05,-3.2127657,0
12,40,0.620,0,1.0,-3.0753417,0
12,41,0.593,0,1.0,-2.6062758,0
12,42,0.572,1,-0.05,-2.3395085,0
12,43,0.569,1,-0.05,-2.3632123,0
12,44,0.568,2,-0.05,-2.0689378,0
12,45,0.556,0,1.0,-2.1914563,0
12,46,0.543,2,-0.05,-2.8470097,0
12,47,0.535,0,1.0,-3.544598,0
12,48,0.517,1,-0.05,-3.391265,0
12,49,0.518,2,-0.05,-3.0614824,0
12,50,0.507,2,-0.05,-2.7454689,0
12,51,0.514,1,-0.05,-2.3686116,0
12,52,0.512,0,1.0,-2.474349,0
12,53,0.514,2,-0.05,-2.9069905,0
12,54,0.508,0,1.0,-3.2721906,0
12,55,0.505,0,1.0,-2.904916,0
12,56,0.483,1,-0.05,-2.7762945,0
12,57,0.473,0,1.0,-2.7301877,0
12,58,0.466,0,1.0,-2.7245443,0
12,59,0.470,1,-0.05,-3.0573769,0
12,60,0.459,2,-0.05,-2.993341,0
12,61,0.456,0,1.0,-2.7749774,0
12,62,0.461,0,1.0,-2.2521617,0
12,63,0.460,1,-0.05,-2.1284862,0
12,64,0.446,2,-0.05,-2.1319249,0
12,65,0.442,1,-0.05,-2.5299356,0
12,66,0.454,1,-0.05,-2.1133378,0
12,67,0.457,1,-0.05,-2.5102484,0
12,68,0.442,0,1.0,-2.4562385,0
12,69,0.429,0,1.0,-2.680781,0
12,70,0.419,2,-0.05,-2.9065192,0
12,71,0.419,2,-0.05,-2.906029,0
12,72,0.426,1,-0.05,-2.5120256,0
12,73,0.414,2,-0.05,-2.9029303,0
12,74,0.414,1,-0.05,-2.623836,0
12,75,0.402,0,1.0,-2.8704672,0
12,76,0.393,1,-0.05,-3.6629303,0
12,77,0.389,2,-0.05,-3.707186,0
12,78,0.373,0,1.0,-3.9225347,0
12,79,0.367,0,1.0,-3.3997993,0
12,80,0.360,1,-0.05,-3.267305,0
12,81,0.363,1,-0.05,-3.9767427,0
12,82,0.361,1,-0.05,-3.9581223,0
12,83,0.361,1,-0.05,-3.6772184,0
12,84,0.355,1,-0.05,-3.460711,0
12,85,0.353,1,-0.05,-3.233658,0
12,86,0.344,0,1.0,-3.46935,0
12,87,0.330,2,-0.05,-3.156109,0
12,88,0.333,1,-0.05,-2.8969133,0
12,89,0.319,1,-0.05,-3.5717945,0
12,90,0.291,1,-0.05,-3.3664665,0
12,91,0.288,0,1.0,-3.4061155,0
12,92,0.261,2,-0.05,-2.877801,0
12,93,0.250,2,-0.05,-2.0151374,0
12,94,0.219,0,1.0,-2.0005493,0
12,95,0.205,2,-0.05,-3.1598558,0
12,96,0.196,2,-100.0,-3.1470165,0
13,0,0.672,0,1.0,0.0,0
13,1,0.653,1,-0.05,-1.5798519,0
13,2,0.655,2,-0.05,-1.658788,0
13,3,0.667,1,-0.05,-1.5629683,0
13,4,0.656,0,1.0,-1.7092772,0
13,5,0.666,1,-0.05,-1.8463845,0
13,6,0.661,2,-0.05,-2.1383395,0
13,7,0.660,1,-0.05,-1.8928578,0
13,8,0.653,1,-0.05,-2.0288296,0
13,9,0.659,1,-0.05,-2.7477176,0
13,10,0.661,2,-0.05,-3.004523,0
13,11,0.661,2,-0.05,-3.0034072,0
13,12,0.655,1,-0.05,-2.4773538,0
13,13,0.655,2,-0.05,-3.0364933,0
13,14,0.646,1,-0.05,-2.4669561,0
13,15,0.652,1,-0.05,-2.9277434,0
13,16,0.641,1,-0.05,-2.9473898,0
13,17,0.634,2,-0.05,-3.062465,0
13,18,0.641,2,-0.05,-2.9149194,0
13,19,0.651,1,-0.05,-3.0916054,0
13,20,0.634,1,-0.05,-3.0184708,0
13,21,0.619,0,1.0,-3.0649195,0
13,22,0.623,2,-0.05,-2.742486,0
13,23,0.618,1,-0.05,-2.2771432,0
13,24,0.591,1,-0.05,-2.2043145,0
13,25,0.610,1,-0.05,-2.4839497,0
13,26,0.585,0,1.0,-2.9258547,0
13,27,0.565,1,-0.05,-2.9681134,0
13,28,0.560,0,1.0,-2.675588,0
13,29,0.506,0,1.0,-2.486805,0
13,30,0.474,1,-0.05,-2.4300866,0
13,31,0.444,0,1.0,-2.414987,0
13,32,0.415,1,-0.05,-2.5225804,0
13,33,0.411,1,-0.05,-2.5201344,0
13,34,0.393,1,-0.05,-2.5812645,0
13,35,0.376,0,1.0,-2.940753,0
13,36,0.342,2,-0.05,-3.4883833,0
13,37,0.314,0,1.0,-3.8022535,0
13,38,0.276,1,-0.05,-3.8938692,0
13,39,0.273,1,-0.05,-4.017028,0
13,40,0.260,2,-0.05,-3.701829,0
13,41,0.268,2,-0.05,-3.83502,0
13,42,0.246,1,-0.05,-3.7523508,0
13,43,0.220,2,-0.05,-3.9591403,0
13,44,0.232,2,-0.05,-3.8791127,0
13,45,0.216,1,-0.05,-3.473207,0
13,46,0.185,0,-100.0,-3.79039,0
14,0,0.668,0,1.0,0.0,0
14,1,0.658,2,-0.05,-1.8491504,0
14,2,0.662,0,1.0,-1.7726095,0
14,3,0.671,0,1.0,-1.6877623,0
14,4,0.652,2,-0.05,-1.6167161,0
14,5,0.653,0,1.0,-1.6027322,0
14,6,0.655,1,-0.05,-1.575013,0
14,7,0.665,1,-0.05,-1.5530325,0
14,8,0.655,2,-0.05,-1.6370566,0
14,9,0.658,0,1.0,-1.5580338,0
14,10,0.663,2,-0.05,-1.1645311,0
14,11,0.662,1,-0.05,-0.8376932,0
14,12,0.656,0,1.0,-1.0480294,0
14,13,0.664,2,-0.05,-1.4271953,0
14,14,0.675,2,-0.05,-1.5587027,0
14,15,0.665,0,1.0,-1.4628861,0
14,16,0.685,0,1.0,-1.0382807,0
14,17,0.687,0,1.0,-0.98093545,0
14,18,0.691,2,-0.05,-0.974555,0
14,19,0.697,0,1.0,-1.050068,0
14,20,0.693,2,-0.05,-1.0744976,0
14,21,0.693,2,-0.05,-1.0633636,0
14,22,0.704,0,1.0,-0.85865366,0
14,23,0.705,1,-0.05,-1.2541277,0
14,24,0.693,0,1.0,-0.64285076,0
14,25,0.683,2,-0.05,-0.71003944,0
14,26,0.667,0,1.0,-0.7204776,0
14,27,0.637,0,1.0,-0.81815815,0
14,28,0.627,0,1.0,-0.91090924,0
14,29,0.625,2,-0.05,-1.0395781,0
14,30,0.627,1,-0.05,-1.1525095,0
14,31,0.609,0,1.0,-1.4975834,0
14,32,0.609,0,1.0,-0.9988798,0
14,33,0.597,1,-0.05,-0.976135,0
14,34,0.592,0,1.0,-1.0288187,0
14,35,0.581,1,-0.05,-1.0404735,0
14,36,0.576,2,-0.05,-1.057005,0
14,37,0.597,2,-0.05,-1.1314723,0
14,38,0.583,1,-0.05,-1.5323182,0
14,39,0.575,1,-0.05,-1.6931888,0
14,40,0.558,0,1.0,-1.0774779,0
14,41,0.565,1,-0.05,-1.6226169,0
14,42,0.569,0,1.0,-1.6955616,0
14,43,0.562,0,1.0,-1.6924822,0
14,44,0.580,1,-0.05,-1.6617694,0
14,45,0.572,2,-0.05,-1.7003243,0
14,46,0.572,0,1.0,-1.7013178,0
14,47,0.575,2,-0.05,-1.5782653,0
14,48,0.568,2,-0.05,-1.770581,0
14,49,0.576,2,-0.05,-1.6289951,0
14,50,0.562,1,-0.05,-1.1676722,0
14,51,0.562,0,1.0,-1.3367165,0
14,52,0.562,2,-0.05,-1.9089593,0
14,53,0.545,0,1.0,-1.6076131,0
14,54,0.550,0,1.0,-1.6202655,0
14,55,0.537,0,1.0,-1.7096233,0
14,56,0.542,2,-0.05,-1.7554108,0
14,57,0.535,0,1.0,-1.7132109,0
14,58,0.532,1,-0.05,-1.7671585,0
14,59,0.523,1,-0.05,-1.7672042,0
14,60,0.534,0,1.0,-1.7702305,0
14,61,0.535,1,-0.05,-2.225597,0
14,62,0.526,0,1.0,-2.3882937,0
14,63,0.542,2,-0.05,-2.7123966,0
14,64,0.552,0,1.0,-2.6782315,0
14,65,0.555,2,-0.05,-2.6712027,0
14,66,0.558,2,-0.05,-2.696829,0
14,67,0.554,1,-0.05,-2.812161,0
14,68,0.553,2,-0.05,-2.7715106,0
14,69,0.555,1,-0.05,-2.845632,0
14,70,0.557,2,-0.05,-2.7779913,0
14,71,0.554,2,-0.05,-2.933094,0
14,72,0.561,0,1.0,-2.8676884,0
14,73,0.569,2,-0.05,-2.1134653,0
14,74,0.569,2,-0.05,-2.202061,0
14,75,0.569,1,-0.05,-2.1970334,0
14,76,0.557,2,-0.05,-2.2774856,0
14,77,0.570,2,-0.05,-2.1979342,0
14,78,0.561,1,-0.05,-1.8839397,0
14,79,0.566,1,-0.05,-2.150604,0
14,80,0.564,2,-0.05,-2.1717474,0
14,81,0.563,2,-0.05,-2.136332,0
14,82,0.562,1,-0.05,-1.8807671,0
14,83,0.564,1,-0.05,-2.114955,0
14,84,0.552,0,1.0,-2.1720953,0
14,85,0.538,2,-0.05,-2.419244,0
14,86,0.540,2,-0.05,-2.7061386,0
14,87,0.558,2,-0.05,-2.5809617,0
14,88,0.554,2,-0.05,-2.4334102,0
14,89,0.558,0,1.0,-2.0531693,0
14,90,0.551,2,-0.05,-2.3074064,0
14,91,0.546,0,1.0,-2.342505,0
14,92,0.520,0,1.0,-2.13917,0
14,93,0.508,2,-0.05,-2.030078,0
14,94,0.513,2,-0.05,-1.9889072,0
14,95,0.508,1,-0.05,-1.6230748,0
14,96,0.494,0,1.0,-2.002417,0
14,97,0.473,2,-0.05,-1.9680696,0
14,98,0.486,0,1.0,-2.29138,0
14,99,0.468,2,-0.05,-2.323004,0
14,100,0.467,2,-0.05,-2.4231653,0
14,101,0.455,1,-0.05,-2.2788262,0
14,102,0.469,1,-0.05,-2.4256,0
14,103,0.458,1,-0.05,-2.109409,0
14,104,0.456,2,-0.05,-2.6864908,0
14,105,0.460,2,-0.05,-2.1729712,0
14,106,0.462,1,-0.05,-2.4080176,0
14,107,0.450,0,1.0,-2.190304,0
14,108,0.436,2,-0.05,-2.4030647,0
14,109,0.445,2,-0.05,-2.5743804,0
14,110,0.430,0,1.0,-2.3281963,0
14,111,0.438,1,-0.05,-2.1558871,0
14,112,0.432,1,-0.05,-2.079358,0
14,113,0.433,0,1.0,-1.7690144,0
14,114,0.416,1,-0.05,-2.7858453,0
14,115,0.434,2,-0.05,-4.588017,0
14,116,0.420,1,-0.05,-4.392339,0
14,117,0.430,2,-0.05,-4.581124,0
14,118,0.429,2,-0.05,-4.4564466,0
14,119,0.430,1,-0.05,-4.2114334,0
14,120,0.434,2,-0.05,-4.294731,0
14,121,0.421,1,-0.05,-4.2195606,0
14,122,0.421,1,-0.05,-4.463035,0
14,123,0.414,0,1.0,-4.321831,0
14,124,0.428,0,1.0,-4.8225136,0
14,125,0.417,1,-0.05,-4.745844,0
14,126,0.416,2,-0.05,-5.474369,0
14,127,0.442,2,-0.05,-5.0058384,0
14,128,0.438,1,-0.05,-4.1649036,0
14,129,0.430,1,-0.05,-4.587622,0
14,130,0.433,2,-0.05,-5.511142,0
14,131,0.434,1,-0.05,-5.105349,0
14,132,0.443,1,-0.05,-5.5810466,0
14,133,0.437,2,-0.05,-6.092026,0
14,134,0.452,0,1.0,-6.113685,0
14,135,0.476,0,1.0,-5.3189883,0
14,136,0.495,2,-0.05,-5.215236,0
14,137,0.496,1,-0.05,-5.1451764,0
14,138,0.505,2,-0.05,-5.4471364,0
14,139,0.511,0,1.0,-5.109811,0
14,140,0.546,1,-0.05,-4.746596,0
14,141,0.564,0,1.0,-4.4138746,0
14,142,0.578,2,-0.05,-4.517463,0
14,143,0.585,1,-0.05,-4.5563397,0
14,144,0.594,2,-0.05,-4.842361,0
14,145,0.618,2,-0.05,-4.5354548,0
14,146,0.606,2,-0.05,-4.5021653,0
14,147,0.610,2,-0.05,-4.6411424,0
14,148,0.598,1,-0.05,-4.713338,0
14,149,0.596,1,-0.05,-4.6923566,0
14,150,0.635,0,1.0,-4.6060066,0
14,151,0.639,1,-0.05,-4.499365,0
14,152,0.645,2,-0.05,-4.839573,0
14,153,0.653,2,-0.05,-4.807368,0
14,154,0.695,0,1.0,-4.6819825,0
14,155,0.712,2,-0.05,-4.8533034,0
14,156,0.728,0,1.0,-4.9379005,0
14,157,0.725,1,-0.05,-4.80977,0
14,158,0.739,0,1.0,-4.4193125,0
14,159,0.715,1,-0.05,-3.9800596,0
14,160,0.672,0,1.0,-3.82994,0
14,161,0.633,2,-0.05,-3.6961944,0
14,162,0.615,0,1.0,-3.62773,0
14,163,0.579,1,-0.05,-3.4807334,0
14,164,0.560,0,1.0,-3.350097,0
14,165,0.515,1,-0.05,-3.2554648,0
14,166,0.494,0,1.0,-3.190267,0
14,167,0.462,0,1.0,-3.32036,0
14,168,0.424,2,-0.05,-2.9018586,0
14,169,0.387,0,1.0,-2.6621294,0
14,170,0.359,1,-0.05,-2.4668205,0
14,171,0.351,1,-0.05,-2.364437,0
14,172,0.348,2,-0.05,-2.886372,0
14,173,0.339,2,-0.05,-2.4384809,0
14,174,0.332,2,-0.05,-2.625401,0
14,175,0.318,2,-0.05,-2.9708219,0
14,176,0.315,1,-0.05,-3.3546534,0
14,177,0.285,2,-0.05,-2.934106,0
14,178,0.302,1,-0.05,-3.3141825,0
14,179,0.289,2,-0.05,-2.9120278,0
14,180,0.290,1,-0.05,-3.1809516,0
14,181,0.278,1,-0.05,-2.9459934,0
14,182,0.273,1,-0.05,-2.5137415,0
14,183,0.270,1,-0.05,-2.4244504,0
14,184,0.247,0,1.0,-3.599723,0
14,185,0.224,2,-0.05,-4.8402686,0
14,186,0.191,0,-100.0,-5.2795663,0
15,0,0.668,0,1.0,0.0,0
15,1,0.652,0,1.0,-1.7649221,0
15,2,0.659,2,-0.05,-1.7257211,0
15,3,0.674,1,-0.05,-1.7154473,0
15,4,0.670,2,-0.05,-1.765713,0
15,5,0.668,0,1.0,-1.7286837,0
15,6,0.668,1,-0.05,-1.3327209,0
15,7,0.668,1,-0.05,-0.9323838,0
15,8,0.665,1,-0.05,-1.2784483,0
15,9,0.669,1,-0.05,-1.687186,0
15,10,0.674,0,1.0,-1.7212133,0
15,11,0.660,2,-0.05,-1.8886614,0
15,12,0.672,2,-0.05,-2.3898454,0
15,13,0.663,2,-0.05,-1.9521968,0
15,14,0.646,0,1.0,-1.8340801,0
15,15,0.666,0,1.0,-1.7274255,0
15,16,0.666,2,-0.05,-1.6495788,0
15,17,0.659,0,1.0,-1.66101,0
15,18,0.656,2,-0.05,-1.61273,0
15,19,0.666,2,-0.05,-1.5929899,0
15,20,0.661,0,1.0,-1.3992445,0
15,21,0.667,2,-0.05,-1.1366152,0
15,22,0.674,0,1.0,-0.8164922,0
15,23,0.676,0,1.0,-0.86612904,0
15,24,0.700,2,-0.05,-0.7024868,0
15,25,0.704,2,-0.05,-0.72483134,0
15,26,0.699,0,1.0,-0.35514522,0
15,27,0.694,1,-0.05,-0.32195127,0
15,28,0.682,1,-0.05,-0.7965165,0
15,29,0.694,2,-0.05,-0.30658954,0
15,30,0.673,0,1.0,-0.4292465,0
15,31,0.677,2,-0.05,-1.1997553,0
15,32,0.661,2,-0.05,-1.6164618,0
15,33,0.642,0,1.0,-2.30309,0
15,34,0.614,0,1.0,-3.183512,0
15,35,0.581,2,-0.05,-3.5888157,0
15,36,0.566,1,-0.05,-3.8823564,0
15,37,0.565,1,-0.05,-3.4366298,0
15,38,0.541,0,1.0,-2.3144455,0
15,39,0.520,0,1.0,-1.8707309,0
15,40,0.482,0,1.0,-2.0180259,0
15,41,0.472,2,-0.05,-2.162154,0
15,42,0.449,0,1.0,-2.3014047,0
15,43,0.423,0,1.0,-2.2849107,0
15,44,0.000,0,1.0,-2.3370008,0
15,45,0.393,0,1.0,-0.012540613,0
15,46,0.373,1,-0.05,-2.4524088,0
15,47,0.355,0,1.0,-2.4313352,0
15,48,0.328,0,1.0,-2.4712672,0
15,49,0.300,0,1.0,-2.608116,0
15,50,0.279,0,1.0,-2.4558992,0
15,51,0.235,2,-0.05,-2.613586,0
15,52,0.246,2,-0.05,-2.6982243,0
15,53,0.236,1,-0.05,-3.0612535,0
15,54,0.236,1,-0.05,-2.795619,0
15,55,0.217,1,-0.05,-3.0883229,0
15,56,0.228,1,-0.05,-3.3903344,0
15,57,0.221,2,-0.05,-3.4114258,0
15,58,0.217,0,1.0,-3.4145522,0
15,59,0.193,0,-100.0,-3.2255232,0
16,0,0.671,0,1.0,0.0,0
16,1,0.661,0,1.0,-1.7464367,0
16,2,0.655,1,-0.05,-1.7623765,0
16,3,0.675,0,1.0,-1.8083,0
16,4,0.657,0,1.0,-1.7724909,0
16,5,0.658,2,-0.05,-1.7981253,0
16,6,0.659,2,-0.05,-1.7704161,0
16,7,0.663,2,-0.05,-1.5011199,0
16,8,0.676,1,-0.05,-1.089138,0
16,9,0.681,1,-0.05,-1.3027954,0
16,10,0.665,0,1.0,-1.7223876,0
16,11,0.677,1,-0.05,-1.8288124,0
16,12,0.672,0,1.0,-1.9923599,0
16,13,0.657,0,1.0,-2.434072,0
16,14,0.648,1,-0.05,-2.6173458,0
16,15,0.646,2,-0.05,-2.636405,0
16,16,0.654,1,-0.05,-2.246594,0
16,17,0.654,0,1.0,-2.4696732,0
16,18,0.646,0,1.0,-3.1195471,0
16,19,0.628,1,-0.05,-3.1370173,0
16,20,0.606,2,-0.05,-3.1605105,0
16,21,0.610,0,1.0,-3.1299975,0
16,22,0.614,0,1.0,-2.5638843,0
16,23,0.601,2,-0.05,-2.370392,0
16,24,0.583,0,1.0,-2.3442926,0
16,25,0.593,1,-0.05,-2.3520145,0
16,26,0.574,0,1.0,-2.3362122,0
16,27,0.577,0,1.0,-2.3514624,0
16,28,0.574,2,-0.05,-2.3773947,0
16,29,0.567,0,1.0,-2.3869557,0
16,30,0.554,0,1.0,-2.2763577,0
16,31,0.538,2,-0.05,-2.2042654,0
16,32,0.557,1,-0.05,-2.2475398,0
16,33,0.546,0,1.0,-2.7330174,0
16,34,0.541,2,-0.05,-3.3655763,0
16,35,0.533,2,-0.05,-3.661969,0
16,36,0.528,2,-0.05,-3.683834,0
16,37,0.524,2,-0.05,-2.8697662,0
16,38,0.532,0,1.0,-2.3716507,0
16,39,0.522,1,-0.05,-1.9433692,0
16,40,0.508,2,-0.05,-1.8778348,0
16,41,0.518,2,-0.05,-1.7498146,0
16,42,0.532,1,-0.05,-1.1869115,0
16,43,0.528,0,1.0,-1.2410204,0
16,44,0.523,0,1.0,-1.9669219,0
16,45,0.520,0,1.0,-2.0707412,0
16,46,0.522,0,1.0,-2.0597625,0
16,47,0.521,0,1.0,-2.0820265,0
16,48,0.522,1,-0.05,-2.072106,0
16,49,0.523,1,-0.05,-2.3212154,0
16,50,0.527,0,1.0,-2.461108,0
16,51,0.512,0,1.0,-2.3701615,0
16,52,0.486,2,-0.05,-2.504653,0
16,53,0.497,0,1.0,-3.0632658,0
16,54,0.487,2,-0.05,-3.0730124,0
16,55,0.488,0,1.0,-3.0010276,0
16,56,0.470,0,1.0,-2.960541,0
16,57,0.475,1,-0.05,-2.6805592,0
16,58,0.464,0,1.0,-2.6786098,0
16,59,0.466,2,-0.05,-2.693353,0
16,60,0.457,1,-0.05,-2.2206674,0
16,61,0.456,0,1.0,-2.7593048,0
16,62,0.436,0,1.0,-3.535458,0
16,63,0.417,2,-0.05,-3.7958715,0
16,64,0.422,0,1.0,-3.8266063,0
16,65,0.398,0,1.0,-3.8431945,0
16,66,0.389,1,-0.05,-4.32673,0
16,67,0.370,2,-0.05,-4.2893014,0
16,68,0.390,1,-0.05,-4.2604036,0
16,69,0.000,1,-0.05,-4.3467803,0
16,70,0.389,2,-0.05,-0.015130456,0
16,71,0.364,1,-0.05,-4.212645,0
16,72,0.373,2,-0.05,-4.3585243,0
16,73,0.381,1,-0.05,-4.170726,0
16,74,0.344,0,1.0,-4.350088,0
16,75,0.346,2,-0.05,-3.775731,0
16,76,0.351,1,-0.05,-3.738112,0
16,77,0.336,2,-0.05,-3.4338448,0
16,78,0.332,2,-0.05,-3.5458753,0
16,79,0.306,1,-0.05,-4.0582995,0
16,80,0.316,0,1.0,-3.582653,0
16,81,0.286,0,1.0,-2.947403,0
16,82,0.250,0,1.0,-3.409845,0
16,83,0.216,0,1.0,-3.7001243,0
16,84,0.172,0,-100.0,-3.7640662,0
17,0,0.668,0,1.0,0.0,0
17,1,0.660,2,-0.05,-1.8936701,0
17,2,0.661,1,-0.05,-1.8357706,0
17,3,0.654,2,-0.05,-1.813932,0
17,4,0.655,1,-0.05,-1.8124261,0
17,5,0.659,1,-0.05,-1.8145926,0
17,6,0.665,0,1.0,-2.043661,0
17,7,0.653,0,1.0,-2.537951,0
17,8,0.642,0,1.0,-2.7070537,0
17,9,0.630,0,1.0,-2.785708,0
17,10,0.631,1,-0.05,-2.8527775,0
17,11,0.626,2,-0.05,-2.8740106,0
17,12,0.614,2,-0.05,-2.4846473,0
17,13,0.618,1,-0.05,-2.0380895,0
17,14,0.609,0,1.0,-2.1940107,0
17,15,0.602,0,1.0,-3.0605164,0
17,16,0.608,2,-0.05,-3.2889576,0
17,17,0.602,2,-0.05,-3.3127658,0
17,18,0.575,1,-0.05,-2.8578455,0
17,19,0.602,1,-0.05,-3.2124166,0
17,20,0.580,0,1.0,-3.3553176,0
17,21,0.589,1,-0.05,-3.3961716,0
17,22,0.576,2,-0.05,-2.9465418,0
17,23,0.568,1,-0.05,-3.3020077,0
17,24,0.559,2,-0.05,-2.9917932,0
17,25,0.564,2,-0.05,-3.2914286,0
17,26,0.549,2,-0.05,-3.6820226,0
17,27,0.542,1,-0.05,-3.4932423,0
17,28,0.560,1,-0.05,-3.6679869,0
17,29,0.543,1,-0.05,-3.458734,0
17,30,0.554,2,-0.05,-2.9106474,0
17,31,0.537,2,-0.05,-3.2960086,0
17,32,0.540,0,1.0,-3.726037,0
17,33,0.528,1,-0.05,-3.656383,0
17,34,0.529,2,-0.05,-2.7940042,0
17,35,0.523,1,-0.05,-2.4751983,0
17,36,0.523,1,-0.05,-2.6164374,0
17,37,0.512,0,1.0,-3.5525217,0
17,38,0.513,1,-0.05,-3.8910506,0
17,39,0.497,2,-0.05,-3.5538144,0
17,40,0.495,0,1.0,-3.8655736,0
17,41,0.470,1,-0.05,-3.835227,0
17,42,0.483,0,1.0,-2.9838617,0
17,43,0.472,2,-0.05,-2.986195,0
17,44,0.468,2,-0.05,-3.00482,0
17,45,0.468,1,-0.05,-2.7947273,0
17,46,0.459,0,1.0,-2.9115987,0
17,47,0.451,0,1.0,-3.7882044,0
17,48,0.435,2,-0.05,-4.049687,0
17,49,0.437,2,-0.05,-4.142241,0
17,50,0.431,2,-0.05,-3.192224,0
17,51,0.430,0,1.0,-2.8641295,0
17,52,0.425,2,-0.05,-2.5221314,0
17,53,0.411,0,1.0,-2.2524495,0
17,54,0.419,1,-0.05,-2.100899,0
17,55,0.401,2,-0.05,-2.065219,0
17,56,0.424,2,-0.05,-1.2270356,0
17,57,0.418,1,-0.05,-0.540182,0
17,58,0.428,0,1.0,-1.0691332,0
17,59,0.436,0,1.0,-1.9405373,0
17,60,0.440,2,-0.05,-2.0753598,0
17,61,0.442,2,-0.05,-2.11336,0
17,62,0.428,0,1.0,-1.856186,0
17,63,0.453,1,-0.05,-1.0009421,0
17,64,0.443,0,1.0,-0.610651,0
17,65,0.449,1,-0.05,-0.7042811,0
17,66,0.463,2,-0.05,-0.72634244,0
17,67,0.452,1,-0.05,-0.57952213,0
17,68,0.474,0,1.0,-0.6621851,0
17,69,0.479,0,1.0,-1.1275595,0
17,70,0.487,1,-0.05,-1.7983071,0
17,71,0.495,1,-0.05,-1.8164731,0
17,72,0.493,2,-0.05,-2.0864708,0
17,73,0.499,1,-0.05,-1.882758,0
17,74,0.495,0,1.0,-2.121627,0
17,75,0.490,1,-0.05,-2.582306,0
17,76,0.512,1,-0.05,-2.5850077,0
17,77,0.490,1,-0.05,-2.3612328,0
17,78,0.501,1,-0.05,-3.1388037,0
17,79,0.491,2,-0.05,-3.4568808,0
17,80,0.498,2,-0.05,-2.9639468,0
17,81,0.479,0,1.0,-2.7504222,0
17,82,0.487,1,-0.05,-2.2822218,0
17,83,0.472,2,-0.05,-2.568369,0
17,84,0.473,0,1.0,-2.7561789,0
17,85,0.485,1,-0.05,-2.095084,0
17,86,0.496,2,-0.05,-2.003561,0
17,87,0.499,0,1.0,-1.4232702,0
17,88,0.511,0,1.0,-0.4458698,0
17,89,0.531,2,-0.05,-0.51746285,0
17,90,0.520,1,-0.05,-0.5719805,0
17,91,0.539,1,-0.05,-1.270073,0
17,92,0.536,2,-0.05,-2.2553937,0
17,93,0.535,2,-0.05,-1.9977236,0
17,94,0.556,0,1.0,-1.1843588,0
17,95,0.558,1,-0.05,-0.7298326,0
17,96,0.550,2,-0.05,-0.9358864,0
17,97,0.568,0,1.0,-0.92282397,0
17,98,0.605,0,1.0,-1.5587347,0
17,99,0.634,0,1.0,-1.6932772,0
17,100,0.665,0,1.0,-1.7066526,0
17,101,0.683,1,-0.05,-1.7417872,0
17,102,0.686,2,-0.05,-1.7916586,0
17,103,0.697,1,-0.05,-2.1814694,0
17,104,0.700,0,1.0,-2.1309505,0
17,105,0.683,2,-0.05,-1.4039494,0
17,106,0.686,0,1.0,-1.4394096,0
17,107,0.647,0,1.0,-1.5431828,0
17,108,0.619,0,1.0,-1.8956866,0
17,109,0.611,2,-0.05,-1.9933772,0
17,110,0.581,0,1.0,-2.0911398,0
17,111,0.574,2,-0.05,-2.1048033,0
17,112,0.566,1,-0.05,-2.057067,0
17,113,0.545,1,-0.05,-2.302979,0
17,114,0.545,0,1.0,-2.8182952,0
17,115,0.533,0,1.0,-2.7092197,0
17,116,0.503,0,1.0,-1.9222794,0
17,117,0.510,1,-0.05,-1.9139416,0
17,118,0.499,1,-0.05,-1.9364319,0
17,119,0.496,0,1.0,-2.169343,0
17,120,0.487,2,-0.05,-3.0858717,0
17,121,0.496,2,-0.05,-4.351868,0
17,122,0.487,0,1.0,-4.317844,0
17,123,0.488,1,-0.05,-4.060258,0
17,124,0.480,1,-0.05,-3.987636,0
17,125,0.472,0,1.0,-3.905203,0
17,126,0.483,1,-0.05,-4.6421556,0
17,127,0.471,2,-0.05,-4.7967052,0
17,128,0.469,2,-0.05,-4.709856,0
17,129,0.460,2,-0.05,-4.289822,0
17,130,0.447,1,-0.05,-4.234647,0
17,131,0.476,1,-0.05,-4.210162,0
17,132,0.473,1,-0.05,-4.6826973,0
17,133,0.459,2,-0.05,-4.83345,0
17,134,0.475,1,-0.05,-4.8629713,0
17,135,0.486,2,-0.05,-4.929638,0
17,136,0.465,1,-0.05,-4.8643346,0
17,137,0.466,2,-0.05,-5.0000777,0
17,138,0.462,2,-0.05,-4.9253707,0
17,139,0.479,2,-0.05,-4.706678,0
17,140,0.455,2,-0.05,-4.2624927,0
17,141,0.479,0,1.0,-4.3800616,0
17,142,0.486,2,-0.05,-4.176985,0
17,143,0.480,1,-0.05,-3.6291409,0
17,144,0.506,0,1.0,-3.9961126,0
17,145,0.512,0,1.0,-4.577776,0
17,146,0.498,0,1.0,-4.6818204,0
17,147,0.523,1,-0.05,-4.8699427,0
17,148,0.549,0,1.0,-5.1103926,0
17,149,0.571,1,-0.05,-5.2320113,0
17,150,0.586,1,-0.05,-5.386058,0
17,151,0.585,2,-0.05,-5.6997266,0
17,152,0.607,0,1.0,-5.552591,0
17,153,0.614,1,-0.05,-5.4379787,0
17,154,0.653,2,-0.05,-5.1780663,0
17,155,0.633,2,-0.05,-4.8891253,0
17,156,0.658,1,-0.05,-4.21012,0
17,157,0.636,1,-0.05,-4.8201427,0
17,158,0.660,0,1.0,-5.353444,0
17,159,0.682,1,-0.05,-5.6607604,0
17,160,0.710,1,-0.05,-5.946874,0
17,161,0.702,1,-0.05,-5.884483,0
17,162,0.711,1,-0.05,-6.135425,0
17,163,0.746,0,1.0,-5.8668976,0
17,164,0.711,2,-0.05,-5.176684,0
17,165,0.677,0,1.0,-4.8071766,0
17,166,0.622,2,-0.05,-4.611782,0
17,167,0.621,1,-0.05,-4.534794,0
17,168,0.619,1,-0.05,-3.9563656,0
17,169,0.597,0,1.0,-3.4422255,0
17,170,0.540,0,1.0,-3.3196356,0
17,171,0.499,1,-0.05,-3.378333,0
17,172,0.484,1,-0.05,-3.3926153,0
17,173,0.475,1,-0.05,-3.1778045,0
17,174,0.452,1,-0.05,-2.8774147,0
17,175,0.431,0,1.0,-2.8070676,0
17,176,0.411,1,-0.05,-2.5181756,0
17,177,0.372,0,1.0,-2.4651883,0
17,178,0.333,0,1.0,-3.1452587,0
17,179,0.278,2,-0.05,-3.323825,0
17,180,0.285,1,-0.05,-3.292406,0
17,181,0.268,1,-0.05,-3.7356749,0
17,182,0.265,2,-0.05,-3.913197,0
17,183,0.244,2,-0.05,-3.8217008,0
17,184,0.245,1,-0.05,-3.2656503,0
17,185,0.236,1,-0.05,-3.616964,0
17,186,0.231,1,-0.05,-3.8674688,0
17,187,0.222,2,-0.05,-4.340106,0
17,188,0.193,0,-100.0,-3.9777482,0
18,0,0.675,0,1.0,0.0,0
18,1,0.662,0,1.0,-1.439049,0
18,2,0.666,0,1.0,-1.3419354,0
18,3,0.666,0,1.0,-1.3964658,0
18,4,0.671,1,-0.05,-1.3980207,0
18,5,0.673,0,1.0,-1.3613963,0
18,6,0.695,0,1.0,-1.3564141,0
18,7,0.691,0,1.0,-1.341038,0
18,8,0.688,1,-0.05,-1.3227625,0
18,9,0.701,0,1.0,-1.3516471,0
18,10,0.707,1,-0.05,-1.2831166,0
18,11,0.701,1,-0.05,-1.3163793,0
18,12,0.699,1,-0.05,-1.7062712,0
18,13,0.697,1,-0.05,-1.9059522,0
18,14,0.693,2,-0.05,-1.9474623,0
18,15,0.704,0,1.0,-1.9296055,0
18,16,0.697,0,1.0,-1.7931192,0
18,17,0.715,1,-0.05,-1.6148864,0
18,18,0.705,0,1.0,-1.6554813,0
18,19,0.712,1,-0.05,-1.6235573,0
18,20,0.689,0,1.0,-1.6493642,0
18,21,0.702,0,1.0,-1.7266941,0
18,22,0.694,0,1.0,-1.6135439,0
18,23,0.701,2,-0.05,-1.6133142,0
18,24,0.694,0,1.0,-1.6589344,0
18,25,0.699,0,1.0,-1.6928682,0
18,26,0.709,0,1.0,-1.636147,0
18,27,0.698,2,-0.05,-1.6475122,0
18,28,0.686,1,-0.05,-1.6552486,0
18,29,0.700,2,-0.05,-1.7496109,0
18,30,0.698,2,-0.05,-1.6464317,0
18,31,0.704,2,-0.05,-1.5812182,0
18,32,0.679,2,-0.05,-1.3124886,0
18,33,0.685,0,1.0,-1.1225569,0
18,34,0.683,0,1.0,-0.8247583,0
18,35,0.673,0,1.0,-0.8868087,0
18,36,0.655,2,-0.05,-0.9907177,0
18,37,0.649,2,-0.05,-0.9397495,0
18,38,0.644,2,-0.05,-0.52128226,0
18,39,0.627,1,-0.05,-0.35484755,0
18,40,0.612,0,1.0,-0.5073822,0
18,41,0.612,2,-0.05,-1.0626744,0
18,42,0.612,0,1.0,-1.3562479,0
18,43,0.601,0,1.0,-1.3134847,0
18,44,0.597,2,-0.05,-1.3399601,0
18,45,0.588,1,-0.05,-1.4716117,0
18,46,0.567,0,1.0,-1.8579135,0
18,47,0.575,0,1.0,-2.0085154,0
18,48,0.570,0,1.0,-2.0248847,0
18,49,0.563,1,-0.05,-2.09342,0
18,50,0.545,0,1.0,-1.8190092,0
18,51,0.553,0,1.0,-1.9466963,0
18,52,0.548,0,1.0,-1.9603368,0
18,53,0.533,1,-0.05,-1.9859912,0
18,54,0.525,1,-0.05,-2.04881,0
18,55,0.531,0,1.0,-2.0470552,0
18,56,0.523,2,-0.05,-2.272268,0
18,57,0.512,0,1.0,-2.429495,0
18,58,0.541,1,-0.05,-2.450831,0
18,59,0.532,1,-0.05,-2.498302,0
18,60,0.531,0,1.0,-2.9469638,0
18,61,0.541,1,-0.05,-3.119092,0
18,62,0.539,1,-0.05,-3.0852964,0
18,63,0.536,2,-0.05,-2.7819104,0
18,64,0.548,0,1.0,-3.0159588,0
18,65,0.550,1,-0.05,-3.0924823,0
18,66,0.566,0,1.0,-3.0711672,0
18,67,0.564,0,1.0,-3.067329,0
18,68,0.561,2,-0.05,-3.48537,0
18,69,0.577,2,-0.05,-3.4537182,0
18,70,0.565,0,1.0,-3.1696382,0
18,71,0.580,0,1.0,-2.5964484,0
18,72,0.568,1,-0.05,-2.5910528,0
18,73,0.584,2,-0.05,-2.9781966,0
18,74,0.574,1,-0.05,-2.4811602,0
18,75,0.575,1,-0.05,-2.952771,0
18,76,0.575,2,-0.05,-2.917012,0
18,77,0.581,2,-0.05,-2.8435826,0
18,78,0.582,2,-0.05,-2.951946,0
18,79,0.574,1,-0.05,-2.3594322,0
18,80,0.584,0,1.0,-2.9119349,0
18,81,0.571,0,1.0,-2.9119556,0
18,82,0.573,1,-0.05,-2.9083767,0
18,83,0.576,1,-0.05,-3.0310068,0
18,84,0.569,0,1.0,-3.2707982,0
18,85,0.573,2,-0.05,-4.160911,0
18,86,0.586,2,-0.05,-3.9214447,0
18,87,0.571,2,-0.05,-4.037356,0
18,88,0.574,2,-0.05,-4.1109414,0
18,89,0.592,0,1.0,-3.3988442,0
18,90,0.587,1,-0.05,-3.2700005,0
18,91,0.595,2,-0.05,-3.1651027,0
18,92,0.597,1,-0.05,-2.073012,0
18,93,0.592,1,-0.05,-3.108377,0
18,94,0.589,2,-0.05,-4.3711333,0
18,95,0.589,1,-0.05,-4.332551,0
18,96,0.575,0,1.0,-4.3481054,0
18,97,0.573,2,-0.05,-4.2505054,0
18,98,0.578,1,-0.05,-4.6125226,0
18,99,0.578,1,-0.05,-4.943115,0
18,100,0.594,2,-0.05,-4.566177,0
18,101,0.586,2,-0.05,-4.7359934,0
18,102,0.593,1,-0.05,-4.7260404,0
18,103,0.573,2,-0.05,-4.7473655,0
18,104,0.594,1,-0.05,-4.722839,0
18,105,0.601,0,1.0,-4.9165025,0
18,106,0.600,0,1.0,-5.3492393,0
18,107,0.628,0,1.0,-5.75914,0
18,108,0.645,2,-0.05,-5.7725854,0
18,109,0.673,0,1.0,-5.6219573,0
18,110,0.678,0,1.0,-5.3140182,0
18,111,0.701,2,-0.05,-4.8976326,0
18,112,0.710,2,-0.05,-4.664827,0
18,113,0.739,0,1.0,-5.1353364,0
18,114,0.740,1,-0.05,-5.5383577,0
18,115,0.754,1,-0.05,-5.6030016,0
18,116,0.743,0,1.0,-5.3764734,0
18,117,0.748,1,-0.05,-4.573593,0
18,118,0.000,1,-0.05,-3.592852,0
18,119,0.739,2,-0.05,-0.024227012,0
18,120,0.730,0,1.0,-3.1520772,0
18,121,0.717,2,-0.05,-3.695465,0
18,122,0.701,2,-0.05,-4.4298472,0
18,123,0.715,1,-0.05,-4.881964,0
18,124,0.717,0,1.0,-4.5739365,0
18,125,0.698,0,1.0,-3.7429864,0
18,126,0.683,0,1.0,-3.5342667,0
18,127,0.683,0,1.0,-3.5515237,0
18,128,0.653,0,1.0,-3.6295,0
18,129,0.654,2,-0.05,-3.6610436,0
18,130,0.631,0,1.0,-3.6528592,0
18,131,0.583,0,1.0,-3.5999904,0
18,132,0.537,1,-0.05,-3.507503,0
18,133,0.521,2,-0.05,-3.4059637,0
18,134,0.508,1,-0.05,-3.9286587,0
18,135,0.515,1,-0.05,-3.4883776,0
18,136,0.511,2,-0.05,-3.0458062,0
18,137,0.502,2,-0.05,-3.2647161,0
18,138,0.479,1,-0.05,-3.8609362,0
18,139,0.476,1,-0.05,-3.538496,0
18,140,0.465,1,-0.05,-2.99299,0
18,141,0.461,1,-0.05,-2.495004,0
18,142,0.445,2,-0.05,-2.1680574,0
18,143,0.417,0,1.0,-2.2672079,0
18,144,0.379,2,-0.05,-2.755794,0
18,145,0.381,1,-0.05,-3.338714,0
18,146,0.362,2,-0.05,-3.017974,0
18,147,0.351,1,-0.05,-3.301373,0
18,148,0.345,1,-0.05,-2.851829,0
18,149,0.321,0,1.0,-2.258048,0
18,150,0.289,2,-0.05,-2.0644004,0
18,151,0.275,2,-0.05,-2.3456316,0
18,152,0.247,0,1.0,-2.136102,0
18,153,0.230,1,-0.05,-2.1379,0
18,154,0.214,2,-0.05,-2.4653716,0
18,155,0.186,0,-100.0,-3.0414202,0
19,0,0.675,0,1.0,0.0,0
19,1,0.660,1,-0.05,-1.3751473,0
19,2,0.670,2,-0.05,-1.444273,0
19,3,0.676,0,1.0,-1.060431,0
19,4,0.662,1,-0.05,-1.0080867,0
19,5,0.682,0,1.0,-1.2137003,0
19,6,0.684,0,1.0,-1.2647357,0
19,7,0.701,2,-0.05,-1.1702802,0
19,8,0.699,0,1.0,-1.1953206,0
19,9,0.683,1,-0.05,-1.1891847,0
19,10,0.692,1,-0.05,-1.1994164,0
19,11,0.679,1,-0.05,-1.0866476,0
19,12,0.677,0,1.0,-0.9104454,0
19,13,0.678,1,-0.05,-1.2969358,0
19,14,0.690,2,-0.05,-1.7332597,0
19,15,0.679,0,1.0,-1.5651212,0
19,16,0.673,2,-0.05,-0.98750424,0
19,17,0.671,0,1.0,-0.95686126,0
19,18,0.664,0,1.0,-1.2958407,0
19,19,0.643,0,1.0,-1.1601231,0
19,20,0.634,0,1.0,-1.207617,0
19,21,0.614,1,-0.05,-1.1910402,0
19,22,0.608,1,-0.05,-1.2492734,0
19,23,0.608,1,-0.05,-1.4596093,0
19,24,0.605,1,-0.05,-0.96767634,0
19,25,0.611,1,-0.05,-1.209285,0
19,26,0.601,1,-0.05,-1.6746728,0
19,27,0.601,1,-0.05,-1.857958,0
19,28,0.599,2,-0.05,-1.9530258,0
19,29,0.603,2,-0.05,-1.8162229,0
19,30,0.608,1,-0.05,-1.7133601,0
19,31,0.597,1,-0.05,-1.8273287,0
19,32,0.585,2,-0.05,-1.8977212,0
19,33,0.596,1,-0.05,-1.8112414,0
19,34,0.610,0,1.0,-1.8427844,0
19,35,0.617,0,1.0,-2.263628,0
19,36,0.611,2,-0.05,-2.2753282,0
19,37,0.630,1,-0.05,-2.3388681,0
19,38,0.622,2,-0.05,-2.7324207,0
19,39,0.620,1,-0.05,-2.3038073,0
19,40,0.633,0,1.0,-2.6841843,0
19,41,0.639,1,-0.05,-2.9191432,0
19,42,0.639,1,-0.05,-3.0781598,0
19,43,0.646,1,-0.05,-3.0026104,0
19,44,0.657,0,1.0,-2.671289,0
19,45,0.680,0,1.0,-2.4182556,0
19,46,0.693,2,-0.05,-2.2912364,0
19,47,0.708,1,-0.05,-2.3084006,0
19,48,0.685,1,-0.05,-2.680693,0
19,49,0.681,0,1.0,-2.6970947,0
19,50,0.625,0,1.0,-2.8200295,0
19,51,0.614,0,1.0,-3.1061616,0
19,52,0.564,0,1.0,-3.2316184,0
19,53,0.538,2,-0.05,-3.3226638,0
19,54,0.538,2,-0.05,-3.3732295,0
19,55,0.512,2,-0.05,-3.3309357,0
19,56,0.507,0,1.0,-3.0906715,0
19,57,0.479,0,1.0,-2.9182007,0
19,58,0.467,2,-0.05,-2.9054098,0
19,59,0.434,0,1.0,-2.9285293,0
19,60,0.418,1,-0.05,-2.9929523,0
19,61,0.405,1,-0.05,-3.338509,0
19,62,0.391,0,1.0,-3.3078842,0
19,63,0.379,1,-0.05,-3.575689,0
19,64,0.351,0,1.0,-4.238135,0
19,65,0.321,0,1.0,-3.7408233,0
19,66,0.274,2,-0.05,-3.963935,0
19,67,0.283,1,-0.05,-3.9247177,0
19,68,0.271,2,-0.05,-3.8953223,0
19,69,0.266,2,-0.05,-3.9861934,0
19,70,0.243,1,-0.05,-3.9427261,0
19,71,0.253,1,-0.05,-4.08626,0
19,72,0.237,0,1.0,-4.0019264,0
19,73,0.208,2,-0.05,-3.7869587,0
19,74,0.186,1,-100.0,-4.4289427,0
20,0,0.671,0,1.0,0.0,0
20,1,0.653,0,1.0,-1.8929288,0
20,2,0.659,1,-0.05,-1.8436521,0
20,3,0.662,0,1.0,-1.7787001,0
20,4,0.652,0,1.0,-1.7980512,0
20,5,0.658,0,1.0,-1.7838292,0
20,6,0.647,1,-0.05,-1.7723248,0
20,7,0.649,2,-0.05,-1.7780752,0
20,8,0.643,0,1.0,-1.7247181,0
20,9,0.658,1,-0.05,-1.3796198,0
20,10,0.668,2,-0.05,-1.0290624,0
20,11,0.664,0,1.0,-0.89989257,0
20,12,0.661,1,-0.05,-0.97299564,0
20,13,0.667,2,-0.05,-0.6225088,0
20,14,0.665,0,1.0,-0.37766683,0
20,15,0.693,0,1.0,-0.5306892,0
20,16,0.705,2,-0.05,-0.739931,0
20,17,0.696,1,-0.05,-0.7885924,0
20,18,0.696,1,-0.05,-0.53995574,0
20,19,0.684,2,-0.05,-0.5038019,0
20,20,0.686,1,-0.05,-0.5593522,0
20,21,0.678,0,1.0,-0.5207165,0
20,22,0.671,1,-0.05,-1.0244508,0
20,23,0.666,0,1.0,-0.79575753,0
20,24,0.652,2,-0.05,-0.82695556,0
20,25,0.651,1,-0.05,-1.4221001,0
20,26,0.649,0,1.0,-1.5616748,0
20,27,0.647,1,-0.05,-1.8113871,0
20,28,0.653,0,1.0,-1.8291323,0
20,29,0.669,0,1.0,-2.3166423,0
20,30,0.683,0,1.0,-2.650749,0
20,31,0.690,0,1.0,-2.622926,0
20,32,0.673,1,-0.05,-2.6430163,0
20,33,0.693,1,-0.05,-2.6984198,0
20,34,0.691,1,-0.05,-3.193881,0
20,35,0.698,1,-0.05,-3.319549,0
20,36,0.697,1,-0.05,-3.4123983,0
20,37,0.697,1,-0.05,-2.7873948,0
20,38,0.695,0,1.0,-2.2714403,0
20,39,0.679,0,1.0,-2.2392058,0
20,40,0.637,0,1.0,-2.633198,0
20,41,0.616,1,-0.05,-2.6412058,0
20,42,0.590,0,1.0,-2.6827788,0
20,43,0.574,0,1.0,-2.7309766,0
20,44,0.536,1,-0.05,-2.660662,0
20,45,0.521,0,1.0,-2.6529381,0
20,46,0.487,0,1.0,-2.7380278,0
20,47,0.467,2,-0.05,-2.8461063,0
20,48,0.461,1,-0.05,-2.8641863,0
20,49,0.454,1,-0.05,-3.2803457,0
20,50,0.450,2,-0.05,-3.5297432,0
20,51,0.437,1,-0.05,-3.3171113,0
20,52,0.445,2,-0.05,-3.4664793,0
20,53,0.425,2,-0.05,-3.4075003,0
20,54,0.433,1,-0.05,-3.3024626,0
20,55,0.408,0,1.0,-3.2973418,0
20,56,0.389,1,-0.05,-3.679749,0
20,57,0.382,2,-0.05,-3.970995,0
20,58,0.357,0,1.0,-3.6677415,0
20,59,0.347,1,-0.05,-3.5070796,0
20,60,0.325,2,-0.05,-3.2760205,0
20,61,0.332,1,-0.05,-3.4861355,0
20,62,0.328,2,-0.05,-3.4051738,0
20,63,0.313,0,1.0,-3.5713232,0
20,64,0.289,2,-0.05,-3.5138826,0
20,65,0.282,1,-0.05,-3.9018497,0
20,66,0.279,2,-0.05,-3.6806045,0
20,67,0.277,1,-0.05,-3.8590217,0
20,68,0.283,0,1.0,-3.6959052,0
20,69,0.254,1,-0.05,-3.7554579,0
20,70,0.236,0,1.0,-3.6269732,0
20,71,0.219,1,-0.05,-3.8126147,0
20,72,0.195,0,-100.0,-3.760268,0
21,0,0.665,0,1.0,0.0,0
21,1,0.658,2,-0.05,-1.9014184,0
21,2,0.664,1,-0.05,-1.8833504,0
21,3,0.674,1,-0.05,-1.9396214,0
21,4,0.651,2,-0.05,-2.6787703,0
21,5,0.660,2,-0.05,-2.1055052,0
21,6,0.648,2,-0.05,-1.8686229,0
21,7,0.664,1,-0.05,-1.8572605,0
21,8,0.642,1,-0.05,-1.8189085,0
21,9,0.652,1,-0.05,-1.9573722,0
21,10,0.672,2,-0.05,-2.6322737,0
21,11,0.660,1,-0.05,-2.2879367,0
21,12,0.653,2,-0.05,-2.8027885,0
21,13,0.648,0,1.0,-2.2954822,0
21,14,0.638,0,1.0,-1.8784697,0
21,15,0.638,0,1.0,-1.7764833,0
21,16,0.629,0,1.0,-1.7915604,0
21,17,0.622,2,-0.05,-1.773807,0
21,18,0.632,0,1.0,-1.7321248,0
21,19,0.633,1,-0.05,-1.7450193,0
21,20,0.618,1,-0.05,-1.7551758,0
21,21,0.624,1,-0.05,-2.0165122,0
21,22,0.616,2,-0.05,-2.627206,0
21,23,0.634,2,-0.05,-2.144666,0
21,24,0.625,2,-0.05,-1.7467642,0
21,25,0.628,1,-0.05,-1.6683145,0
21,26,0.631,1,-0.05,-1.6462648,0
21,27,0.621,2,-0.05,-1.9218524,0
21,28,0.615,2,-0.05,-1.7186902,0
21,29,0.619,1,-0.05,-1.6398499,0
21,30,0.621,0,1.0,-1.5817316,0
21,31,0.620,2,-0.05,-1.94823,0
21,32,0.616,0,1.0,-2.8151026,0
21,33,0.605,0,1.0,-2.836541,0
21,34,0.600,0,1.0,-2.8843985,0
21,35,0.576,1,-0.05,-2.8881226,0
21,36,0.576,0,1.0,-2.8738408,0
21,37,0.566,0,1.0,-3.0199952,0
21,38,0.542,0,1.0,-3.0210142,0
21,39,0.552,2,-0.05,-2.9550428,0
21,40,0.542,0,1.0,-3.0258493,0
21,41,0.525,0,1.0,-3.006439,0
21,42,0.517,1,-0.05,-3.058651,0
21,43,0.514,0,1.0,-3.0434299,0
21,44,0.516,1,-0.05,-3.0281763,0
21,45,0.499,0,1.0,-3.0273473,0
21,46,0.489,0,1.0,-3.350741,0
21,47,0.483,0,1.0,-3.3678641,0
21,48,0.472,0,1.0,-3.331984,0
21,49,0.451,0,1.0,-3.2765918,0
21,50,0.444,2,-0.05,-3.5021024,0
21,51,0.445,1,-0.05,-3.5216007,0
21,52,0.434,0,1.0,-4.0963883,0
21,53,0.431,2,-0.05,-4.0546846,0
21,54,0.427,1,-0.05,-3.8447511,0
21,55,0.441,1,-0.05,-3.5689378,0
21,56,0.435,2,-0.05,-3.102952,0
21,57,0.417,1,-0.05,-3.2683377,0
21,58,0.410,0,1.0,-3.0737581,0
21,59,0.389,1,-0.05,-3.4726505,0
21,60,0.396,1,-0.05,-3.190333,0
21,61,0.386,1,-0.05,-3.464325,0
21,62,0.366,0,1.0,-4.2275615,0
21,63,0.350,2,-0.05,-3.8728147,0
21,64,0.339,1,-0.05,-3.9409442,0
21,65,0.332,1,-0.05,-3.8453946,0
21,66,0.326,1,-0.05,-3.748078,0
21,67,0.318,1,-0.05,-4.574751,0
21,68,0.313,1,-0.05,-5.463513,0
21,69,0.306,2,-0.05,-5.8705535,0
21,70,0.286,2,-0.05,-5.797037,0
21,71,0.291,1,-0.05,-5.178037,0
21,72,0.284,1,-0.05,-5.6126604,0
21,73,0.269,2,-0.05,-5.6019945,0
21,74,0.244,0,1.0,-5.566981,0
21,75,0.195,0,-100.0,-5.134641,0
22,0,0.671,0,1.0,0.0,0
22,1,0.661,0,1.0,-1.5447433,0
22,2,0.655,2,-0.05,-1.5925331,0
22,3,0.668,1,-0.05,-1.5820813,0
22,4,0.654,0,1.0,-1.6781921,0
22,5,0.664,2,-0.05,-1.8066075,0
22,6,0.653,2,-0.05,-2.555165,0
22,7,0.649,0,1.0,-1.8451889,0
22,8,0.645,2,-0.05,-1.7192497,0
22,9,0.649,2,-0.05,-1.6999776,0
22,10,0.649,1,-0.05,-1.3225354,0
22,11,0.657,1,-0.05,-1.419635,0
22,12,0.645,2,-0.05,-1.674124,0
22,13,0.661,2,-0.05,-1.596414,0
22,14,0.648,0,1.0,-1.20527,0
22,15,0.648,2,-0.05,-0.96601415,0
22,16,0.670,0,1.0,-0.91867906,0
22,17,0.685,0,1.0,-0.7867146,0
22,18,0.674,0,1.0,-0.63953555,0
22,19,0.698,0,1.0,-0.639361,0
22,20,0.683,2,-0.05,-0.6988167,0
22,21,0.679,0,1.0,-0.72427005,0
22,22,0.672,1,-0.05,-0.78574353,0
22,23,0.660,2,-0.05,-0.79554504,0
22,24,0.663,1,-0.05,-0.4835177,0
22,25,0.658,1,-0.05,-0.65365654,0
22,26,0.654,1,-0.05,-1.0843759,0
22,27,0.631,2,-0.05,-0.9147874,0
22,28,0.656,2,-0.05,-1.2477973,0
22,29,0.662,2,-0.05,-0.88816565,0
22,30,0.647,1,-0.05,-0.4801417,0
22,31,0.643,2,-0.05,-0.7791722,0
22,32,0.622,1,-0.05,-0.50395244,0
22,33,0.640,2,-0.05,-0.78346956,0
22,34,0.638,0,1.0,-0.53081757,0
22,35,0.614,0,1.0,-0.37373614,0
22,36,0.584,2,-0.05,-0.8767356,0
22,37,0.569,0,1.0,-0.95977515,0
22,38,0.550,0,1.0,-1.0749242,0
22,39,0.533,2,-0.05,-1.16149,0
22,40,0.528,2,-0.05,-1.3218219,0
22,41,0.527,2,-0.05,-1.6549752,0
22,42,0.511,0,1.0,-2.2138019,0
22,43,0.477,0,1.0,-2.9889936,0
22,44,0.458,1,-0.05,-3.6640263,0
22,45,0.446,2,-0.05,-3.714479,0
22,46,0.439,1,-0.05,-4.4431715,0
22,47,0.448,2,-0.05,-3.850665,0
22,48,0.435,1,-0.05,-4.483354,0
22,49,0.424,1,-0.05,-3.9061804,0
22,50,0.433,2,-0.05,-2.6936963,0
22,51,0.423,0,1.0,-3.0340042,0
22,52,0.394,2,-0.05,-4.446703,0
22,53,0.377,2,-0.05,-4.752202,0
22,54,0.369,0,1.0,-5.003213,0
22,55,0.340,1,-0.05,-5.590268,0
22,56,0.331,1,-0.05,-5.729681,0
22,57,0.327,1,-0.05,-5.861753,0
22,58,0.311,2,-0.05,-5.453846,0
22,59,0.302,1,-0.05,-5.9325857,0
22,60,0.284,0,1.0,-5.5774574,0
22,61,0.260,1,-0.05,-5.10242,0
22,62,0.244,0,1.0,-4.4647875,0
22,63,0.214,2,-0.05,-4.108972,0
22,64,0.205,0,1.0,-3.5121408,0
22,65,0.179,1,-100.0,-3.4031515,0
23,0,0.664,0,1.0,0.0,0
23,1,0.652,0,1.0,-1.8628228,0
23,2,0.661,1,-0.05,-1.8129244,0
23,3,0.652,2,-0.05,-1.8887452,0
23,4,0.649,2,-0.05,-1.5645683,0
23,5,0.661,2,-0.05,-1.2120563,0
23,6,0.666,1,-0.05,-0.9151896,0
23,7,0.672,0,1.0,-0.9981649,0
23,8,0.673,1,-0.05,-1.495404,0
23,9,0.667,0,1.0,-1.8316133,0
23,10,0.682,2,-0.05,-1.8578575,0
23,11,0.664,1,-0.05,-1.9260371,0
23,12,0.658,0,1.0,-2.245304,0
23,13,0.656,2,-0.05,-2.9896898,0
23,14,0.640,0,1.0,-3.3518553,0
23,15,0.641,2,-0.05,-3.390748,0
23,16,0.645,1,-0.05,-3.4318879,0
23,17,0.644,2,-0.05,-3.4251032,0
23,18,0.600,0,1.0,-3.3481107,0
23,19,0.622,0,1.0,-3.2777832,0
23,20,0.602,0,1.0,-3.1353064,0
23,21,0.585,1,-0.05,-3.1639194,0
23,22,0.586,0,1.0,-3.2024636,0
23,23,0.574,1,-0.05,-3.2703114,0
23,24,0.575,1,-0.05,-3.1625504,0
23,25,0.574,2,-0.05,-3.646594,0
23,26,0.565,2,-0.05,-3.4724612,0
23,27,0.567,1,-0.05,-2.571139,0
23,28,0.559,2,-0.05,-2.7964826,0
23,29,0.565,2,-0.05,-2.448944,0
23,30,0.564,1,-0.05,-2.0668836,0
23,31,0.550,2,-0.05,-2.2195723,0
23,32,0.566,1,-0.05,-2.1242847,0
23,33,0.566,2,-0.05,-2.2595983,0
23,34,0.556,2,-0.05,-2.132983,0
23,35,0.552,2,-0.05,-1.6488674,0
23,36,0.552,0,1.0,-1.5205717,0
23,37,0.561,1,-0.05,-1.4539559,0
23,38,0.543,1,-0.05,-0.97203046,0
23,39,0.559,1,-0.05,-1.5164859,0
23,40,0.558,0,1.0,-1.513078,0
23,41,0.577,1,-0.05,-1.6854062,0
23,42,0.568,0,1.0,-2.0978518,0
23,43,0.548,0,1.0,-2.4720128,0
23,44,0.561,0,1.0,-2.6875901,0
23,45,0.547,0,1.0,-2.7370486,0
23,46,0.520,1,-0.05,-2.7381198,0
23,47,0.538,2,-0.05,-2.7763073,0
23,48,0.536,2,-0.05,-2.540941,0
23,49,0.522,0,1.0,-2.231335,0
23,50,0.531,0,1.0,-2.191103,0
23,51,0.534,1,-0.05,-2.1039455,0
23,52,0.532,0,1.0,-2.1308773,0
23,53,0.544,0,1.0,-2.1167264,0
23,54,0.541,1,-0.05,-2.1558883,0
23,55,0.539,0,1.0,-2.1196508,0
23,56,0.545,0,1.0,-2.1379507,0
23,57,0.539,1,-0.05,-2.1525884,0
23,58,0.543,2,-0.05,-2.3463879,0
23,59,0.547,1,-0.05,-2.0525541,0
23,60,0.535,2,-0.05,-2.2535987,0
23,61,0.552,1,-0.05,-1.981648,0
23,62,0.550,1,-0.05,-2.3685985,0
23,63,0.545,2,-0.05,-2.8056507,0
23,64,0.544,2,-0.05,-2.4360032,0
23,65,0.548,0,1.0,-2.0457706,0
23,66,0.547,1,-0.05,-1.8957877,0
23,67,0.549,1,-0.05,-1.1657553,0
23,68,0.556,0,1.0,-1.8834112,0
23,69,0.547,2,-0.05,-1.9749025,0
23,70,0.555,2,-0.05,-2.271448,0
23,71,0.560,2,-0.05,-2.2084424,0
23,72,0.563,2,-0.05,-1.9838594,0
23,73,0.570,0,1.0,-1.4718499,0
23,74,0.572,2,-0.05,-1.310416,0
23,75,0.579,0,1.0,-0.6384741,0
23,76,0.575,1,-0.05,-0.61942226,0
23,77,0.606,0,1.0,-0.20487028,0
23,78,0.620,2,-0.05,-0.24371892,0
23,79,0.616,2,-0.05,-0.2706405,0
23,80,0.613,1,-0.05,-0.13901365,0
23,81,0.642,0,1.0,-0.25526732,0
23,82,0.664,0,1.0,-0.8446668,0
23,83,0.681,1,-0.05,-0.9472069,0
23,84,0.681,2,-0.05,-0.93711203,0
23,85,0.679,2,-0.05,-0.9214936,0
23,86,0.687,2,-0.05,-0.34043795,0
23,87,0.707,0,1.0,-0.2695263,0
23,88,0.703,2,-0.05,-0.58658665,0
23,89,0.684,0,1.0,-1.9681423,0
23,90,0.652,0,1.0,-2.5548017,0
23,91,0.621,2,-0.05,-2.8159873,0
23,92,0.601,2,-0.05,-2.9406135,0
23,93,0.610,2,-0.05,-3.7895412,0
23,94,0.597,0,1.0,-3.9731169,0
23,95,0.544,0,1.0,-4.11001,0
23,96,0.517,2,-0.05,-4.3683834,0
23,97,0.482,0,1.0,-4.5988207,0
23,98,0.448,2,-0.05,-4.6714506,0
23,99,0.438,2,-0.05,-4.9511986,0
23,100,0.435,1,-0.05,-5.469276,0
23,101,0.412,1,-0.05,-5.178686,0
23,102,0.401,0,1.0,-5.2935057,0
23,103,0.362,2,-0.05,-5.068694,0
23,104,0.373,2,-0.05,-4.7877674,0
23,105,0.345,1,-0.05,-5.123624,0
23,106,0.357,2,-0.05,-4.8314967,0
23,107,0.335,0,1.0,-5.1087446,0
23,108,0.295,0,1.0,-5.599675,0
23,109,0.258,0,1.0,-5.5249095,0
23,110,0.222,2,-0.05,-5.826119,0
23,111,0.215,2,-0.05,-5.918347,0
23,112,0.202,2,-0.05,-5.9166474,0
23,113,0.193,1,-100.0,-6.201355,0
24,0,0.672,0,1.0,0.0,0
24,1,0.668,1,-0.05,-1.9973888,0
24,2,0.672,0,1.0,-1.8743055,0
24,3,0.665,2,-0.05,-2.009898,0
24,4,0.660,2,-0.05,-2.1198578,0
24,5,0.654,1,-0.05,-1.8964949,0
24,6,0.670,2,-0.05,-1.8908956,0
24,7,0.655,2,-0.05,-1.8576667,0
24,8,0.665,0,1.0,-1.8739421,0
24,9,0.661,1,-0.05,-1.5073721,0
24,10,0.661,1,-0.05,-1.0839157,0
24,11,0.655,1,-0.05,-1.3035156,0
24,12,0.649,0,1.0,-1.7262199,0
24,13,0.663,2,-0.05,-1.7675972,0
24,14,0.653,2,-0.05,-1.80898,0
24,15,0.646,1,-0.05,-1.7716944,0
24,16,0.650,1,-0.05,-1.7725377,0
24,17,0.673,0,1.0,-2.3347447,0
24,18,0.649,1,-0.05,-3.0554173,0
24,19,0.634,0,1.0,-3.2928684,0
24,20,0.646,1,-0.05,-3.2213202,0
24,21,0.625,0,1.0,-2.7296088,0
24,22,0.605,2,-0.05,-2.3834763,0
24,23,0.611,1,-0.05,-2.4281497,0
24,24,0.601,2,-0.05,-2.620586,0
24,25,0.589,1,-0.05,-2.5641742,0
24,26,0.593,2,-0.05,-2.6719666,0
24,27,0.565,0,1.0,-2.5151606,0
24,28,0.561,1,-0.05,-2.4653409,0
24,29,0.551,0,1.0,-2.788457,0
24,30,0.514,0,1.0,-2.5842946,0
24,31,0.498,1,-0.05,-2.6570466,0
24,32,0.464,0,1.0,-2.7344725,0
24,33,0.453,0,1.0,-2.7107599,0
24,34,0.431,0,1.0,-2.824235,0
24,35,0.396,2,-0.05,-2.870895,0
24,36,0.395,1,-0.05,-2.9948246,0
24,37,0.386,1,-0.05,-2.999153,0
24,38,0.391,1,-0.05,-2.9635007,0
24,39,0.386,1,-0.05,-3.284354,0
24,40,0.390,2,-0.05,-3.6884294,0
24,41,0.376,2,-0.05,-3.6225672,0
24,42,0.360,1,-0.05,-3.0458264,0
24,43,0.339,0,1.0,-3.3123803,0
24,44,0.329,1,-0.05,-3.748901,0
24,45,0.329,1,-0.05,-3.6148899,0
24,46,0.324,1,-0.05,-3.818449,0
24,47,0.309,1,-0.05,-4.386151,0
24,48,0.313,2,-0.05,-5.06838,0
24,49,0.295,0,1.0,-4.7038274,0
24,50,0.252,0,1.0,-4.246231,0
24,51,0.218,2,-0.05,-4.3350773,0
24,52,0.215,1,-0.05,-4.357531,0
24,53,0.204,1,-0.05,-4.731502,0
24,54,0.190,2,-100.0,-5.086496,0
25,0,0.672,0,1.0,0.0,0
25,1,0.671,1,-0.05,-1.8839705,0
25,2,0.665,0,1.0,-2.2006626,0
25,3,0.663,0,1.0,-2.0938482,0
25,4,0.647,1,-0.05,-2.1959758,0
25,5,0.656,2,-0.05,-2.1065302,0
25,6,0.645,2,-0.05,-2.0714154,0
25,7,0.654,0,1.0,-2.055526,0
25,8,0.662,2,-0.05,-1.657861,0
25,9,0.653,1,-0.05,-1.3185773,0
25,10,0.666,0,1.0,-1.4054523,0
25,11,0.645,0,1.0,-1.8636976,0
25,12,0.657,0,1.0,-1.912153,0
25,13,0.661,2,-0.05,-1.9269867,0
25,14,0.654,0,1.0,-1.9586289,0
25,15,0.661,2,-0.05,-1.9906508,0
25,16,0.660,2,-0.05,-1.9735963,0
25,17,0.661,1,-0.05,-1.9145013,0
25,18,0.659,0,1.0,-1.9353194,0
25,19,0.655,1,-0.05,-2.0248847,0
25,20,0.660,2,-0.05,-2.2656732,0
25,21,0.652,1,-0.05,-1.9635348,0
25,22,0.656,0,1.0,-2.2449656,0
25,23,0.651,1,-0.05,-2.9092937,0
25,24,0.646,0,1.0,-3.4762287,0
25,25,0.619,1,-0.05,-3.4797153,0
25,26,0.612,0,1.0,-3.114607,0
25,27,0.593,1,-0.05,-2.55928,0
25,28,0.601,1,-0.05,-2.5351272,0
25,29,0.608,2,-0.05,-2.8826542,0
25,30,0.591,1,-0.05,-2.523726,0
25,31,0.580,2,-0.05,-2.8851254,0
25,32,0.588,1,-0.05,-2.5731368,0
25,33,0.571,1,-0.05,-2.9205184,0
25,34,0.574,1,-0.05,-2.97007,0
25,35,0.557,1,-0.05,-3.034052,0
25,36,0.546,0,1.0,-3.1875648,0
25,37,0.499,0,1.0,-2.9957447,0
25,38,0.448,0,1.0,-3.1507723,0
25,39,0.435,1,-0.05,-3.3724947,0
25,40,0.431,1,-0.05,-3.4562478,0
25,41,0.409,1,-0.05,-4.1886897,0
25,42,0.392,0,1.0,-4.9432464,0
25,43,0.364,2,-0.05,-5.96322,0
25,44,0.351,1,-0.05,-6.370939,0
25,45,0.352,2,-0.05,-6.3291063,0
25,46,0.337,1,-0.05,-6.4274473,0
25,47,0.317,0,1.0,-6.2639456,0
25,48,0.264,0,1.0,-6.8294992,0
25,49,0.222,1,-0.05,-6.8737307,0
25,50,0.189,0,-100.0,-6.637903,0
26,0,0.669,0,1.0,0.0,0
26,1,0.659,2,-0.05,-1.8304515,0
26,2,0.659,0,1.0,-1.5510297,0
26,3,0.668,0,1.0,-1.2255864,0
26,4,0.680,2,-0.05,-1.1305631,0
26,5,0.672,0,1.0,-1.161452,0
26,6,0.670,0,1.0,-1.1421585,0
26,7,0.679,0,1.0,-1.126456,0
26,8,0.698,1,-0.05,-1.1140127,0
26,9,0.694,0,1.0,-1.0921428,0
26,10,0.688,2,-0.05,-1.1563594,0
26,11,0.696,1,-0.05,-1.1132238,0
26,12,0.700,1,-0.05,-1.5579362,0
26,13,0.695,1,-0.05,-1.7739804,0
26,14,0.705,0,1.0,-1.6809921,0
26,15,0.694,2,-0.05,-2.0647836,0
26,16,0.696,0,1.0,-2.494368,0
26,17,0.682,1,-0.05,-2.560645,0
26,18,0.676,0,1.0,-2.601,0
26,19,0.671,1,-0.05,-2.7233288,0
26,20,0.653,0,1.0,-2.7533085,0
26,21,0.637,0,1.0,-2.8580544,0
26,22,0.634,0,1.0,-2.92709,0
26,23,0.623,2,-0.05,-3.0083115,0
26,24,0.618,1,-0.05,-3.12256,0
26,25,0.628,1,-0.05,-3.3691075,0
26,26,0.617,2,-0.05,-3.5606446,0
26,27,0.607,2,-0.05,-3.6670082,0
26,28,0.616,2,-0.05,-3.325911,0
26,29,0.598,1,-0.05,-2.7624643,0
26,30,0.607,2,-0.05,-3.1912098,0
26,31,0.603,2,-0.05,-2.7688885,0
26,32,0.594,2,-0.05,-2.4130983,0
26,33,0.597,0,1.0,-2.2152343,0
26,34,0.585,0,1.0,-1.6311913,0
26,35,0.611,0,1.0,-1.6346089,0
26,36,0.594,2,-0.05,-1.453821,0
26,37,0.594,2,-0.05,-1.4244139,0
26,38,0.600,1,-0.05,-1.4456573,0
26,39,0.601,2,-0.05,-1.3513005,0
26,40,0.598,0,1.0,-1.4504573,0
26,41,0.615,0,1.0,-1.5018582,0
26,42,0.613,1,-0.05,-1.578335,0
26,43,0.626,0,1.0,-1.6470922,0
26,44,0.633,0,1.0,-1.7744136,0
26,45,0.634,0,1.0,-1.8358092,0
26,46,0.657,2,-0.05,-1.8999169,0
26,47,0.672,0,1.0,-1.8926468,0
26,48,0.672,2,-0.05,-1.9574376,0
26,49,0.660,2,-0.05,-2.0142043,0
26,50,0.670,1,-0.05,-1.8705003,0
26,51,0.681,0,1.0,-1.9967992,0
26,52,0.675,0,1.0,-1.7826364,0
26,53,0.690,0,1.0,-1.4498091,0
26,54,0.692,0,1.0,-1.4745307,0
26,55,0.706,2,-0.05,-1.5553281,0
26,56,0.703,0,1.0,-1.5426726,0
26,57,0.699,0,1.0,-1.993562,0
26,58,0.685,1,-0.05,-2.04651,0
26,59,0.691,0,1.0,-2.029437,0
26,60,0.689,0,1.0,-2.0547502,0
26,61,0.686,0,1.0,-2.0766737,0
26,62,0.671,1,-0.05,-1.8415892,0
26,63,0.669,1,-0.05,-1.8587149,0
26,64,0.675,1,-0.05,-2.2287972,0
26,65,0.667,0,1.0,-2.1385894,0
26,66,0.667,0,1.0,-2.1638615,0
26,67,0.684,0,1.0,-2.8282714,0
26,68,0.685,2,-0.05,-2.8019805,0
26,69,0.689,1,-0.05,-2.6956832,0
26,70,0.694,0,1.0,-2.708204,0
26,71,0.697,2,-0.05,-3.1713214,0
26,72,0.690,1,-0.05,-3.233867,0
26,73,0.706,0,1.0,-3.1961133,0
26,74,0.704,0,1.0,-3.5515556,0
26,75,0.672,2,-0.05,-3.7734635,0
26,76,0.656,0,1.0,-3.7761106,0
26,77,0.647,2,-0.05,-4.039039,0
26,78,0.639,2,-0.05,-3.9908042,0
26,79,0.628,1,-0.05,-4.174657,0
26,80,0.620,0,1.0,-3.936966,0
26,81,0.601,1,-0.05,-4.4045815,0
26,82,0.607,1,-0.05,-4.0599437,0
26,83,0.610,1,-0.05,-4.6335382,0
26,84,0.599,0,1.0,-5.5553846,0
26,85,0.552,0,1.0,-4.675838,0
26,86,0.528,1,-0.05,-4.200365,0
26,87,0.526,2,-0.05,-3.6115754,0
26,88,0.508,1,-0.05,-3.9231324,0
26,89,0.505,1,-0.05,-3.5514686,0
26,90,0.492,0,1.0,-2.4517655,0
26,91,0.472,2,-0.05,-3.1469612,0
26,92,0.434,0,1.0,-3.1336389,0
26,93,0.396,2,-0.05,-3.541123,0
26,94,0.385,2,-0.05,-3.4888859,0
26,95,0.387,1,-0.05,-3.4432414,0
26,96,0.365,2,-0.05,-3.4155731,0
26,97,0.370,2,-0.05,-3.484706,0
26,98,0.363,2,-0.05,-3.442792,0
26,99,0.343,0,1.0,-3.7635014,0
26,100,0.308,1,-0.05,-3.5925097,0
26,101,0.312,2,-0.05,-3.315687,0
26,102,0.296,0,1.0,-3.4309497,0
26,103,0.274,2,-0.05,-4.0622234,0
26,104,0.263,1,-0.05,-4.5664163,0
26,105,0.251,2,-0.05,-3.8250208,0
26,106,0.264,2,-0.05,-4.7121677,0
26,107,0.248,2,-0.05,-5.97411,0
26,108,0.252,1,-0.05,-6.2889285,0
26,109,0.257,2,-0.05,-6.1068077,0
26,110,0.245,2,-0.05,-6.1637344,0
26,111,0.242,1,-0.05,-6.065771,0
26,112,0.242,2,-0.05,-6.2160826,0
26,113,0.240,0,1.0,-6.060514,0
26,114,0.231,1,-0.05,-6.378639,0
26,115,0.224,2,-0.05,-6.2770443,0
26,116,0.230,1,-0.05,-5.5454397,0
26,117,0.222,0,1.0,-6.253726,0
26,118,0.210,0,1.0,-5.8768177,0
26,119,0.192,1,-100.0,-5.5995626,0
27,0,0.668,0,1.0,0.0,0
27,1,0.669,0,1.0,-1.7275128,0
27,2,0.659,2,-0.05,-1.7387629,0
27,3,0.659,0,1.0,-1.6921571,0
27,4,0.656,1,-0.05,-1.621842,0
27,5,0.662,2,-0.05,-1.5663072,0
27,6,0.658,0,1.0,-1.1982071,0
27,7,0.669,2,-0.05,-0.7029648,0
27,8,0.663,0,1.0,-0.725791,0
27,9,0.676,2,-0.05,-0.70368963,0
27,10,0.688,2,-0.05,-0.16420865,0
27,11,0.689,2,-0.05,-0.12748545,0
27,12,0.694,0,1.0,-0.42793638,0
27,13,0.682,0,1.0,-0.9776473,0
27,14,0.650,0,1.0,-1.2674227,0
27,15,0.625,1,-0.05,-1.460258,0
27,16,0.628,2,-0.05,-1.5707884,0
27,17,0.620,0,1.0,-2.1682224,0
27,18,0.584,0,1.0,-3.244614,0
27,19,0.553,0,1.0,-3.7015893,0
27,20,0.518,1,-0.05,-4.120006,0
27,21,0.508,1,-0.05,-4.3455224,0
27,22,0.497,0,1.0,-3.643102,0
27,23,0.493,2,-0.05,-2.6021624,0
27,24,0.466,1,-0.05,-2.1848733,0
27,25,0.470,2,-0.05,-2.0458682,0
27,26,0.474,2,-0.05,-2.036396,0
27,27,0.470,2,-0.05,-2.626559,0
27,28,0.461,1,-0.05,-3.6555092,0
27,29,0.449,1,-0.05,-2.7773674,0
27,30,0.443,2,-0.05,-2.3033757,0
27,31,0.442,1,-0.05,-2.6704483,0
27,32,0.429,2,-0.05,-2.4474084,0
27,33,0.438,2,-0.05,-2.7035978,0
27,34,0.423,0,1.0,-3.6794033,0
27,35,0.405,2,-0.05,-4.9639416,0
27,36,0.387,2,-0.05,-5.3515625,0
27,37,0.383,2,-0.05,-5.5088143,0
27,38,0.376,0,1.0,-6.356617,0
27,39,0.356,1,-0.05,-6.190411,0
27,40,0.309,0,1.0,-6.3340607,0
27,41,0.296,1,-0.05,-6.4928308,0
27,42,0.280,2,-0.05,-6.7529507,0
27,43,0.250,0,1.0,-7.6906557,0
27,44,0.230,1,-0.05,-8.416395,0
27,45,0.233,2,-0.05,-8.088663,0
27,46,0.215,2,-0.05,-8.04426,0
27,47,0.212,2,-0.05,-7.164092,0
27,48,0.187,2,-100.0,-7.013912,0
28,0,0.672,0,1.0,0.0,0
28,1,0.669,0,1.0,-1.7116303,0
28,2,0.671,1,-0.05,-1.648496,0
28,3,0.658,1,-0.05,-1.5253525,0
28,4,0.673,1,-0.05,-1.9024212,0
28,5,0.669,0,1.0,-1.8014375,0
28,6,0.657,1,-0.05,-1.9094763,0
28,7,0.658,1,-0.05,-2.4828897,0
28,8,0.655,1,-0.05,-3.1091604,0
28,9,0.655,0,1.0,-3.2507026,0
28,10,0.644,1,-0.05,-3.1503744,0
28,11,0.634,2,-0.05,-2.569052,0
28,12,0.620,0,1.0,-2.9626179,0
28,13,0.612,1,-0.05,-3.4135141,0
28,14,0.607,2,-0.05,-3.5546505,0
28,15,0.602,0,1.0,-3.1930523,0
28,16,0.600,2,-0.05,-2.539388,0
28,17,0.605,1,-0.05,-2.1236765,0
28,18,0.588,2,-0.05,-2.1990678,0
28,19,0.589,0,1.0,-2.11317,0
28,20,0.588,0,1.0,-1.8156753,0
28,21,0.573,1,-0.05,-1.824339,0
28,22,0.572,1,-0.05,-1.8260727,0
28,23,0.581,0,1.0,-1.8130388,0
28,24,0.588,0,1.0,-2.125859,0
28,25,0.571,0,1.0,-2.3932326,0
28,26,0.569,1,-0.05,-2.3614552,0
28,27,0.559,0,1.0,-2.3292875,0
28,28,0.540,0,1.0,-2.402914,0
28,29,0.535,2,-0.05,-2.4646666,0
28,30,0.544,1,-0.05,-2.427414,0
28,31,0.533,2,-0.05,-3.0160875,0
28,32,0.543,1,-0.05,-2.4392042,0
28,33,0.535,0,1.0,-2.9506469,0
28,34,0.529,0,1.0,-3.711522,0
28,35,0.508,2,-0.05,-4.0550504,0
28,36,0.507,1,-0.05,-4.088729,0
28,37,0.508,1,-0.05,-3.8970585,0
28,38,0.491,1,-0.05,-3.2676177,0
28,39,0.495,2,-0.05,-2.9106438,0
28,40,0.484,0,1.0,-3.0868242,0
28,41,0.461,1,-0.05,-3.7939231,0
28,42,0.474,1,-0.05,-4.0918193,0
28,43,0.464,1,-0.05,-3.957776,0
28,44,0.461,0,1.0,-3.3392358,0
28,45,0.436,0,1.0,-3.0220585,0
28,46,0.407,0,1.0,-3.273926,0
28,47,0.386,1,-0.05,-3.324649,0
28,48,0.362,0,1.0,-3.3511333,0
28,49,0.349,2,-0.05,-3.2455997,0
28,50,0.345,2,-0.05,-3.2630782,0
28,51,0.325,2,-0.05,-3.6230092,0
28,52,0.333,1,-0.05,-3.9603546,0
28,53,0.324,0,1.0,-3.8397772,0
28,54,0.309,2,-0.05,-3.3937888,0
28,55,0.308,1,-0.05,-3.430942,0
28,56,0.292,1,-0.05,-3.6438165,0
28,57,0.296,2,-0.05,-3.547975,0
28,58,0.282,1,-0.05,-3.5772882,0
28,59,0.293,2,-0.05,-3.513114,0
28,60,0.285,1,-0.05,-3.5303626,0
28,61,0.274,2,-0.05,-3.7169042,0
28,62,0.267,1,-0.05,-3.5521185,0
28,63,0.256,0,1.0,-3.6804218,0
28,64,0.231,1,-0.05,-4.4234543,0
28,65,0.232,2,-0.05,-4.572935,0
28,66,0.226,1,-0.05,-4.389493,0
28,67,0.219,1,-0.05,-4.5418777,0
28,68,0.213,1,-0.05,-4.951959,0
28,69,0.183,0,-100.0,-4.9444036,0
29,0,0.665,0,1.0,0.0,0
29,1,0.659,0,1.0,-1.8448782,0
29,2,0.652,1,-0.05,-1.8192966,0
29,3,0.668,2,-0.05,-1.8353732,0
29,4,0.663,1,-0.05,-1.8454845,0
29,5,0.665,0,1.0,-1.8319006,0
29,6,0.646,1,-0.05,-2.1116598,0
29,7,0.666,1,-0.05,-2.7014203,0
29,8,0.639,0,1.0,-3.1442325,0
29,9,0.640,1,-0.05,-3.362587,0
29,10,0.627,1,-0.05,-2.9016953,0
29,11,0.638,1,-0.05,-2.3997264,0
29,12,0.619,2,-0.05,-2.3671737,0
29,13,0.615,1,-0.05,-2.3871403,0
29,14,0.610,2,-0.05,-2.3621678,0
29,15,0.602,2,-0.05,-2.3725648,0
29,16,0.596,2,-0.05,-2.7894576,0
29,17,0.615,1,-0.05,-3.2595937,0
29,18,0.605,0,1.0,-2.9931347,0
29,19,0.576,1,-0.05,-2.5535696,0
29,20,0.572,1,-0.05,-2.4879549,0
29,21,0.559,2,-0.05,-2.797373,0
29,22,0.560,0,1.0,-2.6083312,0
29,23,0.530,2,-0.05,-2.509077,0
29,24,0.507,0,1.0,-2.9630592,0
29,25,0.514,2,-0.05,-3.4990287,0
29,26,0.506,0,1.0,-4.0231285,0
29,27,0.503,2,-0.05,-3.4986453,0
29,28,0.497,2,-0.05,-2.5750487,0
29,29,0.483,2,-0.05,-2.117102,0
29,30,0.484,1,-0.05,-1.8573933,0
29,31,0.490,0,1.0,-2.1248589,0
29,32,0.483,0,1.0,-2.3802862,0
29,33,0.478,0,1.0,-2.6046324,0
29,34,0.471,1,-0.05,-2.6341481,0
29,35,0.463,2,-0.05,-2.6198945,0
29,36,0.452,1,-0.05,-2.29362,0
29,37,0.459,2,-0.05,-2.7115784,0
29,38,0.453,0,1.0,-2.5400288,0
29,39,0.451,2,-0.05,-2.2626455,0
29,40,0.449,0,1.0,-1.9771715,0
29,41,0.438,0,1.0,-1.3599672,0
29,42,0.454,2,-0.05,-1.3304648,0
29,43,0.435,1,-0.05,-1.2816689,0
29,44,0.440,2,-0.05,-1.6943433,0
29,45,0.453,0,1.0,-1.161631,0
29,46,0.460,1,-0.05,-0.8770156,0
29,47,0.454,0,1.0,-0.4609908,0
29,48,0.465,2,-0.05,-0.5257286,0
29,49,0.469,1,-0.05,-0.62546444,0
29,50,0.466,2,-0.05,-0.987856,0
29,51,0.479,2,-0.05,-0.79154354,0
29,52,0.472,1,-0.05,-0.08674061,0
29,53,0.489,0,1.0,-0.4097464,0
29,54,0.481,2,-0.05,-1.0421796,0
29,55,0.494,1,-0.05,-1.1513441,0
29,56,0.495,2,-0.05,-1.9530551,0
29,57,0.488,2,-0.05,-1.2231176,0
29,58,0.493,1,-0.05,-1.0693018,0
29,59,0.490,0,1.0,-0.90917724,0
29,60,0.489,0,1.0,-1.88694,0
29,61,0.479,0,1.0,-2.0174923,0
29,62,0.490,2,-0.05,-2.3112292,0
29,63,0.494,1,-0.05,-2.3132892,0
29,64,0.503,1,-0.05,-2.4887393,0
29,65,0.504,1,-0.05,-2.2642937,0
29,66,0.497,0,1.0,-2.367713,0
29,67,0.485,1,-0.05,-3.5054538,0
29,68,0.486,0,1.0,-3.9544694,0
29,69,0.480,1,-0.05,-3.5916648,0
29,70,0.479,1,-0.05,-3.2220683,0
29,71,0.465,0,1.0,-2.91232,0
29,72,0.432,0,1.0,-3.1260872,0
29,73,0.407,1,-0.05,-3.5303552,0
29,74,0.402,0,1.0,-3.535407,0
29,75,0.357,2,-0.05,-3.451857,0
29,76,0.342,0,1.0,-3.5025156,0
29,77,0.336,1,-0.05,-3.5044947,0
29,78,0.309,0,1.0,-3.8556676,0
29,79,0.291,1,-0.05,-3.847566,0
29,80,0.274,0,1.0,-3.8680263,0
29,81,0.264,2,-0.05,-4.454599,0
29,82,0.250,1,-0.05,-4.3262887,0
29,83,0.246,1,-0.05,-4.257103,0
29,84,0.230,0,1.0,-4.7340307,0
29,85,0.185,0,-100.0,-4.516617,0
30,0,0.668,0,1.0,0.0,0
30,1,0.653,0,1.0,-2.0087929,0
30,2,0.669,0,1.0,-1.9800941,0
30,3,0.662,0,1.0,-1.9980385,0
30,4,0.671,2,-0.05,-2.0579445,0
30,5,0.660,1,-0.05,-2.0418081,0
30,6,0.658,2,-0.05,-1.9206271,0
30,7,0.671,0,1.0,-1.97136,0
30,8,0.669,0,1.0,-1.6384006,0
30,9,0.669,0,1.0,-1.4689863,0
30,10,0.675,2,-0.05,-1.4962587,0
30,11,0.680,0,1.0,-1.4650009,0
30,12,0.667,1,-0.05,-1.3749609,0
30,13,0.684,0,1.0,-1.3375716,0
30,14,0.676,2,-0.05,-1.3120453,0
30,15,0.685,1,-0.05,-1.2278035,0
30,16,0.680,2,-0.05,-1.5984764,0
30,17,0.690,0,1.0,-1.5254166,0
30,18,0.701,1,-0.05,-0.78768593,0
30,19,0.693,1,-0.05,-0.6893298,0
30,20,0.703,2,-0.05,-0.7652421,0
30,21,0.698,2,-0.05,-0.72800165,0
30,22,0.704,2,-0.05,-0.71215945,0
30,23,0.709,2,-0.05,-0.098082066,0
30,24,0.703,2,-0.05,-0.17267853,0
30,25,0.705,0,1.0,-0.6019591,0
30,26,0.688,2,-0.05,-1.0707053,0
30,27,0.662,0,1.0,-2.1203027,0
30,28,0.643,2,-0.05,-2.824929,0
30,29,0.637,2,-0.05,-3.9115934,0
30,30,0.624,1,-0.05,-3.8129954,0
30,31,0.623,1,-0.05,-4.1855807,0
30,32,0.620,2,-0.05,-3.2774737,0
30,33,0.598,1,-0.05,-3.8614364,0
30,34,0.592,1,-0.05,-3.4607074,0
30,35,0.588,0,1.0,-2.3346267,0
30,36,0.557,0,1.0,-1.733352,0
30,37,0.535,2,-0.05,-1.6938653,0
30,38,0.539,1,-0.05,-1.7922297,0
30,39,0.527,2,-0.05,-1.5607753,0
30,40,0.534,1,-0.05,-1.7880411,0
30,41,0.511,0,1.0,-1.6516007,0
30,42,0.488,2,-0.05,-1.6762452,0
30,43,0.491,0,1.0,-1.9060907,0
30,44,0.475,2,-0.05,-1.9960315,0
30,45,0.474,2,-0.05,-2.0628068,0
30,46,0.460,0,1.0,-2.1595907,0
30,47,0.431,2,-0.05,-2.0063193,0
30,48,0.443,2,-0.05,-2.0950532,0
30,49,0.448,2,-0.05,-2.5367267,0
30,50,0.442,1,-0.05,-3.7619371,0
30,51,0.418,0,1.0,-2.931377,0
30,52,0.415,2,-0.05,-2.3855557,0
30,53,0.391,0,1.0,-2.3063915,0
30,54,0.367,2,-0.05,-2.841675,0
30,55,0.352,1,-0.05,-2.969333,0
30,56,0.356,2,-0.05,-2.90548,0
30,57,0.350,2,-0.05,-3.257216,0
30,58,0.357,2,-0.05,-2.9268541,0
30,59,0.354,2,-0.05,-2.5325494,0
30,60,0.347,2,-0.05,-3.1388915,0
30,61,0.351,2,-0.05,-4.2214427,0
30,62,0.331,0,1.0,-5.240957,0
30,63,0.302,2,-0.05,-5.6097565,0
30,64,0.305,1,-0.05,-5.629741,0
30,65,0.278,1,-0.05,-5.640892,0
30,66,0.275,1,-0.05,-5.5891514,0
30,67,0.265,0,1.0,-4.6980963,0
30,68,0.240,0,1.0,-4.047381,0
30,69,0.211,2,-0.05,-3.730062,0
30,70,0.210,2,-0.05,-3.8710032,0
30,71,0.201,1,-0.05,-4.171755,0
30,72,0.187,0,-100.0,-3.8596969,0
31,0,0.668,0,1.0,0.0,0
31,1,0.658,0,1.0,-1.994253,0
31,2,0.657,2,-0.05,-1.9537258,0
31,3,0.667,1,-0.05,-1.9707744,0
31,4,0.648,1,-0.05,-2.0061033,0
31,5,0.646,2,-0.05,-2.5007544,0
31,6,0.647,0,1.0,-2.2399,0
31,7,0.643,1,-0.05,-2.0295277,0
31,8,0.637,1,-0.05,-2.1062474,0
31,9,0.640,0,1.0,-1.9859879,0
31,10,0.651,2,-0.05,-2.1377995,0
31,11,0.639,1,-0.05,-2.6629624,0
31,12,0.640,2,-0.05,-2.999629,0
31,13,0.629,0,1.0,-2.72679,0
31,14,0.617,2,-0.05,-2.243362,0
31,15,0.622,0,1.0,-2.0109832,0
31,16,0.612,1,-0.05,-2.0854228,0
31,17,0.629,0,1.0,-1.7917849,0
31,18,0.619,0,1.0,-1.8343403,0
31,19,0.626,0,1.0,-1.855675,0
31,20,0.629,0,1.0,-1.7949986,0
31,21,0.619,1,-0.05,-1.9117603,0
31,22,0.618,0,1.0,-1.7587674,0
31,23,0.640,2,-0.05,-1.7118762,0
31,24,0.635,1,-0.05,-1.7234948,0
31,25,0.631,0,1.0,-2.0037382,0
31,26,0.638,2,-0.05,-1.9745052,0
31,27,0.637,1,-0.05,-2.1253872,0
31,28,0.623,0,1.0,-2.3819106,0
31,29,0.609,2,-0.05,-2.6865475,0
31,30,0.617,1,-0.05,-3.2419603,0
31,31,0.620,1,-0.05,-3.2781546,0
31,32,0.611,2,-0.05,-2.7641897,0
31,33,0.607,1,-0.05,-3.0561442,0
31,34,0.616,1,-0.05,-2.7756267,0
31,35,0.603,0,1.0,-2.205346,0
31,36,0.568,0,1.0,-2.2652514,0
31,37,0.565,1,-0.05,-2.667271,0
31,38,0.538,1,-0.05,-2.7241945,0
31,39,0.523,0,1.0,-2.8464684,0
31,40,0.502,0,1.0,-3.1778734,0
31,41,0.475,1,-0.05,-3.5754676,0
31,42,0.466,1,-0.05,-3.625371,0
31,43,0.441,0,1.0,-3.5530117,0
31,44,0.436,1,-0.05,-3.49189,0
31,45,0.418,1,-0.05,-4.0420737,0
31,46,0.419,1,-0.05,-4.696949,0
31,47,0.409,1,-0.05,-5.9723463,0
31,48,0.401,2,-0.05,-6.904946,0
31,49,0.395,1,-0.05,-6.4026694,0
31,50,0.366,2,-0.05,-6.905341,0
31,51,0.372,1,-0.05,-6.577733,0
31,52,0.369,2,-0.05,-6.9293113,0
31,53,0.342,0,1.0,-6.559178,0
31,54,0.323,2,-0.05,-5.5900545,0
31,55,0.294,0,1.0,-4.7843485,0
31,56,0.273,1,-0.05,-4.6201053,0
31,57,0.265,1,-0.05,-4.7061377,0
31,58,0.252,1,-0.05,-4.7537084,0
31,59,0.247,2,-0.05,-5.4268894,0
31,60,0.251,1,-0.05,-5.057535,0
31,61,0.239,1,-0.05,-5.383635,0
31,62,0.231,1,-0.05,-5.6168756,0
31,63,0.221,1,-0.05,-6.0542774,0
31,64,0.209,2,-0.05,-6.4911118,0
31,65,0.203,1,-0.05,-5.805329,0
31,66,0.197,1,-100.0,-6.357481,0
32,0,0.672,0,1.0,0.0,0
32,1,0.660,0,1.0,-2.1690247,0
32,2,0.669,2,-0.05,-2.0604448,0
32,3,0.661,0,1.0,-2.0636892,0
32,4,0.652,0,1.0,-2.028244,0
32,5,0.652,0,1.0,-2.0318096,0
32,6,0.649,0,1.0,-1.9848673,0
32,7,0.653,0,1.0,-2.0106072,0
32,8,0.631,1,-0.05,-1.9650263,0
32,9,0.645,0,1.0,-1.9963295,0
32,10,0.652,1,-0.05,-1.9815478,0
32,11,0.654,1,-0.05,-1.9811893,0
32,12,0.638,0,1.0,-1.9082425,0
32,13,0.640,0,1.0,-2.0096514,0
32,14,0.639,0,1.0,-2.1374197,0
32,15,0.627,0,1.0,-2.1317232,0
32,16,0.607,0,1.0,-2.1006322,0
32,17,0.597,0,1.0,-2.222751,0
32,18,0.578,0,1.0,-2.2270784,0
32,19,0.593,1,-0.05,-2.3231556,0
32,20,0.583,2,-0.05,-2.403386,0
32,21,0.579,2,-0.05,-2.1318667,0
32,22,0.583,2,-0.05,-2.246543,0
32,23,0.568,0,1.0,-1.6480842,0
32,24,0.598,1,-0.05,-1.5074515,0
32,25,0.580,0,1.0,-1.5138457,0
32,26,0.598,0,1.0,-1.4319599,0
32,27,0.612,0,1.0,-1.4451575,0
32,28,0.613,0,1.0,-1.3918083,0
32,29,0.609,2,-0.05,-1.4416075,0
32,30,0.626,0,1.0,-1.5133173,0
32,31,0.631,1,-0.05,-1.5998456,0
32,32,0.631,1,-0.05,-1.443578,0
32,33,0.642,0,1.0,-1.4836512,0
32,34,0.653,0,1.0,-1.5104609,0
32,35,0.634,0,1.0,-1.9955715,0
32,36,0.646,1,-0.05,-2.0562582,0
32,37,0.649,1,-0.05,-2.0109186,0
32,38,0.635,2,-0.05,-2.341591,0
32,39,0.638,0,1.0,-2.1198256,0
32,40,0.649,0,1.0,-1.4443637,0
32,41,0.657,0,1.0,-1.3591502,0
32,42,0.652,0,1.0,-1.3779752,0
32,43,0.649,1,-0.05,-1.8877261,0
32,44,0.659,1,-0.05,-1.9149116,0
32,45,0.651,2,-0.05,-1.9097025,0
32,46,0.655,2,-0.05,-1.9298646,0
32,47,0.664,2,-0.05,-1.5728836,0
32,48,0.668,1,-0.05,-1.4968642,0
32,49,0.666,2,-0.05,-1.7317832,0
32,50,0.662,2,-0.05,-1.5063007,0
32,51,0.669,0,1.0,-0.9336619,0
32,52,0.687,0,1.0,0.025381505,0
32,53,0.711,1,-0.05,0.04460448,0
32,54,0.703,2,-0.05,-0.068784416,0
32,55,0.708,1,-0.05,0.0832454,0
32,56,0.685,0,1.0,-0.088434875,0
32,57,0.674,0,1.0,-1.0218328,0
32,58,0.654,0,1.0,-1.6019735,0
32,59,0.642,1,-0.05,-1.2477736,0
32,60,0.630,2,-0.05,-1.333602,0
32,61,0.632,0,1.0,-1.3599701,0
32,62,0.608,0,1.0,-0.63597643,0
32,63,0.594,2,-0.05,-0.67995805,0
32,64,0.590,2,-0.05,-0.69363534,0
32,65,0.593,0,1.0,-0.65497893,0
32,66,0.570,1,-0.05,-0.3515249,0
32,67,0.559,2,-0.05,-0.44933444,0
32,68,0.543,2,-0.05,-1.6833603,0
32,69,0.547,1,-0.05,-2.8841448,0
32,70,0.541,1,-0.05,-1.8995503,0
32,71,0.520,2,-0.05,-0.5316118,0
32,72,0.529,2,-0.05,-1.1539979,0
32,73,0.506,0,1.0,-2.8854961,0
32,74,0.491,1,-0.05,-4.14295,0
32,75,0.487,2,-0.05,-4.651811,0
32,76,0.475,1,-0.05,-4.996471,0
32,77,0.476,2,-0.05,-4.831558,0
32,78,0.441,0,1.0,-5.027767,0
32,79,0.420,1,-0.05,-5.393164,0
32,80,0.388,0,1.0,-5.967833,0
32,81,0.368,2,-0.05,-6.2019763,0
32,82,0.357,2,-0.05,-6.3558145,0
32,83,0.342,1,-0.05,-6.261797,0
32,84,0.313,0,1.0,-6.383868,0
32,85,0.295,1,-0.05,-6.4410286,0
32,86,0.286,0,1.0,-5.900434,0
32,87,0.258,1,-0.05,-6.1733418,0
32,88,0.231,0,1.0,-5.6608944,0
32,89,0.212,2,-0.05,-4.602398,0
32,90,0.201,0,1.0,-3.9801588,0
32,91,0.166,2,-100.0,-4.03956,0
33,0,0.668,0,1.0,0.0,0
33,1,0.660,2,-0.05,-2.0494347,0
33,2,0.671,1,-0.05,-2.0760086,0
33,3,0.667,0,1.0,-2.1815963,0
33,4,0.663,2,-0.05,-1.960176,0
33,5,0.653,0,1.0,-1.964821,0
33,6,0.645,0,1.0,-1.9367061,0
33,7,0.643,0,1.0,-2.0510638,0
33,8,0.641,2,-0.05,-2.065661,0
33,9,0.626,1,-0.05,-2.1046064,0
33,10,0.640,1,-0.05,-2.4160933,0
33,11,0.638,2,-0.05,-2.6127741,0
33,12,0.627,0,1.0,-2.5288742,0
33,13,0.619,1,-0.05,-2.0473876,0
33,14,0.624,0,1.0,-1.9252286,0
33,15,0.611,1,-0.05,-1.8851728,0
33,16,0.609,0,1.0,-1.8534753,0
33,17,0.605,0,1.0,-1.8395078,0
33,18,0.605,2,-0.05,-1.8579531,0
33,19,0.608,2,-0.05,-1.814646,0
33,20,0.610,1,-0.05,-1.7230165,0
33,21,0.593,0,1.0,-1.8706831,0
33,22,0.602,2,-0.05,-2.0712621,0
33,23,0.607,1,-0.05,-2.599709,0
33,24,0.608,1,-0.05,-2.7760575,0
33,25,0.602,2,-0.05,-3.4069335,0
33,26,0.586,1,-0.05,-3.1693754,0
33,27,0.588,0,1.0,-3.4251728,0
33,28,0.580,1,-0.05,-2.911848,0
33,29,0.572,1,-0.05,-2.3666759,0
33,30,0.570,0,1.0,-2.150014,0
33,31,0.543,2,-0.05,-2.5701313,0
33,32,0.539,2,-0.05,-2.791809,0
33,33,0.518,0,1.0,-2.6424193,0
33,34,0.509,2,-0.05,-2.2161353,0
33,35,0.501,1,-0.05,-2.5189233,0
33,36,0.481,0,1.0,-2.4228568,0
33,37,0.464,1,-0.05,-2.65306,0
33,38,0.450,0,1.0,-2.8010063,0
33,39,0.417,0,1.0,-3.1978745,0
33,40,0.395,2,-0.05,-3.4606366,0
33,41,0.373,2,-0.05,-3.49821,0
33,42,0.376,0,1.0,-3.3432474,0
33,43,0.337,1,-0.05,-2.9613085,0
33,44,0.324,0,1.0,-2.8466916,0
33,45,0.294,0,1.0,-2.9984546,0
33,46,0.290,2,-0.05,-3.0787597,0
33,47,0.282,1,-0.05,-3.1632957,0
33,48,0.263,0,1.0,-3.283654,0
33,49,0.245,2,-0.05,-3.5588777,0
33,50,0.215,0,1.0,-3.4627807,0
33,51,0.204,1,-0.05,-3.559649,0
33,52,0.186,1,-100.0,-3.667569,0
34,0,0.672,0,1.0,0.0,0
34,1,0.671,1,-0.05,-2.143265,0
34,2,0.660,2,-0.05,-1.9861556,0
34,3,0.672,0,1.0,-2.1263304,0
34,4,0.653,1,-0.05,-1.7573862,0
34,5,0.654,2,-0.05,-1.2803237,0
34,6,0.658,1,-0.05,-0.94710416,0
34,7,0.664,1,-0.05,-1.0140035,0
34,8,0.665,0,1.0,-1.6336982,0
34,9,0.660,0,1.0,-2.1592155,0
34,10,0.669,1,-0.05,-1.974473,0
34,11,0.668,0,1.0,-1.9640534,0
34,12,0.661,2,-0.05,-1.9919294,0
34,13,0.663,0,1.0,-1.998738,0
34,14,0.653,1,-0.05,-2.0294423,0
34,15,0.657,1,-0.05,-1.9666209,0
34,16,0.654,2,-0.05,-1.9364703,0
34,17,0.664,2,-0.05,-1.9513125,0
34,18,0.631,0,1.0,-1.9982879,0
34,19,0.664,1,-0.05,-1.6829422,0
34,20,0.661,2,-0.05,-1.2849122,0
34,21,0.648,0,1.0,-0.88551813,0
34,22,0.665,0,1.0,-0.96553904,0
34,23,0.676,0,1.0,-0.97953653,0
34,24,0.697,1,-0.05,-0.9975405,0
34,25,0.703,2,-0.05,-1.032388,0
34,26,0.698,1,-0.05,-0.6742589,0
34,27,0.696,1,-0.05,-0.9283586,0
34,28,0.709,0,1.0,-0.7260774,0
34,29,0.697,0,1.0,-1.1755776,0
34,30,0.702,0,1.0,-1.318122,0
34,31,0.691,1,-0.05,-1.3433845,0
34,32,0.687,2,-0.05,-1.6413026,0
34,33,0.685,2,-0.05,-1.2127542,0
34,34,0.680,2,-0.05,-0.89503604,0
34,35,0.683,2,-0.05,-0.8530326,0
34,36,0.677,0,1.0,-0.38198787,0
34,37,0.676,1,-0.05,-0.31151175,0
34,38,0.650,0,1.0,-0.67334086,0
34,39,0.629,0,1.0,-0.64802617,0
34,40,0.608,0,1.0,-0.77018386,0
34,41,0.582,2,-0.05,-0.9272906,0
34,42,0.568,0,1.0,-0.9815627,0
34,43,0.556,2,-0.05,-1.0010374,0
34,44,0.524,0,1.0,-1.1685437,0
34,45,0.500,0,1.0,-1.2771227,0
34,46,0.474,0,1.0,-1.3907118,0
34,47,0.453,1,-0.05,-1.4903286,0
34,48,0.444,0,1.0,-1.6894488,0
34,49,0.420,1,-0.05,-1.7606492,0
34,50,0.411,2,-0.05,-1.939879,0
34,51,0.416,2,-0.05,-2.2336497,0
34,52,0.411,2,-0.05,-2.9754567,0
34,53,0.401,0,1.0,-3.6149504,0
34,54,0.352,0,1.0,-5.09035,0
34,55,0.334,2,-0.05,-5.457974,0
34,56,0.330,2,-0.05,-5.33084,0
34,57,0.332,2,-0.05,-5.8008547,0
34,58,0.288,0,1.0,-5.918129,0
34,59,0.274,0,1.0,-5.9002223,0
34,60,0.236,2,-0.05,-7.107871,0
34,61,0.229,2,-0.05,-7.3301234,0
34,62,0.207,0,1.0,-6.8929996,0
34,63,0.177,2,-100.0,-7.730745,0
35,0,0.672,0,1.0,0.0,0
35,1,0.669,0,1.0,-1.8198698,0
35,2,0.658,0,1.0,-1.8061243,0
35,3,0.669,1,-0.05,-1.7594173,0
35,4,0.669,2,-0.05,-1.7825687,0
35,5,0.657,2,-0.05,-1.377201,0
35,6,0.660,2,-0.05,-0.8029661,0
35,7,0.668,0,1.0,-0.7965266,0
35,8,0.684,0,1.0,-0.8149826,0
35,9,0.699,2,-0.05,-0.6447403,0
35,10,0.704,0,1.0,-0.78798985,0
35,11,0.691,0,1.0,-0.8682529,0
35,12,0.695,2,-0.05,-0.89384276,0
35,13,0.671,1,-0.05,-1.0398585,0
35,14,0.659,2,-0.05,-1.2345419,0
35,15,0.661,0,1.0,-1.1391597,0
35,16,0.000,0,1.0,-0.61117524,0
35,17,0.652,2,-0.05,-0.068356946,0
35,18,0.633,0,1.0,-0.56831336,0
35,19,0.616,1,-0.05,-0.6838634,0
35,20,0.618,2,-0.05,-0.7755025,0
35,21,0.595,0,1.0,-0.740277,0
35,22,0.587,0,1.0,-1.3695995,0
35,23,0.551,1,-0.05,-1.5283289,0
35,24,0.539,0,1.0,-1.6547141,0
35,25,0.520,1,-0.05,-1.75464,0
35,26,0.514,0,1.0,-2.0757585,0
35,27,0.492,2,-0.05,-2.175352,0
35,28,0.481,2,-0.05,-2.2405372,0
35,29,0.481,2,-0.05,-2.6602378,0
35,30,0.471,2,-0.05,-3.124774,0
35,31,0.462,1,-0.05,-4.769593,0
35,32,0.473,2,-0.05,-4.0329313,0
35,33,0.455,1,-0.05,-4.6660705,0
35,34,0.440,1,-0.05,-4.1414404,0
35,35,0.444,2,-0.05,-2.9259691,0
35,36,0.433,0,1.0,-3.2988224,0
35,37,0.414,2,-0.05,-4.766673,0
35,38,0.404,2,-0.05,-5.35207,0
35,39,0.391,1,-0.05,-5.6300216,0
35,40,0.392,2,-0.05,-5.5167823,0
35,41,0.378,1,-0.05,-5.5944595,0
35,42,0.374,1,-0.05,-5.5754194,0
35,43,0.373,2,-0.05,-5.163337,0
35,44,0.356,1,-0.05,-5.349791,0
35,45,0.360,2,-0.05,-5.2896957,0
35,46,0.349,1,-0.05,-5.412533,0
35,47,0.334,1,-0.05,-5.0023584,0
35,48,0.338,2,-0.05,-4.133766,0
35,49,0.330,1,-0.05,-4.6965566,0
35,50,0.306,2,-0.05,-4.2294235,0
35,51,0.306,2,-0.05,-4.7633033,0
35,52,0.302,0,1.0,-5.597312,0
35,53,0.281,2,-0.05,-5.6970415,0
35,54,0.252,1,-0.05,-7.306522,0
35,55,0.266,2,-0.05,-6.0985594,0
35,56,0.248,0,1.0,-7.617428,0
35,57,0.225,2,-0.05,-6.9433055,0
35,58,0.216,1,-0.05,-7.5832553,0
35,59,0.206,2,-0.05,-7.493914,0
35,60,0.195,2,-100.0,-8.245704,0
36,0,0.672,0,1.0,0.0,0
36,1,0.660,0,1.0,-1.7504585,0
36,2,0.662,0,1.0,-1.7117192,0
36,3,0.667,1,-0.05,-1.7069418,0
36,4,0.675,2,-0.05,-1.6681452,0
36,5,0.664,0,1.0,-1.2065613,0
36,6,0.671,2,-0.05,-0.64008427,0
36,7,0.674,2,-0.05,-0.70357573,0
36,8,0.669,2,-0.05,-0.76752204,0
36,9,0.676,0,1.0,-0.18428409,0
36,10,0.703,0,1.0,-0.21365291,0
36,11,0.689,2,-0.05,-0.34336847,0
36,12,0.688,2,-0.05,-0.3404314,0
36,13,0.684,1,-0.05,-0.5507979,0
36,14,0.673,1,-0.05,-0.3456874,0
36,15,0.674,2,-0.05,-0.30937135,0
36,16,0.684,2,-0.05,-0.3344605,0
36,17,0.678,1,-0.05,-0.5334013,0
36,18,0.656,1,-0.05,-0.36620814,0
36,19,0.661,2,-0.05,-0.41244882,0
36,20,0.654,1,-0.05,-0.3888964,0
36,21,0.635,0,1.0,-0.6382774,0
36,22,0.625,0,1.0,-1.2542412,0
36,23,0.623,1,-0.05,-1.4094877,0
36,24,0.607,1,-0.05,-1.4808347,0
36,25,0.605,0,1.0,-1.3420243,0
36,26,0.605,2,-0.05,-0.7805291,0
36,27,0.605,2,-0.05,-1.3789289,0
36,28,0.602,0,1.0,-0.8080129,0
36,29,0.605,0,1.0,-1.2064786,0
36,30,0.569,0,1.0,-1.379571,0
36,31,0.580,0,1.0,-1.4504833,0
36,32,0.556,0,1.0,-1.5544479,0
36,33,0.555,1,-0.05,-1.6063963,0
36,34,0.547,0,1.0,-1.7165974,0
36,35,0.529,0,1.0,-1.705951,0
36,36,0.529,1,-0.05,-1.7159766,0
36,37,0.528,2,-0.05,-1.7785457,0
36,38,0.530,2,-0.05,-1.7546911,0
36,39,0.521,1,-0.05,-2.0630994,0
36,40,0.508,2,-0.05,-2.3297393,0
36,41,0.523,2,-0.05,-2.1298654,0
36,42,0.524,1,-0.05,-1.7287228,0
36,43,0.519,2,-0.05,-1.9986401,0
36,44,0.501,0,1.0,-1.7599037,0
36,45,0.505,2,-0.05,-1.5934842,0
36,46,0.486,1,-0.05,-2.0168297,0
36,47,0.497,1,-0.05,-1.798933,0
36,48,0.476,1,-0.05,-1.9495609,0
36,49,0.490,2,-0.05,-2.3101025,0
36,50,0.471,1,-0.05,-2.1847522,0
36,51,0.467,0,1.0,-2.3981082,0
36,52,0.448,0,1.0,-2.6269073,0
36,53,0.426,0,1.0,-2.2832642,0
36,54,0.426,2,-0.05,-2.3874671,0
36,55,0.426,2,-0.05,-2.2764733,0
36,56,0.422,2,-0.05,-2.772275,0
36,57,0.422,1,-0.05,-2.6991434,0
36,58,0.407,0,1.0,-2.7351973,0
36,59,0.386,1,-0.05,-2.4303284,0
36,60,0.397,1,-0.05,-2.574824,0
36,61,0.396,2,-0.05,-2.8991988,0
36,62,0.397,0,1.0,-2.2046804,0
36,63,0.393,2,-0.05,-2.5183263,0
36,64,0.382,1,-0.05,-2.9352155,0
36,65,0.380,0,1.0,-2.8063352,0
36,66,0.373,0,1.0,-2.8075464,0
36,67,0.353,0,1.0,-2.5005465,0
36,68,0.343,1,-0.05,-2.684457,0
36,69,0.339,0,1.0,-2.8449204,0
36,70,0.342,1,-0.05,-2.9965138,0
36,71,0.334,0,1.0,-3.261861,0
36,72,0.334,2,-0.05,-3.3397987,0
36,73,0.327,2,-0.05,-3.4404867,0
36,74,0.316,0,1.0,-3.05818,0
36,75,0.316,2,-0.05,-3.0279844,0
36,76,0.296,0,1.0,-3.4172165,0
36,77,0.279,0,1.0,-3.3133512,0
36,78,0.257,2,-0.05,-3.68862,0
36,79,0.272,1,-0.05,-3.9220855,0
36,80,0.255,2,-0.05,-3.6343808,0
36,81,0.244,0,1.0,-3.9714534,0
36,82,0.219,0,1.0,-3.836968,0
36,83,0.205,1,-0.05,-4.048691,0
36,84,0.200,2,-100.0,-4.3453627,0
37,0,0.666,0,1.0,0.0,0
37,1,0.671,2,-0.05,-1.7188702,0
37,2,0.665,1,-0.05,-1.640971,0
37,3,0.675,0,1.0,-1.9974582,0
37,4,0.649,0,1.0,-1.7532434,0
37,5,0.657,0,1.0,-1.723593,0
37,6,0.655,0,1.0,-1.7520107,0
37,7,0.653,2,-0.05,-1.7593923,0
37,8,0.639,0,1.0,-1.7845485,0
37,9,0.635,1,-0.05,-1.7058845,0
37,10,0.652,2,-0.05,-1.7442124,0
37,11,0.634,2,-0.05,-1.7826183,0
37,12,0.637,1,-0.05,-1.8067806,0
37,13,0.632,1,-0.05,-1.717191,0
37,14,0.627,0,1.0,-1.8169823,0
37,15,0.621,0,1.0,-2.2634296,0
37,16,0.621,1,-0.05,-2.4346457,0
37,17,0.625,1,-0.05,-2.4837248,0
37,18,0.630,2,-0.05,-2.495943,0
37,19,0.609,0,1.0,-2.6721358,0
37,20,0.591,1,-0.05,-2.2262228,0
37,21,0.608,1,-0.05,-2.2386022,0
37,22,0.598,1,-0.05,-2.2254865,0
37,23,0.609,0,1.0,-2.630889,0
37,24,0.567,0,1.0,-2.869944,0
37,25,0.567,2,-0.05,-3.120114,0
37,26,0.563,0,1.0,-3.2128277,0
37,27,0.550,0,1.0,-3.2958202,0
37,28,0.543,2,-0.05,-3.4351575,0
37,29,0.518,1,-0.05,-3.5443857,0
37,30,0.525,1,-0.05,-3.4120686,0
37,31,0.529,1,-0.05,-2.8975208,0
37,32,0.524,2,-0.05,-2.51759,0
37,33,0.513,2,-0.05,-2.6140954,0
37,34,0.512,2,-0.05,-3.24641,0
37,35,0.492,0,1.0,-3.840003,0
37,36,0.504,2,-0.05,-3.2895367,0
37,37,0.494,1,-0.05,-2.701981,0
37,38,0.483,1,-0.05,-3.150382,0
37,39,0.496,0,1.0,-3.8194304,0
37,40,0.478,1,-0.05,-3.539973,0
37,41,0.470,0,1.0,-2.9103513,0
37,42,0.456,2,-0.05,-2.730125,0
37,43,0.434,0,1.0,-2.8265486,0
37,44,0.425,1,-0.05,-2.8460732,0
37,45,0.429,1,-0.05,-2.90373,0
37,46,0.406,1,-0.05,-3.2045531,0
37,47,0.402,0,1.0,-3.6546063,0
37,48,0.386,2,-0.05,-3.9169078,0
37,49,0.372,1,-0.05,-3.8951573,0
37,50,0.367,2,-0.05,-4.398438,0
37,51,0.361,1,-0.05,-4.568096,0
37,52,0.346,0,1.0,-4.446514,0
37,53,0.320,1,-0.05,-4.907544,0
37,54,0.304,0,1.0,-6.2816505,0
37,55,0.271,1,-0.05,-7.0655994,0
37,56,0.266,1,-0.05,-7.6326222,0
37,57,0.246,1,-0.05,-8.223125,0
37,58,0.260,2,-0.05,-8.253023,0
37,59,0.243,1,-0.05,-8.240956,0
37,60,0.220,0,1.0,-8.097213,0
37,61,0.195,2,-100.0,-8.262853,0
38,0,0.661,0,1.0,0.0,0
38,1,0.659,2,-0.05,-1.8960901,0
38,2,0.660,0,1.0,-1.5453336,0
38,3,0.679,0,1.0,-1.0857921,0
38,4,0.669,1,-0.05,-1.0555584,0
38,5,0.682,0,1.0,-1.0501814,0
38,6,0.677,2,-0.05,-0.99057066,0
38,7,0.687,0,1.0,-1.04881,0
38,8,0.691,1,-0.05,-1.2033873,0
38,9,0.697,2,-0.05,-1.1129167,0
38,10,0.688,1,-0.05,-0.7457627,0
38,11,0.691,2,-0.05,-0.8147652,0
38,12,0.690,1,-0.05,-0.7056098,0
38,13,0.702,0,1.0,-0.79361856,0
38,14,0.705,1,-0.05,-1.6159549,0
38,15,0.700,0,1.0,-2.0346038,0
38,16,0.696,0,1.0,-1.8287812,0
38,17,0.692,0,1.0,-1.7858412,0
38,18,0.701,0,1.0,-1.7979845,0
38,19,0.685,0,1.0,-1.7686181,0
38,20,0.679,1,-0.05,-1.7413318,0
38,21,0.676,2,-0.05,-1.8078735,0
38,22,0.671,0,1.0,-1.8775887,0
38,23,0.668,0,1.0,-1.9313015,0
38,24,0.660,2,-0.05,-1.7758775,0
38,25,0.682,1,-0.05,-1.8408448,0
38,26,0.680,2,-0.05,-1.9469228,0
38,27,0.688,1,-0.05,-1.8585486,0
38,28,0.682,0,1.0,-1.9651623,0
38,29,0.663,1,-0.05,-2.0780118,0
38,30,0.674,2,-0.05,-2.2595098,0
38,31,0.661,0,1.0,-2.035648,0
38,32,0.672,0,1.0,-1.903399,0
38,33,0.661,0,1.0,-1.8653634,0
38,34,0.660,0,1.0,-1.9143941,0
38,35,0.657,0,1.0,-2.1518972,0
38,36,0.658,0,1.0,-2.2476354,0
38,37,0.658,0,1.0,-2.258131,0
38,38,0.660,1,-0.05,-2.242477,0
38,39,0.651,0,1.0,-2.2816088,0
38,40,0.656,1,-0.05,-2.4137146,0
38,41,0.644,1,-0.05,-2.459057,0
38,42,0.656,0,1.0,-2.3762407,0
38,43,0.641,0,1.0,-2.2169852,0
38,44,0.634,0,1.0,-2.095855,0
38,45,0.640,2,-0.05,-2.1450746,0
38,46,0.625,2,-0.05,-2.141624,0
38,47,0.622,0,1.0,-2.224147,0
38,48,0.627,0,1.0,-2.7476943,0
38,49,0.627,2,-0.05,-2.7496166,0
38,50,0.615,0,1.0,-2.7153306,0
38,51,0.611,0,1.0,-2.6620772,0
38,52,0.617,0,1.0,-2.4582515,0
38,53,0.619,0,1.0,-2.5250993,0
38,54,0.607,0,1.0,-2.5315382,0
38,55,0.606,1,-0.05,-2.1999044,0
38,56,0.613,1,-0.05,-2.1994576,0
38,57,0.606,2,-0.05,-2.4557164,0
38,58,0.610,0,1.0,-2.2032843,0
38,59,0.608,0,1.0,-2.4031138,0
38,60,0.612,1,-0.05,-2.4845028,0
38,61,0.606,0,1.0,-1.8061479,0
38,62,0.626,1,-0.05,-1.8076249,0
38,63,0.617,0,1.0,-1.841361,0
38,64,0.632,0,1.0,-2.0634499,0
38,65,0.635,0,1.0,-2.254709,0
38,66,0.616,2,-0.05,-1.6370542,0
38,67,0.625,2,-0.05,-1.6961067,0
38,68,0.630,1,-0.05,-1.7117875,0
38,69,0.628,2,-0.05,-1.6635485,0
38,70,0.631,0,1.0,-1.65524,0
38,71,0.635,2,-0.05,-2.3333378,0
38,72,0.637,2,-0.05,-1.876741,0
38,73,0.637,1,-0.05,-1.0904105,0
38,74,0.648,1,-0.05,-1.7335327,0
38,75,0.656,1,-0.05,-1.2447064,0
38,76,0.656,0,1.0,-1.0005552,0
38,77,0.664,0,1.0,-1.4426054,0
38,78,0.659,1,-0.05,-1.7145121,0
38,79,0.660,0,1.0,-2.326726,0
38,80,0.677,1,-0.05,-2.478923,0
38,81,0.670,0,1.0,-3.8729897,0
38,82,0.677,2,-0.05,-4.2591586,0
38,83,0.669,0,1.0,-3.4938946,0
38,84,0.667,0,1.0,-3.59559,0
38,85,0.680,2,-0.05,-4.102457,0
38,86,0.676,0,1.0,-4.4396176,0
38,87,0.676,2,-0.05,-4.505046,0
38,88,0.684,0,1.0,-5.4886346,0
38,89,0.657,2,-0.05,-5.2590594,0
38,90,0.665,1,-0.05,-4.374172,0
38,91,0.676,0,1.0,-5.258002,0
38,92,0.687,2,-0.05,-5.8887873,0
38,93,0.677,0,1.0,-6.4980497,0
38,94,0.675,0,1.0,-6.6276054,0
38,95,0.683,2,-0.05,-6.788125,0
38,96,0.667,1,-0.05,-6.867815,0
38,97,0.674,1,-0.05,-6.4900947,0
38,98,0.670,1,-0.05,-6.0232472,0
38,99,0.676,2,-0.05,-5.2692037,0
38,100,0.669,0,1.0,-5.760192,0
38,101,0.654,1,-0.05,-6.161873,0
38,102,0.662,2,-0.05,-6.636099,0
38,103,0.671,1,-0.05,-6.815504,0
38,104,0.679,1,-0.05,-6.667551,0
38,105,0.667,2,-0.05,-5.930943,0
38,106,0.682,1,-0.05,-6.4674144,0
38,107,0.653,1,-0.05,-5.8940496,0
38,108,0.661,0,1.0,-5.2485533,0
38,109,0.662,0,1.0,-4.188731,0
38,110,0.641,0,1.0,-4.1330414,0
38,111,0.632,2,-0.05,-4.110667,0
38,112,0.608,0,1.0,-4.1593285,0
38,113,0.604,2,-0.05,-4.1908865,0
38,114,0.602,1,-0.05,-4.226801,0
38,115,0.602,1,-0.05,-4.054123,0
38,116,0.588,0,1.0,-3.6745126,0
38,117,0.587,1,-0.05,-3.5076628,0
38,118,0.578,2,-0.05,-3.516037,0
38,119,0.570,2,-0.05,-3.5963278,0
38,120,0.564,1,-0.05,-3.7062492,0
38,121,0.564,2,-0.05,-3.7623186,0
38,122,0.564,1,-0.05,-3.7527616,0
38,123,0.545,0,1.0,-3.8120313,0
38,124,0.527,2,-0.05,-3.819666,0
38,125,0.530,2,-0.05,-4.002327,0
38,126,0.513,0,1.0,-3.9883523,0
38,127,0.485,0,1.0,-3.855743,0
38,128,0.448,0,1.0,-3.9136078,0
38,129,0.403,1,-0.05,-3.923311,0
38,130,0.411,1,-0.05,-3.953033,0
38,131,0.400,1,-0.05,-4.085854,0
38,132,0.382,1,-0.05,-3.9922864,0
38,133,0.374,1,-0.05,-4.44771,0
38,134,0.370,1,-0.05,-4.7296877,0
38,135,0.360,1,-0.05,-4.66351,0
38,136,0.354,2,-0.05,-4.585232,0
38,137,0.342,1,-0.05,-4.5713973,0
38,138,0.344,2,-0.05,-4.5571103,0
38,139,0.343,1,-0.05,-4.5723057,0
38,140,0.304,0,1.0,-4.4907446,0
38,141,0.288,1,-0.05,-4.4706516,0
38,142,0.269,2,-0.05,-4.354376,0
38,143,0.273,1,-0.05,-4.3310556,0
38,144,0.254,1,-0.05,-4.19336,0
38,145,0.247,0,1.0,-4.2824974,0
38,146,0.218,2,-0.05,-4.253087,0
38,147,0.214,0,1.0,-4.5228577,0
38,148,0.196,2,-100.0,-4.4346657,0
39,0,0.668,0,1.0,0.0,0
39,1,0.669,0,1.0,-2.1648252,0
39,2,0.659,2,-0.05,-2.1861186,0
39,3,0.674,1,-0.05,-2.1543894,0
39,4,0.658,2,-0.05,-2.03226,0
39,5,0.670,1,-0.05,-2.2185743,0
39,6,0.662,1,-0.05,-2.0604138,0
39,7,0.676,0,1.0,-1.9070566,0
39,8,0.667,0,1.0,-2.342688,0
39,9,0.638,0,1.0,-2.4621387,0
39,10,0.629,0,1.0,-2.5558646,0
39,11,0.628,1,-0.05,-2.6579843,0
39,12,0.630,1,-0.05,-2.691663,0
39,13,0.620,2,-0.05,-2.7201502,0
39,14,0.623,2,-0.05,-2.7048173,0
39,15,0.613,2,-0.05,-2.3723793,0
39,16,0.618,1,-0.05,-2.0510194,0
39,17,0.621,1,-0.05,-2.1884773,0
39,18,0.608,1,-0.05,-2.5095718,0
39,19,0.609,0,1.0,-2.6312861,0
39,20,0.592,0,1.0,-3.228117,0
39,21,0.580,1,-0.05,-3.4459422,0
39,22,0.575,0,1.0,-3.4368052,0
39,23,0.549,1,-0.05,-3.2891014,0
39,24,0.529,0,1.0,-3.3064065,0
39,25,0.520,0,1.0,-3.2146013,0
39,26,0.503,2,-0.05,-3.286109,0
39,27,0.488,2,-0.05,-3.297807,0
39,28,0.489,0,1.0,-3.7081475,0
39,29,0.486,2,-0.05,-3.5149977,0
39,30,0.479,2,-0.05,-2.8861396,0
39,31,0.462,0,1.0,-2.444711,0
39,32,0.455,2,-0.05,-2.5718594,0
39,33,0.465,0,1.0,-2.2201493,0
39,34,0.476,0,1.0,-1.4732792,0
39,35,0.483,0,1.0,-1.3373914,0
39,36,0.469,2,-0.05,-1.3114283,0
39,37,0.477,0,1.0,-1.3589039,0
39,38,0.484,0,1.0,-1.3065042,0
39,39,0.481,0,1.0,-1.3643857,0
39,40,0.493,2,-0.05,-1.4180449,0
39,41,0.484,2,-0.05,-1.9273925,0
39,42,0.487,2,-0.05,-0.9951875,0
39,43,0.481,1,-0.05,-0.9470311,0
39,44,0.498,0,1.0,-1.1475191,0
39,45,0.498,1,-0.05,-1.8876245,0
39,46,0.503,0,1.0,-2.7370608,0
39,47,0.497,2,-0.05,-2.8086853,0
39,48,0.503,0,1.0,-2.4143014,0
39,49,0.506,1,-0.05,-2.432279,0
39,50,0.481,1,-0.05,-2.4090996,0
39,51,0.507,1,-0.05,-2.1611578,0
39,52,0.503,1,-0.05,-3.1965413,0
39,53,0.493,1,-0.05,-3.5343242,0
39,54,0.487,1,-0.05,-3.4063525,0
39,55,0.480,2,-0.05,-2.7866716,0
39,56,0.479,2,-0.05,-3.181295,0
39,57,0.484,1,-0.05,-3.7266428,0
39,58,0.482,2,-0.05,-3.4511833,0
39,59,0.468,2,-0.05,-3.79283,0
39,60,0.451,0,1.0,-2.9820116,0
39,61,0.461,2,-0.05,-2.5708904,0
39,62,0.454,2,-0.05,-2.0947573,0
39,63,0.444,0,1.0,-2.495129,0
39,64,0.442,1,-0.05,-2.755795,0
39,65,0.446,1,-0.05,-2.4668436,0
39,66,0.458,1,-0.05,-2.6865225,0
39,67,0.441,0,1.0,-2.498991,0
39,68,0.454,1,-0.05,-2.0777097,0
39,69,0.452,2,-0.05,-2.0914242,0
39,70,0.436,2,-0.05,-2.1786084,0
39,71,0.435,2,-0.05,-2.1841,0
39,72,0.450,2,-0.05,-2.6802452,0
39,73,0.447,2,-0.05,-2.571383,0
39,74,0.439,0,1.0,-1.9101107,0
39,75,0.453,2,-0.05,-1.290911,0
39,76,0.446,2,-0.05,-0.3982165,0
39,77,0.457,0,1.0,0.5037871,0
39,78,0.468,0,1.0,0.5223193,0
39,79,0.497,1,-0.05,0.5510107,0
39,80,0.499,0,1.0,0.510022,0
39,81,0.519,1,-0.05,0.36612266,0
39,82,0.509,2,-0.05,0.3632357,0
39,83,0.523,0,1.0,0.5154413,0
39,84,0.546,1,-0.05,0.037695646,0
39,85,0.559,1,-0.05,0.5156634,0
39,86,0.560,2,-0.05,0.032668114,0
39,87,0.565,2,-0.05,0.4789796,0
39,88,0.570,1,-0.05,0.42224777,0
39,89,0.582,0,1.0,0.3887092,0
39,90,0.619,0,1.0,-0.12540591,0
39,91,0.615,1,-0.05,-0.19987309,0
39,92,0.627,2,-0.05,0.19015926,0
39,93,0.661,0,1.0,-0.30410707,0
39,94,0.681,0,1.0,-0.11158407,0
39,95,0.699,0,1.0,-0.3742385,0
39,96,0.680,2,-0.05,-0.5955227,0
39,97,0.661,2,-0.05,-0.7426661,0
39,98,0.656,1,-0.05,-0.9528921,0
39,99,0.667,2,-0.05,-0.8595488,0
39,100,0.647,2,-0.05,-0.9932607,0
39,101,0.641,0,1.0,-1.0144122,0
39,102,0.597,0,1.0,-1.246071,0
39,103,0.566,0,1.0,-1.6398128,0
39,104,0.512,0,1.0,-1.8295954,0
39,105,0.487,2,-0.05,-2.0012398,0
39,106,0.478,2,-0.05,-2.3062148,0
39,107,0.480,1,-0.05,-3.8634691,0
39,108,0.470,2,-0.05,-2.3559837,0
39,109,0.454,0,1.0,-3.9545312,0
39,110,0.427,1,-0.05,-5.2819853,0
39,111,0.407,1,-0.05,-6.5173607,0
39,112,0.397,2,-0.05,-5.777477,0
39,113,0.400,2,-0.05,-6.7107024,0
39,114,0.392,1,-0.05,-5.811824,0
39,115,0.365,0,1.0,-6.260892,0
39,116,0.342,2,-0.05,-7.0480394,0
39,117,0.325,0,1.0,-5.8166437,0
39,118,0.286,1,-0.05,-5.985969,0
39,119,0.281,1,-0.05,-6.206083,0
39,120,0.272,2,-0.05,-6.2180233,0
39,121,0.254,1,-0.05,-6.3498487,0
39,122,0.245,2,-0.05,-6.3049636,0
39,123,0.248,1,-0.05,-6.552637,0
39,124,0.233,1,-0.05,-6.3874297,0
39,125,0.223,1,-0.05,-5.1436076,0
39,126,0.225,2,-0.05,-3.6145203,0
39,127,0.205,0,1.0,-4.0366592,0
39,128,0.164,0,-100.0,-5.4591494,0
40,0,0.671,0,1.0,0.0,0
40,1,0.661,1,-0.05,-1.8919528,0
40,2,0.662,0,1.0,-1.87885,0
40,3,0.674,0,1.0,-2.0534606,0
40,4,0.654,2,-0.05,-2.0217671,0
40,5,0.664,0,1.0,-2.0477712,0
40,6,0.660,0,1.0,-2.0134802,0
40,7,0.667,0,1.0,-2.0014074,0
40,8,0.655,0,1.0,-1.9977732,0
40,9,0.663,1,-0.05,-2.0036454,0
40,10,0.663,1,-0.05,-2.0072412,0
40,11,0.669,1,-0.05,-1.9303808,0
40,12,0.662,0,1.0,-2.0507557,0
40,13,0.654,0,1.0,-2.202798,0
40,14,0.652,0,1.0,-2.346763,0
40,15,0.636,0,1.0,-2.4058237,0
40,16,0.620,0,1.0,-2.4441974,0
40,17,0.606,2,-0.05,-2.4848938,0
40,18,0.605,2,-0.05,-2.5129983,0
40,19,0.601,2,-0.05,-2.4058342,0
40,20,0.609,2,-0.05,-2.3439372,0
40,21,0.593,0,1.0,-2.010917,0
40,22,0.589,2,-0.05,-1.6727898,0
40,23,0.602,0,1.0,-1.4175174,0
40,24,0.600,2,-0.05,-1.2650068,0
40,25,0.614,0,1.0,-0.65931535,0
40,26,0.606,1,-0.05,0.081525326,0
40,27,0.616,0,1.0,0.42577904,0
40,28,0.648,0,1.0,0.46503884,0
40,29,0.660,0,1.0,0.42766243,0
40,30,0.684,2,-0.05,0.34630045,0
40,31,0.688,1,-0.05,0.29273444,0
40,32,0.693,1,-0.05,0.031612635,0
40,33,0.681,2,-0.05,-0.63114023,0
40,34,0.690,0,1.0,-0.42731822,0
40,35,0.707,1,-0.05,0.090056,0
40,36,0.708,0,1.0,0.07570222,0
40,37,0.669,1,-0.05,-0.5527596,0
40,38,0.676,2,-0.05,-0.9006302,0
40,39,0.681,2,-0.05,-1.1623931,0
40,40,0.664,0,1.0,-1.4695866,0
40,41,0.637,1,-0.05,-2.711465,0
40,42,0.629,1,-0.05,-3.6642766,0
40,43,0.623,1,-0.05,-3.0708544,0
40,44,0.605,0,1.0,-1.8824205,0
40,45,0.586,0,1.0,-1.6221006,0
40,46,0.559,1,-0.05,-1.6166744,0
40,47,0.566,2,-0.05,-1.7519951,0
40,48,0.554,1,-0.05,-2.2618442,0
40,49,0.543,0,1.0,-1.907524,0
40,50,0.529,1,-0.05,-1.2139859,0
40,51,0.514,2,-0.05,-1.6523869,0
40,52,0.504,2,-0.05,-1.5620466,0
40,53,0.516,1,-0.05,-1.7048438,0
40,54,0.502,0,1.0,-1.4118507,0
40,55,0.487,2,-0.05,-2.1335394,0
40,56,0.482,2,-0.05,-1.7255085,0
40,57,0.489,1,-0.05,-2.3258924,0
40,58,0.472,1,-0.05,-1.526998,0
40,59,0.464,2,-0.05,-1.8761268,0
40,60,0.479,1,-0.05,-1.9654331,0
40,61,0.469,2,-0.05,-1.9777395,0
40,62,0.468,1,-0.05,-2.0175989,0
40,63,0.454,1,-0.05,-2.0114152,0
40,64,0.465,1,-0.05,-2.5213757,0
40,65,0.453,0,1.0,-2.9450016,0
40,66,0.459,0,1.0,-2.4614005,0
40,67,0.453,0,1.0,-2.4664237,0
40,68,0.451,2,-0.05,-2.5485303,0
40,69,0.454,1,-0.05,-2.5327191,0
40,70,0.441,0,1.0,-2.5699446,0
40,71,0.449,1,-0.05,-2.804748,0
40,72,0.449,0,1.0,-2.8326712,0
40,73,0.464,0,1.0,-2.8637097,0
40,74,0.471,2,-0.05,-2.8533802,0
40,75,0.474,1,-0.05,-2.9660497,0
40,76,0.473,1,-0.05,-2.7326431,0
40,77,0.479,0,1.0,-2.3625314,0
40,78,0.509,0,1.0,-1.8898373,0
40,79,0.520,1,-0.05,-1.6897304,0
40,80,0.530,1,-0.05,-1.8102285,0
40,81,0.530,1,-0.05,-1.8251431,0
40,82,0.530,0,1.0,-2.3299744,0
40,83,0.571,0,1.0,-2.380044,0
40,84,0.586,1,-0.05,-2.745717,0
40,85,0.613,1,-0.05,-3.317061,0
40,86,0.616,0,1.0,-3.186244,0
40,87,0.639,2,-0.05,-3.3159614,0
40,88,0.657,0,1.0,-3.7726731,0
40,89,0.657,1,-0.05,-3.9433086,0
40,90,0.679,1,-0.05,-4.0055275,0
40,91,0.694,1,-0.05,-3.8653922,0
40,92,0.681,1,-0.05,-4.112297,0
40,93,0.703,0,1.0,-4.692118,0
40,94,0.678,1,-0.05,-5.5588045,0
40,95,0.649,0,1.0,-5.6045704,0
40,96,0.626,2,-0.05,-5.056464,0
40,97,0.618,1,-0.05,-4.918775,0
40,98,0.612,1,-0.05,-6.3908677,0
40,99,0.587,1,-0.05,-6.993354,0
40,100,0.576,1,-0.05,-8.337617,0
40,101,0.551,0,1.0,-9.019852,0
40,102,0.494,0,1.0,-9.658848,0
40,103,0.456,0,1.0,-9.602411,0
40,104,0.411,2,-0.05,-8.842707,0
40,105,0.379,1,-0.05,-8.762266,0
40,106,0.365,0,1.0,-8.963429,0
40,107,0.335,2,-0.05,-9.044397,0
40,108,0.315,1,-0.05,-10.743956,0
40,109,0.295,0,1.0,-10.589311,0
40,110,0.252,1,-0.05,-10.341695,0
40,111,0.243,0,1.0,-10.387613,0
40,112,0.211,1,-0.05,-9.937062,0
40,113,0.196,1,-100.0,-9.43983,0
41,0,0.672,0,1.0,0.0,0
41,1,0.652,0,1.0,-2.0654879,0
41,2,0.655,1,-0.05,-2.002485,0
41,3,0.664,1,-0.05,-2.0116236,0
41,4,0.652,2,-0.05,-1.8802431,0
41,5,0.652,0,1.0,-2.073679,0
41,6,0.653,1,-0.05,-1.7272165,0
41,7,0.672,2,-0.05,-1.0494437,0
41,8,0.654,0,1.0,-0.77596426,0
41,9,0.668,0,1.0,-0.8359628,0
41,10,0.679,1,-0.05,-1.008395,0
41,11,0.696,2,-0.05,-0.875976,0
41,12,0.692,2,-0.05,-0.63482505,0
41,13,0.696,0,1.0,-0.03934431,0
41,14,0.684,0,1.0,-0.16419166,0
41,15,0.670,2,-0.05,-0.25118613,0
41,16,0.669,0,1.0,-0.31960744,0
41,17,0.639,0,1.0,-0.38781983,0
41,18,0.625,0,1.0,-0.53077644,0
41,19,0.593,0,1.0,-0.7074417,0
41,20,0.570,1,-0.05,-0.8878704,0
41,21,0.564,0,1.0,-1.042598,0
41,22,0.538,2,-0.05,-1.416753,0
41,23,0.532,2,-0.05,-1.5443273,0
41,24,0.535,2,-0.05,-1.8956494,0
41,25,0.534,2,-0.05,-2.223797,0
41,26,0.526,1,-0.05,-2.8217676,0
41,27,0.519,2,-0.05,-2.4517632,0
41,28,0.506,0,1.0,-3.53988,0
41,29,0.497,2,-0.05,-4.6336403,0
41,30,0.482,2,-0.05,-5.0918922,0
41,31,0.466,0,1.0,-4.937791,0
41,32,0.444,1,-0.05,-5.7725077,0
41,33,0.423,0,1.0,-5.9368477,0
41,34,0.385,1,-0.05,-6.1513577,0
41,35,0.375,1,-0.05,-6.548521,0
41,36,0.352,1,-0.05,-6.5764723,0
41,37,0.338,0,1.0,-6.994456,0
41,38,0.319,2,-0.05,-6.555633,0
41,39,0.301,1,-0.05,-6.0191917,0
41,40,0.290,0,1.0,-5.4990354,0
41,41,0.277,1,-0.05,-5.1322823,0
41,42,0.256,0,1.0,-4.5933533,0
41,43,0.238,1,-0.05,-4.583868,0
41,44,0.218,0,1.0,-5.2861,0
41,45,0.204,1,-0.05,-5.0093718,0
41,46,0.208,2,-0.05,-4.930717,0
41,47,0.202,0,1.0,-5.0795918,0
41,48,0.199,2,-100.0,-5.4038324,0
42,0,0.672,0,1.0,0.0,0
42,1,0.651,2,-0.05,-1.6165438,0
42,2,0.665,0,1.0,-1.1325035,0
42,3,0.681,0,1.0,-0.64058006,0
42,4,0.684,2,-0.05,-0.58736193,0
42,5,0.664,1,-0.05,-0.59429836,0
42,6,0.684,2,-0.05,-0.7107725,0
42,7,0.685,2,-0.05,-0.58149505,0
42,8,0.696,0,1.0,-0.7638643,0
42,9,0.699,0,1.0,-0.65456665,0
42,10,0.702,2,-0.05,-0.43020278,0
42,11,0.691,2,-0.05,-0.44132638,0
42,12,0.687,2,-0.05,-0.15278333,0
42,13,0.684,0,1.0,-0.23884946,0
42,14,0.673,2,-0.05,-0.4468091,0
42,15,0.668,1,-0.05,-1.0276248,0
42,16,0.635,0,1.0,-0.76066715,0
42,17,0.636,0,1.0,-0.53333426,0
42,18,0.615,2,-0.05,-0.61029994,0
42,19,0.598,0,1.0,-0.713507,0
42,20,0.592,2,-0.05,-0.8493597,0
42,21,0.564,2,-0.05,-0.9724776,0
42,22,0.562,2,-0.05,-1.4480143,0
42,23,0.566,0,1.0,-1.9043708,0
42,24,0.531,0,1.0,-2.476395,0
42,25,0.504,1,-0.05,-2.7826738,0
42,26,0.486,1,-0.05,-2.8949542,0
42,27,0.495,1,-0.05,-2.731073,0
42,28,0.479,0,1.0,-2.6893487,0
42,29,0.460,0,1.0,-2.4904203,0
42,30,0.431,0,1.0,-2.7790964,0
42,31,0.403,0,1.0,-3.1942387,0
42,32,0.386,1,-0.05,-3.425006,0
42,33,0.386,0,1.0,-3.7204657,0
42,34,0.363,2,-0.05,-3.9276054,0
42,35,0.345,0,1.0,-4.185354,0
42,36,0.327,1,-0.05,-4.3755646,0
42,37,0.331,2,-0.05,-4.5450916,0
42,38,0.327,1,-0.05,-3.9855886,0
42,39,0.312,0,1.0,-4.507841,0
42,40,0.291,1,-0.05,-4.8266606,0
42,41,0.304,0,1.0,-4.2652407,0
42,42,0.293,2,-0.05,-3.6652818,0
42,43,0.280,1,-0.05,-3.605041,0
42,44,0.279,2,-0.05,-3.170358,0
42,45,0.279,2,-0.05,-3.6289272,0
42,46,0.272,0,1.0,-3.7742684,0
42,47,0.274,1,-0.05,-4.564665,0
42,48,0.266,2,-0.05,-4.9639435,0
42,49,0.249,1,-0.05,-5.3414826,0
42,50,0.236,0,1.0,-5.1759877,0
42,51,0.237,1,-0.05,-4.7535963,0
42,52,0.235,1,-0.05,-4.011374,0
42,53,0.237,1,-0.05,-3.7229595,0
42,54,0.237,2,-0.05,-3.2404385,0
42,55,0.238,1,-0.05,-3.7439735,0
42,56,0.231,2,-0.05,-3.2872524,0
42,57,0.229,1,-0.05,-3.7101839,0
42,58,0.227,0,1.0,-3.2812557,0
42,59,0.219,1,-0.05,-3.0784836,0
42,60,0.225,1,-0.05,-3.5037231,0
42,61,0.230,0,1.0,-2.9918242,0
42,62,0.224,2,-0.05,-1.8663707,0
42,63,0.240,0,1.0,-1.9518766,0
42,64,0.252,0,1.0,-1.9401913,0
42,65,0.253,1,-0.05,-2.1454756,0
42,66,0.266,0,1.0,-2.170345,0
42,67,0.276,0,1.0,-2.245904,0
42,68,0.285,0,1.0,-2.5107498,0
42,69,0.289,2,-0.05,-2.555344,0
42,70,0.292,2,-0.05,-2.5439236,0
42,71,0.294,2,-0.05,-2.5736368,0
42,72,0.309,0,1.0,-2.6017628,0
42,73,0.310,1,-0.05,-3.040726,0
42,74,0.301,0,1.0,-3.4406428,0
42,75,0.309,1,-0.05,-3.4120479,0
42,76,0.308,2,-0.05,-3.442679,0
42,77,0.308,2,-0.05,-3.2190886,0
42,78,0.300,1,-0.05,-3.8311095,0
42,79,0.290,0,1.0,-3.2743766,0
42,80,0.292,1,-0.05,-3.2985497,0
42,81,0.305,1,-0.05,-2.9818642,0
42,82,0.306,2,-0.05,-2.6020732,0
42,83,0.303,1,-0.05,-2.8560948,0
42,84,0.297,0,1.0,-2.645917,0
42,85,0.306,1,-0.05,-2.40413,0
42,86,0.307,0,1.0,-2.5240264,0
42,87,0.318,1,-0.05,-2.368218,0
42,88,0.323,2,-0.05,-2.3265562,0
42,89,0.337,1,-0.05,-2.5305479,0
42,90,0.331,1,-0.05,-2.354868,0
42,91,0.333,1,-0.05,-1.8442215,0
42,92,0.342,0,1.0,-1.1605909,0
42,93,0.361,2,-0.05,-0.92455876,0
42,94,0.368,1,-0.05,-1.0143921,0
42,95,0.379,2,-0.05,-1.4120772,0
42,96,0.371,1,-0.05,-1.0985521,0
42,97,0.384,2,-0.05,-1.4406168,0
42,98,0.371,2,-0.05,-1.1707938,0
42,99,0.398,2,-0.05,-1.1372949,0
42,100,0.387,1,-0.05,-1.1197541,0
42,101,0.409,1,-0.05,-1.1851388,0
42,102,0.414,1,-0.05,-2.044254,0
42,103,0.413,1,-0.05,-1.6376442,0
42,104,0.429,1,-0.05,-2.008748,0
42,105,0.439,0,1.0,-3.0254736,0
42,106,0.453,1,-0.05,-3.9245758,0
42,107,0.469,2,-0.05,-4.4531283,0
42,108,0.481,2,-0.05,-4.245476,0
42,109,0.486,1,-0.05,-3.6979496,0
42,110,0.506,0,1.0,-4.031757,0
42,111,0.531,1,-0.05,-5.0892158,0
42,112,0.536,1,-0.05,-6.175956,0
42,113,0.552,1,-0.05,-6.8867445,0
42,114,0.552,1,-0.05,-6.6916037,0
42,115,0.558,1,-0.05,-6.6529646,0
42,116,0.564,1,-0.05,-6.2267017,0
42,117,0.582,2,-0.05,-6.349366,0
42,118,0.589,1,-0.05,-6.1416173,0
42,119,0.585,1,-0.05,-6.644523,0
42,120,0.607,1,-0.05,-7.313349,0
42,121,0.616,1,-0.05,-8.016091,0
42,122,0.632,1,-0.05,-9.067837,0
42,123,0.661,0,1.0,-9.571561,0
42,124,0.687,2,-0.05,-9.550781,0
42,125,0.700,1,-0.05,-9.43343,0
42,126,0.694,0,1.0,-9.413849,0
42,127,0.650,1,-0.05,-9.229653,0
42,128,0.633,1,-0.05,-10.272294,0
42,129,0.639,2,-0.05,-9.195744,0
42,130,0.630,2,-0.05,-9.8671255,0
42,131,0.612,1,-0.05,-10.512791,0
42,132,0.586,0,1.0,-10.206212,0
42,133,0.524,0,1.0,-9.180098,0
42,134,0.471,0,1.0,-9.441698,0
42,135,0.433,1,-0.05,-9.877899,0
42,136,0.400,0,1.0,-9.676604,0
42,137,0.362,1,-0.05,-9.879197,0
42,138,0.339,0,1.0,-9.903902,0
42,139,0.301,1,-0.05,-10.37081,0
42,140,0.292,2,-0.05,-10.196329,0
42,141,0.250,0,1.0,-10.09125,0
42,142,0.226,2,-0.05,-10.404514,0
42,143,0.202,0,1.0,-10.558027,0
42,144,0.166,1,-100.0,-10.606542,0
43,0,0.668,0,1.0,0.0,0
43,1,0.659,2,-0.05,-2.0553868,0
43,2,0.657,0,1.0,-1.571976,0
43,3,0.678,0,1.0,-0.8761804,0
43,4,0.666,2,-0.05,-0.6613393,0
43,5,0.673,1,-0.05,-0.5911124,0
43,6,0.672,2,-0.05,-1.0879002,0
43,7,0.680,0,1.0,-0.6479578,0
43,8,0.686,2,-0.05,-0.5728017,0
43,9,0.679,1,-0.05,-0.7134962,0
43,10,0.697,2,-0.05,-0.6100457,0
43,11,0.701,0,1.0,-0.7988045,0
43,12,0.696,0,1.0,0.02249962,0
43,13,0.679,1,-0.05,-0.0029093623,0
43,14,0.674,2,-0.05,-0.02321893,0
43,15,0.668,0,1.0,-0.017564654,0
43,16,0.651,0,1.0,-0.22580236,0
43,17,0.626,2,-0.05,-0.48055542,0
43,18,0.639,1,-0.05,-0.5829812,0
43,19,0.607,0,1.0,-0.40325916,0
43,20,0.598,2,-0.05,-0.3945493,0
43,21,0.584,0,1.0,-1.2473611,0
43,22,0.575,0,1.0,-1.248191,0
43,23,0.549,0,1.0,-1.61602,0
43,24,0.535,2,-0.05,-1.7461197,0
43,25,0.538,0,1.0,-2.00041,0
43,26,0.507,2,-0.05,-2.1743824,0
43,27,0.514,1,-0.05,-2.3614204,0
43,28,0.504,1,-0.05,-2.10962,0
43,29,0.505,1,-0.05,-1.6234362,0
43,30,0.502,0,1.0,-1.2102805,0
43,31,0.491,1,-0.05,-1.4152966,0
43,32,0.487,1,-0.05,-1.841475,0
43,33,0.487,0,1.0,-1.946099,0
43,34,0.502,0,1.0,-1.8079418,0
43,35,0.488,1,-0.05,-1.7709255,0
43,36,0.503,1,-0.05,-1.7119607,0
43,37,0.503,2,-0.05,-1.7568057,0
43,38,0.508,1,-0.05,-1.6489344,0
43,39,0.498,1,-0.05,-1.7317331,0
43,40,0.499,2,-0.05,-1.3849806,0
43,41,0.520,0,1.0,-1.6135235,0
43,42,0.522,2,-0.05,-1.6698486,0
43,43,0.531,2,-0.05,-1.5364845,0
43,44,0.522,2,-0.05,-1.9662914,0
43,45,0.513,0,1.0,-1.6442358,0
43,46,0.514,0,1.0,-1.2030845,0
43,47,0.510,0,1.0,-1.2894886,0
43,48,0.501,0,1.0,-1.430052,0
43,49,0.495,0,1.0,-1.5615499,0
43,50,0.487,0,1.0,-1.6015592,0
43,51,0.471,2,-0.05,-1.6783202,0
43,52,0.471,2,-0.05,-1.7203656,0
43,53,0.468,0,1.0,-1.5286341,0
43,54,0.438,0,1.0,-2.267005,0
43,55,0.440,2,-0.05,-2.2490807,0
43,56,0.439,2,-0.05,-2.3065844,0
43,57,0.436,2,-0.05,-2.8269868,0
43,58,0.436,0,1.0,-2.8145206,0
43,59,0.422,2,-0.05,-2.537466,0
43,60,0.396,0,1.0,-3.3884382,0
43,61,0.388,1,-0.05,-3.9750385,0
43,62,0.375,1,-0.05,-4.7731237,0
43,63,0.352,0,1.0,-4.426419,0
43,64,0.338,1,-0.05,-4.07385,0
43,65,0.326,1,-0.05,-3.7580237,0
43,66,0.328,1,-0.05,-4.0346828,0
43,67,0.318,0,1.0,-3.763731,0
43,68,0.302,0,1.0,-3.4732041,0
43,69,0.305,1,-0.05,-3.3036325,0
43,70,0.300,1,-0.05,-3.4202704,0
43,71,0.290,0,1.0,-3.4819775,0
43,72,0.272,1,-0.05,-3.2909598,0
43,73,0.281,1,-0.05,-3.5225377,0
43,74,0.280,2,-0.05,-3.4208908,0
43,75,0.279,1,-0.05,-3.214801,0
43,76,0.270,0,1.0,-3.3826778,0
43,77,0.285,1,-0.05,-3.0865355,0
43,78,0.275,0,1.0,-2.897208,0
43,79,0.277,1,-0.05,-2.61465,0
43,80,0.271,1,-0.05,-2.3632054,0
43,81,0.293,2,-0.05,-2.4581442,0
43,82,0.279,1,-0.05,-2.5248232,0
43,83,0.295,1,-0.05,-2.4533627,0
43,84,0.294,2,-0.05,-2.6890817,0
43,85,0.301,2,-0.05,-2.390386,0
43,86,0.278,2,-0.05,-2.6603963,0
43,87,0.314,1,-0.05,-2.502922,0
43,88,0.298,0,1.0,-2.579948,0
43,89,0.320,0,1.0,-2.8306255,0
43,90,0.347,1,-0.05,-2.785217,0
43,91,0.336,1,-0.05,-2.7290797,0
43,92,0.347,1,-0.05,-2.1201246,0
43,93,0.354,0,1.0,-1.6327336,0
43,94,0.375,0,1.0,-1.1940426,0
43,95,0.402,2,-0.05,-1.3842443,0
43,96,0.396,1,-0.05,-1.478159,0
43,97,0.416,0,1.0,-2.1410832,0
43,98,0.420,1,-0.05,-2.1993,0
43,99,0.446,0,1.0,-2.5913863,0
43,100,0.466,2,-0.05,-3.4710283,0
43,101,0.481,2,-0.05,-3.8598275,0
43,102,0.491,2,-0.05,-3.69537,0
43,103,0.482,1,-0.05,-3.2483106,0
43,104,0.503,1,-0.05,-3.5777054,0
43,105,0.508,1,-0.05,-4.1535645,0
43,106,0.523,0,1.0,-4.8115263,0
43,107,0.549,1,-0.05,-6.071251,0
43,108,0.571,0,1.0,-5.812201,0
43,109,0.603,1,-0.05,-5.520925,0
43,110,0.604,1,-0.05,-5.786504,0
43,111,0.628,0,1.0,-6.3508115,0
43,112,0.687,0,1.0,-8.191212,0
43,113,0.688,1,-0.05,-8.591157,0
43,114,0.669,2,-0.05,-8.519078,0
43,115,0.653,0,1.0,-7.9802732,0
43,116,0.619,2,-0.05,-6.9629626,0
43,117,0.616,1,-0.05,-6.3117056,0
43,118,0.611,1,-0.05,-6.801715,0
43,119,0.601,1,-0.05,-8.038223,0
43,120,0.580,0,1.0,-9.065867,0
43,121,0.535,1,-0.05,-8.555215,0
43,122,0.529,1,-0.05,-8.841551,0
43,123,0.525,2,-0.05,-8.960781,0
43,124,0.510,2,-0.05,-8.466995,0
43,125,0.498,1,-0.05,-8.470463,0
43,126,0.478,0,1.0,-8.256687,0
43,127,0.443,1,-0.05,-10.256233,0
43,128,0.437,2,-0.05,-10.4028015,0
43,129,0.386,0,1.0,-10.188194,0
43,130,0.386,1,-0.05,-9.769381,0
43,131,0.355,0,1.0,-7.7246494,0
43,132,0.318,1,-0.05,-9.48281,0
43,133,0.284,0,1.0,-9.395731,0
43,134,0.253,1,-0.05,-9.2965555,0
43,135,0.223,0,1.0,-9.52782,0
43,136,0.174,0,-100.0,-9.997722,0
44,0,0.668,0,1.0,0.0,0
44,1,0.668,2,-0.05,-2.037571,0
44,2,0.664,1,-0.05,-2.100961,0
44,3,0.676,1,-0.05,-2.0034876,0
44,4,0.672,0,1.0,-1.9945986,0
44,5,0.650,0,1.0,-2.0501409,0
44,6,0.639,0,1.0,-2.088521,0
44,7,0.633,0,1.0,-2.1208787,0
44,8,0.639,1,-0.05,-2.1770113,0
44,9,0.620,2,-0.05,-2.201676,0
44,10,0.627,1,-0.05,-2.1425996,0
44,11,0.626,2,-0.05,-2.2491639,0
44,12,0.608,2,-0.05,-2.2870045,0
44,13,0.619,2,-0.05,-2.1932335,0
44,14,0.605,0,1.0,-2.2204912,0
44,15,0.621,0,1.0,-1.904367,0
44,16,0.622,0,1.0,-1.7992475,0
44,17,0.638,1,-0.05,-1.8047755,0
44,18,0.631,1,-0.05,-1.7075248,0
44,19,0.633,0,1.0,-1.8656576,0
44,20,0.618,2,-0.05,-2.1932282,0
44,21,0.640,1,-0.05,-2.1537874,0
44,22,0.633,2,-0.05,-2.26361,0
44,23,0.637,1,-0.05,-2.1281123,0
44,24,0.632,0,1.0,-2.2664406,0
44,25,0.000,1,-0.05,-2.3707886,0
44,26,0.000,1,-0.05,-0.0969672,0
44,27,0.000,1,-0.05,-0.096973434,0
44,28,0.000,1,-0.05,-0.0974219,0
44,29,0.000,0,1.0,-0.09712937,0
44,30,0.000,0,1.0,-0.09789605,0
44,31,0.000,0,1.0,-0.09819059,0
44,32,0.000,1,-0.05,-0.097889826,0
44,33,0.000,1,-0.05,-0.098000914,0
44,34,0.000,0,1.0,-0.09777164,0
44,35,0.000,1,-0.05,-0.09754068,0
44,36,0.000,1,-0.05,-0.0973393,0
44,37,0.000,1,-0.05,-0.09709588,0
44,38,0.000,0,1.0,-0.09721682,0
44,39,0.000,2,-0.05,-0.09770796,0
44,40,0.000,1,-0.05,-0.09745374,0
44,41,0.000,2,-0.05,-0.09746683,0
44,42,0.000,2,-0.05,-0.09715836,0
44,43,0.000,1,-0.05,-0.09700617,0
44,44,0.000,1,-0.05,-0.09680907,0
44,45,0.000,1,-0.05,-0.09663022,0
44,46,0.000,2,-0.05,-0.09738066,0
44,47,0.000,0,1.0,-0.09720802,0
44,48,0.000,0,1.0,-0.09728444,0
44,49,0.000,0,1.0,-0.097121894,0
44,50,0.000,1,-0.05,-0.09740265,0
44,51,0.000,0,1.0,-0.09734978,0
44,52,0.000,2,-0.05,-0.097114265,0
44,53,0.000,2,-0.05,-0.09686525,0
44,54,0.000,2,-0.05,-0.09653136,0
44,55,0.000,0,1.0,-0.096282884,0
44,56,0.000,1,-0.05,-0.096037135,0
44,57,0.000,1,-0.05,-0.09642008,0
44,58,0.000,1,-0.05,-0.096128255,0
44,59,0.000,0,1.0,-0.095807135,0
44,60,0.000,1,-0.05,-0.095910996,0
44,61,0.000,1,-0.05,-0.09563641,0
44,62,0.000,1,-0.05,-0.09538749,0
44,63,0.000,1,-0.05,-0.096275255,0
44,64,0.000,1,-0.05,-0.096450135,0
44,65,0.000,0,1.0,-0.09625752,0
44,66,0.000,0,1.0,-0.096086815,0
44,67,0.000,2,-0.05,-0.09592246,0
44,68,0.000,1,-0.05,-0.0956735,0
44,69,0.000,2,-0.05,-0.09585664,0
44,70,0.000,1,-0.05,-0.09610814,0
44,71,0.000,0,1.0,-0.0960602,0
44,72,0.000,0,1.0,-0.095853984,0
44,73,0.000,2,-0.05,-0.09570724,0
44,74,0.000,0,1.0,-0.09596984,0
44,75,0.000,1,-0.05,-0.09643857,0
44,76,0.000,1,-0.05,-0.09612298,0
44,77,0.000,1,-0.05,-0.09592893,0
44,78,0.000,2,-0.05,-0.09579739,0
44,79,0.000,1,-0.05,-0.095655754,0
44,80,0.000,2,-0.05,-0.09567338,0
44,81,0.000,2,-0.05,-0.09550837,0
44,82,0.000,1,-0.05,-0.09598255,0
44,83,0.000,1,-0.05,-0.09554973,0
44,84,0.000,1,-0.05,-0.095476426,0
44,85,0.000,1,-0.05,-0.09575117,0
44,86,0.000,1,-0.05,-0.09561181,0
44,87,0.000,1,-0.05,-0.095338,0
44,88,0.000,1,-0.05,-0.09556342,0
44,89,0.000,1,-0.05,-0.09588246,0
44,90,0.000,2,-0.05,-0.095534444,0
44,91,0.000,1,-0.05,-0.0961114,0
44,92,0.000,1,-0.05,-0.09594487,0
44,93,0.000,2,-0.05,-0.09649873,0
44,94,0.000,1,-0.05,-0.0962787,0
44,95,0.000,2,-0.05,-0.09596937,0
44,96,0.000,0,1.0,-0.09639534,0
44,97,0.000,2,-0.05,-0.0964739,0
44,98,0.000,0,1.0,-0.097020775,0
44,99,0.000,0,1.0,-0.09674391,0
44,100,0.000,0,1.0,-0.09645216,0
44,101,0.000,2,-0.05,-0.09618214,0
44,102,0.000,1,-0.05,-0.09675397,0
44,103,0.000,1,-0.05,-0.09661906,0
44,104,0.000,0,1.0,-0.09644349,0
44,105,0.000,0,1.0,-0.09737006,0
44,106,0.000,1,-0.05,-0.09716137,0
44,107,0.000,2,-0.05,-0.09706596,0
44,108,0.000,1,-0.05,-0.096935876,0
44,109,0.000,1,-0.05,-0.096798785,0
44,110,0.000,2,-0.05,-0.09716798,0
44,111,0.000,1,-0.05,-0.097068675,0
44,112,0.000,0,1.0,-0.09690545,0
44,113,0.000,2,-0.05,-0.09668782,0
44,114,0.000,0,1.0,-0.09682728,0
44,115,0.000,1,-0.05,-0.09660063,0
44,116,0.000,2,-0.05,-0.0967422,0
44,117,0.000,0,1.0,-0.09653547,0
44,118,0.000,1,-0.05,-0.096350834,0
44,119,0.000,0,1.0,-0.09612696,0
44,120,0.000,0,1.0,-0.09590304,0
44,121,0.000,0,1.0,-0.096484214,0
44,122,0.000,0,1.0,-0.09657927,0
44,123,0.000,1,-0.05,-0.09674209,0
44,124,0.000,1,-0.05,-0.096992664,0
44,125,0.000,1,-0.05,-0.09751068,0
44,126,0.000,1,-0.05,-0.09731209,0
44,127,0.000,0,1.0,-0.09704476,0
44,128,0.000,2,-0.05,-0.09683125,0
44,129,0.000,1,-0.05,-0.0966289,0
44,130,0.000,2,-0.05,-0.09637678,0
44,131,0.000,2,-0.05,-0.09612647,0
44,132,0.000,0,1.0,-0.09641304,0
44,133,0.000,1,-0.05,-0.09666222,0
44,134,0.000,2,-0.05,-0.09690948,0
44,135,0.000,1,-0.05,-0.096646965,0
44,136,0.000,0,1.0,-0.09687249,0
44,137,0.000,1,-0.05,-0.097132236,0
44,138,0.000,1,-0.05,-0.09724036,0
44,139,0.000,0,1.0,-0.0970424,0
44,140,0.000,1,-0.05,-0.09723133,0
44,141,0.000,0,1.0,-0.09701231,0
44,142,0.000,1,-0.05,-0.096896745,0
44,143,0.000,1,-0.05,-0.09652963,0
44,144,0.000,1,-0.05,-0.0969824,0
44,145,0.000,2,-0.05,-0.09674968,0
44,146,0.000,0,1.0,-0.09696788,0
44,147,0.000,1,-0.05,-0.09781979,0
44,148,0.000,0,1.0,-0.09824377,0
44,149,0.000,1,-0.05,-0.09861279,0
44,150,0.000,0,1.0,-0.098499306,0
44,151,0.000,2,-0.05,-0.098345384,0
44,152,0.000,0,1.0,-0.09861421,0
44,153,0.000,2,-0.05,-0.098428175,0
44,154,0.000,1,-0.05,-0.09813319,0
44,155,0.000,2,-0.05,-0.09787664,0
44,156,0.000,2,-0.05,-0.09791589,0
44,157,0.000,1,-0.05,-0.097699925,0
44,158,0.000,0,1.0,-0.09791639,0
44,159,0.000,2,-0.05,-0.097648546,0
44,160,0.000,0,1.0,-0.09798368,0
44,161,0.000,1,-0.05,-0.09833602,0
44,162,0.000,1,-0.05,-0.098028965,0
44,163,0.000,1,-0.05,-0.09847238,0
44,164,0.000,1,-0.05,-0.09818672,0
44,165,0.000,0,1.0,-0.097990446,0
44,166,0.000,2,-0.05,-0.09803665,0
44,167,0.000,0,1.0,-0.09767543,0
44,168,0.000,1,-0.05,-0.09753051,0
44,169,0.000,0,1.0,-0.0975648,0
44,170,0.000,0,1.0,-0.09727852,0
44,171,0.000,1,-0.05,-0.09702206,0
44,172,0.000,0,1.0,-0.09677474,0
44,173,0.000,2,-0.05,-0.09661186,0
44,174,0.000,2,-0.05,-0.09646125,0
44,175,0.000,0,1.0,-0.096039735,0
44,176,0.000,1,-0.05,-0.09668638,0
44,177,0.000,0,1.0,-0.09652714,0
44,178,0.000,1,-0.05,-0.09672786,0
44,179,0.000,1,-0.05,-0.0966544,0
44,180,0.000,0,1.0,-0.09625588,0
44,181,0.000,1,-0.05,-0.096667714,0
44,182,0.000,0,1.0,-0.09635071,0
44,183,0.000,1,-0.05,-0.09600224,0
44,184,0.000,0,1.0,-0.09580888,0
44,185,0.000,2,-0.05,-0.09556859,0
44,186,0.000,2,-0.05,-0.09581065,0
44,187,0.000,2,-0.05,-0.09531909,0
44,188,0.000,1,-0.05,-0.095062084,0
44,189,0.000,1,-0.05,-0.095558554,0
44,190,0.000,1,-0.05,-0.095664635,0
44,191,0.000,1,-0.05,-0.09548631,0
44,192,0.000,0,1.0,-0.09528735,0
44,193,0.000,2,-0.05,-0.095077604,0
44,194,0.000,1,-0.05,-0.09555662,0
44,195,0.000,1,-0.05,-0.09534981,0
44,196,0.000,0,1.0,-0.09515111,0
44,197,0.000,0,1.0,-0.095317334,0
44,198,0.000,1,-0.05,-0.095118396,0
44,199,0.000,2,-0.05,-0.09488827,0
44,200,0.000,2,-0.05,-0.09514551,0
44,201,0.000,1,-0.05,-0.095294766,0
44,202,0.000,1,-0.05,-0.09502205,0
44,203,0.000,1,-0.05,-0.0954745,0
44,204,0.000,2,-0.05,-0.09525789,0
44,205,0.000,0,1.0,-0.094959155,0
44,206,0.000,1,-0.05,-0.094617665,0
44,207,0.000,1,-0.05,-0.094919905,0
44,208,0.000,1,-0.05,-0.09507859,0
44,209,0.000,1,-0.05,-0.09540276,0
44,210,0.000,2,-0.05,-0.09521737,0
44,211,0.000,2,-0.05,-0.09537243,0
44,212,0.000,1,-0.05,-0.09522903,0
44,213,0.000,1,-0.05,-0.09507766,0
44,214,0.000,1,-0.05,-0.09481053,0
44,215,0.000,0,1.0,-0.09465146,0
44,216,0.000,1,-0.05,-0.09446237,0
44,217,0.000,1,-0.05,-0.09473993,0
44,218,0.000,2,-0.05,-0.09495614,0
44,219,0.000,1,-0.05,-0.09490937,0
44,220,0.000,0,1.0,-0.09546018,0
44,221,0.000,2,-0.05,-0.09598167,0
44,222,0.000,0,1.0,-0.095742375,0
44,223,0.000,1,-0.05,-0.09557916,0
44,224,0.000,1,-0.05,-0.09564305,0
44,225,0.000,1,-0.05,-0.09618618,0
44,226,0.000,1,-0.05,-0.09662016,0
44,227,0.000,2,-0.05,-0.09687066,0
44,228,0.000,1,-0.05,-0.09661743,0
44,229,0.000,0,1.0,-0.09732714,0
44,230,0.000,0,1.0,-0.097708955,0
44,231,0.000,1,-0.05,-0.098006204,0
44,232,0.672,1,-0.05,-0.09778969,0
44,233,0.670,0,1.0,-2.2442174,0
44,234,0.654,1,-0.05,-2.2125497,0
44,235,0.674,1,-0.05,-2.3514109,0
44,236,0.669,0,1.0,-2.162066,0
44,237,0.653,0,1.0,-2.022962,0
44,238,0.638,0,1.0,-2.0789716,0
44,239,0.651,0,1.0,-2.1225228,0
44,240,0.619,2,-0.05,-2.2935634,0
44,241,0.628,0,1.0,-2.233822,0
44,242,0.624,0,1.0,-2.2095299,0
44,243,0.618,0,1.0,-2.3324804,0
44,244,0.619,1,-0.05,-2.322274,0
44,245,0.593,0,1.0,-2.4248693,0
44,246,0.582,2,-0.05,-2.421202,0
44,247,0.603,2,-0.05,-2.438455,0
44,248,0.590,0,1.0,-2.739429,0
44,249,0.589,1,-0.05,-2.3790145,0
44,250,0.588,2,-0.05,-2.306513,0
44,251,0.600,1,-0.05,-2.1054618,0
44,252,0.598,1,-0.05,-2.233562,0
44,253,0.000,1,-0.05,-2.5425491,0
44,254,0.000,0,1.0,-0.09777074,0
44,255,0.000,2,-0.05,-0.098188065,0
44,256,0.000,1,-0.05,-0.09797757,0
44,257,0.000,1,-0.05,-0.0980887,0
44,258,0.000,2,-0.05,-0.09786919,0
44,259,0.000,2,-0.05,-0.09814595,0
44,260,0.000,1,-0.05,-0.09814549,0
44,261,0.000,2,-0.05,-0.09793697,0
44,262,0.651,2,-0.05,-0.09776477,0
44,263,0.649,1,-0.05,-2.2047396,0
44,264,0.667,0,1.0,-2.2722392,0
44,265,0.657,0,1.0,-2.0913897,0
44,266,0.659,2,-0.05,-2.0083756,0
44,267,0.651,1,-0.05,-2.039163,0
44,268,0.653,1,-0.05,-2.271707,0
44,269,0.654,0,1.0,-2.3681214,0
44,270,0.646,0,1.0,-2.405758,0
44,271,0.616,1,-0.05,-2.8119068,0
44,272,0.613,1,-0.05,-2.8414989,0
44,273,0.623,0,1.0,-2.827525,0
44,274,0.591,0,1.0,-2.868458,0
44,275,0.568,0,1.0,-2.7885396,0
44,276,0.548,1,-0.05,-2.781717,0
44,277,0.544,1,-0.05,-2.8038497,0
44,278,0.541,1,-0.05,-2.5435617,0
44,279,0.529,0,1.0,-2.4235568,0
44,280,0.509,2,-0.05,-2.6016812,0
44,281,0.506,1,-0.05,-2.6299314,0
44,282,0.495,2,-0.05,-2.7084286,0
44,283,0.485,2,-0.05,-2.6868153,0
44,284,0.464,0,1.0,-2.7176795,0
44,285,0.447,0,1.0,-2.5619013,0
44,286,0.422,2,-0.05,-2.6597438,0
44,287,0.418,1,-0.05,-2.6826468,0
44,288,0.403,1,-0.05,-2.5518875,0
44,289,0.407,1,-0.05,-2.7845798,0
44,290,0.400,0,1.0,-3.078066,0
44,291,0.357,0,1.0,-3.1989033,0
44,292,0.309,1,-0.05,-3.4102657,0
44,293,0.323,2,-0.05,-3.5511246,0
44,294,0.317,1,-0.05,-3.3144684,0
44,295,0.309,1,-0.05,-3.5232787,0
44,296,0.293,1,-0.05,-4.2131963,0
44,297,0.271,0,1.0,-5.099662,0
44,298,0.250,1,-0.05,-6.2018156,0
44,299,0.235,0,1.0,-7.50157,0
44,300,0.172,0,-100.0,-8.227993,0
45,0,0.667,0,1.0,0.0,0
45,1,0.671,0,1.0,-2.1355753,0
45,2,0.665,0,1.0,-2.0951624,0
45,3,0.668,0,1.0,-2.1786625,0
45,4,0.669,1,-0.05,-2.1912909,0
45,5,0.674,0,1.0,-2.2430723,0
45,6,0.658,0,1.0,-2.1992874,0
45,7,0.665,0,1.0,-2.20758,0
45,8,0.668,1,-0.05,-2.1948214,0
45,9,0.653,0,1.0,-2.1484969,0
45,10,0.663,1,-0.05,-2.1543875,0
45,11,0.656,2,-0.05,-2.1267304,0
45,12,0.667,1,-0.05,-1.9896319,0
45,13,0.649,0,1.0,-2.1009414,0
45,14,0.663,0,1.0,-2.0271873,0
45,15,0.639,0,1.0,-1.9451284,0
45,16,0.649,1,-0.05,-2.2563148,0
45,17,0.637,0,1.0,-2.2479792,0
45,18,0.618,1,-0.05,-2.2247963,0
45,19,0.635,0,1.0,-2.2856984,0
45,20,0.635,0,1.0,-2.328562,0
45,21,0.616,0,1.0,-2.3101354,0
45,22,0.621,2,-0.05,-2.3327353,0
45,23,0.614,0,1.0,-2.585306,0
45,24,0.599,0,1.0,-2.5794616,0
45,25,0.608,1,-0.05,-2.6301863,0
45,26,0.595,2,-0.05,-2.622561,0
45,27,0.602,0,1.0,-2.912084,0
45,28,0.594,1,-0.05,-2.8247879,0
45,29,0.602,0,1.0,-2.127063,0
45,30,0.592,0,1.0,-2.7987766,0
45,31,0.589,2,-0.05,-2.7666914,0
45,32,0.582,1,-0.05,-3.1421523,0
45,33,0.598,1,-0.05,-2.8109598,0
45,34,0.594,2,-0.05,-2.44068,0
45,35,0.589,1,-0.05,-2.6098175,0
45,36,0.598,0,1.0,-2.411326,0
45,37,0.581,0,1.0,-2.20347,0
45,38,0.567,1,-0.05,-2.2089458,0
45,39,0.573,2,-0.05,-2.2494812,0
45,40,0.562,0,1.0,-2.2792222,0
45,41,0.549,0,1.0,-2.3355958,0
45,42,0.541,0,1.0,-2.5026026,0
45,43,0.549,1,-0.05,-2.502253,0
45,44,0.546,2,-0.05,-2.5165174,0
45,45,0.553,0,1.0,-2.7979336,0
45,46,0.529,0,1.0,-3.0928276,0
45,47,0.532,0,1.0,-2.9612558,0
45,48,0.541,0,1.0,-2.750733,0
45,49,0.539,0,1.0,-2.7019796,0
45,50,0.550,2,-0.05,-2.6295347,0
45,51,0.548,0,1.0,-2.2204044,0
45,52,0.555,2,-0.05,-2.2493668,0
45,53,0.540,0,1.0,-2.2635422,0
45,54,0.545,0,1.0,-2.5674727,0
45,55,0.531,0,1.0,-2.5798848,0
45,56,0.556,1,-0.05,-2.5848389,0
45,57,0.546,0,1.0,-1.8769162,0
45,58,0.543,0,1.0,-1.9819024,0
45,59,0.550,1,-0.05,-1.2048956,0
45,60,0.542,0,1.0,-1.1950598,0
45,61,0.547,0,1.0,-1.0988417,0
45,62,0.537,0,1.0,-1.1571761,0
45,63,0.544,2,-0.05,-1.3036053,0
45,64,0.550,1,-0.05,-1.3392798,0
45,65,0.000,0,1.0,-1.4658253,0
45,66,0.000,1,-0.05,-0.09720791,0
45,67,0.000,1,-0.05,-0.09705326,0
45,68,0.000,1,-0.05,-0.096862845,0
45,69,0.000,2,-0.05,-0.0966228,0
45,70,0.000,2,-0.05,-0.09641415,0
45,71,0.000,2,-0.05,-0.0966429,0
45,72,0.000,1,-0.05,-0.09633904,0
45,73,0.000,0,1.0,-0.096075535,0
45,74,0.000,0,1.0,-0.09639019,0
45,75,0.000,0,1.0,-0.09666017,0
45,76,0.000,2,-0.05,-0.096516974,0
45,77,0.000,2,-0.05,-0.096305765,0
45,78,0.000,2,-0.05,-0.09666212,0
