epoch,step,min_lidar,action,reward,q_max,loss_placeholder
1,0,0.660,1,-0.05,0.9665121
1,1,0.665,2,-0.05,1.0152926
1,2,0.674,2,-0.05,0.9788848
1,3,0.666,2,-0.05,1.0155671
1,4,0.659,2,-0.05,1.1895213
1,5,0.665,0,1.0,1.3605146
1,6,0.658,1,-0.05,1.521141
1,7,0.677,2,-0.05,1.5196655
1,8,0.674,0,1.0,1.5425744
1,9,0.691,0,1.0,1.7838379
1,10,0.702,2,-0.05,1.7872269
1,11,0.697,0,1.0,1.797302
1,12,0.698,0,1.0,1.9679595
1,13,0.680,0,1.0,1.9453635
1,14,0.670,1,-0.05,1.9358237
1,15,0.653,0,1.0,1.912227
1,16,0.647,1,-0.05,1.704696
1,17,0.631,0,1.0,1.6695609
1,18,0.628,0,1.0,1.439974
1,19,0.609,1,-0.05,1.4293675
1,20,0.612,0,1.0,1.3786347
1,21,0.606,2,-0.05,1.3112156
1,22,0.609,0,1.0,1.2980071
1,23,0.595,2,-0.05,1.3599687
1,24,0.605,2,-0.05,1.3495408
1,25,0.589,1,-0.05,1.6337179
1,26,0.578,0,1.0,1.5634167
1,27,0.586,1,-0.05,1.3512876
1,28,0.584,2,-0.05,1.3188424
1,29,0.570,0,1.0,1.3592098
1,30,0.561,2,-0.05,1.568837
1,31,0.565,2,-0.05,1.5819852
1,32,0.539,0,1.0,1.8070369
1,33,0.531,2,-0.05,1.8611383
1,34,0.532,0,1.0,1.8673551
1,35,0.509,1,-0.05,1.8656906
1,36,0.507,2,-0.05,1.8575633
1,37,0.508,2,-0.05,1.8522365
1,38,0.506,1,-0.05,1.7583895
1,39,0.491,2,-0.05,1.7571919
1,40,0.501,2,-0.05,1.7629564
1,41,0.484,2,-0.05,1.8379822
1,42,0.491,2,-0.05,2.127799
1,43,0.480,2,-0.05,2.3206813
1,44,0.457,1,-0.05,2.4954877
1,45,0.471,2,-0.05,2.368233
1,46,0.462,2,-0.05,2.519404
1,47,0.443,1,-0.05,2.7236078
1,48,0.444,2,-0.05,2.6470664
1,49,0.427,2,-0.05,2.735053
1,50,0.417,0,1.0,2.9023304
1,51,0.379,0,1.0,3.0983136
1,52,0.369,2,-0.05,3.2274976
1,53,0.349,1,-0.05,3.311744
1,54,0.340,1,-0.05,3.3087702
1,55,0.339,2,-0.05,2.9564924
1,56,0.334,2,-0.05,3.0018709
1,57,0.338,2,-0.05,3.3583384
1,58,0.315,2,-0.05,3.4192457
1,59,0.287,0,1.0,3.4769242
1,60,0.272,1,-0.05,3.4681814
1,61,0.257,1,-0.05,3.5181491
1,62,0.235,0,-100.0,3.6417446
2,0,0.660,0,1.0,0.96646535
2,1,0.664,2,-0.05,0.9763775
2,2,0.669,0,1.0,0.8812807
2,3,0.667,2,-0.05,0.872101
2,4,0.659,1,-0.05,0.8296083
2,5,0.661,1,-0.05,0.7735771
2,6,0.666,0,1.0,0.60577685
2,7,0.669,0,1.0,0.57498777
2,8,0.662,0,1.0,0.5592486
2,9,0.669,0,1.0,0.53271383
2,10,0.643,2,-0.05,0.5170705
2,11,0.654,1,-0.05,0.50560117
2,12,0.648,1,-0.05,0.5191541
2,13,0.658,0,1.0,0.555043
2,14,0.642,0,1.0,0.78417706
2,15,0.633,0,1.0,0.7608915
2,16,0.619,1,-0.05,0.75172985
2,17,0.622,0,1.0,0.8341007
2,18,0.620,1,-0.05,1.3123751
2,19,0.619,2,-0.05,1.3179001
2,20,0.605,2,-0.05,1.2011954
2,21,0.591,0,1.0,0.69951653
2,22,0.592,0,1.0,0.46482503
2,23,0.575,2,-0.05,0.45553964
2,24,0.574,0,1.0,0.385792
2,25,0.573,1,-0.05,0.37281471
2,26,0.589,2,-0.05,0.40156356
2,27,0.571,0,1.0,0.44097754
2,28,0.573,1,-0.05,0.4768125
2,29,0.574,2,-0.05,0.4977172
2,30,0.572,2,-0.05,0.48015013
2,31,0.574,1,-0.05,0.67491114
2,32,0.579,1,-0.05,0.624232
2,33,0.584,0,1.0,0.52936906
2,34,0.587,1,-0.05,0.5692936
2,35,0.578,0,1.0,0.5671706
2,36,0.562,2,-0.05,0.5073802
2,37,0.560,0,1.0,0.5193038
2,38,0.557,2,-0.05,0.6060815
2,39,0.570,2,-0.05,0.6455237
2,40,0.551,0,1.0,0.58560216
2,41,0.567,1,-0.05,0.6487017
2,42,0.573,0,1.0,0.6583719
2,43,0.572,2,-0.05,0.6773876
2,44,0.565,0,1.0,0.6958447
2,45,0.557,2,-0.05,0.7124928
2,46,0.564,2,-0.05,0.7251743
2,47,0.569,2,-0.05,0.9205592
2,48,0.556,2,-0.05,1.1770971
2,49,0.567,2,-0.05,1.1506884
2,50,0.557,0,1.0,1.486551
2,51,0.569,2,-0.05,1.5935401
2,52,0.592,0,1.0,1.5633506
2,53,0.582,1,-0.05,1.6208373
2,54,0.607,0,1.0,1.5778033
2,55,0.608,2,-0.05,1.3997667
2,56,0.624,2,-0.05,1.4275864
2,57,0.628,2,-0.05,1.5383549
2,58,0.634,1,-0.05,1.6171118
2,59,0.639,1,-0.05,1.5467535
2,60,0.638,1,-0.05,1.3842752
2,61,0.640,2,-0.05,1.21988
2,62,0.650,0,1.0,1.2129548
2,63,0.650,2,-0.05,1.4278352
2,64,0.656,0,1.0,1.5258547
2,65,0.674,1,-0.05,1.5971907
2,66,0.669,2,-0.05,1.644175
2,67,0.679,2,-0.05,1.9361948
2,68,0.685,2,-0.05,2.038004
2,69,0.682,2,-0.05,1.8721745
2,70,0.709,0,1.0,1.880999
2,71,0.699,2,-0.05,1.6471845
2,72,0.708,1,-0.05,1.6432061
2,73,0.694,2,-0.05,1.725157
2,74,0.685,2,-0.05,1.720843
2,75,0.671,1,-0.05,1.2052256
2,76,0.659,0,1.0,1.489589
2,77,0.642,0,1.0,1.8756588
2,78,0.616,0,1.0,1.8472985
2,79,0.563,0,1.0,1.8111912
2,80,0.556,0,1.0,1.7935342
2,81,0.542,0,1.0,1.4959387
2,82,0.523,2,-0.05,1.5042818
2,83,0.511,1,-0.05,1.4989383
2,84,0.498,1,-0.05,1.8702508
2,85,0.497,2,-0.05,2.207953
2,86,0.498,1,-0.05,2.0360203
2,87,0.479,2,-0.05,2.1067407
2,88,0.481,0,1.0,2.1403093
2,89,0.449,2,-0.05,1.7979217
2,90,0.460,1,-0.05,1.7885262
2,91,0.440,0,1.0,1.8602298
2,92,0.428,1,-0.05,2.1920698
2,93,0.405,0,1.0,2.2374337
2,94,0.388,2,-0.05,2.5103157
2,95,0.392,2,-0.05,2.5397284
2,96,0.387,2,-0.05,2.3247435
2,97,0.383,1,-0.05,2.0508318
2,98,0.378,2,-0.05,2.1321273
2,99,0.350,0,1.0,2.130542
2,100,0.346,1,-0.05,1.7370948
2,101,0.341,2,-0.05,1.7360911
2,102,0.330,2,-0.05,1.5953788
2,103,0.312,0,1.0,1.671588
2,104,0.291,1,-0.05,1.5849812
2,105,0.291,2,-0.05,1.6277142
2,106,0.290,1,-0.05,1.6844944
2,107,0.258,0,1.0,1.7404581
2,108,0.232,0,-100.0,1.7899661
3,0,0.661,0,1.0,3.8341963
3,1,0.664,2,-0.05,3.630289
3,2,0.661,2,-0.05,3.4500515
3,3,0.659,2,-0.05,3.433532
3,4,0.667,1,-0.05,3.5988178
3,5,0.669,1,-0.05,3.3303761
3,6,0.670,2,-0.05,2.970697
3,7,0.670,0,1.0,2.8969555
3,8,0.676,0,1.0,3.0839403
3,9,0.671,0,1.0,2.9919136
3,10,0.669,1,-0.05,2.8795679
3,11,0.680,0,1.0,2.7805405
3,12,0.687,0,1.0,2.3378649
3,13,0.694,0,1.0,2.2486405
3,14,0.689,2,-0.05,2.1353724
3,15,0.689,0,1.0,2.0777876
3,16,0.694,1,-0.05,2.3427997
3,17,0.694,2,-0.05,2.0457878
3,18,0.693,0,1.0,2.231094
3,19,0.680,1,-0.05,2.2608643
3,20,0.706,1,-0.05,2.1914
3,21,0.704,2,-0.05,1.9828005
3,22,0.711,0,1.0,1.9543897
3,23,0.691,2,-0.05,1.9670829
3,24,0.697,1,-0.05,1.915277
3,25,0.684,1,-0.05,1.8225043
3,26,0.690,1,-0.05,1.7167734
3,27,0.689,0,1.0,1.4480844
3,28,0.679,1,-0.05,1.2710426
3,29,0.686,2,-0.05,1.2165474
3,30,0.694,2,-0.05,1.1664143
3,31,0.681,2,-0.05,1.2327396
3,32,0.683,1,-0.05,1.3655006
3,33,0.696,1,-0.05,1.2800895
3,34,0.666,0,1.0,1.0523028
3,35,0.685,0,1.0,0.8614068
3,36,0.674,1,-0.05,0.9037554
3,37,0.663,1,-0.05,0.82569903
3,38,0.663,0,1.0,0.7826254
3,39,0.671,0,1.0,0.8273995
3,40,0.677,1,-0.05,0.75353706
3,41,0.662,1,-0.05,0.6900277
3,42,0.675,2,-0.05,0.6397889
3,43,0.674,1,-0.05,0.57540214
3,44,0.678,1,-0.05,0.526635
3,45,0.691,2,-0.05,0.31352448
3,46,0.690,0,1.0,0.31060877
3,47,0.693,1,-0.05,0.40233058
3,48,0.698,2,-0.05,0.3328226
3,49,0.697,0,1.0,0.2752229
3,50,0.700,2,-0.05,0.33021578
3,51,0.695,1,-0.05,0.31764904
3,52,0.703,0,1.0,0.23480126
3,53,0.706,0,1.0,0.08543544
3,54,0.697,2,-0.05,0.044284217
3,55,0.691,1,-0.05,0.039527737
3,56,0.698,0,1.0,0.026109667
3,57,0.694,1,-0.05,0.047790453
3,58,0.696,1,-0.05,0.016168745
3,59,0.686,0,1.0,0.13268676
3,60,0.664,1,-0.05,0.4778925
3,61,0.680,2,-0.05,0.48082328
3,62,0.657,2,-0.05,0.43472776
3,63,0.664,0,1.0,0.3728183
3,64,0.646,0,1.0,0.2004771
3,65,0.638,1,-0.05,0.32214847
3,66,0.643,0,1.0,0.39164147
3,67,0.628,0,1.0,0.7284112
3,68,0.613,1,-0.05,0.7985636
3,69,0.617,2,-0.05,0.9833924
3,70,0.611,1,-0.05,1.0812513
3,71,0.607,0,1.0,1.1984285
3,72,0.584,0,1.0,1.527033
3,73,0.582,0,1.0,1.6008843
3,74,0.569,1,-0.05,1.6212023
3,75,0.569,1,-0.05,1.6894118
3,76,0.571,2,-0.05,1.8941473
3,77,0.564,2,-0.05,1.9526421
3,78,0.542,2,-0.05,1.9501079
3,79,0.551,1,-0.05,1.9768919
3,80,0.535,1,-0.05,2.055273
3,81,0.532,1,-0.05,2.2533557
3,82,0.536,0,1.0,2.2935727
3,83,0.517,1,-0.05,2.4316776
3,84,0.526,2,-0.05,2.4457917
3,85,0.505,2,-0.05,2.5763233
3,86,0.502,0,1.0,2.620523
3,87,0.482,0,1.0,2.7207704
3,88,0.476,2,-0.05,2.7008173
3,89,0.463,2,-0.05,2.7890193
3,90,0.466,0,1.0,2.9616737
3,91,0.427,1,-0.05,2.8447647
3,92,0.446,2,-0.05,3.0677829
3,93,0.446,0,1.0,2.9961703
3,94,0.430,0,1.0,3.0891488
3,95,0.427,1,-0.05,3.1383338
3,96,0.411,0,1.0,3.213592
3,97,0.420,0,1.0,3.379101
3,98,0.405,0,1.0,3.4614902
3,99,0.400,2,-0.05,3.5269954
3,100,0.375,0,1.0,3.572033
3,101,0.376,0,1.0,3.6754427
3,102,0.370,2,-0.05,3.7241955
3,103,0.368,1,-0.05,3.755373
3,104,0.341,0,1.0,3.843026
3,105,0.363,2,-0.05,3.987723
3,106,0.361,2,-0.05,4.3914566
3,107,0.346,2,-0.05,4.2085466
3,108,0.333,0,1.0,4.2116523
3,109,0.338,2,-0.05,4.4758677
3,110,0.336,1,-0.05,4.570106
3,111,0.330,1,-0.05,4.6249385
3,112,0.337,0,1.0,4.635407
3,113,0.325,1,-0.05,5.1481557
3,114,0.322,1,-0.05,5.29504
3,115,0.325,2,-0.05,5.347987
3,116,0.325,2,-0.05,5.4830666
3,117,0.317,0,1.0,5.539127
3,118,0.308,2,-0.05,5.45879
3,119,0.300,1,-0.05,5.52792
3,120,0.302,1,-0.05,5.5841513
3,121,0.297,2,-0.05,5.933299
3,122,0.301,1,-0.05,5.793814
3,123,0.292,2,-0.05,6.061235
3,124,0.282,0,1.0,6.0914106
3,125,0.278,1,-0.05,6.053619
3,126,0.284,2,-0.05,6.117618
3,127,0.270,0,1.0,6.2135468
3,128,0.260,0,1.0,6.23384
3,129,0.271,0,1.0,6.3505216
3,130,0.263,1,-0.05,6.355431
3,131,0.265,0,1.0,6.573319
3,132,0.256,2,-0.05,6.7785115
3,133,0.267,2,-0.05,6.8298993
3,134,0.250,2,-0.05,6.692841
3,135,0.244,1,-100.0,6.832801
4,0,0.653,2,-0.05,6.90474
4,1,0.659,0,1.0,6.6793146
4,2,0.678,0,1.0,6.5315166
4,3,0.668,1,-0.05,6.3169723
4,4,0.665,0,1.0,6.2122526
4,5,0.671,1,-0.05,6.1829095
4,6,0.667,1,-0.05,6.0569167
4,7,0.677,1,-0.05,6.0709696
4,8,0.679,1,-0.05,5.95493
4,9,0.676,2,-0.05,5.8622923
4,10,0.670,2,-0.05,5.763742
4,11,0.685,2,-0.05,5.6288204
4,12,0.667,0,1.0,5.5792694
4,13,0.672,0,1.0,5.4041157
4,14,0.666,1,-0.05,5.3202896
4,15,0.674,1,-0.05,5.224175
4,16,0.672,1,-0.05,5.2385006
4,17,0.667,1,-0.05,5.1087427
4,18,0.670,0,1.0,5.0636525
4,19,0.668,1,-0.05,4.8097243
4,20,0.666,1,-0.05,4.714554
4,21,0.662,2,-0.05,4.5299535
4,22,0.653,2,-0.05,4.485919
4,23,0.659,1,-0.05,4.468385
4,24,0.648,0,1.0,4.345955
4,25,0.637,1,-0.05,4.1550713
4,26,0.631,2,-0.05,4.085853
4,27,0.642,2,-0.05,4.014505
4,28,0.635,0,1.0,4.0400434
4,29,0.617,2,-0.05,4.0030746
4,30,0.618,1,-0.05,3.8840396
4,31,0.623,2,-0.05,3.846864
4,32,0.622,2,-0.05,3.7232707
4,33,0.613,2,-0.05,3.6350327
4,34,0.617,2,-0.05,3.5372803
4,35,0.614,2,-0.05,3.6002162
4,36,0.620,0,1.0,3.6637347
4,37,0.610,1,-0.05,3.632099
4,38,0.622,0,1.0,3.574175
4,39,0.633,2,-0.05,3.52373
4,40,0.629,1,-0.05,3.502613
4,41,0.636,2,-0.05,3.3894105
4,42,0.620,0,1.0,3.3790898
4,43,0.627,2,-0.05,3.4251378
4,44,0.629,2,-0.05,3.3832636
4,45,0.639,0,1.0,3.2996204
4,46,0.651,0,1.0,3.1511493
4,47,0.650,0,1.0,3.168456
4,48,0.657,2,-0.05,3.161665
4,49,0.673,0,1.0,3.1497228
4,50,0.675,2,-0.05,3.0280879
4,51,0.681,0,1.0,3.020803
4,52,0.693,2,-0.05,3.0057678
4,53,0.698,0,1.0,2.9806545
4,54,0.705,1,-0.05,2.866086
4,55,0.694,0,1.0,2.8295105
4,56,0.676,0,1.0,2.9029922
4,57,0.681,2,-0.05,2.8656182
4,58,0.667,2,-0.05,2.8312025
4,59,0.669,2,-0.05,2.6676831
4,60,0.647,0,1.0,2.5212326
4,61,0.629,1,-0.05,2.3124228
4,62,0.613,2,-0.05,2.2684648
4,63,0.615,0,1.0,2.2439384
4,64,0.608,0,1.0,2.0942721
4,65,0.588,1,-0.05,2.07471
4,66,0.572,0,1.0,2.0636282
4,67,0.556,1,-0.05,2.165509
4,68,0.542,1,-0.05,2.151255
4,69,0.533,1,-0.05,2.2819273
4,70,0.531,2,-0.05,2.324626
4,71,0.527,2,-0.05,2.2939885
4,72,0.523,2,-0.05,2.1516142
4,73,0.521,0,1.0,2.0332198
4,74,0.485,0,1.0,1.9331741
4,75,0.452,0,1.0,1.9271137
4,76,0.440,1,-0.05,1.915445
4,77,0.437,0,1.0,1.9015645
4,78,0.394,0,1.0,1.9525577
4,79,0.374,2,-0.05,1.8208237
4,80,0.385,0,1.0,1.8016315
4,81,0.364,2,-0.05,1.6524979
4,82,0.366,2,-0.05,1.6390893
4,83,0.339,0,1.0,1.5654165
4,84,0.322,1,-0.05,1.5483443
4,85,0.318,1,-0.05,1.5520296
4,86,0.312,1,-0.05,1.5901667
4,87,0.314,1,-0.05,1.602401
4,88,0.295,0,1.0,1.75923
4,89,0.286,2,-0.05,1.8636228
4,90,0.276,2,-0.05,1.7398775
4,91,0.261,2,-0.05,1.7513142
4,92,0.263,1,-0.05,1.5793892
4,93,0.263,1,-0.05,1.5913044
4,94,0.253,2,-0.05,1.7830995
4,95,0.239,2,-100.0,1.5725906
5,0,0.653,2,-0.05,4.79124
5,1,0.661,1,-0.05,4.589276
5,2,0.669,0,1.0,4.6000304
5,3,0.663,1,-0.05,4.6580596
5,4,0.665,1,-0.05,4.572917
5,5,0.663,2,-0.05,4.472476
5,6,0.667,1,-0.05,4.4294
5,7,0.669,1,-0.05,4.383103
5,8,0.661,0,1.0,4.366091
5,9,0.658,0,1.0,4.192327
5,10,0.653,2,-0.05,4.1640096
5,11,0.643,1,-0.05,4.1517434
5,12,0.641,2,-0.05,4.102817
5,13,0.639,1,-0.05,4.122131
5,14,0.640,2,-0.05,4.0597467
5,15,0.634,0,1.0,4.053487
5,16,0.626,1,-0.05,4.260682
5,17,0.617,1,-0.05,4.173996
5,18,0.617,2,-0.05,3.9859333
5,19,0.613,2,-0.05,3.9901597
5,20,0.603,1,-0.05,4.1312804
5,21,0.596,0,1.0,4.0156
5,22,0.602,2,-0.05,3.9178343
5,23,0.595,2,-0.05,3.906624
5,24,0.590,1,-0.05,3.969171
5,25,0.602,0,1.0,3.915292
5,26,0.595,0,1.0,3.8546522
5,27,0.573,1,-0.05,3.861269
5,28,0.582,0,1.0,3.9353518
5,29,0.551,1,-0.05,4.0884314
5,30,0.555,1,-0.05,4.080756
5,31,0.561,2,-0.05,4.0978703
5,32,0.555,2,-0.05,4.136872
5,33,0.549,1,-0.05,4.1015725
5,34,0.540,0,1.0,4.048283
5,35,0.528,2,-0.05,4.0008473
5,36,0.498,0,1.0,3.9921017
5,37,0.497,0,1.0,3.997544
5,38,0.490,2,-0.05,4.0287876
5,39,0.492,1,-0.05,4.006784
5,40,0.490,0,1.0,3.9817667
5,41,0.472,1,-0.05,3.979765
5,42,0.462,2,-0.05,3.9851203
5,43,0.446,0,1.0,4.040703
5,44,0.450,2,-0.05,4.032095
5,45,0.439,0,1.0,4.052123
5,46,0.428,0,1.0,4.1417756
5,47,0.413,1,-0.05,4.1361737
5,48,0.407,1,-0.05,4.2478137
5,49,0.412,1,-0.05,3.9948282
5,50,0.404,1,-0.05,3.9254081
5,51,0.401,2,-0.05,3.7058694
5,52,0.391,1,-0.05,3.812035
5,53,0.392,1,-0.05,3.720229
5,54,0.391,1,-0.05,3.5664365
5,55,0.397,2,-0.05,3.3702343
5,56,0.389,1,-0.05,3.42903
5,57,0.380,2,-0.05,3.424607
5,58,0.359,0,1.0,3.4614246
5,59,0.358,1,-0.05,3.7095757
5,60,0.359,1,-0.05,3.535525
5,61,0.338,0,1.0,3.521024
5,62,0.315,2,-0.05,3.5283577
5,63,0.296,0,1.0,3.6573205
5,64,0.297,2,-0.05,3.653382
5,65,0.291,1,-0.05,3.725512
5,66,0.278,0,1.0,3.9386225
5,67,0.256,2,-0.05,4.0205975
5,68,0.243,0,-100.0,4.0965486
6,0,0.656,2,-0.05,4.485694
6,1,0.664,2,-0.05,4.2025437
6,2,0.661,2,-0.05,4.2266865
6,3,0.661,2,-0.05,4.0919676
6,4,0.657,2,-0.05,3.5940287
6,5,0.674,2,-0.05,2.8976738
6,6,0.675,0,1.0,2.2649264
6,7,0.680,1,-0.05,1.6782132
6,8,0.680,1,-0.05,1.5437446
6,9,0.684,2,-0.05,1.949135
6,10,0.695,0,1.0,1.6331882
6,11,0.699,2,-0.05,0.9976923
6,12,0.696,0,1.0,0.91658235
6,13,0.691,1,-0.05,0.54915524
6,14,0.688,2,-0.05,0.47688612
6,15,0.689,2,-0.05,0.24977502
6,16,0.666,1,-0.05,-0.31863147
6,17,0.666,0,1.0,-0.13032004
6,18,0.656,1,-0.05,0.23378398
6,19,0.649,2,-0.05,0.36223444
6,20,0.650,2,-0.05,0.22186756
6,21,0.635,1,-0.05,-0.17107995
6,22,0.644,0,1.0,-0.12104942
6,23,0.616,2,-0.05,0.10395457
6,24,0.621,1,-0.05,0.050263193
6,25,0.620,2,-0.05,0.038113665
6,26,0.611,0,1.0,-0.09577286
6,27,0.589,0,1.0,-0.47446576
6,28,0.569,0,1.0,-0.66800827
6,29,0.556,0,1.0,-0.75893676
6,30,0.541,2,-0.05,-0.8476709
6,31,0.540,1,-0.05,-0.94839835
6,32,0.536,2,-0.05,-0.8876327
6,33,0.526,1,-0.05,-1.0803525
6,34,0.523,1,-0.05,-0.9871192
6,35,0.507,0,1.0,-0.6759118
6,36,0.499,1,-0.05,-0.59160817
6,37,0.483,2,-0.05,-0.62996715
6,38,0.490,2,-0.05,-0.6442421
6,39,0.483,0,1.0,-0.94286174
6,40,0.472,2,-0.05,-1.2754933
6,41,0.459,1,-0.05,-1.4177057
6,42,0.463,1,-0.05,-1.3406976
6,43,0.442,2,-0.05,-1.0537168
6,44,0.450,0,1.0,-1.2314299
6,45,0.426,1,-0.05,-1.6114476
6,46,0.427,1,-0.05,-1.642477
6,47,0.417,2,-0.05,-1.3415287
6,48,0.405,0,1.0,-1.4358369
6,49,0.395,0,1.0,-1.7909349
6,50,0.364,0,1.0,-1.8477726
6,51,0.354,2,-0.05,-1.9065402
6,52,0.354,1,-0.05,-1.9820883
6,53,0.344,2,-0.05,-1.9066027
6,54,0.342,1,-0.05,-2.0122426
6,55,0.326,0,1.0,-1.9639804
6,56,0.312,1,-0.05,-1.6061696
6,57,0.319,2,-0.05,-1.5978798
6,58,0.306,2,-0.05,-1.9042528
6,59,0.302,2,-0.05,-2.1811452
6,60,0.304,1,-0.05,-2.4329882
6,61,0.289,0,1.0,-2.2859821
6,62,0.265,2,-0.05,-2.2204518
6,63,0.272,2,-0.05,-2.2557635
6,64,0.270,2,-0.05,-2.3242214
6,65,0.241,0,-100.0,-2.5344028
7,0,0.656,2,-0.05,0.8142729
7,1,0.664,2,-0.05,0.72761154
7,2,0.655,1,-0.05,0.7158376
7,3,0.661,2,-0.05,0.62626374
7,4,0.660,2,-0.05,0.58089596
7,5,0.676,0,1.0,0.54091775
7,6,0.652,2,-0.05,0.29375297
7,7,0.683,0,1.0,0.22532848
7,8,0.675,0,1.0,-0.23704466
7,9,0.696,0,1.0,-0.2698801
7,10,0.707,1,-0.05,-0.34989098
7,11,0.701,1,-0.05,-0.379227
7,12,0.693,0,1.0,0.027742133
7,13,0.697,2,-0.05,0.28023124
7,14,0.682,0,1.0,0.24968596
7,15,0.671,1,-0.05,0.0059131235
7,16,0.676,0,1.0,-0.03901624
7,17,0.675,2,-0.05,0.12738138
7,18,0.673,1,-0.05,0.08835429
7,19,0.660,2,-0.05,0.25335824
7,20,0.673,0,1.0,0.033766188
7,21,0.663,2,-0.05,-0.21247539
7,22,0.666,1,-0.05,-0.440399
7,23,0.649,0,1.0,-0.65586704
7,24,0.648,1,-0.05,-0.1528871
7,25,0.639,2,-0.05,-0.17655784
7,26,0.648,2,-0.05,-0.35556436
7,27,0.647,0,1.0,-0.92249763
7,28,0.639,2,-0.05,-1.2931043
7,29,0.642,1,-0.05,-1.3963541
7,30,0.622,1,-0.05,-1.3431817
7,31,0.614,2,-0.05,-1.0776323
7,32,0.616,0,1.0,-1.3556888
7,33,0.601,0,1.0,-1.739096
7,34,0.593,0,1.0,-1.819697
7,35,0.589,2,-0.05,-1.9629502
7,36,0.576,1,-0.05,-2.0922766
7,37,0.568,1,-0.05,-2.1206608
7,38,0.574,2,-0.05,-1.830353
7,39,0.568,2,-0.05,-2.0615761
7,40,0.559,0,1.0,-2.434057
7,41,0.546,0,1.0,-2.8334644
7,42,0.522,0,1.0,-2.983699
7,43,0.527,1,-0.05,-3.1041932
7,44,0.516,2,-0.05,-3.2195034
7,45,0.511,0,1.0,-3.3112633
7,46,0.487,1,-0.05,-3.8256505
7,47,0.489,0,1.0,-3.903481
7,48,0.468,2,-0.05,-3.6229756
7,49,0.467,0,1.0,-3.737421
7,50,0.461,1,-0.05,-4.4545865
7,51,0.464,2,-0.05,-4.310302
7,52,0.443,1,-0.05,-4.797723
7,53,0.444,2,-0.05,-4.7004447
7,54,0.429,1,-0.05,-4.9796805
7,55,0.433,1,-0.05,-4.903232
7,56,0.422,2,-0.05,-4.2685466
7,57,0.416,1,-0.05,-4.492295
7,58,0.412,0,1.0,-4.4115047
7,59,0.401,0,1.0,-4.2108555
7,60,0.377,2,-0.05,-4.3284984
7,61,0.377,1,-0.05,-4.373699
7,62,0.376,1,-0.05,-4.450075
7,63,0.380,2,-0.05,-4.008705
7,64,0.379,1,-0.05,-4.023222
7,65,0.367,0,1.0,-3.962247
7,66,0.363,1,-0.05,-3.6455195
7,67,0.353,2,-0.05,-3.5591476
7,68,0.362,2,-0.05,-3.62641
7,69,0.355,0,1.0,-3.944045
7,70,0.348,2,-0.05,-4.1585903
7,71,0.337,0,1.0,-4.1938963
7,72,0.322,2,-0.05,-4.8962493
7,73,0.318,0,1.0,-4.9582863
7,74,0.295,2,-0.05,-5.749067
7,75,0.294,2,-0.05,-5.7579536
7,76,0.293,2,-0.05,-6.0986223
7,77,0.280,0,1.0,-6.5749393
7,78,0.252,2,-0.05,-6.807247
7,79,0.254,1,-0.05,-6.823617
7,80,0.260,2,-0.05,-6.7428656
7,81,0.244,2,-100.0,-6.7803936
8,0,0.659,0,1.0,3.2710178
8,1,0.661,1,-0.05,3.1680307
8,2,0.669,0,1.0,3.1745353
8,3,0.663,0,1.0,3.043301
8,4,0.662,2,-0.05,3.3363004
8,5,0.664,2,-0.05,3.2947817
8,6,0.660,1,-0.05,3.2928424
8,7,0.668,1,-0.05,3.331517
8,8,0.662,2,-0.05,3.1958601
8,9,0.646,1,-0.05,3.3014038
8,10,0.665,1,-0.05,3.216833
8,11,0.666,1,-0.05,2.890944
8,12,0.667,0,1.0,2.5716863
8,13,0.651,0,1.0,1.5530478
8,14,0.627,1,-0.05,1.598415
8,15,0.646,1,-0.05,1.4840117
8,16,0.637,1,-0.05,0.5886084
8,17,0.622,0,1.0,-0.047741257
8,18,0.629,1,-0.05,-0.7262169
8,19,0.619,1,-0.05,-0.76743996
8,20,0.620,1,-0.05,-1.5848821
8,21,0.613,0,1.0,-2.4696648
8,22,0.590,1,-0.05,-3.2057037
8,23,0.575,0,1.0,-3.1005116
8,24,0.559,2,-0.05,-3.335104
8,25,0.562,2,-0.05,-3.3350804
8,26,0.556,1,-0.05,-3.269183
8,27,0.534,1,-0.05,-3.4164019
8,28,0.541,1,-0.05,-3.6962552
8,29,0.527,0,1.0,-3.7692397
8,30,0.503,2,-0.05,-3.9231372
8,31,0.489,1,-0.05,-3.995482
8,32,0.501,2,-0.05,-4.054419
8,33,0.472,1,-0.05,-4.021914
8,34,0.474,2,-0.05,-4.090688
8,35,0.459,0,1.0,-4.0231047
8,36,0.428,2,-0.05,-3.894578
8,37,0.429,1,-0.05,-3.8906124
8,38,0.429,1,-0.05,-3.9202247
8,39,0.394,0,1.0,-4.0248594
8,40,0.379,2,-0.05,-4.007149
8,41,0.376,2,-0.05,-3.9550087
8,42,0.365,1,-0.05,-3.998071
8,43,0.351,0,1.0,-3.9177995
8,44,0.322,0,1.0,-4.024093
8,45,0.303,1,-0.05,-3.9704623
8,46,0.283,0,1.0,-4.057728
8,47,0.266,1,-0.05,-4.5798726
8,48,0.246,1,-100.0,-4.600054
9,0,0.653,2,-0.05,4.8340054
9,1,0.668,0,1.0,4.363472
9,2,0.664,1,-0.05,3.7579813
9,3,0.674,0,1.0,3.487459
9,4,0.672,0,1.0,3.5467448
9,5,0.673,0,1.0,3.4159377
9,6,0.677,2,-0.05,3.1729999
9,7,0.674,1,-0.05,3.0147963
9,8,0.674,2,-0.05,2.901622
9,9,0.684,0,1.0,2.6911492
9,10,0.666,1,-0.05,2.3141408
9,11,0.689,2,-0.05,2.1590796
9,12,0.680,0,1.0,1.9554608
9,13,0.686,1,-0.05,1.411971
9,14,0.681,0,1.0,1.3413812
9,15,0.697,0,1.0,1.743678
9,16,0.695,2,-0.05,1.7068172
9,17,0.691,0,1.0,1.644021
9,18,0.699,1,-0.05,1.1436491
9,19,0.704,0,1.0,1.2336959
9,20,0.692,0,1.0,1.72367
9,21,0.704,1,-0.05,1.5759237
9,22,0.700,2,-0.05,1.6796658
9,23,0.694,1,-0.05,1.497852
9,24,0.687,1,-0.05,1.6763628
9,25,0.690,0,1.0,2.3003552
9,26,0.696,2,-0.05,2.295245
9,27,0.688,1,-0.05,2.3940916
9,28,0.680,0,1.0,3.0397556
9,29,0.699,1,-0.05,2.7914445
9,30,0.694,1,-0.05,2.8249602
9,31,0.694,1,-0.05,2.9391882
9,32,0.686,2,-0.05,2.467016
9,33,0.687,0,1.0,2.8841026
9,34,0.702,1,-0.05,3.2958858
9,35,0.691,0,1.0,3.3126612
9,36,0.697,2,-0.05,3.083975
9,37,0.705,0,1.0,3.2576098
9,38,0.703,0,1.0,3.7336252
9,39,0.685,0,1.0,3.7881603
9,40,0.695,1,-0.05,4.0335984
9,41,0.687,0,1.0,4.0607705
9,42,0.688,1,-0.05,3.67667
9,43,0.699,1,-0.05,3.7760172
9,44,0.682,2,-0.05,2.4819574
9,45,0.673,2,-0.05,3.553094
9,46,0.667,0,1.0,4.3603315
9,47,0.670,2,-0.05,5.190404
9,48,0.658,0,1.0,5.3950357
9,49,0.659,1,-0.05,6.1443357
9,50,0.671,2,-0.05,6.267839
9,51,0.669,1,-0.05,5.740642
9,52,0.673,1,-0.05,6.6255875
9,53,0.664,0,1.0,6.2706313
9,54,0.660,0,1.0,5.5712056
9,55,0.661,1,-0.05,5.5765142
9,56,0.671,1,-0.05,5.5478945
9,57,0.655,2,-0.05,4.9182386
9,58,0.653,0,1.0,5.718877
9,59,0.641,0,1.0,6.18395
9,60,0.645,2,-0.05,6.053123
9,61,0.639,2,-0.05,6.2344275
9,62,0.634,1,-0.05,7.418557
9,63,0.640,1,-0.05,7.7459836
9,64,0.640,2,-0.05,6.8545337
9,65,0.643,0,1.0,7.6314783
9,66,0.631,1,-0.05,8.960458
9,67,0.647,2,-0.05,9.541409
9,68,0.646,1,-0.05,9.863699
9,69,0.631,2,-0.05,9.968178
9,70,0.635,0,1.0,10.467975
9,71,0.649,0,1.0,11.506755
9,72,0.634,0,1.0,11.606066
9,73,0.644,1,-0.05,11.786309
9,74,0.643,0,1.0,11.797179
9,75,0.647,0,1.0,11.705517
9,76,0.637,1,-0.05,11.8422365
9,77,0.640,2,-0.05,12.060967
9,78,0.645,0,1.0,12.730964
9,79,0.637,2,-0.05,13.317863
9,80,0.634,1,-0.05,13.612978
9,81,0.642,1,-0.05,13.68361
9,82,0.631,0,1.0,13.487307
9,83,0.657,2,-0.05,13.208549
9,84,0.646,1,-0.05,13.546122
9,85,0.637,2,-0.05,13.245004
9,86,0.640,0,1.0,13.89824
9,87,0.638,2,-0.05,14.912969
9,88,0.624,0,1.0,15.09626
9,89,0.641,0,1.0,15.493568
9,90,0.628,0,1.0,15.413866
9,91,0.632,2,-0.05,15.977878
9,92,0.649,1,-0.05,16.100666
9,93,0.642,0,1.0,16.036062
9,94,0.641,1,-0.05,15.63974
9,95,0.652,0,1.0,16.101273
9,96,0.633,0,1.0,15.394425
9,97,0.640,1,-0.05,15.424957
9,98,0.632,2,-0.05,15.512507
9,99,0.628,0,1.0,15.95737
9,100,0.639,0,1.0,16.88213
9,101,0.621,0,1.0,16.91805
9,102,0.627,2,-0.05,16.852013
9,103,0.623,1,-0.05,16.979101
9,104,0.621,1,-0.05,17.393946
9,105,0.624,0,1.0,16.589884
9,106,0.621,1,-0.05,16.074907
9,107,0.619,2,-0.05,15.651417
9,108,0.604,2,-0.05,16.498898
9,109,0.615,0,1.0,17.55705
9,110,0.614,2,-0.05,18.175125
9,111,0.609,0,1.0,18.31615
9,112,0.607,2,-0.05,18.980217
9,113,0.608,0,1.0,19.025648
9,114,0.615,0,1.0,19.798218
9,115,0.609,2,-0.05,19.583824
9,116,0.613,0,1.0,19.606136
9,117,0.591,1,-0.05,20.089666
9,118,0.613,1,-0.05,20.117805
9,119,0.622,2,-0.05,20.070768
9,120,0.613,1,-0.05,20.008701
9,121,0.619,2,-0.05,20.261614
9,122,0.614,2,-0.05,20.592058
9,123,0.614,1,-0.05,20.791882
9,124,0.629,2,-0.05,20.86094
9,125,0.623,1,-0.05,21.067842
9,126,0.627,1,-0.05,21.475092
9,127,0.623,0,1.0,20.76269
9,128,0.632,1,-0.05,20.939972
9,129,0.624,1,-0.05,20.908146
9,130,0.633,2,-0.05,20.798826
9,131,0.631,2,-0.05,21.163067
9,132,0.627,2,-0.05,21.690617
9,133,0.639,1,-0.05,22.232487
9,134,0.641,0,1.0,22.071787
9,135,0.627,2,-0.05,21.795233
9,136,0.628,1,-0.05,21.790009
9,137,0.633,2,-0.05,22.037056
9,138,0.629,1,-0.05,22.386116
9,139,0.630,2,-0.05,23.133736
9,140,0.615,2,-0.05,23.438595
9,141,0.622,1,-0.05,23.350142
9,142,0.630,2,-0.05,23.444109
9,143,0.634,2,-0.05,23.73948
9,144,0.627,1,-0.05,24.466682
9,145,0.626,0,1.0,24.361416
9,146,0.629,0,1.0,24.57532
9,147,0.631,1,-0.05,24.95299
9,148,0.648,1,-0.05,25.545702
9,149,0.634,0,1.0,25.440277
9,150,0.625,0,1.0,25.156656
9,151,0.626,1,-0.05,24.540329
9,152,0.631,2,-0.05,23.948673
9,153,0.641,2,-0.05,24.956718
9,154,0.631,0,1.0,25.83587
9,155,0.643,0,1.0,26.288137
9,156,0.633,0,1.0,25.91136
9,157,0.637,2,-0.05,25.510872
9,158,0.633,1,-0.05,25.472702
9,159,0.655,1,-0.05,25.324287
9,160,0.643,1,-0.05,25.00464
9,161,0.639,2,-0.05,25.384418
9,162,0.641,1,-0.05,25.561096
9,163,0.645,0,1.0,25.845951
9,164,0.642,1,-0.05,25.310558
9,165,0.645,0,1.0,25.224487
9,166,0.632,2,-0.05,24.604313
9,167,0.639,1,-0.05,24.483297
9,168,0.626,0,1.0,24.033463
9,169,0.620,2,-0.05,23.072655
9,170,0.607,0,1.0,23.128119
9,171,0.614,1,-0.05,24.13043
9,172,0.608,0,1.0,23.959538
9,173,0.594,0,1.0,23.210867
9,174,0.587,1,-0.05,22.971611
9,175,0.588,1,-0.05,23.070175
9,176,0.570,1,-0.05,22.731134
9,177,0.571,2,-0.05,21.780659
9,178,0.564,2,-0.05,22.68579
9,179,0.555,2,-0.05,23.713331
9,180,0.568,1,-0.05,24.49698
9,181,0.559,2,-0.05,24.519363
9,182,0.563,0,1.0,24.873459
9,183,0.557,1,-0.05,25.395731
9,184,0.550,2,-0.05,25.248629
9,185,0.541,2,-0.05,25.493656
9,186,0.543,1,-0.05,26.162626
9,187,0.550,1,-0.05,26.053968
9,188,0.543,0,1.0,26.210932
9,189,0.541,0,1.0,25.684204
9,190,0.524,1,-0.05,25.417053
9,191,0.518,2,-0.05,25.41674
9,192,0.515,1,-0.05,25.694035
9,193,0.519,2,-0.05,25.802633
9,194,0.508,0,1.0,26.222729
9,195,0.506,0,1.0,26.025272
9,196,0.498,0,1.0,25.547215
9,197,0.485,0,1.0,25.095758
9,198,0.467,2,-0.05,24.66538
9,199,0.484,2,-0.05,24.37993
9,200,0.469,0,1.0,24.726067
9,201,0.460,0,1.0,24.621304
9,202,0.447,2,-0.05,23.97644
9,203,0.431,2,-0.05,23.783913
9,204,0.403,0,1.0,24.218216
9,205,0.369,0,1.0,24.273798
9,206,0.342,2,-0.05,23.539175
9,207,0.331,1,-0.05,23.172153
9,208,0.312,1,-0.05,23.058634
9,209,0.313,2,-0.05,22.634037
9,210,0.291,0,1.0,22.76605
9,211,0.250,2,-0.05,22.845646
9,212,0.219,0,-100.0,22.322416
10,0,0.654,0,1.0,48.85312
10,1,0.658,1,-0.05,48.46699
10,2,0.657,0,1.0,48.156574
10,3,0.664,1,-0.05,47.540077
10,4,0.668,1,-0.05,47.272793
10,5,0.668,2,-0.05,46.41955
10,6,0.668,1,-0.05,46.548504
10,7,0.664,1,-0.05,45.965023
10,8,0.657,0,1.0,45.203907
10,9,0.650,0,1.0,43.45773
10,10,0.638,2,-0.05,43.14842
10,11,0.647,1,-0.05,42.772045
10,12,0.645,1,-0.05,42.08534
10,13,0.625,2,-0.05,40.648537
10,14,0.639,1,-0.05,40.553944
10,15,0.623,2,-0.05,40.263462
10,16,0.630,1,-0.05,40.41101
10,17,0.628,0,1.0,39.946163
10,18,0.616,2,-0.05,38.571213
10,19,0.616,1,-0.05,38.37323
10,20,0.611,0,1.0,37.651283
10,21,0.582,0,1.0,36.06854
10,22,0.558,0,1.0,35.798767
10,23,0.543,0,1.0,35.38823
10,24,0.539,1,-0.05,35.21486
10,25,0.540,1,-0.05,34.64695
10,26,0.528,1,-0.05,31.91548
10,27,0.529,2,-0.05,28.877762
10,28,0.516,1,-0.05,29.547989
10,29,0.513,2,-0.05,28.24108
10,30,0.506,0,1.0,28.645636
10,31,0.483,1,-0.05,30.931448
10,32,0.476,2,-0.05,30.428846
10,33,0.474,2,-0.05,31.489128
10,34,0.440,2,-0.05,33.31961
10,35,0.456,2,-0.05,34.715305
10,36,0.466,1,-0.05,35.98751
10,37,0.459,1,-0.05,35.325043
10,38,0.463,2,-0.05,33.48487
10,39,0.442,0,1.0,33.879223
10,40,0.428,0,1.0,35.26382
10,41,0.428,2,-0.05,34.977283
10,42,0.418,0,1.0,35.015884
10,43,0.408,1,-0.05,35.852356
10,44,0.409,1,-0.05,35.55088
10,45,0.412,1,-0.05,34.40105
10,46,0.406,1,-0.05,32.730625
10,47,0.402,0,1.0,30.546627
10,48,0.386,1,-0.05,27.630232
10,49,0.374,0,1.0,27.110785
10,50,0.351,2,-0.05,24.14067
10,51,0.358,2,-0.05,24.112968
10,52,0.349,1,-0.05,26.702948
10,53,0.349,1,-0.05,24.91108
10,54,0.340,0,1.0,21.919458
10,55,0.317,2,-0.05,20.201008
10,56,0.316,1,-0.05,19.776644
10,57,0.312,2,-0.05,19.065004
10,58,0.290,2,-0.05,19.140066
10,59,0.298,2,-0.05,20.161047
10,60,0.294,2,-0.05,21.74682
10,61,0.287,2,-0.05,23.016079
10,62,0.277,0,1.0,25.224081
10,63,0.248,0,-100.0,27.683867
11,0,0.659,2,-0.05,35.766953
11,1,0.659,0,1.0,34.88814
11,2,0.658,1,-0.05,33.69981
11,3,0.664,2,-0.05,33.076977
11,4,0.662,1,-0.05,32.19052
11,5,0.673,2,-0.05,31.65526
11,6,0.675,1,-0.05,30.923439
11,7,0.684,2,-0.05,30.586365
11,8,0.675,2,-0.05,29.94908
11,9,0.684,0,1.0,28.105335
11,10,0.677,1,-0.05,25.73984
11,11,0.689,2,-0.05,25.12662
11,12,0.686,0,1.0,23.72237
11,13,0.698,1,-0.05,21.59393
11,14,0.696,0,1.0,21.180553
11,15,0.698,2,-0.05,22.444613
11,16,0.698,2,-0.05,21.813354
11,17,0.689,0,1.0,19.780388
11,18,0.672,2,-0.05,17.764286
11,19,0.679,0,1.0,17.412031
11,20,0.652,0,1.0,15.431752
11,21,0.635,0,1.0,15.099257
11,22,0.618,0,1.0,14.600178
11,23,0.598,2,-0.05,14.164604
11,24,0.609,2,-0.05,13.725108
11,25,0.582,2,-0.05,11.552605
11,26,0.593,1,-0.05,8.702339
11,27,0.570,1,-0.05,9.83718
11,28,0.574,0,1.0,11.994868
11,29,0.560,2,-0.05,13.160757
11,30,0.566,1,-0.05,12.799982
11,31,0.552,0,1.0,13.340707
11,32,0.549,1,-0.05,14.792245
11,33,0.534,0,1.0,14.559209
11,34,0.522,2,-0.05,15.652043
11,35,0.521,1,-0.05,15.190837
11,36,0.518,1,-0.05,15.872627
11,37,0.516,2,-0.05,17.835207
11,38,0.510,1,-0.05,16.43346
11,39,0.506,2,-0.05,17.449354
11,40,0.511,2,-0.05,16.116789
11,41,0.499,0,1.0,14.285814
11,42,0.488,2,-0.05,12.174152
11,43,0.482,0,1.0,11.580262
11,44,0.471,2,-0.05,9.496049
11,45,0.466,0,1.0,9.113695
11,46,0.458,1,-0.05,6.5609417
11,47,0.452,1,-0.05,6.3532467
11,48,0.452,2,-0.05,8.451993
11,49,0.442,2,-0.05,6.669047
11,50,0.427,0,1.0,4.7740464
11,51,0.422,2,-0.05,1.9217079
11,52,0.410,0,1.0,0.9401064
11,53,0.396,2,-0.05,-1.653151
11,54,0.380,0,1.0,-2.1364224
11,55,0.358,0,1.0,-4.343323
11,56,0.339,1,-0.05,-4.7903028
11,57,0.309,0,1.0,-5.208331
11,58,0.307,2,-0.05,-4.1227136
11,59,0.287,0,1.0,-4.7014174
11,60,0.263,0,1.0,-6.7299733
11,61,0.248,1,-100.0,-7.118969
12,0,0.661,0,1.0,16.018639
12,1,0.665,0,1.0,16.012815
12,2,0.662,0,1.0,16.021233
12,3,0.661,2,-0.05,15.994279
12,4,0.662,1,-0.05,16.026768
12,5,0.660,0,1.0,16.140675
12,6,0.655,0,1.0,15.370068
12,7,0.667,0,1.0,15.4038
12,8,0.656,0,1.0,15.400002
12,9,0.655,2,-0.05,15.374499
12,10,0.654,2,-0.05,15.416139
12,11,0.658,1,-0.05,15.975741
12,12,0.662,0,1.0,15.786269
12,13,0.644,0,1.0,15.1281595
12,14,0.647,1,-0.05,15.1729
12,15,0.642,2,-0.05,15.227702
12,16,0.630,0,1.0,15.783713
12,17,0.640,2,-0.05,16.736465
12,18,0.622,2,-0.05,17.070276
12,19,0.629,1,-0.05,17.274141
12,20,0.639,2,-0.05,17.588194
12,21,0.633,0,1.0,17.727186
12,22,0.630,2,-0.05,18.059265
12,23,0.637,0,1.0,18.128922
12,24,0.649,0,1.0,17.842485
12,25,0.654,1,-0.05,17.918587
12,26,0.654,1,-0.05,18.068823
12,27,0.654,0,1.0,18.364508
12,28,0.653,2,-0.05,18.39575
12,29,0.647,1,-0.05,18.570618
12,30,0.649,2,-0.05,18.477724
12,31,0.642,2,-0.05,18.656471
12,32,0.649,2,-0.05,18.810093
12,33,0.655,2,-0.05,18.380772
12,34,0.655,2,-0.05,17.379877
12,35,0.646,0,1.0,15.945294
12,36,0.666,2,-0.05,13.110495
12,37,0.669,0,1.0,12.906735
12,38,0.676,1,-0.05,10.703671
12,39,0.692,0,1.0,10.651881
12,40,0.697,2,-0.05,12.467086
12,41,0.697,0,1.0,12.283785
12,42,0.704,2,-0.05,10.204419
12,43,0.687,1,-0.05,10.164318
12,44,0.683,0,1.0,10.317303
12,45,0.669,0,1.0,12.514502
12,46,0.652,0,1.0,12.281115
12,47,0.641,1,-0.05,12.216319
12,48,0.632,0,1.0,12.257616
12,49,0.627,1,-0.05,15.529684
12,50,0.626,1,-0.05,15.686825
12,51,0.627,2,-0.05,17.525911
12,52,0.625,0,1.0,17.267681
12,53,0.617,0,1.0,15.182698
12,54,0.612,0,1.0,14.9081745
12,55,0.589,0,1.0,14.540156
12,56,0.601,1,-0.05,14.064996
12,57,0.592,1,-0.05,13.499326
12,58,0.583,0,1.0,15.181795
12,59,0.589,2,-0.05,15.923532
12,60,0.573,0,1.0,15.614243
12,61,0.572,0,1.0,13.942629
12,62,0.565,1,-0.05,13.397122
12,63,0.558,1,-0.05,13.780485
12,64,0.550,0,1.0,15.552374
12,65,0.544,1,-0.05,17.214231
12,66,0.545,1,-0.05,17.217724
12,67,0.547,1,-0.05,18.072598
12,68,0.550,0,1.0,18.659725
12,69,0.550,1,-0.05,18.24027
12,70,0.536,1,-0.05,18.005919
12,71,0.549,1,-0.05,16.87626
12,72,0.546,0,1.0,15.328742
12,73,0.549,2,-0.05,13.625128
12,74,0.560,0,1.0,13.4698
12,75,0.579,0,1.0,14.80915
12,76,0.585,1,-0.05,14.681355
12,77,0.570,2,-0.05,14.397029
12,78,0.599,0,1.0,15.107684
12,79,0.591,2,-0.05,16.170261
12,80,0.596,0,1.0,15.991372
12,81,0.598,2,-0.05,16.842632
12,82,0.599,2,-0.05,16.692772
12,83,0.605,2,-0.05,17.038303
12,84,0.605,2,-0.05,16.67824
12,85,0.603,0,1.0,15.091543
12,86,0.590,1,-0.05,13.787034
12,87,0.585,0,1.0,13.4262295
12,88,0.584,1,-0.05,14.4221735
12,89,0.595,1,-0.05,14.171222
12,90,0.576,1,-0.05,15.521667
12,91,0.576,0,1.0,15.903976
12,92,0.576,1,-0.05,15.6861
12,93,0.587,2,-0.05,15.322723
12,94,0.579,0,1.0,15.7455
12,95,0.578,0,1.0,15.136552
12,96,0.587,0,1.0,14.615165
12,97,0.578,1,-0.05,14.775073
12,98,0.582,1,-0.05,14.492405
12,99,0.574,2,-0.05,14.685659
12,100,0.578,0,1.0,14.058135
12,101,0.570,0,1.0,14.182662
12,102,0.570,2,-0.05,13.618423
12,103,0.586,2,-0.05,13.337164
12,104,0.572,1,-0.05,12.854503
12,105,0.573,0,1.0,12.927271
12,106,0.565,0,1.0,12.708049
12,107,0.560,2,-0.05,12.572689
12,108,0.559,0,1.0,12.59414
12,109,0.548,2,-0.05,12.193139
12,110,0.553,0,1.0,11.667218
12,111,0.549,0,1.0,11.37864
12,112,0.524,0,1.0,10.974561
12,113,0.532,2,-0.05,10.769458
12,114,0.543,0,1.0,10.321519
12,115,0.528,0,1.0,10.084744
12,116,0.520,1,-0.05,9.586798
12,117,0.505,0,1.0,9.411538
12,118,0.499,0,1.0,10.241234
12,119,0.487,1,-0.05,9.854964
12,120,0.483,1,-0.05,9.507103
12,121,0.490,2,-0.05,10.150669
12,122,0.484,0,1.0,9.858794
12,123,0.478,1,-0.05,9.878375
12,124,0.467,2,-0.05,9.455252
12,125,0.480,0,1.0,9.727281
12,126,0.477,2,-0.05,8.690021
12,127,0.453,1,-0.05,8.804903
12,128,0.468,1,-0.05,8.960153
12,129,0.449,1,-0.05,9.257062
12,130,0.455,0,1.0,9.876992
12,131,0.453,2,-0.05,10.514694
12,132,0.453,1,-0.05,10.068323
12,133,0.453,0,1.0,10.340845
12,134,0.446,1,-0.05,10.168624
12,135,0.447,2,-0.05,10.515838
12,136,0.440,2,-0.05,10.525296
12,137,0.451,1,-0.05,10.511956
12,138,0.441,0,1.0,10.943404
12,139,0.441,2,-0.05,9.995121
12,140,0.441,0,1.0,9.799792
12,141,0.425,0,1.0,9.936531
12,142,0.447,0,1.0,9.660773
12,143,0.444,0,1.0,9.015545
12,144,0.437,2,-0.05,8.406746
12,145,0.456,2,-0.05,7.694079
12,146,0.446,1,-0.05,8.623949
12,147,0.455,2,-0.05,7.945337
12,148,0.440,2,-0.05,8.356395
12,149,0.449,0,1.0,8.619431
12,150,0.468,0,1.0,9.2634735
12,151,0.453,0,1.0,8.256539
12,152,0.469,2,-0.05,8.225366
12,153,0.472,2,-0.05,7.592477
12,154,0.488,2,-0.05,8.217815
12,155,0.496,2,-0.05,7.9473577
12,156,0.477,2,-0.05,7.7144628
12,157,0.480,0,1.0,7.3928623
12,158,0.492,1,-0.05,7.334137
12,159,0.507,1,-0.05,6.920924
12,160,0.488,0,1.0,7.128739
12,161,0.500,2,-0.05,7.11026
12,162,0.490,1,-0.05,6.902898
12,163,0.500,1,-0.05,6.8193727
12,164,0.522,2,-0.05,6.6071672
12,165,0.522,2,-0.05,6.655734
12,166,0.509,1,-0.05,6.4616423
12,167,0.519,1,-0.05,6.6389627
12,168,0.533,0,1.0,6.128226
12,169,0.532,0,1.0,5.6539598
12,170,0.562,1,-0.05,4.82707
12,171,0.588,2,-0.05,4.6669183
12,172,0.585,2,-0.05,4.156798
12,173,0.612,0,1.0,5.2996125
12,174,0.608,2,-0.05,4.937639
12,175,0.628,0,1.0,5.037429
12,176,0.641,2,-0.05,4.928076
12,177,0.652,1,-0.05,4.8618526
12,178,0.651,2,-0.05,4.6900654
12,179,0.680,1,-0.05,4.6372595
12,180,0.684,1,-0.05,4.5778146
12,181,0.674,1,-0.05,3.8926222
12,182,0.673,1,-0.05,3.4328704
12,183,0.694,0,1.0,1.9429888
12,184,0.722,2,-0.05,1.0953681
12,185,0.707,0,1.0,0.2995197
12,186,0.692,1,-0.05,1.4319763
12,187,0.694,2,-0.05,1.1695902
12,188,0.686,2,-0.05,1.147568
12,189,0.673,2,-0.05,2.2927384
12,190,0.667,1,-0.05,2.8256261
12,191,0.649,2,-0.05,2.5845308
12,192,0.642,1,-0.05,2.634177
12,193,0.646,2,-0.05,2.4025126
12,194,0.632,2,-0.05,2.462559
12,195,0.618,2,-0.05,3.035007
12,196,0.602,0,1.0,3.065118
12,197,0.572,1,-0.05,3.1227543
12,198,0.579,1,-0.05,2.6583726
12,199,0.549,1,-0.05,3.1490252
12,200,0.528,0,1.0,2.0327854
12,201,0.518,2,-0.05,1.6745671
12,202,0.497,0,1.0,0.947298
12,203,0.460,0,1.0,1.8694893
12,204,0.438,1,-0.05,1.1858727
12,205,0.432,2,-0.05,1.0446674
12,206,0.421,2,-0.05,1.1107557
12,207,0.407,0,1.0,1.8972905
12,208,0.376,0,1.0,1.5803231
12,209,0.355,1,-0.05,1.3688397
12,210,0.339,1,-0.05,0.90764105
12,211,0.338,1,-0.05,0.7626938
12,212,0.313,0,1.0,0.23177662
12,213,0.299,2,-0.05,-0.9877502
12,214,0.288,1,-0.05,-1.3820956
12,215,0.259,0,1.0,-1.8598555
12,216,0.227,0,-100.0,-3.1281745
13,0,0.660,1,-0.05,19.922993
13,1,0.665,2,-0.05,18.975117
13,2,0.661,2,-0.05,18.706945
13,3,0.662,1,-0.05,18.665243
13,4,0.664,0,1.0,18.3979
13,5,0.665,1,-0.05,18.168581
13,6,0.651,0,1.0,18.10051
13,7,0.667,1,-0.05,17.451725
13,8,0.658,0,1.0,17.484396
13,9,0.662,0,1.0,16.640789
13,10,0.643,2,-0.05,16.804752
13,11,0.653,0,1.0,16.775076
13,12,0.649,1,-0.05,17.503643
13,13,0.627,1,-0.05,17.476114
13,14,0.647,0,1.0,16.714558
13,15,0.635,2,-0.05,15.506414
13,16,0.642,2,-0.05,15.508616
13,17,0.631,1,-0.05,16.84214
13,18,0.633,0,1.0,16.569088
13,19,0.613,2,-0.05,14.972236
13,20,0.600,0,1.0,14.998837
13,21,0.589,1,-0.05,16.5295
13,22,0.607,1,-0.05,16.304409
13,23,0.609,1,-0.05,14.669353
13,24,0.605,2,-0.05,13.321318
13,25,0.604,0,1.0,13.613199
13,26,0.591,1,-0.05,15.014951
13,27,0.592,0,1.0,14.648892
13,28,0.565,0,1.0,13.17942
13,29,0.572,2,-0.05,13.243878
13,30,0.557,2,-0.05,13.195958
13,31,0.544,1,-0.05,14.800663
13,32,0.564,2,-0.05,13.80777
13,33,0.558,2,-0.05,14.08869
13,34,0.539,0,1.0,15.619684
13,35,0.549,2,-0.05,17.000689
13,36,0.536,0,1.0,17.846085
13,37,0.540,1,-0.05,18.880043
13,38,0.542,0,1.0,18.776676
13,39,0.533,1,-0.05,17.55115
13,40,0.542,1,-0.05,17.672222
13,41,0.528,0,1.0,16.577518
13,42,0.509,0,1.0,15.1177635
13,43,0.517,1,-0.05,15.085837
13,44,0.504,0,1.0,15.227218
13,45,0.507,2,-0.05,13.089369
13,46,0.502,0,1.0,13.066536
13,47,0.491,0,1.0,14.906407
13,48,0.483,1,-0.05,14.740626
13,49,0.487,1,-0.05,14.589162
13,50,0.477,2,-0.05,13.006198
13,51,0.485,2,-0.05,13.3621435
13,52,0.479,0,1.0,14.538275
13,53,0.464,2,-0.05,16.420265
13,54,0.468,2,-0.05,16.522537
13,55,0.471,2,-0.05,17.708778
13,56,0.452,0,1.0,19.022585
13,57,0.454,0,1.0,20.021837
13,58,0.465,0,1.0,20.513216
13,59,0.474,1,-0.05,20.364866
13,60,0.476,1,-0.05,20.013153
13,61,0.478,0,1.0,18.525768
13,62,0.466,2,-0.05,16.4368
13,63,0.468,0,1.0,17.055737
13,64,0.465,1,-0.05,19.311707
13,65,0.468,1,-0.05,19.21354
13,66,0.468,2,-0.05,17.856483
13,67,0.458,0,1.0,18.358143
13,68,0.469,2,-0.05,20.275814
13,69,0.475,0,1.0,20.423128
13,70,0.478,0,1.0,21.43576
13,71,0.479,2,-0.05,20.995497
13,72,0.476,2,-0.05,20.920023
13,73,0.481,2,-0.05,21.653566
13,74,0.459,1,-0.05,20.798439
13,75,0.482,2,-0.05,21.684158
13,76,0.486,0,1.0,20.49099
13,77,0.492,1,-0.05,19.577362
13,78,0.487,2,-0.05,19.203876
13,79,0.483,2,-0.05,18.943
13,80,0.495,1,-0.05,18.89208
13,81,0.490,1,-0.05,18.593466
13,82,0.509,2,-0.05,19.486712
13,83,0.500,0,1.0,19.383678
13,84,0.511,1,-0.05,17.893349
13,85,0.529,1,-0.05,17.521671
13,86,0.521,0,1.0,18.315046
13,87,0.527,0,1.0,19.181677
13,88,0.533,2,-0.05,18.649878
13,89,0.543,0,1.0,18.277617
13,90,0.548,2,-0.05,16.87197
13,91,0.559,1,-0.05,18.013992
13,92,0.558,1,-0.05,17.702301
13,93,0.556,0,1.0,17.929392
13,94,0.565,2,-0.05,17.296738
13,95,0.567,2,-0.05,16.922659
13,96,0.564,0,1.0,17.088003
13,97,0.576,1,-0.05,17.362911
13,98,0.579,0,1.0,16.916634
13,99,0.585,2,-0.05,16.761114
13,100,0.586,2,-0.05,16.440851
13,101,0.579,2,-0.05,16.228645
13,102,0.571,1,-0.05,15.429504
13,103,0.594,0,1.0,16.17769
13,104,0.600,2,-0.05,16.200922
13,105,0.577,0,1.0,15.876278
13,106,0.607,2,-0.05,15.162956
13,107,0.614,1,-0.05,14.912915
13,108,0.614,2,-0.05,14.853821
13,109,0.607,0,1.0,14.578814
13,110,0.622,1,-0.05,13.827435
13,111,0.627,1,-0.05,12.916282
13,112,0.619,1,-0.05,14.532507
13,113,0.621,2,-0.05,14.4756155
13,114,0.624,2,-0.05,14.073259
13,115,0.623,0,1.0,13.755968
13,116,0.657,1,-0.05,12.40688
13,117,0.654,0,1.0,11.90731
13,118,0.656,2,-0.05,13.250123
13,119,0.666,1,-0.05,12.490015
13,120,0.661,1,-0.05,12.784278
13,121,0.682,1,-0.05,12.980321
13,122,0.678,0,1.0,13.643445
13,123,0.686,0,1.0,13.203688
13,124,0.692,2,-0.05,14.426064
13,125,0.682,2,-0.05,13.533335
13,126,0.688,0,1.0,13.644506
13,127,0.695,0,1.0,12.521337
13,128,0.702,2,-0.05,13.3982935
13,129,0.712,0,1.0,12.55456
13,130,0.689,2,-0.05,12.837743
13,131,0.696,0,1.0,12.186663
13,132,0.681,2,-0.05,11.374159
13,133,0.664,2,-0.05,10.825715
13,134,0.680,2,-0.05,9.440608
13,135,0.679,1,-0.05,8.066174
13,136,0.674,1,-0.05,9.3104
13,137,0.652,0,1.0,10.3102865
13,138,0.649,2,-0.05,11.517897
13,139,0.652,1,-0.05,10.67106
13,140,0.643,2,-0.05,12.418296
13,141,0.645,1,-0.05,11.959812
13,142,0.630,0,1.0,12.077905
13,143,0.613,1,-0.05,11.541858
13,144,0.630,2,-0.05,13.303632
13,145,0.613,2,-0.05,13.069069
13,146,0.611,2,-0.05,12.290643
13,147,0.614,2,-0.05,11.196057
13,148,0.599,0,1.0,9.786377
13,149,0.598,2,-0.05,9.739722
13,150,0.586,2,-0.05,9.507736
13,151,0.575,2,-0.05,8.59997
13,152,0.564,0,1.0,7.383344
13,153,0.536,1,-0.05,7.467606
13,154,0.547,1,-0.05,7.018916
13,155,0.535,2,-0.05,8.4362545
13,156,0.525,0,1.0,8.365581
13,157,0.510,1,-0.05,7.5567627
13,158,0.513,2,-0.05,6.585332
13,159,0.503,1,-0.05,7.6024265
13,160,0.478,0,1.0,6.9706373
13,161,0.455,0,1.0,9.286721
13,162,0.423,0,1.0,8.508902
13,163,0.414,0,1.0,10.211097
13,164,0.368,0,1.0,11.067901
13,165,0.368,1,-0.05,12.05069
13,166,0.361,2,-0.05,11.803324
13,167,0.346,0,1.0,11.841868
13,168,0.329,0,1.0,11.612453
13,169,0.306,0,1.0,11.420987
13,170,0.298,1,-0.05,10.815982
13,171,0.292,1,-0.05,10.815531
13,172,0.280,1,-0.05,10.509513
13,173,0.274,1,-0.05,9.920949
13,174,0.287,1,-0.05,9.567603
13,175,0.275,2,-0.05,10.357549
13,176,0.274,0,1.0,9.741899
13,177,0.277,0,1.0,9.56858
13,178,0.284,2,-0.05,8.8718195
13,179,0.292,2,-0.05,8.956738
13,180,0.293,0,1.0,8.521669
13,181,0.327,0,1.0,8.608438
13,182,0.330,0,1.0,7.9541698
13,183,0.325,2,-0.05,8.102749
13,184,0.352,2,-0.05,7.5523357
13,185,0.347,1,-0.05,8.2298975
13,186,0.346,0,1.0,7.2981486
13,187,0.380,2,-0.05,7.4524274
13,188,0.378,1,-0.05,6.8999786
13,189,0.372,2,-0.05,7.655794
13,190,0.394,1,-0.05,7.043661
13,191,0.399,2,-0.05,7.526713
13,192,0.415,0,1.0,6.9743915
13,193,0.433,2,-0.05,7.432517
13,194,0.440,2,-0.05,6.2023163
13,195,0.457,0,1.0,8.195185
13,196,0.467,1,-0.05,8.8997345
13,197,0.488,0,1.0,8.340648
13,198,0.497,1,-0.05,8.929013
13,199,0.508,2,-0.05,8.484477
13,200,0.522,1,-0.05,8.347446
13,201,0.520,2,-0.05,9.001725
13,202,0.518,2,-0.05,9.137418
13,203,0.547,2,-0.05,9.896785
13,204,0.545,2,-0.05,9.376839
13,205,0.549,1,-0.05,10.58193
13,206,0.553,1,-0.05,10.132721
13,207,0.565,2,-0.05,10.255022
13,208,0.570,1,-0.05,10.242773
13,209,0.581,0,1.0,9.961276
13,210,0.595,1,-0.05,9.01116
13,211,0.608,2,-0.05,8.74267
13,212,0.622,0,1.0,9.057681
13,213,0.652,0,1.0,11.00585
13,214,0.656,2,-0.05,10.20083
13,215,0.665,0,1.0,10.83037
13,216,0.683,1,-0.05,11.33348
13,217,0.696,0,1.0,11.641865
13,218,0.703,2,-0.05,9.386304
13,219,0.690,0,1.0,9.1917925
13,220,0.672,2,-0.05,10.466079
13,221,0.682,2,-0.05,10.916501
13,222,0.657,0,1.0,11.872606
13,223,0.640,2,-0.05,13.13975
13,224,0.639,0,1.0,12.381622
13,225,0.618,0,1.0,14.602002
13,226,0.622,2,-0.05,13.351659
13,227,0.594,0,1.0,13.659585
13,228,0.594,0,1.0,14.062393
13,229,0.589,1,-0.05,14.594085
13,230,0.577,1,-0.05,13.765552
13,231,0.579,0,1.0,12.894004
13,232,0.552,2,-0.05,10.891491
13,233,0.556,1,-0.05,10.3384
13,234,0.533,0,1.0,9.239451
13,235,0.527,0,1.0,7.1075115
13,236,0.509,0,1.0,6.65687
13,237,0.481,1,-0.05,6.398843
13,238,0.481,2,-0.05,6.1846776
13,239,0.478,2,-0.05,6.5305996
13,240,0.481,1,-0.05,8.457344
13,241,0.458,1,-0.05,7.725611
13,242,0.464,1,-0.05,6.3566575
13,243,0.456,1,-0.05,4.0832253
13,244,0.434,0,1.0,2.122281
13,245,0.434,2,-0.05,0.5223855
13,246,0.422,1,-0.05,0.06860188
13,247,0.405,0,1.0,0.36569494
13,248,0.397,1,-0.05,-1.7347801
13,249,0.385,2,-0.05,-1.8796759
13,250,0.372,1,-0.05,-2.2698271
13,251,0.378,1,-0.05,-1.8321133
13,252,0.362,2,-0.05,-4.184265
13,253,0.361,2,-0.05,-2.4245713
13,254,0.350,2,-0.05,-1.075533
13,255,0.355,1,-0.05,0.9959479
13,256,0.329,0,1.0,0.15598223
13,257,0.307,2,-0.05,-1.4349911
13,258,0.306,1,-0.05,-1.521512
13,259,0.305,1,-0.05,-2.4014363
13,260,0.296,1,-0.05,-4.371232
13,261,0.288,1,-0.05,-6.0166926
13,262,0.273,2,-0.05,-7.373905
13,263,0.269,0,1.0,-6.1455445
13,264,0.221,0,-100.0,-4.721175
14,0,0.656,2,-0.05,16.906706
14,1,0.655,2,-0.05,16.159369
14,2,0.669,2,-0.05,15.625822
14,3,0.670,0,1.0,15.415254
14,4,0.685,0,1.0,14.588606
14,5,0.681,1,-0.05,14.361169
14,6,0.682,0,1.0,14.301252
14,7,0.690,1,-0.05,14.76596
14,8,0.696,1,-0.05,14.781763
14,9,0.707,1,-0.05,15.47003
14,10,0.687,0,1.0,15.508578
14,11,0.696,0,1.0,15.678701
14,12,0.691,1,-0.05,15.619433
14,13,0.696,2,-0.05,15.623466
14,14,0.690,1,-0.05,15.341126
14,15,0.702,0,1.0,15.744052
14,16,0.694,0,1.0,15.396978
14,17,0.703,1,-0.05,15.466897
14,18,0.679,1,-0.05,15.93862
14,19,0.695,2,-0.05,15.282379
14,20,0.692,1,-0.05,15.471345
14,21,0.678,0,1.0,15.615929
14,22,0.672,2,-0.05,15.024089
14,23,0.685,1,-0.05,15.128111
14,24,0.679,1,-0.05,14.658467
14,25,0.676,0,1.0,13.162716
14,26,0.654,0,1.0,12.080095
14,27,0.656,0,1.0,12.101802
14,28,0.633,1,-0.05,12.043869
14,29,0.633,2,-0.05,11.839446
14,30,0.631,2,-0.05,12.226714
14,31,0.630,0,1.0,13.85069
14,32,0.627,0,1.0,15.502486
14,33,0.594,0,1.0,15.460269
14,34,0.602,0,1.0,15.453701
14,35,0.594,2,-0.05,15.474736
14,36,0.581,1,-0.05,15.504589
14,37,0.580,1,-0.05,15.037
14,38,0.590,1,-0.05,13.397235
14,39,0.594,1,-0.05,12.148077
14,40,0.590,1,-0.05,10.373761
14,41,0.585,1,-0.05,8.619387
14,42,0.581,1,-0.05,6.40855
14,43,0.565,0,1.0,4.2174797
14,44,0.561,1,-0.05,1.8255333
14,45,0.544,1,-0.05,1.0514241
14,46,0.537,1,-0.05,-1.6386837
14,47,0.533,2,-0.05,-3.880854
14,48,0.514,0,1.0,-3.5447907
14,49,0.508,1,-0.05,-1.4861271
14,50,0.503,2,-0.05,-2.2615876
14,51,0.491,2,-0.05,-1.95221
14,52,0.474,0,1.0,0.29497385
14,53,0.462,2,-0.05,2.4723556
14,54,0.457,1,-0.05,2.3986797
14,55,0.450,2,-0.05,1.3606906
14,56,0.444,1,-0.05,1.8603549
14,57,0.433,1,-0.05,0.8991326
14,58,0.428,1,-0.05,-2.1085112
14,59,0.432,1,-0.05,-5.409387
14,60,0.416,2,-0.05,-8.885954
14,61,0.408,0,1.0,-8.011767
14,62,0.390,1,-0.05,-5.241361
14,63,0.387,1,-0.05,-5.2057395
14,64,0.369,0,1.0,-8.210382
14,65,0.351,1,-0.05,-10.51129
14,66,0.332,2,-0.05,-10.748985
14,67,0.335,1,-0.05,-9.032309
14,68,0.324,1,-0.05,-10.263153
14,69,0.317,2,-0.05,-12.751703
14,70,0.309,1,-0.05,-11.664165
14,71,0.311,1,-0.05,-12.326339
14,72,0.292,2,-0.05,-14.840016
14,73,0.282,0,1.0,-13.878881
14,74,0.271,1,-0.05,-11.434253
14,75,0.252,0,1.0,-10.985471
14,76,0.237,1,-100.0,-13.005114
15,0,0.661,1,-0.05,19.799862
15,1,0.670,0,1.0,19.313925
15,2,0.668,0,1.0,18.74515
15,3,0.656,2,-0.05,18.406895
15,4,0.653,0,1.0,18.152908
15,5,0.654,0,1.0,18.46905
15,6,0.650,0,1.0,18.425968
15,7,0.652,0,1.0,18.408905
15,8,0.652,0,1.0,18.39922
15,9,0.636,2,-0.05,18.488354
15,10,0.648,0,1.0,18.58773
15,11,0.658,2,-0.05,18.522095
15,12,0.640,0,1.0,18.561945
15,13,0.647,0,1.0,18.776306
15,14,0.650,1,-0.05,19.16385
15,15,0.644,2,-0.05,19.247524
15,16,0.648,1,-0.05,18.90802
15,17,0.657,0,1.0,19.439484
15,18,0.652,0,1.0,18.820099
15,19,0.668,2,-0.05,19.418829
15,20,0.660,0,1.0,19.39299
15,21,0.647,2,-0.05,19.451254
15,22,0.648,0,1.0,19.456106
15,23,0.661,2,-0.05,19.23639
15,24,0.661,0,1.0,19.232327
15,25,0.672,0,1.0,18.855392
15,26,0.684,2,-0.05,18.811665
15,27,0.686,1,-0.05,18.78419
15,28,0.667,2,-0.05,19.154284
15,29,0.682,0,1.0,18.716171
15,30,0.703,2,-0.05,18.428688
15,31,0.696,1,-0.05,18.295488
15,32,0.708,0,1.0,18.226616
15,33,0.702,2,-0.05,18.659443
15,34,0.703,2,-0.05,18.545712
15,35,0.707,2,-0.05,17.888668
15,36,0.702,1,-0.05,16.7144
15,37,0.704,2,-0.05,16.992311
15,38,0.704,1,-0.05,16.809164
15,39,0.714,1,-0.05,16.834267
15,40,0.701,1,-0.05,17.694014
15,41,0.698,2,-0.05,18.197428
15,42,0.686,2,-0.05,18.361237
15,43,0.691,1,-0.05,17.57908
15,44,0.678,0,1.0,17.577143
15,45,0.670,0,1.0,18.117512
15,46,0.676,1,-0.05,18.003677
15,47,0.685,2,-0.05,18.19295
15,48,0.671,0,1.0,17.636917
15,49,0.672,1,-0.05,17.32873
15,50,0.667,1,-0.05,17.329386
15,51,0.663,1,-0.05,17.440424
15,52,0.670,2,-0.05,18.75533
15,53,0.673,1,-0.05,19.043917
15,54,0.658,0,1.0,18.596195
15,55,0.666,1,-0.05,18.958612
15,56,0.658,1,-0.05,18.953833
15,57,0.667,0,1.0,19.772984
15,58,0.665,0,1.0,19.647745
15,59,0.656,0,1.0,19.33503
15,60,0.670,2,-0.05,18.921131
15,61,0.674,1,-0.05,18.477224
15,62,0.674,2,-0.05,18.7989
15,63,0.679,2,-0.05,18.83098
15,64,0.673,0,1.0,20.099487
15,65,0.672,0,1.0,19.561892
15,66,0.669,1,-0.05,19.131762
15,67,0.677,0,1.0,18.823801
15,68,0.677,1,-0.05,18.911154
15,69,0.661,2,-0.05,18.613573
15,70,0.685,2,-0.05,18.738337
15,71,0.681,0,1.0,18.315605
15,72,0.661,1,-0.05,17.077608
15,73,0.666,1,-0.05,16.973099
15,74,0.671,1,-0.05,17.757502
15,75,0.671,0,1.0,18.027086
15,76,0.672,1,-0.05,17.546286
15,77,0.670,0,1.0,17.130493
15,78,0.665,2,-0.05,16.83911
15,79,0.677,1,-0.05,16.612778
15,80,0.686,0,1.0,15.986186
15,81,0.671,0,1.0,14.846747
15,82,0.673,2,-0.05,15.650416
15,83,0.693,1,-0.05,15.42064
15,84,0.705,0,1.0,14.795347
15,85,0.715,0,1.0,13.098904
15,86,0.699,0,1.0,12.782331
15,87,0.691,1,-0.05,12.868796
15,88,0.691,1,-0.05,12.208353
15,89,0.678,1,-0.05,9.962876
15,90,0.670,2,-0.05,8.640577
15,91,0.672,0,1.0,8.887794
15,92,0.668,2,-0.05,10.4259
15,93,0.662,2,-0.05,10.096952
15,94,0.660,2,-0.05,12.6726465
15,95,0.657,2,-0.05,13.141518
15,96,0.654,1,-0.05,14.062439
15,97,0.640,0,1.0,13.723091
15,98,0.633,0,1.0,12.812542
15,99,0.630,2,-0.05,12.356591
15,100,0.622,2,-0.05,12.1084175
15,101,0.628,2,-0.05,13.340716
15,102,0.629,0,1.0,14.155187
15,103,0.621,1,-0.05,14.124953
15,104,0.629,0,1.0,14.759102
15,105,0.625,2,-0.05,13.397095
15,106,0.614,0,1.0,13.717985
15,107,0.639,1,-0.05,13.512826
15,108,0.626,2,-0.05,13.667853
15,109,0.624,0,1.0,13.305617
15,110,0.628,0,1.0,15.013321
15,111,0.619,1,-0.05,13.883534
15,112,0.627,1,-0.05,13.767303
15,113,0.629,0,1.0,12.811004
15,114,0.618,2,-0.05,11.626743
15,115,0.611,2,-0.05,12.067764
15,116,0.609,2,-0.05,12.873073
15,117,0.608,1,-0.05,13.632291
15,118,0.613,0,1.0,12.813502
15,119,0.616,1,-0.05,12.340239
15,120,0.617,2,-0.05,11.994604
15,121,0.609,2,-0.05,12.235666
15,122,0.618,0,1.0,12.876783
15,123,0.588,0,1.0,13.221058
15,124,0.624,0,1.0,12.996322
15,125,0.620,0,1.0,13.196495
15,126,0.623,0,1.0,12.942781
15,127,0.632,2,-0.05,12.049324
15,128,0.630,1,-0.05,12.7341385
15,129,0.631,1,-0.05,11.805915
15,130,0.638,1,-0.05,11.145208
15,131,0.641,1,-0.05,9.979
15,132,0.637,0,1.0,8.281914
15,133,0.631,0,1.0,6.8926425
15,134,0.621,2,-0.05,6.936293
15,135,0.619,0,1.0,5.668101
15,136,0.621,2,-0.05,6.401808
15,137,0.608,1,-0.05,5.8803134
15,138,0.616,0,1.0,5.164358
15,139,0.597,0,1.0,3.2190006
15,140,0.594,0,1.0,1.6407796
15,141,0.584,2,-0.05,0.9940014
15,142,0.583,0,1.0,0.91888154
15,143,0.575,0,1.0,1.7440009
15,144,0.569,0,1.0,1.1516668
15,145,0.562,0,1.0,-0.25716653
15,146,0.556,1,-0.05,-0.6712624
15,147,0.555,0,1.0,-1.0493066
15,148,0.541,1,-0.05,-1.8385158
15,149,0.553,2,-0.05,-2.2508492
15,150,0.539,0,1.0,-1.525156
15,151,0.554,1,-0.05,-0.9510578
15,152,0.547,1,-0.05,-1.1828916
15,153,0.545,1,-0.05,-1.9937258
15,154,0.543,0,1.0,-3.5049434
15,155,0.522,2,-0.05,-5.2507925
15,156,0.521,2,-0.05,-5.196182
15,157,0.523,0,1.0,-3.502474
15,158,0.510,1,-0.05,-2.4304986
15,159,0.516,1,-0.05,-2.784039
15,160,0.495,1,-0.05,-3.78812
15,161,0.498,2,-0.05,-5.5170326
15,162,0.498,2,-0.05,-4.269423
15,163,0.496,0,1.0,-2.6881092
15,164,0.506,1,-0.05,-1.9259402
15,165,0.484,2,-0.05,-2.2158387
15,166,0.485,1,-0.05,-1.94819
15,167,0.488,1,-0.05,-2.2770638
15,168,0.471,2,-0.05,-2.9445353
15,169,0.472,2,-0.05,-2.4302568
15,170,0.465,2,-0.05,-1.6929973
15,171,0.476,1,-0.05,-0.44416103
15,172,0.461,2,-0.05,-0.41952968
15,173,0.459,0,1.0,0.05582483
15,174,0.477,1,-0.05,0.5675508
15,175,0.465,0,1.0,0.26703888
15,176,0.462,2,-0.05,-0.7487743
15,177,0.464,2,-0.05,-1.1133739
15,178,0.470,2,-0.05,-0.37420195
15,179,0.458,2,-0.05,0.37719905
15,180,0.457,2,-0.05,1.0261934
15,181,0.460,0,1.0,1.6534518
15,182,0.473,2,-0.05,1.7005373
15,183,0.475,2,-0.05,1.3576968
15,184,0.470,1,-0.05,1.779087
15,185,0.475,0,1.0,1.601688
15,186,0.490,0,1.0,0.9634247
15,187,0.493,2,-0.05,0.2461537
15,188,0.490,1,-0.05,-0.1970606
15,189,0.505,0,1.0,-0.34364542
15,190,0.497,0,1.0,-1.2958771
15,191,0.506,1,-0.05,-2.0302627
15,192,0.510,1,-0.05,-2.5086305
15,193,0.517,0,1.0,-3.5246303
15,194,0.510,2,-0.05,-4.6127896
15,195,0.506,2,-0.05,-5.0153813
15,196,0.493,2,-0.05,-4.2617536
15,197,0.497,2,-0.05,-3.7478247
15,198,0.482,2,-0.05,-3.0398605
15,199,0.463,0,1.0,-2.9220273
15,200,0.425,2,-0.05,-2.9813123
15,201,0.414,2,-0.05,-3.6601493
15,202,0.404,2,-0.05,-3.1128957
15,203,0.401,0,1.0,-2.6875381
15,204,0.368,2,-0.05,-2.469051
15,205,0.355,1,-0.05,-3.245701
15,206,0.344,2,-0.05,-3.551116
15,207,0.339,2,-0.05,-3.3942986
15,208,0.323,2,-0.05,-2.437693
15,209,0.307,0,1.0,-1.2473505
15,210,0.281,0,1.0,-0.3542669
15,211,0.249,2,-100.0,-1.3026114
16,0,0.661,1,-0.05,23.399035
16,1,0.669,2,-0.05,22.57153
16,2,0.669,1,-0.05,22.03964
16,3,0.663,2,-0.05,21.772696
16,4,0.662,2,-0.05,21.421423
16,5,0.667,1,-0.05,21.163279
16,6,0.662,1,-0.05,20.945496
16,7,0.668,1,-0.05,20.901354
16,8,0.661,2,-0.05,20.62355
16,9,0.659,0,1.0,20.529705
16,10,0.665,1,-0.05,20.654118
16,11,0.667,0,1.0,20.489578
16,12,0.653,0,1.0,20.157604
16,13,0.653,2,-0.05,20.080778
16,14,0.653,0,1.0,19.994678
16,15,0.639,2,-0.05,20.198652
16,16,0.659,1,-0.05,19.994333
16,17,0.658,1,-0.05,19.861855
16,18,0.646,2,-0.05,19.35414
16,19,0.656,0,1.0,19.345037
16,20,0.649,2,-0.05,19.652231
16,21,0.630,0,1.0,19.593859
16,22,0.654,2,-0.05,19.632753
16,23,0.647,1,-0.05,19.572273
16,24,0.644,0,1.0,19.830519
16,25,0.651,1,-0.05,19.383957
16,26,0.647,0,1.0,19.118576
16,27,0.635,0,1.0,18.572544
16,28,0.625,0,1.0,18.443542
16,29,0.619,1,-0.05,18.573288
16,30,0.624,2,-0.05,19.413858
16,31,0.623,0,1.0,18.787775
16,32,0.618,1,-0.05,19.307035
16,33,0.601,1,-0.05,18.900414
16,34,0.615,2,-0.05,18.334007
16,35,0.613,1,-0.05,18.100739
16,36,0.607,0,1.0,18.110508
16,37,0.604,2,-0.05,16.897589
16,38,0.598,2,-0.05,16.888094
16,39,0.590,0,1.0,17.866161
16,40,0.592,1,-0.05,18.205036
16,41,0.592,2,-0.05,17.991543
16,42,0.588,0,1.0,18.05708
16,43,0.591,2,-0.05,18.748646
16,44,0.590,1,-0.05,18.640701
16,45,0.584,0,1.0,18.688107
16,46,0.584,2,-0.05,17.489548
16,47,0.581,2,-0.05,17.517853
16,48,0.583,0,1.0,18.58804
16,49,0.586,0,1.0,18.982534
16,50,0.582,2,-0.05,18.906775
16,51,0.588,2,-0.05,18.886213
16,52,0.585,0,1.0,18.900354
16,53,0.580,2,-0.05,19.218367
16,54,0.580,1,-0.05,19.070826
16,55,0.583,1,-0.05,19.722082
16,56,0.595,1,-0.05,18.695131
16,57,0.583,1,-0.05,18.48794
16,58,0.601,2,-0.05,17.873442
16,59,0.600,1,-0.05,18.337984
16,60,0.596,1,-0.05,17.856108
16,61,0.596,2,-0.05,16.88663
16,62,0.597,0,1.0,17.177902
16,63,0.581,1,-0.05,18.90357
16,64,0.592,0,1.0,19.160454
16,65,0.577,0,1.0,18.077475
16,66,0.567,1,-0.05,18.035896
16,67,0.567,0,1.0,17.539917
16,68,0.577,1,-0.05,17.375454
16,69,0.587,2,-0.05,17.054285
16,70,0.552,0,1.0,17.264137
16,71,0.562,2,-0.05,17.81037
16,72,0.562,0,1.0,17.635052
16,73,0.563,0,1.0,18.312943
16,74,0.556,0,1.0,18.033047
16,75,0.563,0,1.0,17.641161
16,76,0.556,1,-0.05,17.32185
16,77,0.551,0,1.0,17.128405
16,78,0.551,2,-0.05,16.885387
16,79,0.562,2,-0.05,16.1452
16,80,0.555,2,-0.05,16.842464
16,81,0.543,2,-0.05,18.18511
16,82,0.546,2,-0.05,18.89653
16,83,0.544,0,1.0,18.777445
16,84,0.546,1,-0.05,17.559412
16,85,0.565,0,1.0,17.323503
16,86,0.569,1,-0.05,18.142841
16,87,0.561,2,-0.05,18.00467
16,88,0.561,1,-0.05,18.091948
16,89,0.561,2,-0.05,17.812273
16,90,0.574,2,-0.05,17.949549
16,91,0.574,1,-0.05,16.68636
16,92,0.568,1,-0.05,16.683376
16,93,0.585,1,-0.05,17.541958
16,94,0.573,1,-0.05,17.753078
16,95,0.573,2,-0.05,16.815353
16,96,0.581,0,1.0,17.507387
16,97,0.597,1,-0.05,17.53809
16,98,0.592,0,1.0,17.588676
16,99,0.597,0,1.0,16.637253
16,100,0.585,1,-0.05,16.787159
16,101,0.603,2,-0.05,16.802277
16,102,0.593,0,1.0,16.587847
16,103,0.603,1,-0.05,17.01541
16,104,0.602,2,-0.05,17.308878
16,105,0.606,2,-0.05,17.081387
16,106,0.601,2,-0.05,17.0802
16,107,0.599,1,-0.05,15.809582
16,108,0.611,2,-0.05,15.910049
16,109,0.612,2,-0.05,15.707437
16,110,0.616,0,1.0,13.994713
16,111,0.603,1,-0.05,11.912024
16,112,0.638,1,-0.05,12.142563
16,113,0.629,2,-0.05,13.194216
16,114,0.646,0,1.0,13.477831
16,115,0.660,0,1.0,11.20494
16,116,0.664,0,1.0,11.50006
16,117,0.694,0,1.0,10.712684
16,118,0.699,1,-0.05,12.093896
16,119,0.706,2,-0.05,11.435862
16,120,0.712,1,-0.05,10.330459
16,121,0.699,1,-0.05,11.512084
16,122,0.701,0,1.0,13.65215
16,123,0.685,0,1.0,14.754271
16,124,0.675,2,-0.05,14.343822
16,125,0.661,0,1.0,13.96529
16,126,0.661,0,1.0,13.81912
16,127,0.640,0,1.0,13.144701
16,128,0.638,0,1.0,13.216412
16,129,0.617,0,1.0,13.039669
16,130,0.602,2,-0.05,13.332167
16,131,0.595,0,1.0,12.314486
16,132,0.591,1,-0.05,11.424891
16,133,0.576,1,-0.05,11.708576
16,134,0.580,0,1.0,13.0846615
16,135,0.572,2,-0.05,13.290021
16,136,0.570,0,1.0,13.214219
16,137,0.554,2,-0.05,11.87154
16,138,0.552,0,1.0,11.709484
16,139,0.542,1,-0.05,10.975152
16,140,0.531,1,-0.05,11.106053
16,141,0.533,0,1.0,11.571374
16,142,0.507,0,1.0,13.713533
16,143,0.505,2,-0.05,12.43005
16,144,0.510,2,-0.05,13.588575
16,145,0.498,2,-0.05,12.255018
16,146,0.496,0,1.0,11.674353
16,147,0.483,1,-0.05,10.916133
16,148,0.487,2,-0.05,11.8657055
16,149,0.471,1,-0.05,10.5584955
16,150,0.457,0,1.0,11.492538
16,151,0.460,2,-0.05,11.75678
16,152,0.427,0,1.0,11.563263
16,153,0.428,0,1.0,11.055184
16,154,0.412,2,-0.05,11.454635
16,155,0.415,2,-0.05,10.742063
16,156,0.406,2,-0.05,10.875006
16,157,0.408,1,-0.05,9.674819
16,158,0.383,0,1.0,10.700927
16,159,0.388,2,-0.05,9.593506
16,160,0.373,2,-0.05,9.986197
16,161,0.377,1,-0.05,8.866284
16,162,0.359,0,1.0,9.444199
16,163,0.349,1,-0.05,9.009801
16,164,0.343,0,1.0,8.848341
16,165,0.352,1,-0.05,8.030291
16,166,0.336,0,1.0,7.7941356
16,167,0.346,2,-0.05,6.910975
16,168,0.357,2,-0.05,6.9360642
16,169,0.346,1,-0.05,6.762352
16,170,0.360,2,-0.05,7.1838126
16,171,0.367,0,1.0,6.664814
16,172,0.345,2,-0.05,6.6889024
16,173,0.360,2,-0.05,6.127764
16,174,0.381,0,1.0,6.525822
16,175,0.401,1,-0.05,5.820911
16,176,0.386,2,-0.05,5.57558
16,177,0.406,0,1.0,5.3566303
16,178,0.392,0,1.0,5.390975
16,179,0.391,2,-0.05,4.7490435
16,180,0.445,0,1.0,4.4760075
16,181,0.450,1,-0.05,4.5388255
16,182,0.431,1,-0.05,4.0706887
16,183,0.453,1,-0.05,4.4603815
16,184,0.446,2,-0.05,3.937751
16,185,0.440,2,-0.05,4.4509735
16,186,0.458,2,-0.05,3.9913568
16,187,0.455,1,-0.05,4.35231
16,188,0.479,0,1.0,3.9627805
16,189,0.487,1,-0.05,4.4389625
16,190,0.522,0,1.0,3.724386
16,191,0.519,2,-0.05,3.769781
16,192,0.526,2,-0.05,3.3632402
16,193,0.557,2,-0.05,3.2916098
16,194,0.546,1,-0.05,3.0305133
16,195,0.568,1,-0.05,3.6346314
16,196,0.564,1,-0.05,2.511816
16,197,0.565,2,-0.05,3.0173123
16,198,0.570,1,-0.05,3.0883155
16,199,0.588,1,-0.05,2.8291597
16,200,0.597,0,1.0,2.4132097
16,201,0.630,2,-0.05,1.0770476
16,202,0.651,0,1.0,0.436664
16,203,0.679,0,1.0,1.1171813
16,204,0.706,0,1.0,-0.055864602
16,205,0.676,2,-0.05,-0.74315435
16,206,0.657,0,1.0,-1.4008694
16,207,0.630,2,-0.05,-0.31844208
16,208,0.613,2,-0.05,-0.8386062
16,209,0.604,0,1.0,0.6153426
16,210,0.586,2,-0.05,0.88073957
16,211,0.570,0,1.0,0.9055064
16,212,0.537,0,1.0,1.4384547
16,213,0.516,1,-0.05,0.60887444
16,214,0.502,2,-0.05,0.7696355
16,215,0.506,1,-0.05,0.56676036
16,216,0.491,1,-0.05,0.6632567
16,217,0.480,0,1.0,-0.78720754
16,218,0.460,2,-0.05,-2.1526113
16,219,0.438,0,1.0,-2.712065
16,220,0.415,2,-0.05,-1.4157255
16,221,0.408,2,-0.05,-1.6805282
16,222,0.376,0,1.0,-0.14104399
16,223,0.368,2,-0.05,0.4793666
16,224,0.364,2,-0.05,-0.08812466
16,225,0.348,0,1.0,0.5323054
16,226,0.326,2,-0.05,1.1608565
16,227,0.309,0,1.0,1.2653971
16,228,0.300,1,-0.05,2.3870857
16,229,0.299,2,-0.05,1.6082603
16,230,0.287,1,-0.05,2.5585306
16,231,0.283,2,-0.05,1.5466456
16,232,0.283,0,1.0,2.0994444
16,233,0.259,2,-0.05,2.8912294
16,234,0.246,2,-100.0,2.5610251
17,0,0.659,0,1.0,19.429749
17,1,0.661,1,-0.05,18.615765
17,2,0.669,2,-0.05,18.149426
17,3,0.669,1,-0.05,17.547365
17,4,0.668,0,1.0,17.538937
17,5,0.664,1,-0.05,17.308521
17,6,0.661,2,-0.05,17.103607
17,7,0.666,2,-0.05,17.036665
17,8,0.658,1,-0.05,17.092
17,9,0.671,1,-0.05,17.16096
17,10,0.656,0,1.0,16.703846
17,11,0.660,2,-0.05,16.565094
17,12,0.656,0,1.0,16.529184
17,13,0.652,0,1.0,16.960491
17,14,0.654,1,-0.05,16.953634
17,15,0.647,2,-0.05,16.953491
17,16,0.641,0,1.0,17.14355
17,17,0.642,0,1.0,17.34419
17,18,0.632,2,-0.05,17.771729
17,19,0.626,2,-0.05,17.827433
17,20,0.648,1,-0.05,18.194904
17,21,0.633,2,-0.05,17.94744
17,22,0.640,1,-0.05,18.44739
17,23,0.646,0,1.0,18.21235
17,24,0.649,0,1.0,18.171503
17,25,0.647,2,-0.05,18.241646
17,26,0.658,1,-0.05,18.298634
17,27,0.652,1,-0.05,18.077377
17,28,0.650,0,1.0,17.802103
17,29,0.636,2,-0.05,17.33705
17,30,0.642,0,1.0,17.288788
17,31,0.646,0,1.0,17.853468
17,32,0.639,1,-0.05,17.75575
17,33,0.631,2,-0.05,17.647541
17,34,0.618,0,1.0,17.788816
17,35,0.623,2,-0.05,18.782988
17,36,0.630,1,-0.05,18.898388
17,37,0.619,1,-0.05,18.833769
17,38,0.621,2,-0.05,17.514238
17,39,0.634,1,-0.05,17.768438
17,40,0.607,0,1.0,17.526772
17,41,0.617,1,-0.05,15.959402
17,42,0.603,0,1.0,15.44773
17,43,0.610,1,-0.05,14.351254
17,44,0.600,1,-0.05,13.811728
17,45,0.592,2,-0.05,11.713931
17,46,0.611,1,-0.05,12.165391
17,47,0.582,0,1.0,11.5346
17,48,0.572,0,1.0,8.9385
17,49,0.569,0,1.0,8.502591
17,50,0.550,0,1.0,8.537859
17,51,0.522,0,1.0,8.050145
17,52,0.504,0,1.0,7.6182256
17,53,0.506,1,-0.05,7.129917
17,54,0.499,0,1.0,6.330217
17,55,0.480,1,-0.05,3.8802898
17,56,0.460,0,1.0,3.2447507
17,57,0.441,0,1.0,0.1126481
17,58,0.439,1,-0.05,-0.9813631
17,59,0.441,1,-0.05,-1.9554513
17,60,0.411,1,-0.05,-4.500157
17,61,0.430,1,-0.05,-7.4947085
17,62,0.417,1,-0.05,-9.833372
17,63,0.411,1,-0.05,-11.009288
17,64,0.406,1,-0.05,-12.620725
17,65,0.405,1,-0.05,-14.545628
17,66,0.385,2,-0.05,-16.74398
17,67,0.380,2,-0.05,-15.254617
17,68,0.361,0,1.0,-12.905673
17,69,0.332,2,-0.05,-11.586635
17,70,0.328,1,-0.05,-11.914573
17,71,0.325,1,-0.05,-12.558226
17,72,0.319,1,-0.05,-14.807589
17,73,0.307,0,1.0,-16.743254
17,74,0.276,0,1.0,-19.686588
17,75,0.255,1,-0.05,-21.33453
17,76,0.239,2,-100.0,-22.068768
18,0,0.661,1,-0.05,23.70314
18,1,0.671,1,-0.05,23.01881
18,2,0.670,2,-0.05,21.962784
18,3,0.660,0,1.0,22.07093
18,4,0.660,0,1.0,22.415985
18,5,0.666,0,1.0,22.36596
18,6,0.666,2,-0.05,22.184666
18,7,0.675,1,-0.05,22.116621
18,8,0.664,2,-0.05,22.153057
18,9,0.662,0,1.0,22.16183
18,10,0.665,1,-0.05,22.260162
18,11,0.677,0,1.0,22.649582
18,12,0.674,1,-0.05,22.14355
18,13,0.667,1,-0.05,22.08694
18,14,0.666,0,1.0,21.97435
18,15,0.655,2,-0.05,21.346457
18,16,0.660,1,-0.05,21.439907
18,17,0.665,0,1.0,21.209553
18,18,0.642,2,-0.05,20.53746
18,19,0.652,0,1.0,20.468534
18,20,0.634,2,-0.05,21.36052
18,21,0.648,1,-0.05,21.41398
18,22,0.642,2,-0.05,21.111303
18,23,0.646,0,1.0,21.366999
18,24,0.638,1,-0.05,22.354023
18,25,0.639,0,1.0,22.143751
18,26,0.630,1,-0.05,21.250418
18,27,0.638,2,-0.05,21.076534
18,28,0.639,0,1.0,22.26715
18,29,0.630,2,-0.05,22.186968
18,30,0.634,2,-0.05,22.03147
18,31,0.629,1,-0.05,22.683489
18,32,0.629,0,1.0,22.497612
18,33,0.640,2,-0.05,21.677448
18,34,0.610,1,-0.05,21.798536
18,35,0.633,0,1.0,22.0229
18,36,0.611,2,-0.05,20.884628
18,37,0.620,1,-0.05,20.859413
18,38,0.632,1,-0.05,20.411406
18,39,0.628,2,-0.05,20.228863
18,40,0.615,0,1.0,20.157526
18,41,0.610,2,-0.05,20.305273
18,42,0.612,1,-0.05,20.444689
18,43,0.631,1,-0.05,19.788431
18,44,0.617,2,-0.05,19.012613
18,45,0.607,2,-0.05,19.42624
18,46,0.609,2,-0.05,19.978516
18,47,0.610,0,1.0,20.677479
18,48,0.607,2,-0.05,20.580137
18,49,0.600,2,-0.05,20.68784
18,50,0.608,1,-0.05,20.674086
18,51,0.617,1,-0.05,21.033463
18,52,0.599,2,-0.05,21.01561
18,53,0.614,2,-0.05,20.359364
18,54,0.611,1,-0.05,20.44739
18,55,0.603,0,1.0,21.025377
18,56,0.618,1,-0.05,20.934677
18,57,0.601,0,1.0,20.662704
18,58,0.603,1,-0.05,20.18709
18,59,0.616,0,1.0,19.79554
18,60,0.606,0,1.0,18.95816
18,61,0.586,0,1.0,18.730854
18,62,0.607,2,-0.05,18.426722
18,63,0.594,1,-0.05,18.792673
18,64,0.593,2,-0.05,18.814104
18,65,0.591,1,-0.05,19.179562
18,66,0.592,0,1.0,18.749153
18,67,0.586,1,-0.05,18.475817
18,68,0.567,0,1.0,18.05193
18,69,0.560,0,1.0,16.241074
18,70,0.551,2,-0.05,15.949079
18,71,0.538,2,-0.05,15.589802
18,72,0.555,1,-0.05,17.319372
18,73,0.547,1,-0.05,16.356096
18,74,0.559,1,-0.05,15.072781
18,75,0.556,2,-0.05,12.353521
18,76,0.561,1,-0.05,12.908818
18,77,0.549,0,1.0,12.21068
18,78,0.536,1,-0.05,9.257607
18,79,0.530,0,1.0,8.57685
18,80,0.511,1,-0.05,5.7513537
18,81,0.508,2,-0.05,5.2612224
18,82,0.514,2,-0.05,5.789853
18,83,0.505,2,-0.05,8.211856
18,84,0.495,2,-0.05,10.7566
18,85,0.498,1,-0.05,13.043094
18,86,0.492,0,1.0,11.837262
18,87,0.472,1,-0.05,9.206147
18,88,0.474,2,-0.05,8.684375
18,89,0.468,0,1.0,9.171459
18,90,0.460,1,-0.05,11.444216
18,91,0.451,1,-0.05,11.043741
18,92,0.465,1,-0.05,9.398199
18,93,0.442,0,1.0,6.4325056
18,94,0.423,0,1.0,4.0071945
18,95,0.425,1,-0.05,3.6617122
18,96,0.414,1,-0.05,3.200304
18,97,0.407,0,1.0,0.41479266
18,98,0.388,0,1.0,-2.4376771
18,99,0.363,0,1.0,-2.9273114
18,100,0.342,0,1.0,-3.464885
18,101,0.322,0,1.0,-3.8878975
18,102,0.292,0,1.0,-4.5157266
18,103,0.269,2,-0.05,-5.0350084
18,104,0.265,0,1.0,-5.10022
18,105,0.261,2,-0.05,-2.9518108
18,106,0.237,0,-100.0,-3.316761
19,0,0.661,1,-0.05,21.463598
19,1,0.670,0,1.0,20.753069
19,2,0.676,2,-0.05,20.202053
19,3,0.659,1,-0.05,19.655165
19,4,0.678,1,-0.05,19.396015
19,5,0.660,2,-0.05,19.052355
19,6,0.651,0,1.0,18.898037
19,7,0.654,0,1.0,18.806313
19,8,0.658,2,-0.05,18.519346
19,9,0.656,1,-0.05,18.323294
19,10,0.643,2,-0.05,19.26389
19,11,0.653,1,-0.05,18.927464
19,12,0.647,1,-0.05,18.750345
19,13,0.646,0,1.0,18.38008
19,14,0.642,2,-0.05,17.12145
19,15,0.647,1,-0.05,16.756954
19,16,0.628,0,1.0,15.882577
19,17,0.629,0,1.0,14.054306
19,18,0.602,0,1.0,13.740847
19,19,0.601,1,-0.05,13.367541
19,20,0.597,0,1.0,12.747304
19,21,0.593,2,-0.05,10.90773
19,22,0.591,2,-0.05,10.653237
19,23,0.570,2,-0.05,12.157669
19,24,0.563,2,-0.05,13.706353
19,25,0.562,2,-0.05,15.459775
19,26,0.563,0,1.0,16.699942
19,27,0.559,2,-0.05,17.505774
19,28,0.560,0,1.0,17.312288
19,29,0.567,1,-0.05,18.158348
19,30,0.545,1,-0.05,18.17056
19,31,0.558,1,-0.05,17.340271
19,32,0.556,2,-0.05,16.76341
19,33,0.555,2,-0.05,16.746376
19,34,0.536,2,-0.05,18.145103
19,35,0.542,2,-0.05,18.10267
19,36,0.544,2,-0.05,18.745567
19,37,0.537,2,-0.05,18.367811
19,38,0.550,2,-0.05,17.636496
19,39,0.548,0,1.0,16.56323
19,40,0.573,0,1.0,15.091622
19,41,0.564,1,-0.05,15.209428
19,42,0.561,2,-0.05,15.406122
19,43,0.569,2,-0.05,15.370318
19,44,0.571,1,-0.05,13.057603
19,45,0.579,1,-0.05,14.376661
19,46,0.573,2,-0.05,16.040985
19,47,0.583,2,-0.05,15.595088
19,48,0.588,0,1.0,13.314738
19,49,0.607,1,-0.05,11.805855
19,50,0.614,0,1.0,11.784563
19,51,0.615,1,-0.05,13.458449
19,52,0.622,1,-0.05,13.660067
19,53,0.630,1,-0.05,16.887018
19,54,0.632,2,-0.05,18.54912
19,55,0.626,2,-0.05,18.700294
19,56,0.639,2,-0.05,16.761087
19,57,0.649,1,-0.05,13.446874
19,58,0.643,0,1.0,13.775585
19,59,0.656,2,-0.05,17.150858
19,60,0.668,0,1.0,17.08471
19,61,0.680,2,-0.05,14.846286
19,62,0.679,0,1.0,14.38846
19,63,0.696,1,-0.05,12.922053
19,64,0.696,2,-0.05,13.686194
19,65,0.707,1,-0.05,13.573336
19,66,0.698,1,-0.05,14.093443
19,67,0.690,0,1.0,16.710012
19,68,0.694,1,-0.05,20.54442
19,69,0.684,0,1.0,20.692049
19,70,0.684,2,-0.05,22.84069
19,71,0.674,1,-0.05,22.615555
19,72,0.656,0,1.0,22.663334
19,73,0.658,0,1.0,23.705532
19,74,0.658,0,1.0,23.372425
19,75,0.655,0,1.0,23.250828
19,76,0.642,0,1.0,24.812372
19,77,0.629,2,-0.05,24.346447
19,78,0.640,0,1.0,24.291634
19,79,0.634,1,-0.05,21.947721
19,80,0.642,2,-0.05,21.859282
19,81,0.636,0,1.0,20.586885
19,82,0.627,2,-0.05,19.978628
19,83,0.617,0,1.0,19.743422
19,84,0.606,2,-0.05,17.030462
19,85,0.610,1,-0.05,16.818031
19,86,0.597,0,1.0,16.978977
19,87,0.575,0,1.0,19.156345
19,88,0.578,2,-0.05,18.903107
19,89,0.574,2,-0.05,18.726257
19,90,0.573,0,1.0,16.025938
19,91,0.556,0,1.0,12.074526
19,92,0.538,1,-0.05,11.895932
19,93,0.536,0,1.0,11.659912
19,94,0.511,0,1.0,15.574943
19,95,0.496,0,1.0,15.174803
19,96,0.492,1,-0.05,15.05609
19,97,0.484,1,-0.05,14.923974
19,98,0.485,0,1.0,17.114594
19,99,0.474,2,-0.05,18.597677
19,100,0.475,2,-0.05,18.245312
19,101,0.465,0,1.0,16.374111
19,102,0.466,1,-0.05,14.216717
19,103,0.455,0,1.0,13.863958
19,104,0.435,0,1.0,15.889963
19,105,0.430,2,-0.05,15.366046
19,106,0.432,1,-0.05,15.386343
19,107,0.437,1,-0.05,15.245837
19,108,0.423,2,-0.05,17.048714
19,109,0.413,0,1.0,16.334324
19,110,0.409,1,-0.05,14.922769
19,111,0.414,2,-0.05,14.461678
19,112,0.403,0,1.0,14.357046
19,113,0.394,0,1.0,11.143149
19,114,0.378,1,-0.05,11.073014
19,115,0.381,2,-0.05,10.263215
19,116,0.383,1,-0.05,10.427122
19,117,0.379,2,-0.05,10.619617
19,118,0.361,1,-0.05,10.4795685
19,119,0.370,1,-0.05,10.10462
19,120,0.363,1,-0.05,13.052185
19,121,0.354,1,-0.05,14.054882
19,122,0.351,1,-0.05,16.750639
19,123,0.353,0,1.0,18.725914
19,124,0.352,1,-0.05,20.622831
19,125,0.343,0,1.0,20.0159
19,126,0.352,2,-0.05,20.958557
19,127,0.351,2,-0.05,20.196375
19,128,0.345,2,-0.05,19.163183
19,129,0.337,2,-0.05,16.219357
19,130,0.348,0,1.0,14.353697
19,131,0.341,2,-0.05,13.017709
19,132,0.335,0,1.0,13.26728
19,133,0.338,0,1.0,9.860005
19,134,0.315,0,1.0,10.090329
19,135,0.305,2,-0.05,11.275146
19,136,0.303,2,-0.05,11.370489
19,137,0.293,0,1.0,8.079268
19,138,0.265,2,-0.05,5.9334655
19,139,0.265,2,-0.05,5.8399243
19,140,0.254,0,1.0,2.5285292
19,141,0.245,2,-100.0,1.340203
20,0,0.669,0,1.0,17.941124
20,1,0.672,0,1.0,17.263233
20,2,0.000,2,-100.0,16.708084
21,0,0.656,2,-0.05,16.176468
21,1,0.665,0,1.0,15.7310505
21,2,0.664,1,-0.05,15.232904
21,3,0.667,1,-0.05,15.25112
21,4,0.665,2,-0.05,14.856676
21,5,0.660,0,1.0,15.230217
21,6,0.673,0,1.0,14.776654
21,7,0.662,1,-0.05,14.788273
21,8,0.677,1,-0.05,14.885328
21,9,0.676,2,-0.05,15.4910345
21,10,0.670,1,-0.05,15.178551
21,11,0.681,1,-0.05,15.188198
21,12,0.681,1,-0.05,15.477979
21,13,0.685,1,-0.05,15.329437
21,14,0.691,2,-0.05,14.541108
21,15,0.676,0,1.0,14.879564
21,16,0.678,2,-0.05,15.785042
21,17,0.675,1,-0.05,16.11454
21,18,0.680,1,-0.05,15.749551
21,19,0.679,0,1.0,14.956649
21,20,0.670,0,1.0,14.194635
21,21,0.659,1,-0.05,14.211237
21,22,0.648,2,-0.05,14.03529
21,23,0.653,2,-0.05,14.47909
21,24,0.654,0,1.0,15.325957
21,25,0.661,1,-0.05,16.331028
21,26,0.654,1,-0.05,16.466574
21,27,0.643,1,-0.05,15.861845
21,28,0.650,2,-0.05,14.931351
21,29,0.650,1,-0.05,15.3613
21,30,0.646,1,-0.05,15.147307
21,31,0.653,2,-0.05,12.650272
21,32,0.647,0,1.0,13.651928
21,33,0.636,2,-0.05,15.606948
21,34,0.623,1,-0.05,15.580312
21,35,0.631,0,1.0,15.477658
21,36,0.615,2,-0.05,12.680385
21,37,0.615,0,1.0,12.690214
21,38,0.619,1,-0.05,14.920587
21,39,0.607,1,-0.05,14.244381
21,40,0.612,0,1.0,12.241402
21,41,0.613,2,-0.05,9.899187
21,42,0.591,0,1.0,10.042289
21,43,0.582,2,-0.05,12.499024
21,44,0.584,1,-0.05,12.533644
21,45,0.580,2,-0.05,11.568514
21,46,0.570,0,1.0,12.994949
21,47,0.558,2,-0.05,14.138867
21,48,0.577,2,-0.05,14.380325
21,49,0.567,0,1.0,15.673836
21,50,0.559,0,1.0,16.339815
21,51,0.557,0,1.0,16.174334
21,52,0.558,2,-0.05,16.09547
21,53,0.545,2,-0.05,17.404097
21,54,0.550,0,1.0,17.405972
21,55,0.556,2,-0.05,16.797157
21,56,0.554,0,1.0,16.77971
21,57,0.569,2,-0.05,15.975249
21,58,0.558,1,-0.05,16.111727
21,59,0.561,1,-0.05,16.913315
21,60,0.560,2,-0.05,18.483961
21,61,0.561,0,1.0,18.16819
21,62,0.567,0,1.0,17.922548
21,63,0.571,0,1.0,19.988533
21,64,0.581,0,1.0,20.317495
21,65,0.584,0,1.0,20.56136
21,66,0.589,0,1.0,20.60731
21,67,0.598,1,-0.05,20.758112
21,68,0.596,2,-0.05,20.612953
21,69,0.595,2,-0.05,20.640984
21,70,0.595,0,1.0,18.840078
21,71,0.612,0,1.0,16.459597
21,72,0.620,0,1.0,16.149979
21,73,0.635,0,1.0,15.876199
21,74,0.640,0,1.0,15.652078
21,75,0.642,1,-0.05,15.2201805
21,76,0.658,0,1.0,15.304886
21,77,0.652,1,-0.05,17.710482
21,78,0.662,0,1.0,17.48426
21,79,0.667,0,1.0,19.245928
21,80,0.681,0,1.0,18.813221
21,81,0.673,1,-0.05,18.407108
21,82,0.677,2,-0.05,18.289501
21,83,0.696,2,-0.05,18.100637
21,84,0.682,1,-0.05,15.943382
21,85,0.692,2,-0.05,18.177118
21,86,0.698,1,-0.05,16.116108
21,87,0.696,1,-0.05,15.92256
21,88,0.699,1,-0.05,18.136019
21,89,0.701,2,-0.05,19.590563
21,90,0.693,1,-0.05,19.545738
21,91,0.704,0,1.0,19.322495
21,92,0.704,2,-0.05,20.032986
21,93,0.706,1,-0.05,19.667673
21,94,0.704,1,-0.05,19.452526
21,95,0.706,2,-0.05,19.819204
21,96,0.704,2,-0.05,19.749506
21,97,0.695,2,-0.05,19.37871
21,98,0.696,2,-0.05,18.072227
21,99,0.704,2,-0.05,16.239452
21,100,0.694,0,1.0,16.053259
21,101,0.662,0,1.0,12.924006
21,102,0.687,1,-0.05,12.666154
21,103,0.676,0,1.0,12.559441
21,104,0.664,1,-0.05,15.212398
21,105,0.662,1,-0.05,14.93767
21,106,0.657,2,-0.05,17.072803
21,107,0.656,1,-0.05,16.835434
21,108,0.653,1,-0.05,16.817158
21,109,0.659,2,-0.05,17.94374
21,110,0.659,1,-0.05,17.699347
21,111,0.644,1,-0.05,18.23684
21,112,0.647,0,1.0,19.108068
21,113,0.648,2,-0.05,19.335922
21,114,0.656,0,1.0,19.035534
21,115,0.643,0,1.0,17.85049
21,116,0.660,1,-0.05,18.461239
21,117,0.646,0,1.0,17.675285
21,118,0.641,2,-0.05,18.733547
21,119,0.644,0,1.0,18.224909
21,120,0.640,2,-0.05,16.711798
21,121,0.643,1,-0.05,16.200401
21,122,0.646,1,-0.05,17.477854
21,123,0.642,1,-0.05,18.159355
21,124,0.641,1,-0.05,17.850868
21,125,0.649,1,-0.05,17.366243
21,126,0.637,2,-0.05,16.235674
21,127,0.639,0,1.0,17.587795
21,128,0.658,0,1.0,16.24026
21,129,0.668,0,1.0,17.206348
21,130,0.669,0,1.0,15.503194
21,131,0.667,1,-0.05,15.483153
21,132,0.670,0,1.0,14.402913
21,133,0.671,2,-0.05,13.52585
21,134,0.673,1,-0.05,12.972921
21,135,0.678,0,1.0,12.768129
21,136,0.680,1,-0.05,10.036848
21,137,0.695,2,-0.05,9.869262
21,138,0.689,1,-0.05,9.562627
21,139,0.700,1,-0.05,9.419722
21,140,0.696,2,-0.05,7.150545
21,141,0.707,0,1.0,7.8157477
21,142,0.708,1,-0.05,8.771888
21,143,0.703,0,1.0,8.820263
21,144,0.691,2,-0.05,6.148842
21,145,0.687,0,1.0,6.2801294
21,146,0.683,1,-0.05,7.491273
21,147,0.687,2,-0.05,7.0141735
21,148,0.680,1,-0.05,7.522403
21,149,0.686,2,-0.05,5.91922
21,150,0.671,1,-0.05,7.447335
21,151,0.681,2,-0.05,5.3432503
21,152,0.658,2,-0.05,6.194446
21,153,0.653,1,-0.05,7.335401
21,154,0.654,0,1.0,6.1681905
21,155,0.656,2,-0.05,3.5796554
21,156,0.661,1,-0.05,2.9861321
21,157,0.648,2,-0.05,2.600754
21,158,0.647,2,-0.05,3.005079
21,159,0.646,0,1.0,4.0915756
21,160,0.641,2,-0.05,4.2703524
21,161,0.632,0,1.0,3.7129445
21,162,0.638,1,-0.05,3.9455302
21,163,0.638,0,1.0,3.3185575
21,164,0.625,0,1.0,1.9425426
21,165,0.635,1,-0.05,1.1293328
21,166,0.630,1,-0.05,0.6268605
21,167,0.624,0,1.0,0.49119997
21,168,0.623,2,-0.05,-1.0191889
21,169,0.620,0,1.0,-1.7999011
21,170,0.611,0,1.0,-0.76542366
21,171,0.606,2,-0.05,-2.2633195
21,172,0.604,2,-0.05,-2.67647
21,173,0.594,2,-0.05,-2.2889678
21,174,0.604,2,-0.05,-2.2364314
21,175,0.602,0,1.0,-2.0589523
21,176,0.595,1,-0.05,-2.4048128
21,177,0.612,0,1.0,-2.727728
21,178,0.609,2,-0.05,-3.459489
21,179,0.616,1,-0.05,-3.6171515
21,180,0.606,0,1.0,-3.8671377
21,181,0.618,1,-0.05,-4.2306027
21,182,0.606,1,-0.05,-4.8123684
21,183,0.596,1,-0.05,-5.7575808
21,184,0.609,0,1.0,-6.8108497
21,185,0.601,0,1.0,-8.226138
21,186,0.577,0,1.0,-9.259045
21,187,0.588,1,-0.05,-10.379812
21,188,0.583,0,1.0,-11.398139
21,189,0.567,0,1.0,-13.963333
21,190,0.561,0,1.0,-14.883714
21,191,0.548,2,-0.05,-15.785134
21,192,0.558,1,-0.05,-16.50117
21,193,0.533,2,-0.05,-16.602625
21,194,0.546,1,-0.05,-15.3809395
21,195,0.529,1,-0.05,-15.942601
21,196,0.533,0,1.0,-18.398449
21,197,0.528,2,-0.05,-21.347815
21,198,0.519,2,-0.05,-21.89909
21,199,0.511,1,-0.05,-18.824692
21,200,0.512,1,-0.05,-20.012316
21,201,0.510,2,-0.05,-22.426321
21,202,0.502,0,1.0,-20.72729
21,203,0.489,0,1.0,-19.04541
21,204,0.473,0,1.0,-20.477602
21,205,0.461,0,1.0,-21.527973
21,206,0.448,1,-0.05,-22.745375
21,207,0.421,0,1.0,-23.305183
21,208,0.398,2,-0.05,-25.884205
21,209,0.391,1,-0.05,-26.011791
21,210,0.379,0,1.0,-26.556221
21,211,0.352,1,-0.05,-28.680504
21,212,0.332,2,-0.05,-29.26736
21,213,0.330,2,-0.05,-28.934673
21,214,0.296,0,1.0,-27.223248
21,215,0.263,0,1.0,-25.882824
21,216,0.238,2,-100.0,-27.26428
22,0,0.655,2,-0.05,25.403088
22,1,0.663,2,-0.05,24.654062
22,2,0.660,2,-0.05,23.841297
22,3,0.659,2,-0.05,23.630846
22,4,0.677,1,-0.05,23.038385
22,5,0.666,1,-0.05,23.288155
22,6,0.670,0,1.0,23.756205
22,7,0.677,0,1.0,23.848694
22,8,0.680,1,-0.05,23.885122
22,9,0.686,2,-0.05,23.83253
22,10,0.682,1,-0.05,23.36376
22,11,0.684,0,1.0,23.700514
22,12,0.690,1,-0.05,23.94112
22,13,0.690,1,-0.05,23.905125
22,14,0.691,1,-0.05,24.770544
22,15,0.683,2,-0.05,24.52841
22,16,0.689,1,-0.05,24.471361
22,17,0.679,2,-0.05,24.307901
22,18,0.680,1,-0.05,24.215214
22,19,0.694,0,1.0,24.220093
22,20,0.668,2,-0.05,24.47239
22,21,0.685,0,1.0,24.398302
22,22,0.664,0,1.0,24.131662
22,23,0.672,2,-0.05,24.592619
22,24,0.665,1,-0.05,23.744825
22,25,0.680,1,-0.05,23.25615
22,26,0.675,0,1.0,23.308159
22,27,0.662,2,-0.05,22.634497
22,28,0.627,0,1.0,22.196186
22,29,0.654,0,1.0,22.514673
22,30,0.648,0,1.0,22.475578
22,31,0.629,2,-0.05,22.1001
22,32,0.630,0,1.0,21.81504
22,33,0.631,1,-0.05,21.348026
22,34,0.629,1,-0.05,21.274336
22,35,0.611,0,1.0,21.137094
22,36,0.620,1,-0.05,20.218987
22,37,0.610,1,-0.05,19.858057
22,38,0.607,2,-0.05,18.619385
22,39,0.607,2,-0.05,18.908989
22,40,0.616,1,-0.05,19.727594
22,41,0.583,2,-0.05,19.505136
22,42,0.600,0,1.0,19.389746
22,43,0.586,0,1.0,20.008856
22,44,0.582,2,-0.05,19.637602
22,45,0.582,1,-0.05,19.639389
22,46,0.577,0,1.0,19.505404
22,47,0.572,2,-0.05,19.051613
22,48,0.569,1,-0.05,18.713367
22,49,0.554,1,-0.05,18.36799
22,50,0.566,1,-0.05,17.390835
22,51,0.556,0,1.0,16.569586
22,52,0.542,1,-0.05,15.161303
22,53,0.530,2,-0.05,14.550533
22,54,0.551,1,-0.05,14.542504
22,55,0.536,0,1.0,13.923065
22,56,0.511,0,1.0,12.186179
22,57,0.500,2,-0.05,11.945827
22,58,0.508,1,-0.05,11.154854
22,59,0.491,1,-0.05,10.020004
22,60,0.478,0,1.0,7.8553996
22,61,0.479,2,-0.05,5.127771
22,62,0.466,1,-0.05,4.664443
22,63,0.441,0,1.0,4.910537
22,64,0.428,2,-0.05,2.0385945
22,65,0.412,1,-0.05,1.2675349
22,66,0.405,0,1.0,-0.051296934
22,67,0.389,1,-0.05,-2.4944189
22,68,0.373,0,1.0,-3.5870993
22,69,0.329,0,1.0,-6.1288743
22,70,0.325,2,-0.05,-7.4529605
22,71,0.278,0,1.0,-8.458186
22,72,0.268,2,-0.05,-7.7031617
22,73,0.274,0,1.0,-8.158992
22,74,0.237,0,-100.0,-6.5816755
23,0,0.656,2,-0.05,18.487906
23,1,0.664,2,-0.05,17.509182
23,2,0.664,0,1.0,16.35564
23,3,0.670,0,1.0,16.46222
23,4,0.674,1,-0.05,16.523046
23,5,0.679,2,-0.05,16.48966
23,6,0.662,1,-0.05,16.361721
23,7,0.688,0,1.0,16.636578
23,8,0.684,0,1.0,17.02488
23,9,0.698,0,1.0,17.122604
23,10,0.680,2,-0.05,17.23866
23,11,0.696,1,-0.05,17.283722
23,12,0.687,1,-0.05,17.509777
23,13,0.696,0,1.0,18.200737
23,14,0.699,2,-0.05,18.911142
23,15,0.688,0,1.0,18.791891
23,16,0.698,0,1.0,18.718557
23,17,0.694,2,-0.05,19.291548
23,18,0.676,2,-0.05,19.565395
23,19,0.696,0,1.0,19.199924
23,20,0.698,0,1.0,18.445032
23,21,0.687,0,1.0,18.465887
23,22,0.709,0,1.0,18.598793
23,23,0.688,2,-0.05,18.52098
23,24,0.703,2,-0.05,18.642782
23,25,0.705,1,-0.05,18.186724
23,26,0.675,1,-0.05,18.324547
23,27,0.696,0,1.0,18.983534
23,28,0.693,0,1.0,19.941612
23,29,0.698,1,-0.05,20.101551
23,30,0.680,0,1.0,20.056915
23,31,0.694,2,-0.05,20.715038
23,32,0.706,0,1.0,20.750366
23,33,0.701,2,-0.05,21.185246
23,34,0.684,0,1.0,20.145836
23,35,0.697,1,-0.05,20.438583
23,36,0.693,2,-0.05,20.480425
23,37,0.693,0,1.0,19.370216
23,38,0.698,2,-0.05,19.112408
23,39,0.691,0,1.0,19.155659
23,40,0.669,0,1.0,18.234108
23,41,0.671,0,1.0,18.372616
23,42,0.662,1,-0.05,18.590178
23,43,0.652,0,1.0,18.67475
23,44,0.652,2,-0.05,20.06265
23,45,0.642,2,-0.05,20.329866
23,46,0.647,0,1.0,18.836693
23,47,0.633,2,-0.05,16.467999
23,48,0.618,2,-0.05,16.417643
23,49,0.624,0,1.0,14.408662
23,50,0.609,2,-0.05,13.718489
23,51,0.604,0,1.0,13.641824
23,52,0.599,1,-0.05,10.888238
23,53,0.579,2,-0.05,10.867238
23,54,0.574,0,1.0,10.560008
23,55,0.557,0,1.0,8.099573
23,56,0.537,0,1.0,7.5160108
23,57,0.517,2,-0.05,7.030317
23,58,0.499,0,1.0,6.690746
23,59,0.496,1,-0.05,2.7452724
23,60,0.492,1,-0.05,2.5398557
23,61,0.475,0,1.0,7.039891
23,62,0.460,0,1.0,7.842317
23,63,0.441,2,-0.05,7.9801464
23,64,0.440,2,-0.05,8.20286
23,65,0.442,1,-0.05,4.2599535
23,66,0.442,1,-0.05,5.2440705
23,67,0.408,1,-0.05,8.88026
23,68,0.418,1,-0.05,12.01897
23,69,0.412,2,-0.05,15.15326
23,70,0.417,1,-0.05,14.667076
23,71,0.412,1,-0.05,14.791621
23,72,0.409,1,-0.05,17.005129
23,73,0.399,1,-0.05,20.602224
23,74,0.399,0,1.0,22.37674
23,75,0.397,0,1.0,23.718578
23,76,0.385,1,-0.05,23.217596
23,77,0.381,1,-0.05,23.211206
23,78,0.385,0,1.0,25.327595
23,79,0.387,0,1.0,26.34347
23,80,0.386,2,-0.05,25.59908
23,81,0.395,0,1.0,25.047897
23,82,0.383,0,1.0,23.072939
23,83,0.391,1,-0.05,22.43217
23,84,0.392,0,1.0,23.576931
23,85,0.387,2,-0.05,23.15401
23,86,0.359,2,-0.05,22.722767
23,87,0.386,2,-0.05,20.65759
23,88,0.383,2,-0.05,20.06233
23,89,0.369,0,1.0,17.238163
23,90,0.370,1,-0.05,15.437044
23,91,0.378,1,-0.05,15.3589945
23,92,0.376,0,1.0,16.535484
23,93,0.358,2,-0.05,18.72818
23,94,0.367,0,1.0,18.385193
23,95,0.349,0,1.0,15.437887
23,96,0.357,0,1.0,14.863786
23,97,0.348,0,1.0,14.458225
23,98,0.342,0,1.0,13.64223
23,99,0.327,2,-0.05,13.309123
23,100,0.333,0,1.0,13.033543
23,101,0.324,0,1.0,12.2446
23,102,0.312,0,1.0,11.681866
23,103,0.304,2,-0.05,11.473822
23,104,0.302,0,1.0,11.111582
23,105,0.305,1,-0.05,9.304991
23,106,0.298,0,1.0,9.0757065
23,107,0.283,0,1.0,10.258983
23,108,0.284,2,-0.05,9.895764
23,109,0.282,2,-0.05,9.38516
23,110,0.271,1,-0.05,7.639603
23,111,0.260,2,-0.05,8.782932
23,112,0.273,0,1.0,8.240614
23,113,0.242,1,-100.0,6.6412864
24,0,0.656,0,1.0,16.157997
24,1,0.659,2,-0.05,15.195964
24,2,0.663,0,1.0,14.635407
24,3,0.677,1,-0.05,14.4237585
24,4,0.674,1,-0.05,14.152737
24,5,0.663,0,1.0,13.32841
24,6,0.675,2,-0.05,12.482414
24,7,0.670,2,-0.05,12.291072
24,8,0.655,0,1.0,12.670341
24,9,0.661,2,-0.05,13.033275
24,10,0.674,1,-0.05,13.057747
24,11,0.656,0,1.0,12.36003
24,12,0.680,0,1.0,12.755249
24,13,0.666,1,-0.05,12.919044
24,14,0.662,1,-0.05,12.821745
24,15,0.666,0,1.0,12.244838
24,16,0.660,1,-0.05,11.704443
24,17,0.666,2,-0.05,11.940451
24,18,0.649,1,-0.05,12.470458
24,19,0.655,0,1.0,12.148778
24,20,0.651,2,-0.05,11.374017
24,21,0.656,1,-0.05,11.54587
24,22,0.644,0,1.0,10.925871
24,23,0.633,1,-0.05,8.803597
24,24,0.619,0,1.0,8.456742
24,25,0.624,1,-0.05,6.906684
24,26,0.609,0,1.0,7.084247
24,27,0.587,2,-0.05,4.6062975
24,28,0.589,1,-0.05,4.6420307
24,29,0.601,1,-0.05,3.939137
24,30,0.589,0,1.0,1.625968
24,31,0.579,1,-0.05,-1.4112216
24,32,0.559,0,1.0,-2.1038501
24,33,0.546,0,1.0,-5.8510284
24,34,0.526,0,1.0,-6.8350205
24,35,0.504,1,-0.05,-7.497446
24,36,0.500,1,-0.05,-8.33416
24,37,0.484,0,1.0,-11.117123
24,38,0.466,2,-0.05,-13.70432
24,39,0.451,2,-0.05,-14.258407
24,40,0.446,0,1.0,-11.477673
24,41,0.434,1,-0.05,-8.723293
24,42,0.421,0,1.0,-8.17727
24,43,0.397,2,-0.05,-11.456778
24,44,0.404,2,-0.05,-11.182589
24,45,0.376,0,1.0,-7.7681985
24,46,0.346,0,1.0,-5.4345984
24,47,0.325,1,-0.05,-6.288395
24,48,0.348,2,-0.05,-6.6464376
24,49,0.332,1,-0.05,-5.224112
24,50,0.336,1,-0.05,-5.714383
24,51,0.322,2,-0.05,-7.2609806
24,52,0.310,2,-0.05,-6.4360948
24,53,0.302,0,1.0,-4.1247616
24,54,0.286,0,1.0,-1.4098318
24,55,0.264,0,1.0,-2.4261613
24,56,0.245,0,-100.0,-3.230834
25,0,0.659,2,-0.05,18.378601
25,1,0.659,0,1.0,17.324509
25,2,0.659,0,1.0,16.02244
25,3,0.668,1,-0.05,15.585263
25,4,0.673,2,-0.05,15.515708
25,5,0.680,2,-0.05,14.647938
25,6,0.682,0,1.0,14.520931
25,7,0.683,1,-0.05,14.122265
25,8,0.684,2,-0.05,14.730766
25,9,0.682,0,1.0,15.29206
25,10,0.697,2,-0.05,13.502448
25,11,0.698,2,-0.05,13.413954
25,12,0.698,0,1.0,12.0243
25,13,0.695,1,-0.05,10.005365
25,14,0.683,0,1.0,10.175382
25,15,0.670,0,1.0,11.772003
25,16,0.655,2,-0.05,11.448627
25,17,0.650,2,-0.05,11.606576
25,18,0.662,2,-0.05,9.631154
25,19,0.653,0,1.0,8.387334
25,20,0.632,2,-0.05,6.7182837
25,21,0.631,0,1.0,4.8272786
25,22,0.614,2,-0.05,0.7584546
25,23,0.608,2,-0.05,0.17046979
25,24,0.591,0,1.0,-3.4845204
25,25,0.558,0,1.0,-5.814945
25,26,0.536,0,1.0,-8.3299055
25,27,0.512,0,1.0,-9.9303
25,28,0.488,0,1.0,-11.297818
25,29,0.460,2,-0.05,-12.545805
25,30,0.450,0,1.0,-13.309801
25,31,0.406,0,1.0,-17.17506
25,32,0.394,2,-0.05,-18.429504
25,33,0.394,0,1.0,-19.325567
25,34,0.368,1,-0.05,-23.030909
25,35,0.356,2,-0.05,-23.355188
25,36,0.349,0,1.0,-26.059067
25,37,0.331,2,-0.05,-29.646856
25,38,0.307,0,1.0,-31.32418
25,39,0.274,0,1.0,-33.933453
25,40,0.240,0,-100.0,-36.11736
26,0,0.659,2,-0.05,20.701344
26,1,0.667,1,-0.05,20.145567
26,2,0.665,1,-0.05,20.646132
26,3,0.671,2,-0.05,21.066666
26,4,0.665,0,1.0,20.786259
26,5,0.666,2,-0.05,20.020592
26,6,0.671,1,-0.05,19.80281
26,7,0.671,2,-0.05,19.489346
26,8,0.662,0,1.0,19.613132
26,9,0.665,1,-0.05,18.720915
26,10,0.671,2,-0.05,19.150738
26,11,0.681,2,-0.05,18.427036
26,12,0.680,0,1.0,18.570404
26,13,0.678,0,1.0,17.80714
26,14,0.676,2,-0.05,17.797794
26,15,0.689,0,1.0,17.937433
26,16,0.702,0,1.0,16.290619
26,17,0.686,2,-0.05,16.281681
26,18,0.694,0,1.0,16.18151
26,19,0.673,1,-0.05,14.624924
26,20,0.675,1,-0.05,14.679147
26,21,0.675,2,-0.05,15.983568
26,22,0.670,0,1.0,16.16334
26,23,0.648,1,-0.05,14.874954
26,24,0.660,0,1.0,16.187567
26,25,0.643,0,1.0,17.1336
26,26,0.630,0,1.0,17.326933
26,27,0.600,2,-0.05,17.478569
26,28,0.624,1,-0.05,17.573002
26,29,0.608,0,1.0,17.895737
26,30,0.578,0,1.0,20.132448
26,31,0.597,2,-0.05,19.061752
26,32,0.603,2,-0.05,20.28607
26,33,0.584,2,-0.05,18.112364
26,34,0.598,2,-0.05,17.33257
26,35,0.577,2,-0.05,13.97842
26,36,0.584,1,-0.05,12.780668
26,37,0.570,0,1.0,13.310794
26,38,0.556,0,1.0,15.6151
26,39,0.546,2,-0.05,15.445891
26,40,0.549,1,-0.05,15.216512
26,41,0.534,2,-0.05,16.141062
26,42,0.534,0,1.0,15.713084
26,43,0.521,1,-0.05,13.0058365
26,44,0.518,2,-0.05,12.879928
26,45,0.508,1,-0.05,12.458085
26,46,0.510,2,-0.05,12.899741
26,47,0.485,0,1.0,12.346046
26,48,0.484,2,-0.05,8.5686865
26,49,0.474,1,-0.05,5.439624
26,50,0.473,2,-0.05,8.167885
26,51,0.460,0,1.0,3.927425
26,52,0.463,2,-0.05,-1.3948219
26,53,0.441,1,-0.05,-2.8886685
26,54,0.431,0,1.0,-2.3147523
26,55,0.411,1,-0.05,2.1409557
26,56,0.427,2,-0.05,1.8944771
26,57,0.396,0,1.0,0.69907916
26,58,0.396,2,-0.05,-5.4565396
26,59,0.389,0,1.0,-9.797375
26,60,0.358,1,-0.05,-13.162721
26,61,0.360,2,-0.05,-17.538195
26,62,0.332,0,1.0,-17.561708
26,63,0.293,0,1.0,-24.776644
26,64,0.278,1,-0.05,-26.105595
26,65,0.271,0,1.0,-27.476309
26,66,0.240,0,-100.0,-21.202211
27,0,0.655,1,-0.05,19.492044
27,1,0.661,0,1.0,18.652987
27,2,0.665,2,-0.05,17.75295
27,3,0.667,1,-0.05,17.87833
27,4,0.663,2,-0.05,17.584904
27,5,0.663,0,1.0,18.227291
27,6,0.658,1,-0.05,18.38285
27,7,0.665,1,-0.05,18.418865
27,8,0.658,2,-0.05,18.389902
27,9,0.664,2,-0.05,18.91213
27,10,0.663,2,-0.05,19.048695
27,11,0.667,2,-0.05,18.990088
27,12,0.650,2,-0.05,20.030682
27,13,0.661,0,1.0,19.748945
27,14,0.667,1,-0.05,19.44309
27,15,0.656,2,-0.05,19.46159
27,16,0.663,1,-0.05,19.416397
27,17,0.680,1,-0.05,19.697464
27,18,0.671,2,-0.05,20.485174
27,19,0.672,0,1.0,20.577662
27,20,0.685,1,-0.05,19.730896
27,21,0.712,0,1.0,19.81843
27,22,0.706,2,-0.05,20.794796
27,23,0.703,2,-0.05,22.238813
27,24,0.707,1,-0.05,20.227966
27,25,0.701,0,1.0,21.441465
27,26,0.686,2,-0.05,21.19442
27,27,0.690,2,-0.05,21.071657
27,28,0.682,1,-0.05,21.446281
27,29,0.691,2,-0.05,21.382063
27,30,0.685,1,-0.05,21.505215
27,31,0.679,2,-0.05,21.481157
27,32,0.668,0,1.0,21.509745
27,33,0.676,2,-0.05,19.810692
27,34,0.677,1,-0.05,19.253992
27,35,0.656,1,-0.05,19.761166
27,36,0.657,0,1.0,21.468052
27,37,0.648,1,-0.05,21.109976
27,38,0.659,1,-0.05,23.287558
27,39,0.648,2,-0.05,21.961637
27,40,0.648,0,1.0,21.461807
27,41,0.644,1,-0.05,20.81302
27,42,0.640,0,1.0,20.79146
27,43,0.629,1,-0.05,21.422617
27,44,0.638,2,-0.05,21.28122
27,45,0.640,1,-0.05,21.31143
27,46,0.631,1,-0.05,21.237083
27,47,0.628,0,1.0,21.347761
27,48,0.610,1,-0.05,22.578474
27,49,0.626,1,-0.05,22.203636
27,50,0.624,1,-0.05,22.555275
27,51,0.629,2,-0.05,22.851294
27,52,0.624,2,-0.05,23.093851
27,53,0.622,0,1.0,22.544022
27,54,0.618,2,-0.05,21.764668
27,55,0.632,1,-0.05,21.582678
27,56,0.627,1,-0.05,21.678877
27,57,0.626,2,-0.05,21.499565
27,58,0.636,0,1.0,22.149261
27,59,0.633,0,1.0,21.194168
27,60,0.628,1,-0.05,21.110739
27,61,0.633,1,-0.05,20.801418
27,62,0.607,0,1.0,21.30444
27,63,0.627,1,-0.05,22.817741
27,64,0.615,0,1.0,23.061321
27,65,0.636,0,1.0,23.04974
27,66,0.628,2,-0.05,22.853777
27,67,0.639,1,-0.05,22.783373
27,68,0.649,1,-0.05,22.77677
27,69,0.631,2,-0.05,22.178509
27,70,0.642,2,-0.05,21.583637
27,71,0.637,1,-0.05,21.831335
27,72,0.649,2,-0.05,21.539865
27,73,0.642,1,-0.05,21.767593
27,74,0.637,2,-0.05,21.30907
27,75,0.653,1,-0.05,22.102722
27,76,0.649,2,-0.05,20.96918
27,77,0.643,1,-0.05,21.139675
27,78,0.637,1,-0.05,21.191736
27,79,0.658,1,-0.05,20.479721
27,80,0.664,2,-0.05,18.38483
27,81,0.647,0,1.0,19.131475
27,82,0.662,2,-0.05,19.3158
27,83,0.668,0,1.0,19.94227
27,84,0.674,1,-0.05,19.746311
27,85,0.669,1,-0.05,19.089186
27,86,0.686,2,-0.05,18.53032
27,87,0.672,0,1.0,20.202139
27,88,0.666,1,-0.05,19.873486
27,89,0.678,1,-0.05,19.460215
27,90,0.696,2,-0.05,18.652145
27,91,0.689,1,-0.05,18.94468
27,92,0.684,2,-0.05,18.224314
27,93,0.692,2,-0.05,18.859144
27,94,0.689,1,-0.05,19.170187
27,95,0.694,0,1.0,18.614603
27,96,0.695,1,-0.05,17.608507
27,97,0.680,1,-0.05,16.821451
27,98,0.694,2,-0.05,15.683632
27,99,0.705,1,-0.05,16.058683
27,100,0.704,1,-0.05,15.721509
27,101,0.697,0,1.0,14.274457
27,102,0.686,0,1.0,13.242467
27,103,0.687,2,-0.05,11.166255
27,104,0.685,1,-0.05,11.340386
27,105,0.673,2,-0.05,10.102373
27,106,0.669,2,-0.05,11.557857
27,107,0.657,0,1.0,12.554769
27,108,0.650,2,-0.05,13.62424
27,109,0.657,0,1.0,13.392773
27,110,0.647,2,-0.05,13.25477
27,111,0.641,0,1.0,12.680832
27,112,0.650,2,-0.05,14.782207
27,113,0.645,0,1.0,14.021177
27,114,0.642,0,1.0,15.1064415
27,115,0.647,2,-0.05,13.913156
27,116,0.641,1,-0.05,14.239761
27,117,0.636,0,1.0,13.368494
27,118,0.644,2,-0.05,12.779005
27,119,0.643,2,-0.05,11.869558
27,120,0.642,0,1.0,12.750012
27,121,0.634,2,-0.05,12.396543
27,122,0.625,2,-0.05,13.259357
27,123,0.643,0,1.0,13.855935
27,124,0.647,0,1.0,14.559991
27,125,0.650,0,1.0,13.612313
27,126,0.643,1,-0.05,13.5111065
27,127,0.655,0,1.0,13.590157
27,128,0.654,2,-0.05,12.899905
27,129,0.658,0,1.0,12.237541
27,130,0.656,2,-0.05,12.911557
27,131,0.000,2,-100.0,11.729861
28,0,0.659,0,1.0,17.930773
28,1,0.658,0,1.0,18.167673
28,2,0.661,0,1.0,18.388254
28,3,0.665,1,-0.05,18.6363
28,4,0.660,1,-0.05,18.488188
28,5,0.660,0,1.0,18.270918
28,6,0.670,2,-0.05,17.745234
28,7,0.665,1,-0.05,17.983477
28,8,0.671,2,-0.05,17.842133
28,9,0.663,0,1.0,18.125113
28,10,0.654,1,-0.05,18.605722
28,11,0.654,1,-0.05,19.066393
28,12,0.651,1,-0.05,17.707535
28,13,0.649,0,1.0,17.755852
28,14,0.646,1,-0.05,16.899267
28,15,0.653,1,-0.05,16.741198
28,16,0.638,0,1.0,14.667078
28,17,0.630,0,1.0,12.932706
28,18,0.623,0,1.0,12.2188015
28,19,0.618,1,-0.05,11.872445
28,20,0.616,1,-0.05,11.1396
28,21,0.615,1,-0.05,9.635494
28,22,0.592,0,1.0,6.617511
28,23,0.586,2,-0.05,4.1357503
28,24,0.584,1,-0.05,3.1238618
28,25,0.569,1,-0.05,1.1983538
28,26,0.571,2,-0.05,-3.6590059
28,27,0.558,0,1.0,-2.3721938
28,28,0.521,1,-0.05,-0.59063196
28,29,0.540,0,1.0,-0.86080784
28,30,0.515,0,1.0,-5.256296
28,31,0.496,0,1.0,-6.19846
28,32,0.466,0,1.0,-8.181575
28,33,0.452,0,1.0,-9.478287
28,34,0.417,0,1.0,-11.773857
28,35,0.410,2,-0.05,-12.985756
28,36,0.388,1,-0.05,-13.569187
28,37,0.396,0,1.0,-14.333853
28,38,0.368,0,1.0,-18.05999
28,39,0.341,1,-0.05,-19.763489
28,40,0.335,0,1.0,-20.732676
28,41,0.317,1,-0.05,-26.45257
28,42,0.312,1,-0.05,-27.377409
28,43,0.298,0,1.0,-34.00037
28,44,0.287,2,-0.05,-39.151386
28,45,0.274,2,-0.05,-41.00052
28,46,0.262,2,-0.05,-34.92365
28,47,0.257,2,-0.05,-31.756294
28,48,0.253,0,1.0,-27.317295
28,49,0.235,2,-100.0,-25.947762
29,0,0.655,2,-0.05,16.695816
29,1,0.659,1,-0.05,16.059238
29,2,0.657,0,1.0,15.364677
29,3,0.665,2,-0.05,16.5981
29,4,0.664,0,1.0,16.805674
29,5,0.660,0,1.0,16.621046
29,6,0.668,0,1.0,16.608599
29,7,0.664,2,-0.05,16.784094
29,8,0.676,0,1.0,16.895697
29,9,0.652,2,-0.05,16.572147
29,10,0.666,0,1.0,16.744762
29,11,0.670,1,-0.05,16.229515
29,12,0.671,1,-0.05,16.71585
29,13,0.671,2,-0.05,18.775969
29,14,0.678,1,-0.05,18.106983
29,15,0.670,2,-0.05,18.346304
29,16,0.664,0,1.0,17.941027
29,17,0.679,1,-0.05,18.741043
29,18,0.688,0,1.0,18.98262
29,19,0.675,1,-0.05,18.79212
29,20,0.692,1,-0.05,19.074314
29,21,0.674,2,-0.05,20.94145
29,22,0.683,0,1.0,20.090513
29,23,0.696,0,1.0,19.511503
29,24,0.703,0,1.0,19.695765
29,25,0.703,0,1.0,20.034494
29,26,0.676,2,-0.05,20.25056
29,27,0.695,2,-0.05,20.369612
29,28,0.704,1,-0.05,21.087196
29,29,0.680,2,-0.05,21.186403
29,30,0.692,2,-0.05,21.27864
29,31,0.692,0,1.0,20.10802
29,32,0.682,1,-0.05,16.872082
29,33,0.679,2,-0.05,16.641779
29,34,0.677,1,-0.05,15.325669
29,35,0.676,2,-0.05,15.479854
29,36,0.667,0,1.0,14.769357
29,37,0.656,1,-0.05,11.668599
29,38,0.647,0,1.0,11.594791
29,39,0.635,0,1.0,14.819246
29,40,0.623,1,-0.05,14.457531
29,41,0.617,0,1.0,14.605205
29,42,0.615,1,-0.05,17.412825
29,43,0.605,0,1.0,17.543276
29,44,0.596,1,-0.05,21.994373
29,45,0.593,1,-0.05,22.322638
29,46,0.596,1,-0.05,24.154856
29,47,0.582,1,-0.05,24.494905
29,48,0.580,0,1.0,28.230917
29,49,0.577,0,1.0,27.530447
29,50,0.582,2,-0.05,27.509768
29,51,0.578,0,1.0,27.167377
29,52,0.573,2,-0.05,27.666437
29,53,0.572,0,1.0,27.85328
29,54,0.576,0,1.0,24.667439
29,55,0.568,2,-0.05,24.104595
29,56,0.559,0,1.0,23.896053
29,57,0.564,0,1.0,22.020775
29,58,0.559,1,-0.05,21.582178
29,59,0.564,1,-0.05,21.152586
29,60,0.539,0,1.0,22.328619
29,61,0.557,0,1.0,24.873415
29,62,0.547,0,1.0,24.188705
29,63,0.551,0,1.0,24.55169
29,64,0.540,0,1.0,26.7506
29,65,0.551,2,-0.05,26.124935
29,66,0.548,1,-0.05,25.396889
29,67,0.540,2,-0.05,24.10816
29,68,0.539,0,1.0,24.131147
29,69,0.532,1,-0.05,21.609453
29,70,0.533,1,-0.05,21.201944
29,71,0.539,0,1.0,22.574413
29,72,0.527,2,-0.05,23.319582
29,73,0.544,0,1.0,22.581867
29,74,0.530,2,-0.05,22.967165
29,75,0.538,0,1.0,22.382523
29,76,0.532,1,-0.05,20.360424
29,77,0.540,0,1.0,19.769148
29,78,0.524,1,-0.05,20.652891
29,79,0.534,0,1.0,20.10102
29,80,0.548,2,-0.05,19.984715
29,81,0.541,0,1.0,19.471529
29,82,0.519,1,-0.05,19.861311
29,83,0.537,0,1.0,19.299042
29,84,0.543,0,1.0,18.90986
29,85,0.541,0,1.0,17.873867
29,86,0.552,0,1.0,16.811
29,87,0.542,0,1.0,16.006727
29,88,0.564,1,-0.05,15.031346
29,89,0.550,1,-0.05,14.763023
29,90,0.542,1,-0.05,15.291842
29,91,0.538,2,-0.05,15.334343
29,92,0.549,2,-0.05,14.250417
29,93,0.562,2,-0.05,13.988528
29,94,0.558,0,1.0,14.442745
29,95,0.561,1,-0.05,13.190456
29,96,0.554,2,-0.05,13.301524
29,97,0.547,0,1.0,12.502824
29,98,0.561,0,1.0,12.228408
29,99,0.542,0,1.0,10.8067665
29,100,0.549,0,1.0,11.45911
29,101,0.546,2,-0.05,9.843512
29,102,0.541,1,-0.05,9.835329
29,103,0.538,0,1.0,8.962927
29,104,0.531,1,-0.05,10.868288
29,105,0.539,2,-0.05,9.477706
29,106,0.531,2,-0.05,10.124522
29,107,0.519,1,-0.05,8.453935
29,108,0.529,0,1.0,8.783385
29,109,0.520,0,1.0,8.440979
29,110,0.532,2,-0.05,9.597778
29,111,0.534,1,-0.05,8.157698
29,112,0.538,2,-0.05,9.761946
29,113,0.534,2,-0.05,9.392674
29,114,0.537,1,-0.05,8.3026495
29,115,0.529,0,1.0,7.453206
29,116,0.527,0,1.0,8.785287
29,117,0.524,2,-0.05,8.469952
29,118,0.533,1,-0.05,7.725723
29,119,0.525,1,-0.05,8.16268
29,120,0.522,0,1.0,9.643527
29,121,0.531,1,-0.05,8.681569
29,122,0.526,1,-0.05,8.863142
29,123,0.528,2,-0.05,7.950128
29,124,0.548,0,1.0,8.744277
29,125,0.546,2,-0.05,7.613328
29,126,0.530,2,-0.05,8.040419
29,127,0.542,2,-0.05,5.4835043
29,128,0.533,2,-0.05,5.9527655
29,129,0.546,2,-0.05,5.4540033
29,130,0.541,1,-0.05,5.2312417
29,131,0.542,0,1.0,5.0408235
29,132,0.543,2,-0.05,5.631729
29,133,0.546,1,-0.05,5.7398844
29,134,0.544,2,-0.05,5.7168
29,135,0.541,1,-0.05,5.2276173
29,136,0.529,1,-0.05,4.8702493
29,137,0.545,2,-0.05,4.918609
29,138,0.545,1,-0.05,5.293204
29,139,0.534,1,-0.05,4.484251
29,140,0.531,0,1.0,5.525294
29,141,0.544,1,-0.05,3.229166
29,142,0.555,2,-0.05,1.6472175
29,143,0.551,1,-0.05,0.847803
29,144,0.547,1,-0.05,1.2884294
29,145,0.536,1,-0.05,-1.6339715
29,146,0.541,0,1.0,-1.7399021
29,147,0.570,0,1.0,-3.1724074
29,148,0.574,2,-0.05,-6.9470367
29,149,0.569,2,-0.05,-8.490602
29,150,0.599,0,1.0,-5.872081
29,151,0.627,0,1.0,-7.213094
29,152,0.611,0,1.0,-8.38443
29,153,0.644,0,1.0,-11.306316
29,154,0.672,0,1.0,-13.98299
29,155,0.694,0,1.0,-16.37689
29,156,0.704,1,-0.05,-18.34907
29,157,0.725,0,1.0,-20.186954
29,158,0.760,0,1.0,-23.077534
29,159,0.750,2,-0.05,-26.180311
29,160,0.744,0,1.0,-26.589258
29,161,0.731,2,-0.05,-26.543741
29,162,0.733,0,1.0,-27.326435
29,163,0.727,2,-0.05,-27.096983
29,164,0.728,2,-0.05,-27.937693
29,165,0.722,0,1.0,-26.972427
29,166,0.720,0,1.0,-26.790274
29,167,0.715,2,-0.05,-30.022467
29,168,0.717,2,-0.05,-30.932388
29,169,0.715,0,1.0,-30.32053
29,170,0.704,2,-0.05,-31.15369
29,171,0.702,2,-0.05,-32.923756
29,172,0.706,1,-0.05,-32.30166
29,173,0.723,1,-0.05,-32.980095
29,174,0.729,0,1.0,-33.843807
29,175,0.718,0,1.0,-36.58624
29,176,0.713,1,-0.05,-38.76532
29,177,0.691,0,1.0,-41.102764
29,178,0.669,1,-0.05,-45.119083
29,179,0.643,1,-0.05,-47.426796
29,180,0.633,0,1.0,-49.199562
29,181,0.587,0,1.0,-53.56176
29,182,0.552,0,1.0,-55.667885
29,183,0.512,0,1.0,-60.266487
29,184,0.499,1,-0.05,-61.586308
29,185,0.487,2,-0.05,-63.544266
29,186,0.478,2,-0.05,-62.612774
29,187,0.452,2,-0.05,-61.417603
29,188,0.429,0,1.0,-60.446384
29,189,0.398,0,1.0,-60.103188
29,190,0.365,1,-0.05,-62.382088
29,191,0.361,1,-0.05,-63.445454
29,192,0.346,1,-0.05,-65.33433
29,193,0.339,1,-0.05,-66.9629
29,194,0.322,1,-0.05,-68.40598
29,195,0.309,2,-0.05,-70.29373
29,196,0.307,1,-0.05,-70.05141
29,197,0.287,0,1.0,-70.8001
29,198,0.255,1,-0.05,-72.72861
29,199,0.245,0,-100.0,-73.108376
30,0,0.661,1,-0.05,18.577534
30,1,0.670,0,1.0,18.641357
30,2,0.654,1,-0.05,16.549637
30,3,0.662,0,1.0,16.634113
30,4,0.655,2,-0.05,15.735644
30,5,0.655,1,-0.05,16.01974
30,6,0.658,2,-0.05,15.132195
30,7,0.654,2,-0.05,15.85532
30,8,0.653,0,1.0,16.962912
30,9,0.637,2,-0.05,18.303959
30,10,0.650,1,-0.05,18.935833
30,11,0.657,2,-0.05,18.73151
30,12,0.657,2,-0.05,19.068218
30,13,0.645,0,1.0,19.65736
30,14,0.650,0,1.0,20.420923
30,15,0.644,2,-0.05,20.069006
30,16,0.648,1,-0.05,20.90748
30,17,0.658,2,-0.05,20.163609
30,18,0.650,1,-0.05,20.478294
30,19,0.666,0,1.0,20.161047
30,20,0.660,0,1.0,19.180975
30,21,0.644,0,1.0,19.826181
30,22,0.669,1,-0.05,18.868807
30,23,0.659,0,1.0,20.846046
30,24,0.655,0,1.0,18.530916
30,25,0.656,0,1.0,18.968328
30,26,0.659,0,1.0,18.487541
30,27,0.663,1,-0.05,19.849459
30,28,0.655,0,1.0,19.302362
30,29,0.645,1,-0.05,17.733597
30,30,0.647,2,-0.05,17.555435
30,31,0.644,1,-0.05,17.762897
30,32,0.644,2,-0.05,17.432665
30,33,0.635,0,1.0,18.29487
30,34,0.654,0,1.0,20.267149
30,35,0.632,2,-0.05,19.41662
30,36,0.643,2,-0.05,20.757082
30,37,0.650,0,1.0,20.687681
30,38,0.644,1,-0.05,21.847406
30,39,0.640,0,1.0,21.208984
30,40,0.645,0,1.0,21.514349
30,41,0.640,1,-0.05,21.014412
30,42,0.649,2,-0.05,21.602459
30,43,0.644,1,-0.05,21.101625
30,44,0.642,2,-0.05,20.601967
30,45,0.651,1,-0.05,21.000854
30,46,0.642,1,-0.05,20.576424
30,47,0.662,2,-0.05,19.583103
30,48,0.649,1,-0.05,20.975748
30,49,0.643,2,-0.05,19.611444
30,50,0.646,2,-0.05,21.739775
30,51,0.649,0,1.0,21.568768
30,52,0.652,2,-0.05,22.416279
30,53,0.655,2,-0.05,22.079086
30,54,0.651,0,1.0,22.610723
30,55,0.668,0,1.0,22.011423
30,56,0.667,0,1.0,22.594814
30,57,0.686,1,-0.05,21.66515
30,58,0.697,0,1.0,22.143135
30,59,0.696,1,-0.05,21.004543
30,60,0.694,2,-0.05,21.496897
30,61,0.708,2,-0.05,20.913507
30,62,0.698,2,-0.05,21.242119
30,63,0.692,0,1.0,20.88953
30,64,0.693,0,1.0,21.11272
30,65,0.689,2,-0.05,20.331984
30,66,0.680,0,1.0,19.891663
30,67,0.652,0,1.0,14.598399
30,68,0.659,2,-0.05,14.373165
30,69,0.660,2,-0.05,11.832288
30,70,0.653,2,-0.05,12.353718
30,71,0.653,1,-0.05,6.7677064
30,72,0.654,2,-0.05,9.696689
30,73,0.637,1,-0.05,9.087191
30,74,0.627,0,1.0,6.4821806
30,75,0.605,0,1.0,8.217364
30,76,0.580,0,1.0,7.276156
30,77,0.578,1,-0.05,5.9144006
30,78,0.573,2,-0.05,5.5967274
30,79,0.547,0,1.0,5.051054
30,80,0.523,1,-0.05,1.0862235
30,81,0.526,0,1.0,-0.45778877
30,82,0.519,1,-0.05,3.4696977
30,83,0.508,1,-0.05,1.4372331
30,84,0.491,0,1.0,5.7241507
30,85,0.476,1,-0.05,5.175756
30,86,0.471,1,-0.05,5.140579
30,87,0.470,0,1.0,9.309476
30,88,0.469,0,1.0,11.263936
30,89,0.444,0,1.0,10.38284
30,90,0.450,1,-0.05,9.995874
30,91,0.430,0,1.0,9.182617
30,92,0.425,0,1.0,12.114592
30,93,0.424,0,1.0,10.878831
30,94,0.412,0,1.0,10.762169
30,95,0.403,2,-0.05,9.08267
30,96,0.400,2,-0.05,9.445334
30,97,0.401,0,1.0,5.105888
30,98,0.384,0,1.0,4.56129
30,99,0.381,2,-0.05,3.2823703
30,100,0.366,0,1.0,3.3144073
30,101,0.333,0,1.0,-3.5138168
30,102,0.338,0,1.0,-4.139727
30,103,0.326,1,-0.05,-5.840908
30,104,0.316,1,-0.05,-6.4992003
30,105,0.320,2,-0.05,-0.026863828
30,106,0.311,1,-0.05,-6.070841
30,107,0.292,0,1.0,-6.7953005
30,108,0.302,1,-0.05,0.17753568
30,109,0.300,1,-0.05,-1.3555269
30,110,0.285,0,1.0,3.671194
30,111,0.278,1,-0.05,5.6611023
30,112,0.274,2,-0.05,8.913974
30,113,0.275,2,-0.05,4.145397
30,114,0.271,1,-0.05,0.6829609
30,115,0.281,1,-0.05,0.16067366
30,116,0.268,0,1.0,3.8180227
30,117,0.265,0,1.0,7.741821
30,118,0.259,0,1.0,7.090616
30,119,0.256,1,-0.05,6.002754
30,120,0.240,0,-100.0,8.874013
31,0,0.661,1,-0.05,17.434399
31,1,0.670,0,1.0,16.102654
31,2,0.653,0,1.0,13.800749
31,3,0.669,1,-0.05,13.236517
31,4,0.671,2,-0.05,12.671822
31,5,0.651,2,-0.05,12.561494
31,6,0.652,0,1.0,13.878394
31,7,0.664,1,-0.05,15.091732
31,8,0.658,2,-0.05,14.149137
31,9,0.665,0,1.0,15.216748
31,10,0.663,0,1.0,14.545239
31,11,0.674,0,1.0,14.593975
31,12,0.663,1,-0.05,14.579096
31,13,0.673,1,-0.05,14.554862
31,14,0.670,0,1.0,14.281703
31,15,0.670,1,-0.05,13.836285
31,16,0.672,1,-0.05,12.760024
31,17,0.664,2,-0.05,12.816261
31,18,0.668,0,1.0,13.463603
31,19,0.678,1,-0.05,14.227585
31,20,0.683,2,-0.05,13.778484
31,21,0.668,0,1.0,14.220773
31,22,0.666,0,1.0,14.884191
31,23,0.681,1,-0.05,14.717933
31,24,0.674,1,-0.05,14.719445
31,25,0.677,1,-0.05,14.408655
31,26,0.679,1,-0.05,13.192925
31,27,0.676,2,-0.05,11.682702
31,28,0.668,0,1.0,12.082613
31,29,0.667,2,-0.05,13.608425
31,30,0.666,2,-0.05,13.722239
31,31,0.653,2,-0.05,14.723794
31,32,0.664,1,-0.05,15.322153
31,33,0.665,2,-0.05,14.370581
31,34,0.673,0,1.0,14.78239
31,35,0.663,2,-0.05,16.628717
31,36,0.672,2,-0.05,15.536811
31,37,0.659,2,-0.05,16.71199
31,38,0.672,0,1.0,16.801828
31,39,0.686,0,1.0,17.785769
31,40,0.683,1,-0.05,17.73189
31,41,0.677,2,-0.05,17.888678
31,42,0.693,0,1.0,15.785027
31,43,0.692,0,1.0,14.70071
31,44,0.683,1,-0.05,14.443458
31,45,0.687,2,-0.05,14.247463
31,46,0.677,0,1.0,14.21175
31,47,0.672,1,-0.05,11.861966
31,48,0.643,1,-0.05,11.58831
31,49,0.653,2,-0.05,13.550119
31,50,0.658,2,-0.05,11.573128
31,51,0.647,0,1.0,8.885252
31,52,0.635,0,1.0,6.015142
31,53,0.600,0,1.0,4.9963737
31,54,0.591,1,-0.05,3.879677
31,55,0.580,1,-0.05,3.0086699
31,56,0.580,2,-0.05,5.479026
31,57,0.578,2,-0.05,5.294407
31,58,0.556,2,-0.05,1.9794528
31,59,0.548,0,1.0,-1.8505691
31,60,0.527,0,1.0,-7.4311686
31,61,0.510,1,-0.05,-9.4344
31,62,0.510,1,-0.05,-10.989553
31,63,0.497,0,1.0,-5.304147
31,64,0.468,0,1.0,-1.0831002
31,65,0.459,0,1.0,-5.1275415
31,66,0.435,2,-0.05,-6.557763
31,67,0.433,1,-0.05,-7.329642
31,68,0.414,0,1.0,-7.2787795
31,69,0.410,1,-0.05,-3.1549265
31,70,0.410,2,-0.05,-3.6935816
31,71,0.400,1,-0.05,-4.4907885
31,72,0.381,1,-0.05,-4.396755
31,73,0.390,2,-0.05,-0.6526076
31,74,0.370,0,1.0,-1.3028668
31,75,0.353,0,1.0,-6.189273
31,76,0.345,1,-0.05,-7.643712
31,77,0.333,0,1.0,-8.340472
31,78,0.316,1,-0.05,-7.3576965
31,79,0.307,2,-0.05,-8.206127
31,80,0.311,1,-0.05,-8.748111
31,81,0.282,0,1.0,-5.344432
31,82,0.284,2,-0.05,-4.274546
31,83,0.286,2,-0.05,-4.917763
31,84,0.282,0,1.0,-6.7124767
31,85,0.262,1,-0.05,-13.257217
31,86,0.245,0,-100.0,-19.580313
32,0,0.656,2,-0.05,17.564373
32,1,0.664,2,-0.05,17.269247
32,2,0.661,2,-0.05,16.598803
32,3,0.665,0,1.0,17.63028
32,4,0.683,2,-0.05,17.818459
32,5,0.670,1,-0.05,17.556406
32,6,0.660,2,-0.05,17.520458
32,7,0.678,2,-0.05,18.000942
32,8,0.668,2,-0.05,16.102474
32,9,0.661,1,-0.05,15.9577465
32,10,0.684,2,-0.05,17.524271
32,11,0.696,0,1.0,16.208431
32,12,0.699,2,-0.05,14.714548
32,13,0.707,1,-0.05,14.007563
32,14,0.691,2,-0.05,14.1031685
32,15,0.695,1,-0.05,13.775291
32,16,0.676,0,1.0,14.055374
32,17,0.686,2,-0.05,15.351331
32,18,0.674,2,-0.05,15.179686
32,19,0.664,0,1.0,13.802282
32,20,0.650,1,-0.05,11.583518
32,21,0.659,1,-0.05,11.230186
32,22,0.631,0,1.0,13.234299
32,23,0.633,2,-0.05,14.512125
32,24,0.631,0,1.0,14.2683935
32,25,0.621,1,-0.05,13.711156
32,26,0.623,1,-0.05,13.093533
32,27,0.613,1,-0.05,14.401086
32,28,0.614,0,1.0,15.326916
32,29,0.612,1,-0.05,16.452602
32,30,0.603,1,-0.05,16.514708
32,31,0.606,0,1.0,17.282124
32,32,0.602,0,1.0,18.115194
32,33,0.594,1,-0.05,17.717394
32,34,0.604,2,-0.05,18.034119
32,35,0.587,2,-0.05,18.306767
32,36,0.608,2,-0.05,17.977734
32,37,0.596,2,-0.05,17.495945
32,38,0.601,2,-0.05,15.396038
32,39,0.593,2,-0.05,14.032078
32,40,0.587,1,-0.05,11.672104
32,41,0.576,1,-0.05,13.584803
32,42,0.577,0,1.0,14.841902
32,43,0.575,1,-0.05,17.70537
32,44,0.568,1,-0.05,17.548084
32,45,0.566,0,1.0,18.200893
32,46,0.566,2,-0.05,17.712116
32,47,0.555,2,-0.05,19.304842
32,48,0.548,0,1.0,19.124708
32,49,0.538,0,1.0,17.376066
32,50,0.532,1,-0.05,16.975456
32,51,0.542,1,-0.05,17.854712
32,52,0.531,1,-0.05,18.286362
32,53,0.534,2,-0.05,18.969805
32,54,0.531,2,-0.05,17.417173
32,55,0.534,2,-0.05,17.773836
32,56,0.536,2,-0.05,16.37449
32,57,0.537,0,1.0,12.553018
32,58,0.507,2,-0.05,10.155306
32,59,0.521,0,1.0,9.556377
32,60,0.512,0,1.0,5.947951
32,61,0.491,1,-0.05,5.122287
32,62,0.496,1,-0.05,4.3791595
32,63,0.489,0,1.0,8.462384
32,64,0.468,2,-0.05,9.600587
32,65,0.452,0,1.0,9.631618
32,66,0.455,1,-0.05,8.797754
32,67,0.441,0,1.0,8.544589
32,68,0.443,2,-0.05,9.275134
32,69,0.422,0,1.0,8.726213
32,70,0.426,2,-0.05,4.7794886
32,71,0.419,1,-0.05,4.343419
32,72,0.416,2,-0.05,6.989873
32,73,0.413,2,-0.05,3.776606
32,74,0.421,1,-0.05,-1.7382537
32,75,0.402,2,-0.05,3.459859
32,76,0.408,2,-0.05,-1.8403525
32,77,0.397,0,1.0,-8.971395
32,78,0.394,1,-0.05,-18.28532
32,79,0.367,0,1.0,-19.144318
32,80,0.362,1,-0.05,-12.918528
32,81,0.335,1,-0.05,-14.037303
32,82,0.346,2,-0.05,-6.294629
32,83,0.331,0,1.0,-7.5589666
32,84,0.318,0,1.0,-15.429208
32,85,0.306,1,-0.05,-17.478317
32,86,0.306,1,-0.05,-18.493702
32,87,0.294,1,-0.05,-10.6957035
32,88,0.290,2,-0.05,-7.787929
32,89,0.287,1,-0.05,-8.365345
32,90,0.277,0,1.0,-2.7404587
32,91,0.277,1,-0.05,2.0713456
32,92,0.278,2,-0.05,2.0848606
32,93,0.280,2,-0.05,1.988222
32,94,0.258,0,1.0,-3.2897298
32,95,0.257,1,-0.05,-11.447342
32,96,0.255,1,-0.05,-12.11368
32,97,0.243,1,-100.0,-4.391527
33,0,0.661,1,-0.05,23.959902
33,1,0.668,2,-0.05,21.439919
33,2,0.663,1,-0.05,21.977892
33,3,0.666,1,-0.05,20.424479
33,4,0.662,1,-0.05,18.158474
33,5,0.657,0,1.0,16.409643
33,6,0.658,1,-0.05,13.964423
33,7,0.661,1,-0.05,13.314328
33,8,0.651,2,-0.05,10.513831
33,9,0.633,0,1.0,12.102932
33,10,0.645,1,-0.05,14.938513
33,11,0.645,0,1.0,14.78935
33,12,0.636,2,-0.05,12.409108
33,13,0.636,0,1.0,12.434503
33,14,0.619,2,-0.05,15.623489
33,15,0.621,2,-0.05,15.432064
33,16,0.608,0,1.0,17.338135
33,17,0.604,2,-0.05,18.288612
33,18,0.604,0,1.0,18.607552
33,19,0.602,0,1.0,20.69196
33,20,0.602,0,1.0,20.906713
33,21,0.598,0,1.0,20.597229
33,22,0.605,1,-0.05,20.722603
33,23,0.602,1,-0.05,20.510483
33,24,0.603,0,1.0,19.153831
33,25,0.601,0,1.0,16.886827
33,26,0.581,0,1.0,16.780172
33,27,0.585,0,1.0,16.728233
33,28,0.584,2,-0.05,17.379734
33,29,0.581,1,-0.05,17.490202
33,30,0.578,2,-0.05,16.467089
33,31,0.565,1,-0.05,16.964712
33,32,0.567,2,-0.05,16.742973
33,33,0.569,1,-0.05,16.915865
33,34,0.579,1,-0.05,17.273252
33,35,0.572,0,1.0,13.848673
33,36,0.578,2,-0.05,12.114201
33,37,0.554,2,-0.05,11.672452
33,38,0.560,1,-0.05,14.454746
33,39,0.541,0,1.0,13.045818
33,40,0.548,1,-0.05,9.795181
33,41,0.551,1,-0.05,9.32554
33,42,0.548,2,-0.05,7.7915497
33,43,0.532,2,-0.05,6.9063935
33,44,0.526,1,-0.05,9.6396675
33,45,0.539,2,-0.05,9.023897
33,46,0.537,1,-0.05,9.136327
33,47,0.527,2,-0.05,10.366372
33,48,0.520,2,-0.05,10.021715
33,49,0.521,0,1.0,12.884493
33,50,0.502,2,-0.05,15.030432
33,51,0.504,0,1.0,17.920269
33,52,0.504,0,1.0,19.086615
33,53,0.504,2,-0.05,18.196821
33,54,0.499,0,1.0,18.534246
33,55,0.509,2,-0.05,21.088535
33,56,0.502,2,-0.05,20.909857
33,57,0.510,1,-0.05,23.916466
33,58,0.501,2,-0.05,24.53598
33,59,0.489,1,-0.05,24.813679
33,60,0.499,2,-0.05,24.412863
33,61,0.507,1,-0.05,23.88549
33,62,0.501,0,1.0,23.7719
33,63,0.488,0,1.0,19.782972
33,64,0.517,0,1.0,21.63093
33,65,0.495,0,1.0,21.225918
33,66,0.493,1,-0.05,20.739267
33,67,0.496,0,1.0,19.20344
33,68,0.483,2,-0.05,15.926625
33,69,0.493,0,1.0,16.147387
33,70,0.491,2,-0.05,17.881126
33,71,0.482,0,1.0,17.655676
33,72,0.491,0,1.0,21.791168
33,73,0.485,0,1.0,20.377718
33,74,0.501,2,-0.05,19.536415
33,75,0.482,0,1.0,18.796963
33,76,0.488,0,1.0,21.351492
33,77,0.510,0,1.0,19.99948
33,78,0.500,0,1.0,21.066422
33,79,0.498,2,-0.05,19.777409
33,80,0.494,2,-0.05,19.405714
33,81,0.510,1,-0.05,22.906208
33,82,0.514,0,1.0,20.484726
33,83,0.507,0,1.0,16.060102
33,84,0.513,2,-0.05,15.292806
33,85,0.517,2,-0.05,16.394001
33,86,0.521,0,1.0,18.874874
33,87,0.519,1,-0.05,20.259977
33,88,0.525,1,-0.05,18.634398
33,89,0.509,2,-0.05,14.855983
33,90,0.523,0,1.0,16.578121
33,91,0.536,0,1.0,18.571163
33,92,0.534,2,-0.05,16.94183
33,93,0.534,0,1.0,16.493763
33,94,0.544,2,-0.05,20.33748
33,95,0.535,2,-0.05,19.316393
33,96,0.548,0,1.0,21.598831
33,97,0.562,2,-0.05,20.567764
33,98,0.571,1,-0.05,19.608215
33,99,0.572,1,-0.05,18.12262
33,100,0.583,0,1.0,16.580933
33,101,0.592,2,-0.05,13.838135
33,102,0.592,0,1.0,13.146679
33,103,0.600,0,1.0,16.232803
33,104,0.603,1,-0.05,14.759136
33,105,0.624,0,1.0,13.3037815
33,106,0.626,2,-0.05,11.3746
33,107,0.626,0,1.0,10.265746
33,108,0.646,0,1.0,11.292507
33,109,0.634,2,-0.05,11.121128
33,110,0.646,0,1.0,10.933772
33,111,0.670,1,-0.05,10.145812
33,112,0.665,1,-0.05,8.725396
33,113,0.676,0,1.0,6.863901
33,114,0.682,2,-0.05,6.039645
33,115,0.697,0,1.0,7.101724
33,116,0.691,2,-0.05,7.915003
33,117,0.705,0,1.0,6.4688644
33,118,0.699,2,-0.05,6.0864525
33,119,0.699,2,-0.05,4.828956
33,120,0.699,1,-0.05,8.669496
33,121,0.681,0,1.0,5.9640183
33,122,0.675,2,-0.05,4.6128025
33,123,0.674,1,-0.05,5.285139
33,124,0.656,2,-0.05,4.280157
33,125,0.659,2,-0.05,4.2729254
33,126,0.671,2,-0.05,5.2926745
33,127,0.674,2,-0.05,4.5129204
33,128,0.659,2,-0.05,5.4011693
33,129,0.651,1,-0.05,8.15174
33,130,0.646,1,-0.05,6.134345
33,131,0.652,2,-0.05,4.511766
33,132,0.627,1,-0.05,5.8230996
33,133,0.638,1,-0.05,3.435105
33,134,0.624,2,-0.05,4.0448303
33,135,0.620,1,-0.05,4.800234
33,136,0.607,0,1.0,3.439373
33,137,0.596,1,-0.05,4.7727795
33,138,0.603,2,-0.05,3.556923
33,139,0.600,0,1.0,3.1695313
33,140,0.585,2,-0.05,5.395881
33,141,0.582,0,1.0,4.1599975
33,142,0.558,2,-0.05,6.3920307
33,143,0.549,1,-0.05,4.847677
33,144,0.552,0,1.0,6.8830695
33,145,0.532,0,1.0,5.325421
33,146,0.517,1,-0.05,4.0674977
33,147,0.517,2,-0.05,4.0984197
33,148,0.521,0,1.0,5.0259976
33,149,0.493,0,1.0,6.9936867
33,150,0.477,0,1.0,8.442417
33,151,0.463,1,-0.05,7.6584463
33,152,0.472,2,-0.05,6.846908
33,153,0.459,2,-0.05,7.382892
33,154,0.447,1,-0.05,8.554481
33,155,0.446,1,-0.05,7.3945117
33,156,0.434,0,1.0,7.290677
33,157,0.434,2,-0.05,5.8042297
33,158,0.420,1,-0.05,5.5725946
33,159,0.415,1,-0.05,4.0128202
33,160,0.428,2,-0.05,2.6147497
33,161,0.421,0,1.0,2.2160144
33,162,0.408,2,-0.05,2.8268936
33,163,0.411,2,-0.05,1.0916072
33,164,0.421,2,-0.05,2.5470977
33,165,0.424,1,-0.05,2.3239932
33,166,0.411,2,-0.05,2.6019404
33,167,0.415,1,-0.05,2.204764
33,168,0.416,2,-0.05,1.1876953
33,169,0.424,2,-0.05,0.6003106
33,170,0.420,0,1.0,1.6761293
33,171,0.413,1,-0.05,1.6619091
33,172,0.408,0,1.0,0.68862295
33,173,0.404,1,-0.05,-2.894088
33,174,0.426,0,1.0,-3.1862493
33,175,0.419,2,-0.05,-5.794117
33,176,0.421,0,1.0,-6.019549
33,177,0.433,2,-0.05,-6.448664
33,178,0.443,0,1.0,-6.531198
33,179,0.457,2,-0.05,-7.229101
33,180,0.460,1,-0.05,-7.8755603
33,181,0.463,0,1.0,-8.467218
33,182,0.470,2,-0.05,-11.163556
33,183,0.496,0,1.0,-13.468253
33,184,0.502,2,-0.05,-12.468128
33,185,0.502,0,1.0,-15.137793
33,186,0.534,2,-0.05,-12.194604
33,187,0.540,1,-0.05,-14.532283
33,188,0.527,1,-0.05,-15.62104
33,189,0.547,2,-0.05,-19.027817
33,190,0.554,0,1.0,-17.81247
33,191,0.589,0,1.0,-16.759884
33,192,0.623,2,-0.05,-18.671947
33,193,0.628,2,-0.05,-20.28747
33,194,0.632,1,-0.05,-16.376234
33,195,0.634,1,-0.05,-19.129095
33,196,0.637,2,-0.05,-21.814047
33,197,0.646,1,-0.05,-21.301064
33,198,0.651,2,-0.05,-22.676188
33,199,0.648,1,-0.05,-22.49979
33,200,0.669,2,-0.05,-23.899006
33,201,0.677,2,-0.05,-23.460058
33,202,0.692,2,-0.05,-20.548504
33,203,0.699,0,1.0,-19.566822
33,204,0.700,2,-0.05,-14.158692
33,205,0.703,2,-0.05,-15.982217
33,206,0.678,0,1.0,-13.306205
33,207,0.659,0,1.0,-8.25103
33,208,0.636,0,1.0,-10.581631
33,209,0.613,2,-0.05,-8.331134
33,210,0.617,2,-0.05,-8.971878
33,211,0.604,0,1.0,-7.8206525
33,212,0.592,2,-0.05,-1.4355633
33,213,0.580,1,-0.05,-1.9586653
33,214,0.571,0,1.0,-2.8727906
33,215,0.558,0,1.0,-6.966883
33,216,0.546,1,-0.05,-3.3737345
33,217,0.532,0,1.0,-6.8868895
33,218,0.510,0,1.0,-12.490138
33,219,0.482,2,-0.05,-11.660986
33,220,0.474,0,1.0,-12.836753
33,221,0.468,1,-0.05,-12.284847
33,222,0.440,0,1.0,-10.235541
33,223,0.437,2,-0.05,-17.396137
33,224,0.417,0,1.0,-17.369701
33,225,0.412,0,1.0,-14.393252
33,226,0.390,0,1.0,-15.051754
33,227,0.376,1,-0.05,-16.798449
33,228,0.358,1,-0.05,-19.393278
33,229,0.365,2,-0.05,-26.088572
33,230,0.365,1,-0.05,-21.175951
33,231,0.358,1,-0.05,-26.778273
33,232,0.353,1,-0.05,-29.49197
33,233,0.333,2,-0.05,-37.29636
33,234,0.355,1,-0.05,-35.20271
33,235,0.330,0,1.0,-37.967606
33,236,0.304,1,-0.05,-41.833282
33,237,0.307,2,-0.05,-40.389393
33,238,0.301,1,-0.05,-39.132442
33,239,0.284,2,-0.05,-44.162884
33,240,0.285,1,-0.05,-41.27238
33,241,0.000,2,-100.0,-44.702385
34,0,0.659,0,1.0,16.616951
34,1,0.666,2,-0.05,17.380287
34,2,0.654,2,-0.05,17.101536
34,3,0.667,0,1.0,18.09308
34,4,0.664,1,-0.05,19.416494
34,5,0.670,1,-0.05,19.765776
34,6,0.665,0,1.0,19.193777
34,7,0.679,0,1.0,18.976032
34,8,0.677,1,-0.05,18.882502
34,9,0.689,1,-0.05,19.216606
34,10,0.681,0,1.0,18.366226
34,11,0.682,1,-0.05,17.885492
34,12,0.669,0,1.0,17.294422
34,13,0.664,0,1.0,17.135765
34,14,0.661,0,1.0,16.603252
34,15,0.644,0,1.0,16.817081
34,16,0.659,1,-0.05,16.46595
34,17,0.641,2,-0.05,16.853022
34,18,0.631,1,-0.05,16.952168
34,19,0.647,1,-0.05,17.268688
34,20,0.634,2,-0.05,13.756871
34,21,0.648,0,1.0,15.909772
34,22,0.633,0,1.0,17.075312
34,23,0.624,0,1.0,17.289965
34,24,0.623,0,1.0,16.848057
34,25,0.597,0,1.0,16.677507
34,26,0.611,2,-0.05,16.798544
34,27,0.596,2,-0.05,17.021023
34,28,0.599,0,1.0,18.721792
34,29,0.598,0,1.0,20.473387
34,30,0.591,0,1.0,20.501291
34,31,0.603,1,-0.05,21.398016
34,32,0.603,0,1.0,20.150318
34,33,0.596,1,-0.05,20.034828
34,34,0.591,2,-0.05,21.00583
34,35,0.595,2,-0.05,19.81381
34,36,0.591,0,1.0,21.819136
34,37,0.594,1,-0.05,23.22927
34,38,0.599,2,-0.05,23.552242
34,39,0.599,2,-0.05,24.005203
34,40,0.607,1,-0.05,25.251421
34,41,0.599,0,1.0,26.062885
34,42,0.609,1,-0.05,24.297216
34,43,0.605,0,1.0,24.315914
34,44,0.609,0,1.0,22.528446
34,45,0.607,0,1.0,22.69122
34,46,0.598,0,1.0,22.743874
34,47,0.610,1,-0.05,22.775633
34,48,0.613,0,1.0,22.136284
34,49,0.608,2,-0.05,20.345768
34,50,0.611,2,-0.05,20.39338
34,51,0.609,2,-0.05,21.661312
34,52,0.614,2,-0.05,22.711077
34,53,0.617,0,1.0,25.129147
34,54,0.616,1,-0.05,26.613028
34,55,0.629,0,1.0,26.491652
34,56,0.635,1,-0.05,24.698923
34,57,0.636,1,-0.05,24.895672
34,58,0.631,1,-0.05,19.522434
34,59,0.628,1,-0.05,21.026571
34,60,0.635,0,1.0,17.415548
34,61,0.635,2,-0.05,15.498639
34,62,0.634,1,-0.05,14.949496
34,63,0.630,2,-0.05,16.991854
34,64,0.624,1,-0.05,15.474276
34,65,0.622,2,-0.05,16.610085
34,66,0.622,1,-0.05,15.041866
34,67,0.623,0,1.0,16.042948
34,68,0.613,0,1.0,14.845159
34,69,0.610,1,-0.05,13.805942
34,70,0.615,2,-0.05,12.864102
34,71,0.612,1,-0.05,14.2018175
34,72,0.613,1,-0.05,12.549879
34,73,0.609,1,-0.05,11.389142
34,74,0.596,0,1.0,7.8808603
34,75,0.601,2,-0.05,4.882977
34,76,0.593,2,-0.05,3.8973453
34,77,0.583,2,-0.05,7.691667
34,78,0.579,0,1.0,10.936162
34,79,0.571,1,-0.05,12.675555
34,80,0.584,1,-0.05,10.679832
34,81,0.570,2,-0.05,8.769858
34,82,0.559,0,1.0,9.477339
34,83,0.563,0,1.0,11.527589
34,84,0.547,0,1.0,9.840266
34,85,0.553,0,1.0,11.135516
34,86,0.544,1,-0.05,9.586318
34,87,0.541,0,1.0,9.2855425
34,88,0.532,2,-0.05,7.0675855
34,89,0.534,0,1.0,7.3590665
34,90,0.523,1,-0.05,7.5125017
34,91,0.528,1,-0.05,8.384188
34,92,0.520,2,-0.05,5.5473633
34,93,0.523,0,1.0,6.743372
34,94,0.518,1,-0.05,8.395186
34,95,0.520,1,-0.05,8.096133
34,96,0.507,2,-0.05,4.7587714
34,97,0.520,1,-0.05,6.615478
34,98,0.519,0,1.0,4.0949025
34,99,0.477,0,1.0,2.4189785
34,100,0.499,0,1.0,0.5296728
34,101,0.478,1,-0.05,-0.113992274
34,102,0.489,1,-0.05,-2.2867053
34,103,0.472,0,1.0,-4.405811
34,104,0.472,2,-0.05,-8.89703
34,105,0.458,0,1.0,-9.010554
34,106,0.457,2,-0.05,-7.3762918
34,107,0.428,2,-0.05,-7.703494
34,108,0.454,1,-0.05,-2.7680118
34,109,0.429,2,-0.05,-5.7673497
34,110,0.430,2,-0.05,-3.610038
34,111,0.430,2,-0.05,-0.71344054
34,112,0.429,2,-0.05,0.63148725
34,113,0.429,1,-0.05,5.1256094
34,114,0.431,0,1.0,2.99001
34,115,0.425,2,-0.05,-0.09600192
34,116,0.405,2,-0.05,-1.9240957
34,117,0.420,0,1.0,1.7576302
34,118,0.416,2,-0.05,4.435664
34,119,0.412,2,-0.05,4.047132
34,120,0.416,1,-0.05,6.771074
34,121,0.410,1,-0.05,5.8762264
34,122,0.415,2,-0.05,2.220221
34,123,0.410,0,1.0,3.9040544
34,124,0.418,0,1.0,5.563925
34,125,0.411,2,-0.05,4.7101827
34,126,0.416,2,-0.05,5.2496314
34,127,0.411,0,1.0,8.75119
34,128,0.403,2,-0.05,10.767702
34,129,0.409,1,-0.05,11.045707
34,130,0.411,1,-0.05,9.613699
34,131,0.416,1,-0.05,6.497462
34,132,0.413,2,-0.05,3.484608
34,133,0.419,1,-0.05,4.9143896
34,134,0.415,1,-0.05,3.0089693
34,135,0.415,1,-0.05,0.1929535
34,136,0.422,1,-0.05,-3.207907
34,137,0.419,1,-0.05,-5.567181
34,138,0.416,2,-0.05,-8.200485
34,139,0.416,0,1.0,-7.1236315
34,140,0.406,0,1.0,-5.7178617
34,141,0.412,2,-0.05,-6.645811
34,142,0.391,0,1.0,-7.352499
34,143,0.394,2,-0.05,-3.9411364
34,144,0.391,0,1.0,-4.250401
34,145,0.387,2,-0.05,-2.2945266
34,146,0.377,1,-0.05,-1.5880805
34,147,0.387,2,-0.05,-2.4957633
34,148,0.384,2,-0.05,-3.032374
34,149,0.388,1,-0.05,1.1008829
34,150,0.374,2,-0.05,-1.8254337
34,151,0.386,0,1.0,-0.13051221
34,152,0.387,1,-0.05,3.5392392
34,153,0.391,0,1.0,2.546193
34,154,0.395,0,1.0,-2.1345515
34,155,0.386,0,1.0,-3.626472
34,156,0.411,2,-0.05,-5.541971
34,157,0.400,1,-0.05,-4.4687686
34,158,0.392,2,-0.05,-7.210963
34,159,0.403,2,-0.05,-5.8480906
34,160,0.393,0,1.0,-1.9106395
34,161,0.401,1,-0.05,0.9358857
34,162,0.408,0,1.0,-0.75919765
34,163,0.391,1,-0.05,-5.4004874
34,164,0.408,0,1.0,-6.6856904
34,165,0.414,0,1.0,-12.147536
34,166,0.412,0,1.0,-13.42315
34,167,0.413,0,1.0,-14.822003
34,168,0.417,0,1.0,-16.88593
34,169,0.412,0,1.0,-18.412802
34,170,0.420,1,-0.05,-20.068554
34,171,0.418,1,-0.05,-21.695206
34,172,0.425,2,-0.05,-24.225716
34,173,0.410,2,-0.05,-23.667511
34,174,0.425,1,-0.05,-21.634102
34,175,0.410,1,-0.05,-23.248764
34,176,0.417,1,-0.05,-25.110323
34,177,0.423,2,-0.05,-29.500893
34,178,0.433,1,-0.05,-27.053158
34,179,0.423,0,1.0,-29.527126
34,180,0.419,0,1.0,-32.708405
34,181,0.407,2,-0.05,-35.796715
34,182,0.409,0,1.0,-36.756527
34,183,0.404,1,-0.05,-35.071896
34,184,0.417,1,-0.05,-36.81722
34,185,0.412,0,1.0,-42.30963
34,186,0.388,0,1.0,-47.01036
34,187,0.395,1,-0.05,-49.89677
34,188,0.404,2,-0.05,-51.90546
34,189,0.384,0,1.0,-51.06509
34,190,0.388,0,1.0,-47.50749
34,191,0.377,1,-0.05,-51.01229
34,192,0.387,1,-0.05,-52.181583
34,193,0.380,0,1.0,-58.4541
34,194,0.380,1,-0.05,-61.771484
34,195,0.371,1,-0.05,-64.24485
34,196,0.372,2,-0.05,-68.53587
34,197,0.364,1,-0.05,-68.73345
34,198,0.367,2,-0.05,-70.81432
34,199,0.362,1,-0.05,-69.80938
34,200,0.350,0,1.0,-70.98011
34,201,0.340,0,1.0,-78.31845
34,202,0.336,2,-0.05,-79.64185
34,203,0.322,1,-0.05,-80.79698
34,204,0.326,0,1.0,-82.39169
34,205,0.308,2,-0.05,-87.50877
34,206,0.303,2,-0.05,-87.6944
34,207,0.292,0,1.0,-83.524185
34,208,0.281,0,1.0,-80.29159
34,209,0.277,0,1.0,-81.433075
34,210,0.253,0,1.0,-82.854866
34,211,0.248,1,-100.0,-84.086525
35,0,0.661,0,1.0,18.68508
35,1,0.665,1,-0.05,19.532425
35,2,0.655,2,-0.05,19.29611
35,3,0.664,2,-0.05,19.455584
35,4,0.660,0,1.0,18.17786
35,5,0.652,2,-0.05,18.315569
35,6,0.671,1,-0.05,17.46997
35,7,0.671,1,-0.05,18.092447
35,8,0.670,1,-0.05,18.273512
35,9,0.688,2,-0.05,19.378725
35,10,0.654,0,1.0,18.398237
35,11,0.675,1,-0.05,18.419968
35,12,0.673,2,-0.05,18.01158
35,13,0.678,2,-0.05,16.887672
35,14,0.665,1,-0.05,18.04037
35,15,0.685,0,1.0,17.63592
35,16,0.695,1,-0.05,17.689346
35,17,0.693,0,1.0,18.429865
35,18,0.693,1,-0.05,18.535856
35,19,0.684,0,1.0,19.733896
35,20,0.681,0,1.0,19.747828
35,21,0.693,2,-0.05,20.410828
35,22,0.692,1,-0.05,19.90039
35,23,0.688,0,1.0,20.08115
35,24,0.689,1,-0.05,19.679579
35,25,0.676,2,-0.05,20.173857
35,26,0.690,1,-0.05,19.800606
35,27,0.679,0,1.0,20.090944
35,28,0.674,0,1.0,19.45407
35,29,0.672,0,1.0,20.350801
35,30,0.665,0,1.0,20.35964
35,31,0.651,0,1.0,20.598854
35,32,0.648,2,-0.05,19.850054
35,33,0.638,0,1.0,20.407536
35,34,0.639,2,-0.05,18.884459
35,35,0.645,2,-0.05,19.216593
35,36,0.642,2,-0.05,19.46373
35,37,0.633,0,1.0,19.583176
35,38,0.637,0,1.0,19.33634
35,39,0.638,0,1.0,19.949226
35,40,0.645,0,1.0,20.58098
35,41,0.639,0,1.0,21.542583
35,42,0.644,1,-0.05,20.673992
35,43,0.655,2,-0.05,21.430637
35,44,0.641,0,1.0,19.556154
35,45,0.646,2,-0.05,19.800207
35,46,0.651,0,1.0,19.463604
35,47,0.652,2,-0.05,19.358974
35,48,0.655,2,-0.05,18.755228
35,49,0.672,2,-0.05,19.011942
35,50,0.671,0,1.0,19.812723
35,51,0.685,0,1.0,16.01934
35,52,0.696,1,-0.05,14.658999
35,53,0.710,0,1.0,14.501713
35,54,0.702,1,-0.05,17.543968
35,55,0.697,1,-0.05,15.578359
35,56,0.674,2,-0.05,15.200708
35,57,0.672,0,1.0,16.839418
35,58,0.665,2,-0.05,10.295071
35,59,0.670,2,-0.05,10.337994
35,60,0.659,0,1.0,8.50213
35,61,0.654,2,-0.05,6.006068
35,62,0.644,0,1.0,4.3965764
35,63,0.623,0,1.0,1.4275132
35,64,0.601,0,1.0,-1.2804992
35,65,0.583,1,-0.05,-3.4260454
35,66,0.577,2,-0.05,-5.4818892
35,67,0.582,1,-0.05,-9.309413
35,68,0.580,1,-0.05,-6.6621246
35,69,0.545,0,1.0,-2.830217
35,70,0.541,1,-0.05,-0.947993
35,71,0.544,0,1.0,-1.0058352
35,72,0.513,0,1.0,-0.35696903
35,73,0.497,0,1.0,-0.6084125
35,74,0.496,0,1.0,-3.1555004
35,75,0.485,1,-0.05,-3.7399395
35,76,0.476,2,-0.05,-5.274087
35,77,0.472,1,-0.05,-4.889157
35,78,0.463,0,1.0,-5.825158
35,79,0.465,1,-0.05,0.5347057
35,80,0.454,0,1.0,-0.31969798
35,81,0.446,2,-0.05,2.7907288
35,82,0.447,2,-0.05,1.8898607
35,83,0.453,1,-0.05,-1.6510446
35,84,0.435,1,-0.05,1.1884487
35,85,0.432,2,-0.05,1.7956126
35,86,0.439,2,-0.05,0.93571943
35,87,0.424,1,-0.05,-2.730894
35,88,0.440,2,-0.05,0.16637325
35,89,0.436,1,-0.05,-2.925497
35,90,0.434,2,-0.05,-0.6546446
35,91,0.429,1,-0.05,-3.2471397
35,92,0.415,0,1.0,-1.5334069
35,93,0.420,1,-0.05,-0.32462174
35,94,0.411,2,-0.05,0.7801199
35,95,0.406,0,1.0,-1.8748903
35,96,0.396,1,-0.05,-6.5578995
35,97,0.390,1,-0.05,-6.911193
35,98,0.396,1,-0.05,-3.4217002
35,99,0.399,1,-0.05,0.020493865
35,100,0.387,1,-0.05,4.9187455
35,101,0.392,1,-0.05,8.279055
35,102,0.385,0,1.0,11.125632
35,103,0.393,0,1.0,13.520271
35,104,0.394,2,-0.05,12.060706
35,105,0.387,0,1.0,11.9110775
35,106,0.397,2,-0.05,9.574497
35,107,0.389,0,1.0,10.054933
35,108,0.400,1,-0.05,5.9687276
35,109,0.400,2,-0.05,8.507619
35,110,0.392,1,-0.05,5.0574865
35,111,0.397,1,-0.05,7.1991644
35,112,0.404,1,-0.05,7.6728144
35,113,0.401,2,-0.05,10.254725
35,114,0.405,0,1.0,9.908689
35,115,0.404,0,1.0,6.516827
35,116,0.400,1,-0.05,7.65742
35,117,0.389,1,-0.05,6.604149
35,118,0.401,2,-0.05,9.32586
35,119,0.403,1,-0.05,6.0912204
35,120,0.399,1,-0.05,8.88593
35,121,0.399,1,-0.05,9.931445
35,122,0.397,0,1.0,12.310232
35,123,0.418,2,-0.05,12.552496
35,124,0.412,2,-0.05,14.1150675
35,125,0.427,2,-0.05,11.568292
35,126,0.404,0,1.0,10.465317
35,127,0.417,1,-0.05,6.667105
35,128,0.416,1,-0.05,9.051888
35,129,0.424,2,-0.05,10.351877
35,130,0.422,2,-0.05,10.198569
35,131,0.422,1,-0.05,7.5166097
35,132,0.423,1,-0.05,9.566907
35,133,0.432,1,-0.05,10.10057
35,134,0.430,2,-0.05,10.785851
35,135,0.431,2,-0.05,9.927243
35,136,0.431,1,-0.05,10.127187
35,137,0.437,2,-0.05,9.515316
35,138,0.440,1,-0.05,9.269247
35,139,0.446,2,-0.05,8.897669
35,140,0.429,1,-0.05,9.555517
35,141,0.440,0,1.0,8.482201
35,142,0.446,1,-0.05,9.306037
35,143,0.449,0,1.0,8.183908
35,144,0.460,0,1.0,9.626237
35,145,0.472,0,1.0,9.143807
35,146,0.485,1,-0.05,9.742828
35,147,0.486,0,1.0,7.8452587
35,148,0.510,1,-0.05,9.338494
35,149,0.503,0,1.0,7.3044653
35,150,0.513,0,1.0,6.377781
35,151,0.538,1,-0.05,3.4839265
35,152,0.538,0,1.0,4.4429874
35,153,0.556,1,-0.05,3.8248422
35,154,0.568,0,1.0,2.8739593
35,155,0.576,0,1.0,-1.2167776
35,156,0.592,2,-0.05,-4.025035
35,157,0.614,2,-0.05,-7.97853
35,158,0.612,1,-0.05,-4.3390803
35,159,0.613,0,1.0,-6.3497953
35,160,0.631,1,-0.05,-12.753016
35,161,0.639,2,-0.05,-18.384285
35,162,0.643,0,1.0,-18.070595
35,163,0.669,1,-0.05,-15.705836
35,164,0.656,1,-0.05,-17.899874
35,165,0.686,1,-0.05,-24.612307
35,166,0.689,0,1.0,-31.125381
35,167,0.707,0,1.0,-37.710377
35,168,0.691,2,-0.05,-42.7976
35,169,0.678,2,-0.05,-47.733406
35,170,0.677,2,-0.05,-40.62266
35,171,0.674,2,-0.05,-37.16722
35,172,0.660,1,-0.05,-31.043488
35,173,0.655,2,-0.05,-34.53415
35,174,0.656,0,1.0,-32.78595
35,175,0.636,0,1.0,-30.210676
35,176,0.613,1,-0.05,-33.054443
35,177,0.604,0,1.0,-35.80738
35,178,0.590,1,-0.05,-41.82522
35,179,0.587,0,1.0,-44.24295
35,180,0.582,1,-0.05,-51.221214
35,181,0.574,2,-0.05,-54.871063
35,182,0.557,2,-0.05,-52.468555
35,183,0.552,1,-0.05,-48.777298
35,184,0.555,2,-0.05,-50.629765
35,185,0.516,2,-0.05,-50.509754
35,186,0.540,1,-0.05,-45.47755
35,187,0.529,2,-0.05,-49.3252
35,188,0.522,2,-0.05,-48.65744
35,189,0.527,2,-0.05,-45.292725
35,190,0.528,2,-0.05,-40.696083
35,191,0.522,1,-0.05,-37.523487
35,192,0.520,1,-0.05,-38.93396
35,193,0.503,0,1.0,-45.142586
35,194,0.504,2,-0.05,-50.337204
35,195,0.486,0,1.0,-52.224937
35,196,0.480,1,-0.05,-49.47255
35,197,0.473,0,1.0,-52.433865
35,198,0.465,1,-0.05,-57.346046
35,199,0.458,2,-0.05,-59.599373
35,200,0.447,1,-0.05,-58.32857
35,201,0.455,1,-0.05,-61.56221
35,202,0.433,0,1.0,-66.908455
35,203,0.434,2,-0.05,-75.08654
35,204,0.415,1,-0.05,-76.51932
35,205,0.409,1,-0.05,-78.74261
35,206,0.394,1,-0.05,-83.78397
35,207,0.399,2,-0.05,-89.61673
35,208,0.386,0,1.0,-87.78474
35,209,0.360,0,1.0,-84.16294
35,210,0.350,0,1.0,-85.83544
35,211,0.333,2,-0.05,-87.86266
35,212,0.315,0,1.0,-88.347565
35,213,0.302,2,-0.05,-85.55282
35,214,0.298,2,-0.05,-85.93071
35,215,0.279,1,-0.05,-81.59595
35,216,0.273,1,-0.05,-83.41127
35,217,0.276,2,-0.05,-88.51305
35,218,0.281,1,-0.05,-86.840294
35,219,0.265,0,1.0,-88.83445
35,220,0.262,2,-0.05,-92.4976
35,221,0.248,0,-100.0,-93.01282
36,0,0.660,0,1.0,17.740377
36,1,0.664,0,1.0,17.84013
36,2,0.662,0,1.0,18.366974
36,3,0.661,2,-0.05,17.835752
36,4,0.668,0,1.0,17.977097
36,5,0.670,2,-0.05,17.83231
36,6,0.646,2,-0.05,18.249336
36,7,0.670,2,-0.05,17.147343
36,8,0.674,0,1.0,18.089771
36,9,0.660,2,-0.05,16.95782
36,10,0.667,2,-0.05,18.107512
36,11,0.681,1,-0.05,15.298386
36,12,0.684,0,1.0,15.458733
36,13,0.706,2,-0.05,16.418257
36,14,0.696,0,1.0,16.828386
36,15,0.694,2,-0.05,14.945125
36,16,0.708,1,-0.05,14.140468
36,17,0.711,0,1.0,16.807455
36,18,0.699,2,-0.05,16.066101
36,19,0.695,1,-0.05,16.224722
36,20,0.689,2,-0.05,16.776672
36,21,0.673,0,1.0,17.759663
36,22,0.679,0,1.0,15.974858
36,23,0.660,1,-0.05,16.534452
36,24,0.674,0,1.0,14.902991
36,25,0.658,0,1.0,15.86352
36,26,0.655,0,1.0,14.676574
36,27,0.649,0,1.0,15.219248
36,28,0.645,1,-0.05,14.601647
36,29,0.633,0,1.0,14.61875
36,30,0.631,2,-0.05,15.884016
36,31,0.619,1,-0.05,15.79248
36,32,0.633,2,-0.05,17.313284
36,33,0.622,1,-0.05,15.881993
36,34,0.613,2,-0.05,16.283293
36,35,0.630,2,-0.05,15.850358
36,36,0.628,0,1.0,15.031341
36,37,0.610,0,1.0,10.5333805
36,38,0.609,2,-0.05,11.157733
36,39,0.594,0,1.0,9.936958
36,40,0.594,1,-0.05,8.9504175
36,41,0.588,2,-0.05,7.728773
36,42,0.588,0,1.0,7.95709
36,43,0.574,2,-0.05,4.447282
36,44,0.568,1,-0.05,1.6607344
36,45,0.552,2,-0.05,3.7889047
36,46,0.563,2,-0.05,3.8310642
36,47,0.545,1,-0.05,-0.62700397
36,48,0.532,0,1.0,0.0014807433
36,49,0.525,2,-0.05,2.5972714
36,50,0.521,0,1.0,2.5037441
36,51,0.497,2,-0.05,-2.2340221
36,52,0.506,2,-0.05,-1.8621585
36,53,0.496,0,1.0,-8.223262
36,54,0.465,0,1.0,-14.096368
36,55,0.455,0,1.0,-17.623802
36,56,0.430,1,-0.05,-19.98761
36,57,0.425,1,-0.05,-22.960962
36,58,0.428,1,-0.05,-15.500294
36,59,0.413,1,-0.05,-10.453488
36,60,0.402,2,-0.05,-4.2140694
36,61,0.408,0,1.0,-8.882995
36,62,0.388,1,-0.05,-11.466451
36,63,0.364,1,-0.05,-13.833811
36,64,0.378,1,-0.05,-11.876117
36,65,0.373,1,-0.05,-7.2944827
36,66,0.363,0,1.0,-1.9586288
36,67,0.354,1,-0.05,0.006069675
36,68,0.361,1,-0.05,0.058593288
36,69,0.355,0,1.0,6.0409565
36,70,0.347,2,-0.05,10.706947
36,71,0.346,2,-0.05,9.416209
36,72,0.341,1,-0.05,5.7341337
36,73,0.348,0,1.0,5.6331935
36,74,0.337,1,-0.05,10.142409
36,75,0.349,2,-0.05,9.5159445
36,76,0.343,1,-0.05,8.918411
36,77,0.330,1,-0.05,8.860057
36,78,0.336,1,-0.05,16.46614
36,79,0.340,2,-0.05,16.99249
36,80,0.331,1,-0.05,16.814548
36,81,0.329,1,-0.05,16.65498
36,82,0.343,1,-0.05,20.58096
36,83,0.336,1,-0.05,22.40684
36,84,0.340,0,1.0,25.175436
36,85,0.350,0,1.0,25.315683
36,86,0.364,1,-0.05,24.848972
36,87,0.362,1,-0.05,25.211199
36,88,0.367,1,-0.05,27.479717
36,89,0.362,2,-0.05,27.579508
36,90,0.366,1,-0.05,25.243008
36,91,0.373,0,1.0,27.077911
36,92,0.397,0,1.0,26.04776
36,93,0.396,2,-0.05,23.932335
36,94,0.419,0,1.0,23.185392
36,95,0.430,0,1.0,22.986149
36,96,0.452,0,1.0,21.722784
36,97,0.464,0,1.0,19.55606
36,98,0.483,0,1.0,20.373589
36,99,0.489,0,1.0,17.501797
36,100,0.507,2,-0.05,17.217787
36,101,0.522,2,-0.05,14.980601
36,102,0.528,2,-0.05,17.217325
36,103,0.540,0,1.0,15.590938
36,104,0.532,2,-0.05,14.569726
36,105,0.551,0,1.0,15.2331505
36,106,0.555,0,1.0,14.797345
36,107,0.562,1,-0.05,13.021357
36,108,0.562,1,-0.05,14.39408
36,109,0.551,1,-0.05,13.459478
36,110,0.562,2,-0.05,12.569905
36,111,0.571,0,1.0,12.211318
36,112,0.575,1,-0.05,13.579436
36,113,0.573,1,-0.05,11.893628
36,114,0.590,0,1.0,11.601697
36,115,0.594,0,1.0,10.243458
36,116,0.601,1,-0.05,9.589451
36,117,0.616,2,-0.05,8.345791
36,118,0.616,0,1.0,8.949452
36,119,0.622,1,-0.05,8.314517
36,120,0.629,2,-0.05,8.035208
36,121,0.628,2,-0.05,7.2869043
36,122,0.626,2,-0.05,9.153537
36,123,0.636,1,-0.05,7.781223
36,124,0.635,2,-0.05,7.500896
36,125,0.629,1,-0.05,7.09831
36,126,0.642,1,-0.05,7.3852677
36,127,0.640,2,-0.05,6.938048
36,128,0.643,2,-0.05,7.4247155
36,129,0.639,1,-0.05,6.4193897
36,130,0.638,0,1.0,7.5721955
36,131,0.641,0,1.0,6.291409
36,132,0.647,1,-0.05,4.9988804
36,133,0.668,1,-0.05,4.839123
36,134,0.656,2,-0.05,5.3726897
36,135,0.670,2,-0.05,5.3685417
36,136,0.672,1,-0.05,5.180233
36,137,0.673,1,-0.05,3.140753
36,138,0.660,2,-0.05,4.148121
36,139,0.671,1,-0.05,3.318524
36,140,0.666,1,-0.05,3.8108132
36,141,0.661,1,-0.05,2.5894768
36,142,0.672,0,1.0,1.7988518
36,143,0.686,2,-0.05,-1.4797121
36,144,0.695,2,-0.05,-1.9605763
36,145,0.692,1,-0.05,-0.6096554
36,146,0.707,0,1.0,-1.0434642
36,147,0.704,2,-0.05,-4.8362412
36,148,0.677,0,1.0,-5.5195155
36,149,0.687,2,-0.05,-4.900372
36,150,0.676,1,-0.05,-5.9913783
36,151,0.673,0,1.0,-8.993995
36,152,0.648,1,-0.05,-9.218194
36,153,0.641,0,1.0,-12.0364485
36,154,0.638,1,-0.05,-10.991163
36,155,0.625,0,1.0,-13.862527
36,156,0.605,2,-0.05,-19.278368
36,157,0.608,2,-0.05,-21.571857
36,158,0.608,1,-0.05,-17.258835
36,159,0.586,0,1.0,-19.969795
36,160,0.565,0,1.0,-25.476437
36,161,0.558,1,-0.05,-30.33489
36,162,0.542,1,-0.05,-32.306957
36,163,0.533,2,-0.05,-40.675213
36,164,0.533,1,-0.05,-39.106297
36,165,0.534,2,-0.05,-45.652416
36,166,0.523,2,-0.05,-40.39001
36,167,0.512,1,-0.05,-38.224064
36,168,0.504,2,-0.05,-38.867237
36,169,0.495,2,-0.05,-39.41605
36,170,0.489,1,-0.05,-32.65586
36,171,0.501,1,-0.05,-38.72383
36,172,0.472,0,1.0,-45.813248
36,173,0.458,2,-0.05,-52.434986
36,174,0.436,0,1.0,-54.38276
36,175,0.429,1,-0.05,-51.609005
36,176,0.417,0,1.0,-54.261124
36,177,0.390,2,-0.05,-64.76662
36,178,0.388,0,1.0,-67.02972
36,179,0.374,1,-0.05,-61.538692
36,180,0.359,1,-0.05,-64.56
36,181,0.351,1,-0.05,-73.820045
36,182,0.355,1,-0.05,-79.53316
36,183,0.341,1,-0.05,-86.16938
36,184,0.341,1,-0.05,-90.18092
36,185,0.319,1,-0.05,-94.96642
36,186,0.298,0,1.0,-98.69656
36,187,0.275,0,1.0,-102.05895
36,188,0.251,2,-0.05,-103.824425
36,189,0.238,1,-100.0,-105.33759
37,0,0.653,2,-0.05,18.747276
37,1,0.667,2,-0.05,17.748816
37,2,0.662,1,-0.05,17.194414
37,3,0.667,2,-0.05,17.724007
37,4,0.673,0,1.0,17.393253
37,5,0.670,0,1.0,17.90313
37,6,0.677,1,-0.05,18.199455
37,7,0.677,1,-0.05,17.596924
37,8,0.687,1,-0.05,18.324604
37,9,0.683,2,-0.05,18.134537
37,10,0.678,0,1.0,18.23479
37,11,0.689,0,1.0,17.01535
37,12,0.688,1,-0.05,17.450268
37,13,0.688,0,1.0,16.52819
37,14,0.687,0,1.0,19.41968
37,15,0.692,0,1.0,18.723797
37,16,0.690,0,1.0,19.371365
37,17,0.709,0,1.0,18.746193
37,18,0.000,2,-100.0,19.678366
38,0,0.655,2,-0.05,16.882225
38,1,0.665,0,1.0,16.940948
38,2,0.664,2,-0.05,15.490675
38,3,0.668,0,1.0,15.28463
38,4,0.670,2,-0.05,15.940307
38,5,0.674,0,1.0,15.731434
38,6,0.678,1,-0.05,15.430733
38,7,0.685,2,-0.05,15.099473
38,8,0.677,2,-0.05,13.941267
38,9,0.686,0,1.0,12.822066
38,10,0.702,1,-0.05,11.539235
38,11,0.696,0,1.0,10.963723
38,12,0.692,1,-0.05,12.029357
38,13,0.676,0,1.0,11.543324
38,14,0.663,0,1.0,12.758202
38,15,0.657,1,-0.05,12.522674
38,16,0.665,1,-0.05,12.018571
38,17,0.665,2,-0.05,14.929156
38,18,0.661,1,-0.05,16.567873
38,19,0.657,1,-0.05,15.15058
38,20,0.662,1,-0.05,15.359744
38,21,0.649,1,-0.05,16.850006
38,22,0.650,0,1.0,18.209017
38,23,0.650,1,-0.05,17.861572
38,24,0.656,1,-0.05,18.70475
38,25,0.649,2,-0.05,19.969557
38,26,0.647,1,-0.05,18.95967
38,27,0.639,2,-0.05,19.66829
38,28,0.650,2,-0.05,19.735525
38,29,0.652,1,-0.05,19.37484
38,30,0.657,2,-0.05,19.174301
38,31,0.651,0,1.0,19.55229
38,32,0.651,1,-0.05,19.023598
38,33,0.655,0,1.0,18.76244
38,34,0.653,2,-0.05,19.661442
38,35,0.655,2,-0.05,19.922203
38,36,0.651,0,1.0,19.403143
38,37,0.660,2,-0.05,17.486916
38,38,0.654,1,-0.05,17.652624
38,39,0.662,2,-0.05,19.458334
38,40,0.656,0,1.0,17.775856
38,41,0.647,0,1.0,16.81572
38,42,0.637,2,-0.05,16.543488
38,43,0.647,2,-0.05,16.676994
38,44,0.629,0,1.0,16.117886
38,45,0.629,0,1.0,16.095345
38,46,0.623,1,-0.05,15.8638935
38,47,0.616,0,1.0,15.668303
38,48,0.618,0,1.0,15.172633
38,49,0.596,1,-0.05,15.143537
38,50,0.593,1,-0.05,14.763421
38,51,0.597,1,-0.05,16.167494
38,52,0.606,2,-0.05,16.771793
38,53,0.598,0,1.0,18.169493
38,54,0.586,1,-0.05,15.068241
38,55,0.586,1,-0.05,16.273466
38,56,0.596,0,1.0,16.488384
38,57,0.593,1,-0.05,19.723108
38,58,0.581,2,-0.05,19.366762
38,59,0.597,0,1.0,19.924355
38,60,0.591,2,-0.05,17.404871
38,61,0.583,2,-0.05,17.416237
38,62,0.583,0,1.0,16.284002
38,63,0.588,1,-0.05,15.571181
38,64,0.561,0,1.0,14.782213
38,65,0.555,2,-0.05,16.131369
38,66,0.563,0,1.0,15.654661
38,67,0.546,0,1.0,12.547916
38,68,0.534,2,-0.05,11.528069
38,69,0.521,0,1.0,11.099614
38,70,0.519,0,1.0,4.7114716
38,71,0.506,0,1.0,3.5572011
38,72,0.497,1,-0.05,2.2416363
38,73,0.487,0,1.0,1.3708283
38,74,0.483,1,-0.05,6.4495616
38,75,0.472,2,-0.05,5.628538
38,76,0.476,0,1.0,0.1647023
38,77,0.452,2,-0.05,-3.0744057
38,78,0.458,1,-0.05,-4.281417
38,79,0.450,1,-0.05,-4.7130656
38,80,0.465,1,-0.05,3.6096141
38,81,0.445,0,1.0,3.2132747
38,82,0.420,0,1.0,6.146442
38,83,0.435,1,-0.05,4.8165607
38,84,0.427,1,-0.05,4.8838882
38,85,0.425,1,-0.05,10.4868765
38,86,0.427,0,1.0,11.436736
38,87,0.422,0,1.0,14.240892
38,88,0.422,2,-0.05,16.17874
38,89,0.441,2,-0.05,15.505024
38,90,0.433,0,1.0,12.150622
38,91,0.427,1,-0.05,7.9029617
38,92,0.418,0,1.0,8.277381
38,93,0.420,2,-0.05,7.0842752
38,94,0.418,1,-0.05,7.205735
38,95,0.409,1,-0.05,6.206855
38,96,0.423,2,-0.05,9.911333
38,97,0.427,1,-0.05,8.501085
38,98,0.426,2,-0.05,9.20872
38,99,0.420,0,1.0,8.073915
38,100,0.421,1,-0.05,4.9577103
38,101,0.421,2,-0.05,7.023443
38,102,0.427,0,1.0,4.116056
38,103,0.417,1,-0.05,-0.8696293
38,104,0.411,1,-0.05,-1.5608066
38,105,0.407,2,-0.05,2.698121
38,106,0.411,1,-0.05,2.043812
38,107,0.410,2,-0.05,1.9728202
38,108,0.412,1,-0.05,1.411469
38,109,0.411,1,-0.05,4.7612967
38,110,0.403,1,-0.05,6.7029467
38,111,0.401,2,-0.05,10.417612
38,112,0.414,2,-0.05,6.850227
38,113,0.393,1,-0.05,4.3367424
38,114,0.401,1,-0.05,6.2605386
38,115,0.393,2,-0.05,9.184609
38,116,0.407,1,-0.05,8.035461
38,117,0.407,2,-0.05,8.607154
38,118,0.392,1,-0.05,7.9064107
38,119,0.414,0,1.0,8.24395
38,120,0.398,2,-0.05,10.112714
38,121,0.407,0,1.0,9.860253
38,122,0.414,1,-0.05,7.9535728
38,123,0.408,2,-0.05,7.7861485
38,124,0.398,1,-0.05,6.9334884
38,125,0.383,2,-0.05,7.3006735
38,126,0.409,1,-0.05,6.303907
38,127,0.401,0,1.0,7.1137195
38,128,0.409,1,-0.05,10.255912
38,129,0.403,0,1.0,10.368448
38,130,0.413,0,1.0,10.951762
38,131,0.427,2,-0.05,11.789398
38,132,0.421,0,1.0,10.347946
38,133,0.437,2,-0.05,10.910025
38,134,0.438,2,-0.05,8.774565
38,135,0.431,0,1.0,6.7134776
38,136,0.448,1,-0.05,2.7641225
38,137,0.432,1,-0.05,5.0441227
38,138,0.438,2,-0.05,6.8418083
38,139,0.445,1,-0.05,6.653413
38,140,0.435,1,-0.05,5.85821
38,141,0.436,2,-0.05,8.423367
38,142,0.439,0,1.0,7.4436564
38,143,0.437,2,-0.05,6.271853
38,144,0.432,2,-0.05,4.819229
38,145,0.451,1,-0.05,4.6628027
38,146,0.437,1,-0.05,4.111859
38,147,0.447,2,-0.05,5.918129
38,148,0.446,1,-0.05,4.3170238
38,149,0.444,1,-0.05,4.458862
38,150,0.445,1,-0.05,5.7812204
38,151,0.446,1,-0.05,6.435269
38,152,0.436,2,-0.05,8.72012
38,153,0.454,0,1.0,8.959397
38,154,0.448,0,1.0,5.958632
38,155,0.458,0,1.0,6.975375
38,156,0.468,1,-0.05,6.0840507
38,157,0.467,0,1.0,7.9177294
38,158,0.475,0,1.0,6.657071
38,159,0.481,2,-0.05,7.5010443
38,160,0.490,1,-0.05,5.340288
38,161,0.472,2,-0.05,5.764996
38,162,0.491,0,1.0,4.922243
38,163,0.497,2,-0.05,4.6905766
38,164,0.485,2,-0.05,2.8543558
38,165,0.498,0,1.0,2.873724
38,166,0.501,2,-0.05,1.0165926
38,167,0.509,0,1.0,0.570088
38,168,0.503,1,-0.05,-0.79109544
38,169,0.507,2,-0.05,-0.92037773
38,170,0.507,1,-0.05,-2.3581443
38,171,0.505,1,-0.05,-2.1242077
38,172,0.507,0,1.0,-2.8824637
38,173,0.535,0,1.0,-1.8519295
38,174,0.526,1,-0.05,-4.320185
38,175,0.535,1,-0.05,-4.2333856
38,176,0.537,0,1.0,-4.3566384
38,177,0.563,0,1.0,-3.9859176
38,178,0.583,0,1.0,-7.669465
38,179,0.623,1,-0.05,-9.571687
38,180,0.618,0,1.0,-13.282391
38,181,0.633,2,-0.05,-14.69331
38,182,0.644,1,-0.05,-17.9696
38,183,0.658,2,-0.05,-18.558498
38,184,0.660,0,1.0,-20.309513
38,185,0.674,2,-0.05,-20.177185
38,186,0.705,0,1.0,-23.06688
38,187,0.709,2,-0.05,-22.544298
38,188,0.734,2,-0.05,-26.186445
38,189,0.737,1,-0.05,-25.419361
38,190,0.752,2,-0.05,-27.211815
38,191,0.743,1,-0.05,-27.703625
38,192,0.755,2,-0.05,-29.043646
38,193,0.768,1,-0.05,-29.152987
38,194,0.748,2,-0.05,-31.980835
38,195,0.784,2,-0.05,-31.089664
38,196,0.767,1,-0.05,-31.820168
38,197,0.794,2,-0.05,-31.884235
38,198,0.826,0,1.0,-33.427296
38,199,0.827,1,-0.05,-32.85173
38,200,0.825,2,-0.05,-35.908516
38,201,0.830,1,-0.05,-35.732292
38,202,0.819,1,-0.05,-37.26958
38,203,0.808,2,-0.05,-38.949608
38,204,0.769,0,1.0,-39.775513
38,205,0.747,1,-0.05,-39.7591
38,206,0.728,0,1.0,-42.744644
38,207,0.699,2,-0.05,-45.073597
38,208,0.676,2,-0.05,-48.51533
38,209,0.692,2,-0.05,-46.449272
38,210,0.675,1,-0.05,-46.843918
38,211,0.652,0,1.0,-47.087494
38,212,0.631,1,-0.05,-50.579407
38,213,0.629,2,-0.05,-54.171402
38,214,0.591,0,1.0,-54.627014
38,215,0.582,2,-0.05,-53.957134
38,216,0.567,2,-0.05,-56.688705
38,217,0.547,0,1.0,-55.098183
38,218,0.533,2,-0.05,-55.23958
38,219,0.499,0,1.0,-55.673218
38,220,0.474,1,-0.05,-55.811302
38,221,0.456,2,-0.05,-56.98194
38,222,0.460,1,-0.05,-57.184032
38,223,0.432,0,1.0,-58.316536
38,224,0.402,2,-0.05,-63.62923
38,225,0.388,2,-0.05,-65.45596
38,226,0.354,0,1.0,-64.76269
38,227,0.346,1,-0.05,-62.74624
38,228,0.323,0,1.0,-66.027275
38,229,0.294,2,-0.05,-70.09113
38,230,0.283,1,-0.05,-72.22653
38,231,0.254,0,1.0,-73.443855
38,232,0.231,2,-100.0,-78.313194
39,0,0.659,0,1.0,18.57883
39,1,0.658,0,1.0,19.033792
39,2,0.669,2,-0.05,19.171246
39,3,0.664,1,-0.05,19.179905
39,4,0.660,2,-0.05,19.492926
39,5,0.661,0,1.0,19.600842
39,6,0.679,2,-0.05,19.216618
39,7,0.667,0,1.0,19.645441
39,8,0.661,2,-0.05,19.491283
39,9,0.656,1,-0.05,19.701836
39,10,0.679,1,-0.05,19.064318
39,11,0.685,2,-0.05,19.609741
39,12,0.665,2,-0.05,19.190239
39,13,0.678,0,1.0,19.533989
39,14,0.685,0,1.0,18.621063
39,15,0.690,1,-0.05,18.682674
39,16,0.684,0,1.0,17.99346
39,17,0.704,0,1.0,18.60029
39,18,0.713,0,1.0,17.841589
39,19,0.701,1,-0.05,18.062122
39,20,0.704,1,-0.05,17.589018
39,21,0.692,0,1.0,18.07791
39,22,0.700,1,-0.05,18.558516
39,23,0.698,0,1.0,18.998161
39,24,0.698,0,1.0,19.570192
39,25,0.704,0,1.0,20.238976
39,26,0.692,1,-0.05,19.373888
39,27,0.698,2,-0.05,19.906078
39,28,0.705,0,1.0,19.491018
39,29,0.694,1,-0.05,19.458261
39,30,0.690,2,-0.05,18.764278
39,31,0.708,0,1.0,19.494942
39,32,0.699,2,-0.05,18.21744
39,33,0.690,0,1.0,18.773935
39,34,0.689,2,-0.05,17.8393
39,35,0.688,1,-0.05,18.73004
39,36,0.688,0,1.0,17.917221
39,37,0.673,0,1.0,18.521063
39,38,0.673,0,1.0,18.711458
39,39,0.682,2,-0.05,17.209652
39,40,0.671,0,1.0,18.12815
39,41,0.661,2,-0.05,17.108437
39,42,0.665,2,-0.05,17.363216
39,43,0.664,2,-0.05,16.269194
39,44,0.669,0,1.0,15.702949
39,45,0.653,1,-0.05,12.727683
39,46,0.650,1,-0.05,12.356629
39,47,0.638,0,1.0,16.301256
39,48,0.631,0,1.0,15.415253
39,49,0.623,0,1.0,14.742498
39,50,0.623,2,-0.05,14.703482
39,51,0.611,0,1.0,13.946623
39,52,0.604,2,-0.05,15.402421
39,53,0.603,1,-0.05,13.75946
39,54,0.594,1,-0.05,14.988991
39,55,0.585,1,-0.05,14.713356
39,56,0.585,0,1.0,15.914535
39,57,0.583,1,-0.05,18.034885
39,58,0.595,2,-0.05,17.542915
39,59,0.585,1,-0.05,17.600248
39,60,0.566,0,1.0,17.089294
39,61,0.574,1,-0.05,18.314148
39,62,0.574,0,1.0,17.799944
39,63,0.572,0,1.0,19.910942
39,64,0.573,1,-0.05,18.432924
39,65,0.584,0,1.0,20.70421
39,66,0.589,1,-0.05,21.217972
39,67,0.589,2,-0.05,20.986626
39,68,0.597,0,1.0,18.22438
39,69,0.583,0,1.0,19.234262
39,70,0.585,2,-0.05,17.466612
39,71,0.587,0,1.0,18.027695
39,72,0.600,2,-0.05,15.73907
39,73,0.595,0,1.0,15.827624
39,74,0.588,0,1.0,13.138745
39,75,0.594,1,-0.05,12.863825
39,76,0.597,0,1.0,11.387161
39,77,0.576,1,-0.05,13.773817
39,78,0.588,0,1.0,13.015791
39,79,0.592,1,-0.05,13.771273
39,80,0.594,2,-0.05,12.374705
39,81,0.584,2,-0.05,13.304018
39,82,0.603,0,1.0,11.442574
39,83,0.586,0,1.0,9.749203
39,84,0.578,1,-0.05,8.297125
39,85,0.586,2,-0.05,8.333331
39,86,0.584,0,1.0,8.23062
39,87,0.587,1,-0.05,6.7782655
39,88,0.569,2,-0.05,5.598305
39,89,0.566,2,-0.05,6.4708734
39,90,0.570,1,-0.05,2.3810434
39,91,0.579,1,-0.05,2.6807346
39,92,0.567,2,-0.05,4.4580226
39,93,0.560,2,-0.05,5.356697
39,94,0.570,2,-0.05,1.325538
39,95,0.545,0,1.0,0.003289938
39,96,0.556,2,-0.05,-4.2727
39,97,0.532,0,1.0,-4.7236342
39,98,0.511,0,1.0,-13.912448
39,99,0.509,1,-0.05,-15.320426
39,100,0.500,1,-0.05,-18.318878
39,101,0.476,1,-0.05,-9.706819
39,102,0.477,1,-0.05,-7.1407332
39,103,0.482,2,-0.05,-7.3782606
39,104,0.476,1,-0.05,-7.8051124
39,105,0.476,2,-0.05,-8.289006
39,106,0.458,1,-0.05,-8.432928
39,107,0.458,1,-0.05,-9.216899
39,108,0.459,1,-0.05,-1.743363
39,109,0.463,2,-0.05,-3.5463972
39,110,0.446,2,-0.05,-2.9046783
39,111,0.454,1,-0.05,-3.5078962
39,112,0.446,0,1.0,-3.2055967
39,113,0.445,1,-0.05,-1.7170856
39,114,0.431,1,-0.05,-1.6669068
39,115,0.441,2,-0.05,2.7463725
39,116,0.436,2,-0.05,0.47540677
39,117,0.439,1,-0.05,-3.5983257
39,118,0.433,0,1.0,-0.09336868
39,119,0.434,1,-0.05,1.4197116
39,120,0.434,2,-0.05,1.5829625
39,121,0.430,2,-0.05,0.19759953
39,122,0.433,1,-0.05,-2.0493171
39,123,0.416,1,-0.05,-1.1646177
39,124,0.413,1,-0.05,2.687226
39,125,0.407,1,-0.05,3.795779
39,126,0.418,1,-0.05,6.4657965
39,127,0.422,0,1.0,8.92054
39,128,0.432,2,-0.05,10.477448
39,129,0.430,2,-0.05,9.011639
39,130,0.421,0,1.0,7.5214396
39,131,0.432,2,-0.05,6.12947
39,132,0.432,1,-0.05,5.88175
39,133,0.426,2,-0.05,6.847375
39,134,0.430,1,-0.05,6.9642196
39,135,0.430,0,1.0,5.9405107
39,136,0.430,2,-0.05,8.192832
39,137,0.435,0,1.0,6.4977603
39,138,0.451,0,1.0,6.3425293
39,139,0.442,1,-0.05,5.38074
39,140,0.443,1,-0.05,4.761405
39,141,0.433,1,-0.05,6.165263
39,142,0.432,1,-0.05,6.8853145
39,143,0.434,2,-0.05,9.794257
39,144,0.440,2,-0.05,7.430291
39,145,0.443,1,-0.05,7.569464
39,146,0.450,0,1.0,6.5185895
39,147,0.469,0,1.0,9.193514
39,148,0.473,2,-0.05,9.641691
39,149,0.474,0,1.0,9.81357
39,150,0.477,0,1.0,7.987905
39,151,0.481,0,1.0,8.038525
39,152,0.476,2,-0.05,6.1959867
39,153,0.493,0,1.0,6.383155
39,154,0.501,0,1.0,4.5449257
39,155,0.498,2,-0.05,4.087895
39,156,0.497,1,-0.05,1.4879813
39,157,0.502,1,-0.05,1.5809675
39,158,0.507,0,1.0,2.0643344
39,159,0.496,1,-0.05,1.3994057
39,160,0.514,1,-0.05,-0.07801227
39,161,0.523,0,1.0,-1.6105077
39,162,0.531,2,-0.05,-5.2842965
39,163,0.548,0,1.0,-6.1553063
39,164,0.559,1,-0.05,-7.497989
39,165,0.575,0,1.0,-8.773288
39,166,0.589,1,-0.05,-13.091455
39,167,0.596,0,1.0,-14.276326
39,168,0.616,2,-0.05,-19.556152
39,169,0.625,1,-0.05,-19.606447
39,170,0.636,2,-0.05,-23.240417
39,171,0.643,1,-0.05,-21.951395
39,172,0.649,2,-0.05,-24.535015
39,173,0.680,2,-0.05,-23.430046
39,174,0.644,0,1.0,-22.542969
39,175,0.706,2,-0.05,-21.4987
39,176,0.699,0,1.0,-24.935114
39,177,0.726,0,1.0,-22.71249
39,178,0.765,1,-0.05,-26.603693
39,179,0.768,1,-0.05,-28.12034
39,180,0.765,1,-0.05,-32.124424
39,181,0.789,0,1.0,-35.087914
39,182,0.771,0,1.0,-40.934456
39,183,0.745,1,-0.05,-44.82348
39,184,0.751,0,1.0,-48.160576
39,185,0.718,0,1.0,-54.447807
39,186,0.724,0,1.0,-60.217827
39,187,0.708,2,-0.05,-62.987988
39,188,0.717,2,-0.05,-66.42144
39,189,0.701,0,1.0,-60.417213
39,190,0.689,2,-0.05,-60.11685
39,191,0.673,0,1.0,-61.75233
39,192,0.670,2,-0.05,-59.478523
39,193,0.667,2,-0.05,-63.08125
39,194,0.660,0,1.0,-58.048214
39,195,0.659,1,-0.05,-58.155468
39,196,0.643,2,-0.05,-59.986385
39,197,0.624,1,-0.05,-60.483692
39,198,0.618,2,-0.05,-61.365402
39,199,0.610,1,-0.05,-62.125015
39,200,0.589,0,1.0,-62.964077
39,201,0.555,2,-0.05,-69.13803
39,202,0.558,2,-0.05,-71.65373
39,203,0.528,0,1.0,-69.25427
39,204,0.479,0,1.0,-68.73055
39,205,0.447,0,1.0,-73.97941
39,206,0.408,0,1.0,-77.02776
39,207,0.357,0,1.0,-82.82473
39,208,0.324,0,1.0,-86.21287
39,209,0.308,1,-0.05,-90.41725
39,210,0.287,2,-0.05,-91.45247
39,211,0.274,2,-0.05,-91.24227
39,212,0.252,0,1.0,-88.083275
39,213,0.208,0,-100.0,-86.141914
40,0,0.652,0,1.0,17.96432
40,1,0.669,0,1.0,18.44125
40,2,0.663,2,-0.05,18.20666
40,3,0.670,2,-0.05,18.807676
40,4,0.676,0,1.0,17.58041
40,5,0.680,0,1.0,17.905916
40,6,0.666,0,1.0,16.928417
40,7,0.682,0,1.0,17.55552
40,8,0.680,0,1.0,16.815792
40,9,0.687,0,1.0,17.36605
40,10,0.693,0,1.0,16.976591
40,11,0.683,1,-0.05,19.014292
40,12,0.699,1,-0.05,17.801962
40,13,0.701,1,-0.05,19.446287
40,14,0.700,1,-0.05,19.804747
40,15,0.706,0,1.0,19.538233
40,16,0.702,0,1.0,20.27083
40,17,0.684,1,-0.05,20.36153
40,18,0.688,0,1.0,20.30624
40,19,0.673,0,1.0,19.490345
40,20,0.665,1,-0.05,19.363224
40,21,0.666,0,1.0,20.10618
40,22,0.663,0,1.0,17.154896
40,23,0.655,0,1.0,17.690866
40,24,0.637,1,-0.05,17.657185
40,25,0.646,0,1.0,16.680212
40,26,0.638,1,-0.05,14.686591
40,27,0.633,0,1.0,13.949446
40,28,0.612,0,1.0,11.539988
40,29,0.601,0,1.0,12.371329
40,30,0.586,0,1.0,10.481649
40,31,0.574,1,-0.05,10.631921
40,32,0.584,1,-0.05,10.333092
40,33,0.568,0,1.0,7.176809
40,34,0.542,2,-0.05,3.3969688
40,35,0.552,2,-0.05,3.4133306
40,36,0.547,1,-0.05,5.9424977
40,37,0.548,1,-0.05,6.60135
40,38,0.538,2,-0.05,2.2174191
40,39,0.530,2,-0.05,3.6730719
40,40,0.534,2,-0.05,6.121753
40,41,0.523,1,-0.05,10.324599
40,42,0.509,0,1.0,7.862865
40,43,0.501,0,1.0,5.305322
40,44,0.488,0,1.0,4.0721464
40,45,0.469,2,-0.05,3.7152388
40,46,0.455,0,1.0,3.3585777
40,47,0.443,1,-0.05,6.335227
40,48,0.455,1,-0.05,4.41245
40,49,0.451,2,-0.05,1.2312582
40,50,0.435,0,1.0,2.0674207
40,51,0.423,2,-0.05,5.9275966
40,52,0.429,1,-0.05,5.766177
40,53,0.416,1,-0.05,5.400663
40,54,0.411,2,-0.05,0.946167
40,55,0.409,0,1.0,2.2261426
40,56,0.408,0,1.0,5.569359
40,57,0.387,0,1.0,4.8071103
40,58,0.388,2,-0.05,3.487921
40,59,0.369,1,-0.05,4.2920136
40,60,0.366,1,-0.05,2.2046964
40,61,0.376,2,-0.05,-1.7346103
40,62,0.363,2,-0.05,-2.6099288
40,63,0.356,2,-0.05,2.2629228
40,64,0.359,0,1.0,4.5666485
40,65,0.351,0,1.0,6.587097
40,66,0.339,2,-0.05,5.0991397
40,67,0.343,1,-0.05,7.8521037
40,68,0.347,1,-0.05,5.177185
40,69,0.339,0,1.0,2.173588
40,70,0.319,2,-0.05,-1.9340119
40,71,0.313,1,-0.05,-2.4171407
40,72,0.320,2,-0.05,-3.6798458
40,73,0.313,1,-0.05,-3.375466
40,74,0.306,0,1.0,-4.231907
40,75,0.292,1,-0.05,-11.33452
40,76,0.286,0,1.0,-12.75851
40,77,0.258,0,1.0,-18.094759
40,78,0.259,1,-0.05,-17.969141
40,79,0.256,2,-0.05,-21.13669
40,80,0.243,2,-100.0,-19.238903
41,0,0.659,0,1.0,17.107119
41,1,0.661,0,1.0,16.068998
41,2,0.656,1,-0.05,15.759518
41,3,0.662,2,-0.05,15.790728
41,4,0.667,1,-0.05,14.810333
41,5,0.664,0,1.0,15.77486
41,6,0.668,2,-0.05,16.394348
41,7,0.662,0,1.0,16.555065
41,8,0.657,0,1.0,16.373487
41,9,0.673,1,-0.05,16.801783
41,10,0.660,0,1.0,16.879627
41,11,0.657,0,1.0,17.359655
41,12,0.650,2,-0.05,17.666447
41,13,0.649,1,-0.05,17.965204
41,14,0.671,0,1.0,17.936356
41,15,0.653,0,1.0,17.631678
41,16,0.645,0,1.0,17.750374
41,17,0.643,0,1.0,18.719667
41,18,0.636,0,1.0,18.648169
41,19,0.639,0,1.0,18.647324
41,20,0.619,1,-0.05,18.574934
41,21,0.640,1,-0.05,18.457903
41,22,0.632,0,1.0,18.090431
41,23,0.625,2,-0.05,15.329967
41,24,0.611,0,1.0,15.66511
41,25,0.616,1,-0.05,17.637978
41,26,0.612,0,1.0,16.801565
41,27,0.604,0,1.0,14.331857
41,28,0.597,2,-0.05,14.070833
41,29,0.590,0,1.0,13.983848
41,30,0.568,0,1.0,16.17944
41,31,0.567,0,1.0,16.58803
41,32,0.571,0,1.0,15.973064
41,33,0.546,2,-0.05,15.537962
41,34,0.546,0,1.0,15.822003
41,35,0.547,0,1.0,17.372854
41,36,0.555,0,1.0,17.449951
41,37,0.547,2,-0.05,17.11791
41,38,0.543,2,-0.05,16.893232
41,39,0.533,0,1.0,19.052687
41,40,0.540,0,1.0,21.73883
41,41,0.536,0,1.0,21.628649
41,42,0.547,2,-0.05,21.253834
41,43,0.531,2,-0.05,21.20843
41,44,0.532,1,-0.05,23.53875
41,45,0.541,2,-0.05,21.19943
41,46,0.532,0,1.0,22.757624
41,47,0.540,1,-0.05,24.444809
41,48,0.543,1,-0.05,23.785872
41,49,0.538,0,1.0,21.960453
41,50,0.549,0,1.0,20.542059
41,51,0.537,1,-0.05,19.686716
41,52,0.535,0,1.0,18.861008
41,53,0.549,1,-0.05,17.189447
41,54,0.547,1,-0.05,16.675089
41,55,0.554,0,1.0,14.082362
41,56,0.529,0,1.0,12.129853
41,57,0.522,0,1.0,11.348653
41,58,0.534,1,-0.05,9.925536
41,59,0.529,0,1.0,10.9234085
41,60,0.518,1,-0.05,6.148303
41,61,0.520,0,1.0,4.6528573
41,62,0.521,1,-0.05,-1.2499015
41,63,0.500,0,1.0,-1.3408515
41,64,0.486,0,1.0,-7.4824944
41,65,0.483,0,1.0,-7.2472153
41,66,0.479,2,-0.05,-9.607424
41,67,0.461,0,1.0,-10.148538
41,68,0.445,0,1.0,-5.0601206
41,69,0.442,2,-0.05,-6.8169727
41,70,0.422,0,1.0,-7.5961003
41,71,0.425,0,1.0,-3.9296615
41,72,0.417,2,-0.05,-3.575423
41,73,0.414,2,-0.05,-4.130297
41,74,0.411,0,1.0,-0.26189506
41,75,0.407,2,-0.05,3.3424728
41,76,0.405,2,-0.05,3.437781
41,77,0.405,0,1.0,5.9705944
41,78,0.405,0,1.0,10.388164
41,79,0.402,0,1.0,8.809735
41,80,0.403,1,-0.05,7.46747
41,81,0.403,1,-0.05,8.814203
41,82,0.400,2,-0.05,4.0597315
41,83,0.396,0,1.0,6.088845
41,84,0.400,1,-0.05,8.736959
41,85,0.405,1,-0.05,9.650036
41,86,0.402,0,1.0,5.755925
41,87,0.397,2,-0.05,3.1797152
41,88,0.397,1,-0.05,2.9186852
41,89,0.407,1,-0.05,1.3590357
41,90,0.401,0,1.0,-2.6495585
41,91,0.395,2,-0.05,-7.85004
41,92,0.385,2,-0.05,-5.648776
41,93,0.389,0,1.0,-2.557362
41,94,0.382,1,-0.05,0.48108092
41,95,0.391,0,1.0,-0.4658844
41,96,0.382,2,-0.05,-2.8099916
41,97,0.381,2,-0.05,-3.6211371
41,98,0.372,0,1.0,-0.4590324
41,99,0.379,2,-0.05,1.553262
41,100,0.372,1,-0.05,1.799058
41,101,0.370,0,1.0,0.07949519
41,102,0.363,2,-0.05,-3.0853136
41,103,0.355,2,-0.05,-3.1930237
41,104,0.355,2,-0.05,1.3669412
41,105,0.352,1,-0.05,3.8782952
41,106,0.357,0,1.0,3.5937514
41,107,0.366,2,-0.05,0.25305498
41,108,0.357,1,-0.05,-0.28108445
41,109,0.364,2,-0.05,-0.9653969
41,110,0.358,1,-0.05,0.4251935
41,111,0.362,2,-0.05,-0.709488
41,112,0.355,0,1.0,0.9083843
41,113,0.358,0,1.0,3.919287
41,114,0.360,1,-0.05,2.8882515
41,115,0.360,1,-0.05,3.083894
41,116,0.353,0,1.0,0.4026285
41,117,0.347,2,-0.05,-4.381252
41,118,0.348,2,-0.05,-4.719159
41,119,0.347,2,-0.05,-1.2127929
41,120,0.360,1,-0.05,3.060572
41,121,0.356,1,-0.05,1.7477909
41,122,0.355,0,1.0,-1.5351032
41,123,0.351,0,1.0,-7.313088
41,124,0.346,2,-0.05,-8.101368
41,125,0.344,2,-0.05,-10.498594
41,126,0.346,2,-0.05,-4.4181356
41,127,0.347,0,1.0,-1.211438
41,128,0.342,1,-0.05,3.2082765
41,129,0.350,0,1.0,1.6175352
41,130,0.342,1,-0.05,-3.3867924
41,131,0.350,0,1.0,-4.545145
41,132,0.345,0,1.0,-9.9837055
41,133,0.342,2,-0.05,-11.737552
41,134,0.347,0,1.0,-12.808189
41,135,0.341,0,1.0,-9.197288
41,136,0.351,1,-0.05,-10.997683
41,137,0.335,2,-0.05,-12.581662
41,138,0.350,2,-0.05,-10.425794
41,139,0.342,1,-0.05,-4.599477
41,140,0.358,1,-0.05,-6.7432647
41,141,0.347,2,-0.05,-12.79727
41,142,0.359,0,1.0,-11.731048
41,143,0.346,2,-0.05,-7.8630505
41,144,0.345,1,-0.05,-9.437286
41,145,0.350,0,1.0,-9.985797
41,146,0.358,2,-0.05,-15.96344
41,147,0.366,2,-0.05,-16.030048
41,148,0.352,2,-0.05,-13.899978
41,149,0.357,2,-0.05,-8.701995
41,150,0.361,0,1.0,-4.8160386
41,151,0.362,2,-0.05,-1.3867248
41,152,0.374,1,-0.05,-2.2639565
41,153,0.372,0,1.0,-4.833019
41,154,0.379,2,-0.05,-11.807835
41,155,0.388,1,-0.05,-12.544278
41,156,0.388,1,-0.05,-14.749338
41,157,0.376,2,-0.05,-18.623312
41,158,0.392,2,-0.05,-18.673706
41,159,0.381,2,-0.05,-14.714699
41,160,0.401,1,-0.05,-11.805145
41,161,0.388,2,-0.05,-13.475266
41,162,0.390,1,-0.05,-14.484792
41,163,0.388,2,-0.05,-15.973666
41,164,0.401,1,-0.05,-15.885436
41,165,0.390,2,-0.05,-17.119192
41,166,0.391,1,-0.05,-17.001822
41,167,0.406,1,-0.05,-18.40992
41,168,0.385,2,-0.05,-23.135138
41,169,0.403,2,-0.05,-21.403023
41,170,0.402,2,-0.05,-18.61506
41,171,0.410,2,-0.05,-14.148685
41,172,0.417,2,-0.05,-10.852117
41,173,0.419,2,-0.05,-4.983583
41,174,0.423,2,-0.05,-1.8175637
41,175,0.424,1,-0.05,3.0583296
41,176,0.431,2,-0.05,0.5022414
41,177,0.429,2,-0.05,1.6611531
41,178,0.435,2,-0.05,5.2278457
41,179,0.437,1,-0.05,9.304823
41,180,0.450,2,-0.05,6.432125
41,181,0.457,1,-0.05,7.781066
41,182,0.438,2,-0.05,5.2283354
41,183,0.458,2,-0.05,6.0898385
41,184,0.469,0,1.0,9.6677475
41,185,0.482,1,-0.05,13.206346
41,186,0.492,0,1.0,10.339127
41,187,0.527,2,-0.05,5.2753696
41,188,0.538,1,-0.05,3.5975237
41,189,0.552,1,-0.05,2.966148
41,190,0.550,1,-0.05,-3.1961753
41,191,0.562,1,-0.05,-8.826923
41,192,0.570,0,1.0,-16.140066
41,193,0.568,1,-0.05,-22.4919
41,194,0.578,1,-0.05,-26.548668
41,195,0.598,1,-0.05,-30.921886
41,196,0.590,1,-0.05,-36.608543
41,197,0.600,1,-0.05,-39.98189
41,198,0.594,2,-0.05,-44.63749
41,199,0.599,1,-0.05,-43.8823
41,200,0.581,0,1.0,-46.044598
41,201,0.536,0,1.0,-51.053783
41,202,0.511,1,-0.05,-55.3455
41,203,0.510,1,-0.05,-57.820915
41,204,0.488,1,-0.05,-62.553425
41,205,0.469,1,-0.05,-66.475464
41,206,0.464,2,-0.05,-70.61751
41,207,0.457,1,-0.05,-70.05055
41,208,0.445,2,-0.05,-72.604485
41,209,0.417,0,1.0,-71.82544
41,210,0.403,2,-0.05,-71.83359
41,211,0.384,2,-0.05,-73.61183
41,212,0.373,1,-0.05,-71.45466
41,213,0.345,0,1.0,-73.38404
41,214,0.312,0,1.0,-79.42482
41,215,0.280,2,-0.05,-82.902336
41,216,0.270,2,-0.05,-85.95466
41,217,0.254,1,-0.05,-83.63058
41,218,0.256,2,-0.05,-85.81188
41,219,0.245,1,-100.0,-85.26814
42,0,0.661,0,1.0,19.542683
42,1,0.665,2,-0.05,20.66269
42,2,0.668,2,-0.05,19.875818
42,3,0.661,0,1.0,20.03518
42,4,0.664,2,-0.05,18.916275
42,5,0.669,0,1.0,19.004242
42,6,0.670,2,-0.05,19.472391
42,7,0.688,1,-0.05,19.256062
42,8,0.678,2,-0.05,19.076593
42,9,0.682,2,-0.05,18.818624
42,10,0.681,2,-0.05,18.509403
42,11,0.687,1,-0.05,16.168915
42,12,0.684,2,-0.05,17.100197
42,13,0.689,0,1.0,15.884116
42,14,0.700,0,1.0,14.790549
42,15,0.702,0,1.0,13.577734
42,16,0.699,1,-0.05,13.577614
42,17,0.676,1,-0.05,12.544173
42,18,0.690,2,-0.05,14.640864
42,19,0.674,0,1.0,13.401677
42,20,0.658,2,-0.05,12.671964
42,21,0.658,1,-0.05,11.580422
42,22,0.660,0,1.0,12.034635
42,23,0.638,0,1.0,12.79581
42,24,0.634,0,1.0,13.038055
42,25,0.630,1,-0.05,11.991293
42,26,0.622,0,1.0,12.592348
42,27,0.613,0,1.0,14.996937
42,28,0.592,2,-0.05,15.579257
42,29,0.601,1,-0.05,14.874087
42,30,0.608,1,-0.05,15.191416
42,31,0.601,0,1.0,16.411194
42,32,0.600,0,1.0,18.665014
42,33,0.586,0,1.0,17.718418
42,34,0.599,2,-0.05,18.576145
42,35,0.583,1,-0.05,17.943516
42,36,0.594,1,-0.05,21.18321
42,37,0.592,0,1.0,21.714357
42,38,0.589,2,-0.05,22.403732
42,39,0.591,1,-0.05,23.433811
42,40,0.597,0,1.0,23.979324
42,41,0.596,1,-0.05,23.75841
42,42,0.600,0,1.0,24.201675
42,43,0.609,0,1.0,23.566954
42,44,0.619,1,-0.05,24.201511
42,45,0.620,0,1.0,23.160374
42,46,0.630,1,-0.05,22.262386
42,47,0.631,0,1.0,22.51626
42,48,0.646,2,-0.05,20.097536
42,49,0.634,2,-0.05,20.569813
42,50,0.648,0,1.0,21.872334
42,51,0.668,0,1.0,21.30373
42,52,0.676,0,1.0,21.531618
42,53,0.685,2,-0.05,19.643148
42,54,0.685,0,1.0,21.780195
42,55,0.696,1,-0.05,21.870253
42,56,0.702,0,1.0,21.841068
42,57,0.691,2,-0.05,19.32403
42,58,0.701,1,-0.05,19.765781
42,59,0.705,1,-0.05,16.9452
42,60,0.700,1,-0.05,16.257534
42,61,0.712,2,-0.05,13.55927
42,62,0.695,1,-0.05,15.2401495
42,63,0.687,2,-0.05,13.362725
42,64,0.683,1,-0.05,14.297072
42,65,0.679,2,-0.05,12.520619
42,66,0.669,1,-0.05,13.772215
42,67,0.688,2,-0.05,13.438291
42,68,0.680,1,-0.05,13.722923
42,69,0.664,1,-0.05,12.894402
42,70,0.665,0,1.0,10.899143
42,71,0.658,2,-0.05,7.4131885
42,72,0.645,2,-0.05,6.897844
42,73,0.631,2,-0.05,8.061344
42,74,0.624,0,1.0,10.647692
42,75,0.618,0,1.0,10.189963
42,76,0.606,0,1.0,11.306283
42,77,0.587,2,-0.05,9.048361
42,78,0.590,1,-0.05,9.366133
42,79,0.583,2,-0.05,7.0782924
42,80,0.581,2,-0.05,8.694109
42,81,0.573,1,-0.05,9.878267
42,82,0.567,1,-0.05,10.605034
42,83,0.587,2,-0.05,7.228431
42,84,0.568,2,-0.05,7.2623806
42,85,0.573,1,-0.05,10.138312
42,86,0.567,0,1.0,8.346015
42,87,0.542,0,1.0,4.758736
42,88,0.535,2,-0.05,6.0032473
42,89,0.527,1,-0.05,4.323467
42,90,0.531,2,-0.05,3.691863
42,91,0.531,2,-0.05,3.342792
42,92,0.531,2,-0.05,5.7538147
42,93,0.513,0,1.0,8.173051
42,94,0.508,2,-0.05,9.485975
42,95,0.499,0,1.0,10.487337
42,96,0.490,2,-0.05,10.957002
42,97,0.503,2,-0.05,10.068894
42,98,0.501,2,-0.05,12.428619
42,99,0.494,1,-0.05,12.75113
42,100,0.481,0,1.0,12.4295635
42,101,0.504,0,1.0,11.70325
42,102,0.493,0,1.0,11.879072
42,103,0.490,1,-0.05,10.168014
42,104,0.494,1,-0.05,9.846533
42,105,0.488,2,-0.05,7.461942
42,106,0.479,2,-0.05,9.019355
42,107,0.492,2,-0.05,9.786392
42,108,0.487,2,-0.05,11.8439665
42,109,0.480,2,-0.05,12.373726
42,110,0.490,2,-0.05,15.037515
42,111,0.482,2,-0.05,15.826313
42,112,0.482,1,-0.05,19.785217
42,113,0.480,2,-0.05,17.527779
42,114,0.492,0,1.0,19.237978
42,115,0.507,0,1.0,19.848324
42,116,0.501,1,-0.05,19.239218
42,117,0.521,2,-0.05,17.851608
42,118,0.522,1,-0.05,17.874527
42,119,0.524,2,-0.05,17.135122
42,120,0.535,0,1.0,17.91317
42,121,0.550,0,1.0,18.321424
42,122,0.556,0,1.0,17.638298
42,123,0.570,1,-0.05,15.415784
42,124,0.566,2,-0.05,17.564442
42,125,0.569,2,-0.05,14.8598585
42,126,0.577,1,-0.05,18.973572
42,127,0.580,2,-0.05,15.784613
42,128,0.579,1,-0.05,17.533255
42,129,0.595,2,-0.05,15.242992
42,130,0.582,0,1.0,16.49809
42,131,0.598,0,1.0,16.42147
42,132,0.629,1,-0.05,14.637541
42,133,0.634,0,1.0,15.768425
42,134,0.654,2,-0.05,11.370625
42,135,0.654,0,1.0,11.014668
42,136,0.672,2,-0.05,12.538859
42,137,0.679,2,-0.05,11.948124
42,138,0.653,2,-0.05,11.534639
42,139,0.683,2,-0.05,12.736039
42,140,0.689,2,-0.05,10.260405
42,141,0.690,0,1.0,14.566392
42,142,0.692,0,1.0,9.846208
42,143,0.669,2,-0.05,7.199747
42,144,0.670,2,-0.05,5.7802963
42,145,0.649,0,1.0,5.527612
42,146,0.607,1,-0.05,1.2081431
42,147,0.618,2,-0.05,-1.2545317
42,148,0.610,2,-0.05,-2.5537758
42,149,0.604,2,-0.05,-2.5434446
42,150,0.595,1,-0.05,-8.697166
42,151,0.583,1,-0.05,-6.5982237
42,152,0.566,0,1.0,-3.7069373
42,153,0.542,0,1.0,-10.008351
42,154,0.503,0,1.0,-14.185929
42,155,0.457,0,1.0,-10.562425
42,156,0.455,1,-0.05,-15.43452
42,157,0.426,0,1.0,-17.202953
42,158,0.404,1,-0.05,-18.549444
42,159,0.399,1,-0.05,-20.447676
42,160,0.403,1,-0.05,-16.563992
42,161,0.376,1,-0.05,-13.024263
42,162,0.377,1,-0.05,-11.6090145
42,163,0.366,0,1.0,-10.033922
42,164,0.337,0,1.0,-9.773073
42,165,0.324,0,1.0,-7.009249
42,166,0.302,2,-0.05,-6.984253
42,167,0.284,0,1.0,-7.156976
42,168,0.280,2,-0.05,-8.690427
42,169,0.274,0,1.0,-4.406023
42,170,0.253,1,-0.05,-3.713227
42,171,0.236,0,-100.0,-0.76549315
43,0,0.656,2,-0.05,17.59892
43,1,0.664,2,-0.05,16.338705
43,2,0.664,0,1.0,14.479495
43,3,0.668,2,-0.05,14.735442
43,4,0.674,0,1.0,14.476562
43,5,0.675,0,1.0,13.356667
43,6,0.682,1,-0.05,13.158464
43,7,0.687,2,-0.05,12.879211
43,8,0.691,2,-0.05,12.879751
43,9,0.703,1,-0.05,9.990059
43,10,0.698,1,-0.05,10.6433
43,11,0.699,2,-0.05,11.919847
43,12,0.710,1,-0.05,11.883911
43,13,0.701,0,1.0,11.806122
43,14,0.708,2,-0.05,12.751049
43,15,0.695,0,1.0,12.6823
43,16,0.692,0,1.0,11.293651
43,17,0.688,0,1.0,12.59971
43,18,0.680,2,-0.05,12.387656
43,19,0.685,2,-0.05,11.64017
43,20,0.666,0,1.0,9.3419075
43,21,0.672,1,-0.05,7.6568594
43,22,0.663,2,-0.05,7.30424
43,23,0.662,1,-0.05,6.717081
43,24,0.647,2,-0.05,6.8779097
43,25,0.654,1,-0.05,6.1494107
43,26,0.650,0,1.0,6.387359
43,27,0.648,1,-0.05,8.0531645
43,28,0.636,1,-0.05,10.168775
43,29,0.627,0,1.0,10.1293545
43,30,0.629,2,-0.05,11.706631
43,31,0.633,1,-0.05,11.408379
43,32,0.618,2,-0.05,12.889689
43,33,0.622,0,1.0,12.826397
43,34,0.614,2,-0.05,11.377904
43,35,0.618,0,1.0,11.353229
43,36,0.618,2,-0.05,10.220048
43,37,0.605,0,1.0,10.244875
43,38,0.604,1,-0.05,6.9822807
43,39,0.594,0,1.0,6.777518
43,40,0.582,1,-0.05,10.10932
43,41,0.590,2,-0.05,10.093187
43,42,0.594,2,-0.05,10.214846
43,43,0.586,2,-0.05,6.1096992
43,44,0.586,2,-0.05,4.1486197
43,45,0.580,0,1.0,0.66297114
43,46,0.569,0,1.0,-3.3106112
43,47,0.553,1,-0.05,-4.5226784
43,48,0.548,2,-0.05,-5.227709
43,49,0.532,1,-0.05,-8.061979
43,50,0.520,1,-0.05,-5.8588686
43,51,0.530,1,-0.05,-4.3347
43,52,0.522,1,-0.05,1.5994626
43,53,0.514,2,-0.05,2.7499964
43,54,0.519,2,-0.05,1.9292206
43,55,0.505,1,-0.05,-1.9281422
43,56,0.500,1,-0.05,-1.5929768
43,57,0.489,0,1.0,1.9459822
43,58,0.484,1,-0.05,6.2466946
43,59,0.495,1,-0.05,11.260926
43,60,0.491,1,-0.05,10.696865
43,61,0.469,0,1.0,12.470223
43,62,0.474,1,-0.05,14.599464
43,63,0.476,1,-0.05,15.82455
43,64,0.473,1,-0.05,18.391066
43,65,0.477,1,-0.05,20.369997
43,66,0.480,2,-0.05,21.40067
43,67,0.468,2,-0.05,22.402628
43,68,0.486,0,1.0,21.940447
43,69,0.483,0,1.0,19.943592
43,70,0.480,0,1.0,19.518465
43,71,0.486,1,-0.05,19.013802
43,72,0.489,2,-0.05,18.675014
43,73,0.480,2,-0.05,19.029997
43,74,0.492,1,-0.05,15.962288
43,75,0.497,1,-0.05,19.463537
43,76,0.476,1,-0.05,20.700962
43,77,0.488,2,-0.05,19.683687
43,78,0.488,0,1.0,20.23371
43,79,0.473,2,-0.05,17.950312
43,80,0.474,0,1.0,17.53447
43,81,0.479,2,-0.05,17.837337
43,82,0.480,1,-0.05,17.090786
43,83,0.474,1,-0.05,16.868816
43,84,0.476,0,1.0,18.31406
43,85,0.477,1,-0.05,19.225842
43,86,0.472,2,-0.05,18.678604
43,87,0.483,2,-0.05,19.021626
43,88,0.488,2,-0.05,17.437054
43,89,0.492,0,1.0,15.414663
43,90,0.474,1,-0.05,11.386261
43,91,0.470,0,1.0,10.71699
43,92,0.477,1,-0.05,13.883769
43,93,0.474,0,1.0,13.317806
43,94,0.466,0,1.0,15.29005
43,95,0.471,2,-0.05,14.442231
43,96,0.462,0,1.0,13.660154
43,97,0.472,1,-0.05,10.815702
43,98,0.472,1,-0.05,13.074799
43,99,0.453,1,-0.05,12.357199
43,100,0.473,0,1.0,15.309733
43,101,0.465,2,-0.05,13.98411
43,102,0.464,2,-0.05,14.210121
43,103,0.460,2,-0.05,12.578477
43,104,0.473,2,-0.05,11.307763
43,105,0.473,0,1.0,10.624937
43,106,0.464,2,-0.05,7.861679
43,107,0.469,2,-0.05,7.1262126
43,108,0.458,1,-0.05,3.3684015
43,109,0.461,1,-0.05,2.8867497
43,110,0.456,0,1.0,6.5110207
43,111,0.460,2,-0.05,8.678773
43,112,0.458,1,-0.05,8.018164
43,113,0.450,0,1.0,8.227564
43,114,0.426,1,-0.05,9.152799
43,115,0.451,1,-0.05,9.99553
43,116,0.438,1,-0.05,9.739589
43,117,0.447,0,1.0,11.358875
43,118,0.451,1,-0.05,11.270143
43,119,0.466,0,1.0,12.180135
43,120,0.460,0,1.0,11.125655
43,121,0.473,1,-0.05,10.696852
43,122,0.485,0,1.0,10.645057
43,123,0.489,0,1.0,10.366504
43,124,0.505,0,1.0,8.833501
43,125,0.511,2,-0.05,8.468785
43,126,0.523,1,-0.05,7.504181
43,127,0.521,0,1.0,7.0138917
43,128,0.536,0,1.0,8.6970825
43,129,0.551,2,-0.05,7.4844575
43,130,0.559,0,1.0,6.3567333
43,131,0.552,0,1.0,6.7032313
43,132,0.569,1,-0.05,5.5481653
43,133,0.583,2,-0.05,6.6891665
43,134,0.589,0,1.0,6.398089
43,135,0.593,0,1.0,6.385962
43,136,0.607,0,1.0,6.1641297
43,137,0.615,0,1.0,6.0616846
43,138,0.634,0,1.0,5.478435
43,139,0.631,1,-0.05,7.3104615
43,140,0.630,0,1.0,5.4276857
43,141,0.637,0,1.0,6.994914
43,142,0.654,2,-0.05,4.863503
43,143,0.664,2,-0.05,6.050033
43,144,0.656,2,-0.05,5.9887857
43,145,0.667,2,-0.05,6.0971613
43,146,0.662,2,-0.05,6.9981394
43,147,0.669,0,1.0,5.2590866
43,148,0.671,0,1.0,5.051774
43,149,0.666,0,1.0,7.164087
43,150,0.666,0,1.0,3.9294786
43,151,0.671,1,-0.05,5.138414
43,152,0.668,0,1.0,4.8440523
43,153,0.662,1,-0.05,3.7817802
43,154,0.661,0,1.0,2.1191213
43,155,0.660,2,-0.05,0.7159407
43,156,0.678,0,1.0,0.002873063
43,157,0.671,0,1.0,-0.18465257
43,158,0.697,1,-0.05,-2.0276508
43,159,0.687,2,-0.05,-2.926324
43,160,0.709,1,-0.05,-3.8372884
43,161,0.695,0,1.0,-3.9835837
43,162,0.711,1,-0.05,-4.000444
43,163,0.704,0,1.0,-4.729862
43,164,0.720,1,-0.05,-7.127816
43,165,0.720,1,-0.05,-8.405216
43,166,0.728,1,-0.05,-11.989812
43,167,0.725,0,1.0,-14.048256
43,168,0.714,0,1.0,-18.590424
43,169,0.684,0,1.0,-21.286638
43,170,0.687,2,-0.05,-26.156334
43,171,0.678,0,1.0,-28.634567
43,172,0.677,1,-0.05,-28.75044
43,173,0.677,1,-0.05,-30.966133
43,174,0.665,0,1.0,-38.24032
43,175,0.644,2,-0.05,-44.21085
43,176,0.637,2,-0.05,-48.024445
43,177,0.636,2,-0.05,-43.42346
43,178,0.613,0,1.0,-40.05682
43,179,0.614,0,1.0,-38.626865
43,180,0.605,2,-0.05,-41.913467
43,181,0.608,0,1.0,-43.402134
43,182,0.592,1,-0.05,-41.58359
43,183,0.594,0,1.0,-44.89573
43,184,0.582,2,-0.05,-50.262875
43,185,0.571,1,-0.05,-53.448116
43,186,0.573,0,1.0,-56.14329
43,187,0.568,2,-0.05,-65.03115
43,188,0.555,2,-0.05,-66.23206
43,189,0.568,1,-0.05,-62.469704
43,190,0.556,2,-0.05,-64.56743
43,191,0.545,0,1.0,-65.85388
43,192,0.533,2,-0.05,-61.110195
43,193,0.537,2,-0.05,-63.739582
43,194,0.530,2,-0.05,-59.10819
43,195,0.533,2,-0.05,-58.03814
43,196,0.528,2,-0.05,-55.36162
43,197,0.533,1,-0.05,-54.29776
43,198,0.529,2,-0.05,-56.070232
43,199,0.543,2,-0.05,-55.912598
43,200,0.529,2,-0.05,-53.566242
43,201,0.518,2,-0.05,-51.975464
43,202,0.527,1,-0.05,-48.77215
43,203,0.525,2,-0.05,-51.78166
43,204,0.518,2,-0.05,-51.144623
43,205,0.519,0,1.0,-49.742214
43,206,0.491,1,-0.05,-48.000473
43,207,0.471,1,-0.05,-52.122868
43,208,0.469,2,-0.05,-55.128826
43,209,0.459,2,-0.05,-55.838158
43,210,0.442,0,1.0,-52.483406
43,211,0.398,0,1.0,-50.977272
43,212,0.376,2,-0.05,-54.614597
43,213,0.363,1,-0.05,-56.94613
43,214,0.350,2,-0.05,-59.97778
43,215,0.340,0,1.0,-59.142334
43,216,0.308,1,-0.05,-55.937244
43,217,0.296,2,-0.05,-58.235832
43,218,0.288,1,-0.05,-57.481064
43,219,0.278,0,1.0,-59.958546
43,220,0.245,1,-100.0,-66.08129
44,0,0.653,2,-0.05,16.93334
44,1,0.667,2,-0.05,17.356255
44,2,0.653,2,-0.05,16.579058
44,3,0.675,0,1.0,17.563816
44,4,0.673,0,1.0,16.793228
44,5,0.679,2,-0.05,17.596743
44,6,0.675,2,-0.05,17.167086
44,7,0.681,2,-0.05,15.509134
44,8,0.678,0,1.0,13.449018
44,9,0.689,2,-0.05,11.782272
44,10,0.702,0,1.0,11.343483
44,11,0.695,2,-0.05,7.899924
44,12,0.689,2,-0.05,7.688826
44,13,0.689,1,-0.05,4.770702
44,14,0.684,1,-0.05,4.858771
44,15,0.676,1,-0.05,6.3946033
44,16,0.670,1,-0.05,9.5288
44,17,0.659,0,1.0,11.869786
44,18,0.650,1,-0.05,14.144334
44,19,0.653,1,-0.05,13.809486
44,20,0.640,0,1.0,17.545385
44,21,0.642,2,-0.05,17.969995
44,22,0.635,0,1.0,18.531872
44,23,0.639,1,-0.05,16.74755
44,24,0.620,0,1.0,16.518112
44,25,0.631,0,1.0,18.075281
44,26,0.614,2,-0.05,17.763689
44,27,0.624,0,1.0,18.147606
44,28,0.608,0,1.0,15.541582
44,29,0.601,2,-0.05,16.185596
44,30,0.597,1,-0.05,15.152761
44,31,0.598,0,1.0,16.024052
44,32,0.600,0,1.0,16.487621
44,33,0.594,2,-0.05,17.712135
44,34,0.584,0,1.0,16.56292
44,35,0.575,1,-0.05,17.477869
44,36,0.577,1,-0.05,16.708801
44,37,0.583,0,1.0,18.147236
44,38,0.576,0,1.0,18.237514
44,39,0.571,2,-0.05,18.6214
44,40,0.576,0,1.0,21.95166
44,41,0.565,0,1.0,16.52976
44,42,0.579,0,1.0,17.950502
44,43,0.564,1,-0.05,18.19919
44,44,0.573,0,1.0,18.070023
44,45,0.571,0,1.0,20.927343
44,46,0.552,2,-0.05,21.098892
44,47,0.548,2,-0.05,21.086452
44,48,0.551,0,1.0,17.990368
44,49,0.552,2,-0.05,16.283281
44,50,0.546,2,-0.05,16.165634
44,51,0.540,0,1.0,13.864752
44,52,0.545,2,-0.05,8.58609
44,53,0.542,2,-0.05,7.97866
44,54,0.543,2,-0.05,5.0953417
44,55,0.519,0,1.0,4.314695
44,56,0.509,0,1.0,-3.5473216
44,57,0.498,2,-0.05,-4.7623777
44,58,0.496,1,-0.05,-6.3906302
44,59,0.487,1,-0.05,-3.13398
44,60,0.491,2,-0.05,0.96518445
44,61,0.487,1,-0.05,-3.5295327
44,62,0.471,1,-0.05,0.28053933
44,63,0.474,0,1.0,1.8145355
44,64,0.455,1,-0.05,10.014446
44,65,0.441,0,1.0,9.624602
44,66,0.448,2,-0.05,8.680389
44,67,0.457,1,-0.05,8.496682
44,68,0.434,1,-0.05,11.311703
44,69,0.440,1,-0.05,14.234998
44,70,0.447,2,-0.05,17.789223
44,71,0.448,2,-0.05,14.60549
44,72,0.443,0,1.0,10.483103
44,73,0.438,1,-0.05,10.381518
44,74,0.438,1,-0.05,9.252922
44,75,0.434,1,-0.05,10.158454
44,76,0.428,1,-0.05,16.324863
44,77,0.424,1,-0.05,16.898243
44,78,0.424,1,-0.05,19.000114
44,79,0.428,2,-0.05,21.456799
44,80,0.439,1,-0.05,20.207403
44,81,0.421,1,-0.05,20.932503
44,82,0.435,2,-0.05,20.10333
44,83,0.428,2,-0.05,21.50763
44,84,0.428,0,1.0,19.333479
44,85,0.449,0,1.0,17.079979
44,86,0.434,1,-0.05,15.790553
44,87,0.429,0,1.0,18.01046
44,88,0.447,1,-0.05,18.383446
44,89,0.442,2,-0.05,18.404795
44,90,0.437,1,-0.05,18.158588
44,91,0.453,2,-0.05,17.869026
44,92,0.447,2,-0.05,16.90474
44,93,0.452,0,1.0,15.852123
44,94,0.451,2,-0.05,12.326894
44,95,0.444,1,-0.05,12.373797
44,96,0.448,0,1.0,11.39486
44,97,0.451,0,1.0,16.288996
44,98,0.447,1,-0.05,14.278405
44,99,0.447,1,-0.05,14.463097
44,100,0.455,1,-0.05,15.35448
44,101,0.451,0,1.0,16.426065
44,102,0.477,0,1.0,15.599395
44,103,0.470,1,-0.05,15.313627
44,104,0.477,1,-0.05,16.222237
44,105,0.469,0,1.0,15.960743
44,106,0.492,1,-0.05,15.59395
44,107,0.506,0,1.0,14.361257
44,108,0.523,0,1.0,11.783221
44,109,0.518,0,1.0,13.048187
44,110,0.539,2,-0.05,10.489509
44,111,0.545,0,1.0,10.61388
44,112,0.557,1,-0.05,10.791084
44,113,0.566,1,-0.05,10.251508
44,114,0.575,0,1.0,8.346525
44,115,0.595,0,1.0,7.655989
44,116,0.589,2,-0.05,6.7132716
44,117,0.623,0,1.0,7.2217193
44,118,0.641,2,-0.05,7.2186003
44,119,0.631,0,1.0,6.5078554
44,120,0.655,1,-0.05,6.789427
44,121,0.661,2,-0.05,5.640716
44,122,0.658,1,-0.05,5.0792303
44,123,0.657,1,-0.05,4.4140644
44,124,0.663,1,-0.05,3.9216125
44,125,0.661,1,-0.05,2.056689
44,126,0.660,1,-0.05,-1.6753736
44,127,0.691,0,1.0,-5.1375146
44,128,0.704,2,-0.05,-9.898516
44,129,0.700,1,-0.05,-12.2497425
44,130,0.701,2,-0.05,-14.077636
44,131,0.692,2,-0.05,-13.651552
44,132,0.679,1,-0.05,-10.850277
44,133,0.688,1,-0.05,-12.325089
44,134,0.677,2,-0.05,-14.944163
44,135,0.654,2,-0.05,-12.79802
44,136,0.642,0,1.0,-12.76523
44,137,0.639,1,-0.05,-8.908231
44,138,0.618,0,1.0,-11.607835
44,139,0.611,2,-0.05,-14.517622
44,140,0.597,2,-0.05,-16.491104
44,141,0.578,0,1.0,-12.490246
44,142,0.568,0,1.0,-12.378407
44,143,0.563,2,-0.05,-12.531389
44,144,0.554,0,1.0,-14.17953
44,145,0.543,2,-0.05,-12.10379
44,146,0.523,0,1.0,-14.407041
44,147,0.512,2,-0.05,-11.457948
44,148,0.499,2,-0.05,-13.968155
44,149,0.483,0,1.0,-11.594457
44,150,0.483,2,-0.05,-9.55523
44,151,0.482,0,1.0,-10.1873865
44,152,0.470,2,-0.05,-9.045377
44,153,0.450,2,-0.05,-9.8329315
44,154,0.462,2,-0.05,-7.5508423
44,155,0.463,2,-0.05,-4.1168747
44,156,0.467,1,-0.05,-1.5689428
44,157,0.461,2,-0.05,-2.8020735
44,158,0.460,0,1.0,-3.0931525
44,159,0.466,0,1.0,1.1414723
44,160,0.466,1,-0.05,-1.7398729
44,161,0.470,0,1.0,-1.6639214
44,162,0.470,1,-0.05,-7.173029
44,163,0.466,0,1.0,-7.578958
44,164,0.441,2,-0.05,-10.136728
44,165,0.465,2,-0.05,-10.718021
44,166,0.457,2,-0.05,-10.5682955
44,167,0.445,0,1.0,-7.462269
44,168,0.464,0,1.0,-5.7525573
44,169,0.465,2,-0.05,-7.5351777
44,170,0.471,0,1.0,-9.003825
44,171,0.469,1,-0.05,-6.6829624
44,172,0.471,0,1.0,-9.289181
44,173,0.467,0,1.0,-12.283252
44,174,0.474,0,1.0,-14.577291
44,175,0.482,2,-0.05,-15.492759
44,176,0.482,1,-0.05,-17.32226
44,177,0.470,2,-0.05,-18.346073
44,178,0.486,1,-0.05,-18.60142
44,179,0.489,1,-0.05,-19.089075
44,180,0.489,2,-0.05,-22.278858
44,181,0.473,1,-0.05,-21.271835
44,182,0.485,0,1.0,-23.012018
44,183,0.479,2,-0.05,-25.797945
44,184,0.475,0,1.0,-28.111712
44,185,0.489,0,1.0,-27.036333
44,186,0.477,2,-0.05,-30.722532
44,187,0.477,2,-0.05,-31.0433
44,188,0.473,0,1.0,-30.43357
44,189,0.493,0,1.0,-28.045113
44,190,0.489,0,1.0,-32.089035
44,191,0.481,1,-0.05,-34.691605
44,192,0.493,1,-0.05,-37.01955
44,193,0.501,0,1.0,-40.513023
44,194,0.488,0,1.0,-45.786842
44,195,0.496,0,1.0,-48.28332
44,196,0.503,1,-0.05,-52.96782
44,197,0.499,1,-0.05,-53.973457
44,198,0.502,2,-0.05,-59.203312
44,199,0.493,1,-0.05,-58.385445
44,200,0.495,1,-0.05,-60.443993
44,201,0.492,0,1.0,-64.10386
44,202,0.480,0,1.0,-69.417145
44,203,0.478,2,-0.05,-72.900925
44,204,0.483,2,-0.05,-75.62749
44,205,0.467,0,1.0,-71.91048
44,206,0.427,0,1.0,-72.15152
44,207,0.401,1,-0.05,-76.045975
44,208,0.363,0,1.0,-79.613075
44,209,0.335,0,1.0,-85.40686
44,210,0.294,0,1.0,-89.70104
44,211,0.253,0,1.0,-93.97522
44,212,0.208,0,-100.0,-97.35835
45,0,0.655,1,-0.05,18.972477
45,1,0.669,0,1.0,18.532719
45,2,0.664,2,-0.05,19.088125
45,3,0.661,2,-0.05,18.67915
45,4,0.655,2,-0.05,19.007404
45,5,0.666,1,-0.05,18.269962
45,6,0.670,0,1.0,18.311422
45,7,0.672,1,-0.05,18.329805
45,8,0.666,0,1.0,19.565752
45,9,0.656,1,-0.05,17.903656
45,10,0.663,1,-0.05,19.379848
45,11,0.659,1,-0.05,18.864481
45,12,0.659,2,-0.05,18.184973
45,13,0.644,0,1.0,18.961826
45,14,0.649,1,-0.05,20.124195
45,15,0.643,1,-0.05,19.23176
45,16,0.647,0,1.0,19.266811
45,17,0.644,1,-0.05,15.956555
45,18,0.625,2,-0.05,16.52908
45,19,0.636,2,-0.05,16.592024
45,20,0.628,0,1.0,19.116869
45,21,0.627,2,-0.05,17.894976
45,22,0.618,0,1.0,18.664997
45,23,0.628,0,1.0,18.404926
45,24,0.611,2,-0.05,19.299276
45,25,0.600,0,1.0,18.529491
45,26,0.619,0,1.0,19.755156
45,27,0.615,1,-0.05,19.233303
45,28,0.608,2,-0.05,19.791462
45,29,0.622,0,1.0,19.582893
45,30,0.619,2,-0.05,20.659386
45,31,0.612,1,-0.05,19.836763
45,32,0.620,0,1.0,20.369537
45,33,0.631,2,-0.05,19.760658
45,34,0.608,0,1.0,20.830585
45,35,0.623,1,-0.05,20.05927
45,36,0.621,2,-0.05,20.652565
45,37,0.632,0,1.0,20.286348
45,38,0.627,2,-0.05,20.980143
45,39,0.635,0,1.0,19.952179
45,40,0.632,0,1.0,20.721153
45,41,0.632,2,-0.05,19.629074
45,42,0.649,0,1.0,20.505405
45,43,0.668,2,-0.05,18.932055
45,44,0.664,0,1.0,19.816286
45,45,0.684,0,1.0,15.43932
45,46,0.694,1,-0.05,15.54368
45,47,0.697,1,-0.05,14.203337
45,48,0.701,1,-0.05,18.647436
45,49,0.697,0,1.0,19.002071
45,50,0.705,1,-0.05,20.414213
45,51,0.691,0,1.0,19.840012
45,52,0.699,0,1.0,22.493437
45,53,0.672,0,1.0,21.731733
45,54,0.688,1,-0.05,22.211956
45,55,0.689,1,-0.05,20.39041
45,56,0.693,0,1.0,22.032972
45,57,0.670,0,1.0,22.276207
45,58,0.672,0,1.0,22.18697
45,59,0.672,2,-0.05,20.87338
45,60,0.681,2,-0.05,21.49714
45,61,0.678,0,1.0,19.437172
45,62,0.674,0,1.0,18.263718
45,63,0.675,0,1.0,16.910852
45,64,0.664,0,1.0,16.753487
45,65,0.663,2,-0.05,14.924985
45,66,0.658,0,1.0,15.659747
45,67,0.662,2,-0.05,15.801082
45,68,0.653,2,-0.05,16.491762
45,69,0.647,1,-0.05,13.417588
45,70,0.635,0,1.0,12.864112
45,71,0.621,0,1.0,13.382746
45,72,0.633,0,1.0,13.52075
45,73,0.629,0,1.0,11.790819
45,74,0.624,0,1.0,11.766937
45,75,0.602,1,-0.05,10.39389
45,76,0.616,2,-0.05,13.085415
45,77,0.601,0,1.0,9.892579
45,78,0.600,2,-0.05,7.6351404
45,79,0.612,0,1.0,6.350498
45,80,0.575,0,1.0,4.8375745
45,81,0.579,1,-0.05,2.859528
45,82,0.574,1,-0.05,2.6767716
45,83,0.574,1,-0.05,3.9731467
45,84,0.572,1,-0.05,6.910772
45,85,0.556,2,-0.05,8.081443
45,86,0.552,0,1.0,8.772918
45,87,0.567,1,-0.05,5.843042
45,88,0.557,2,-0.05,5.555681
45,89,0.547,1,-0.05,4.8122754
45,90,0.556,2,-0.05,5.2357736
45,91,0.551,1,-0.05,4.338056
45,92,0.532,1,-0.05,4.408018
45,93,0.535,1,-0.05,5.5432754
45,94,0.544,1,-0.05,7.8335776
45,95,0.532,1,-0.05,9.01115
45,96,0.537,1,-0.05,11.138891
45,97,0.539,0,1.0,12.22352
45,98,0.539,1,-0.05,13.107653
45,99,0.549,0,1.0,14.187561
45,100,0.545,1,-0.05,13.930192
45,101,0.548,0,1.0,12.097411
45,102,0.561,0,1.0,12.595918
45,103,0.586,1,-0.05,10.634385
45,104,0.570,0,1.0,10.301281
45,105,0.590,2,-0.05,10.9765005
45,106,0.594,2,-0.05,10.265778
45,107,0.608,0,1.0,9.675465
45,108,0.608,2,-0.05,8.203565
45,109,0.611,2,-0.05,9.20228
45,110,0.617,1,-0.05,8.790169
45,111,0.615,0,1.0,9.096391
45,112,0.613,1,-0.05,8.262872
45,113,0.632,0,1.0,6.5490055
45,114,0.639,1,-0.05,8.560267
45,115,0.641,2,-0.05,6.5596356
45,116,0.640,1,-0.05,7.394143
45,117,0.658,2,-0.05,5.8045216
45,118,0.645,2,-0.05,7.0442157
45,119,0.661,2,-0.05,5.38517
45,120,0.666,2,-0.05,5.9641123
45,121,0.667,2,-0.05,6.162536
45,122,0.657,1,-0.05,5.942056
45,123,0.644,2,-0.05,4.718957
45,124,0.665,1,-0.05,5.410596
45,125,0.665,1,-0.05,3.7604475
45,126,0.655,1,-0.05,4.7645755
45,127,0.672,1,-0.05,6.2945385
45,128,0.679,0,1.0,5.632193
45,129,0.673,2,-0.05,3.666575
45,130,0.691,1,-0.05,3.4801662
45,131,0.680,1,-0.05,1.9658513
45,132,0.700,2,-0.05,1.0514312
45,133,0.701,0,1.0,0.71993655
45,134,0.699,2,-0.05,1.418431
45,135,0.702,2,-0.05,0.7283192
45,136,0.700,0,1.0,2.1524143
45,137,0.691,2,-0.05,2.7797408
45,138,0.680,2,-0.05,2.1695588
45,139,0.689,2,-0.05,3.0453293
45,140,0.673,2,-0.05,4.032906
45,141,0.682,0,1.0,2.9970424
45,142,0.682,2,-0.05,4.553884
45,143,0.690,1,-0.05,3.0019722
45,144,0.679,2,-0.05,4.6312017
45,145,0.681,1,-0.05,2.995149
45,146,0.684,2,-0.05,2.6503694
45,147,0.682,2,-0.05,2.3878782
45,148,0.689,1,-0.05,4.3113155
45,149,0.678,2,-0.05,2.5980778
45,150,0.667,0,1.0,3.4179761
45,151,0.689,2,-0.05,3.9507217
45,152,0.696,0,1.0,3.8746479
45,153,0.689,2,-0.05,2.875917
45,154,0.696,0,1.0,4.607138
45,155,0.713,0,1.0,5.322803
45,156,0.708,0,1.0,3.691362
45,157,0.695,1,-0.05,2.0778332
45,158,0.691,1,-0.05,1.8924226
45,159,0.709,2,-0.05,-0.96226186
45,160,0.690,0,1.0,1.1610776
45,161,0.711,1,-0.05,-0.0060985684
45,162,0.688,0,1.0,0.071522444
45,163,0.693,2,-0.05,-3.1550994
45,164,0.696,1,-0.05,-3.631159
45,165,0.691,0,1.0,-5.269865
45,166,0.696,0,1.0,-8.430991
45,167,0.688,0,1.0,-10.641075
45,168,0.704,1,-0.05,-12.5086975
45,169,0.717,2,-0.05,-14.169017
45,170,0.727,1,-0.05,-13.709014
45,171,0.721,0,1.0,-15.318021
45,172,0.751,0,1.0,-16.299747
45,173,0.748,0,1.0,-19.191282
45,174,0.762,2,-0.05,-19.929283
45,175,0.793,2,-0.05,-22.816488
45,176,0.787,0,1.0,-22.63881
45,177,0.789,1,-0.05,-23.951307
45,178,0.796,2,-0.05,-24.847511
45,179,0.797,0,1.0,-25.85153
45,180,0.801,1,-0.05,-24.966555
45,181,0.820,0,1.0,-27.695156
45,182,0.825,2,-0.05,-29.947132
45,183,0.819,2,-0.05,-32.889305
45,184,0.799,2,-0.05,-30.823158
45,185,0.798,1,-0.05,-30.367512
45,186,0.799,2,-0.05,-30.648664
45,187,0.792,2,-0.05,-31.392584
45,188,0.778,2,-0.05,-28.505945
45,189,0.756,0,1.0,-27.54333
45,190,0.735,2,-0.05,-24.734474
45,191,0.734,2,-0.05,-27.507715
45,192,0.702,0,1.0,-22.525354
45,193,0.690,2,-0.05,-21.66213
45,194,0.678,2,-0.05,-23.017302
45,195,0.660,0,1.0,-17.900093
45,196,0.634,2,-0.05,-15.253797
45,197,0.627,2,-0.05,-17.037088
45,198,0.615,0,1.0,-11.358329
45,199,0.597,2,-0.05,-9.145188
45,200,0.592,2,-0.05,-9.815318
45,201,0.571,2,-0.05,-5.207387
45,202,0.559,0,1.0,1.311924
45,203,0.548,2,-0.05,5.501558
45,204,0.545,0,1.0,5.992089
45,205,0.527,2,-0.05,11.260218
45,206,0.517,2,-0.05,10.688606
45,207,0.520,2,-0.05,19.304014
45,208,0.512,1,-0.05,26.561516
45,209,0.516,2,-0.05,22.807756
45,210,0.511,1,-0.05,25.219496
45,211,0.515,2,-0.05,21.366892
45,212,0.497,1,-0.05,26.186346
45,213,0.498,1,-0.05,21.216082
45,214,0.497,0,1.0,12.592895
45,215,0.481,0,1.0,3.0286345
45,216,0.470,2,-0.05,1.996232
45,217,0.454,1,-0.05,0.12264332
45,218,0.453,0,1.0,-2.1772473
45,219,0.441,1,-0.05,-10.283062
45,220,0.444,1,-0.05,-11.949417
45,221,0.436,2,-0.05,-20.295193
45,222,0.426,1,-0.05,-16.355652
45,223,0.422,2,-0.05,-20.97427
45,224,0.396,2,-0.05,-18.00285
45,225,0.406,2,-0.05,-11.323524
45,226,0.396,1,-0.05,-4.156623
45,227,0.402,1,-0.05,-7.8309283
45,228,0.390,0,1.0,-15.200213
45,229,0.382,1,-0.05,-23.804571
45,230,0.365,0,1.0,-24.091875
45,231,0.351,2,-0.05,-32.787514
45,232,0.346,1,-0.05,-31.561954
45,233,0.343,1,-0.05,-34.983444
45,234,0.333,1,-0.05,-38.994007
45,235,0.331,2,-0.05,-43.433254
45,236,0.312,2,-0.05,-46.350803
45,237,0.323,2,-0.05,-38.32578
45,238,0.301,2,-0.05,-36.380283
45,239,0.304,1,-0.05,-29.179281
45,240,0.301,2,-0.05,-32.871944
45,241,0.285,0,1.0,-31.210781
45,242,0.271,1,-0.05,-27.231699
45,243,0.249,2,-100.0,-24.634542
46,0,0.655,2,-0.05,17.258852
46,1,0.663,2,-0.05,16.241505
46,2,0.660,2,-0.05,14.550573
46,3,0.659,2,-0.05,15.011134
46,4,0.676,2,-0.05,14.697112
46,5,0.656,2,-0.05,12.9507
46,6,0.675,0,1.0,12.096911
46,7,0.682,2,-0.05,11.417489
46,8,0.684,0,1.0,11.085663
46,9,0.691,2,-0.05,8.648863
46,10,0.703,2,-0.05,8.340963
46,11,0.689,1,-0.05,6.3415914
46,12,0.694,2,-0.05,6.239343
46,13,0.684,0,1.0,5.857591
46,14,0.665,0,1.0,3.7391944
46,15,0.651,0,1.0,1.4211835
46,16,0.633,0,1.0,-0.5961286
46,17,0.593,0,1.0,-2.7496395
46,18,0.574,0,1.0,-5.4474716
46,19,0.563,0,1.0,-7.5264864
46,20,0.543,1,-0.05,-9.480299
46,21,0.519,1,-0.05,-10.505812
46,22,0.513,0,1.0,-7.540394
46,23,0.504,1,-0.05,-4.5822096
46,24,0.515,2,-0.05,-4.720219
46,25,0.496,0,1.0,-5.7167645
46,26,0.475,1,-0.05,-10.495926
46,27,0.472,1,-0.05,-11.486639
46,28,0.463,2,-0.05,-6.5112987
46,29,0.463,2,-0.05,-9.9873
46,30,0.468,1,-0.05,-14.470114
46,31,0.457,2,-0.05,-13.884362
46,32,0.449,1,-0.05,-14.746787
46,33,0.452,1,-0.05,-14.514944
46,34,0.434,1,-0.05,-7.4789057
46,35,0.436,2,-0.05,-5.32975
46,36,0.428,1,-0.05,-6.5750237
46,37,0.428,2,-0.05,-5.613842
46,38,0.427,2,-0.05,-6.987468
46,39,0.420,1,-0.05,-12.726264
46,40,0.412,0,1.0,-11.925627
46,41,0.389,0,1.0,-7.9046483
46,42,0.385,1,-0.05,-9.127488
46,43,0.371,1,-0.05,-9.048879
46,44,0.348,1,-0.05,-3.73009
46,45,0.358,1,-0.05,1.249028
46,46,0.360,1,-0.05,5.559276
46,47,0.355,2,-0.05,9.529741
46,48,0.349,0,1.0,7.4531956
46,49,0.349,2,-0.05,4.8687787
46,50,0.332,1,-0.05,1.8545609
46,51,0.345,2,-0.05,5.289329
46,52,0.335,1,-0.05,1.7407781
46,53,0.335,2,-0.05,4.4516754
46,54,0.324,1,-0.05,1.6321638
46,55,0.336,1,-0.05,3.9300961
46,56,0.329,1,-0.05,8.392808
46,57,0.325,1,-0.05,15.626061
46,58,0.328,0,1.0,17.295801
46,59,0.318,1,-0.05,20.7827
46,60,0.317,0,1.0,21.670565
46,61,0.329,0,1.0,24.85565
46,62,0.318,1,-0.05,24.96795
46,63,0.321,2,-0.05,29.706293
46,64,0.334,0,1.0,26.090559
46,65,0.318,1,-0.05,21.913363
46,66,0.325,2,-0.05,21.776236
46,67,0.315,1,-0.05,20.579248
46,68,0.310,2,-0.05,20.6348
46,69,0.318,0,1.0,20.412817
46,70,0.327,1,-0.05,15.888814
46,71,0.311,2,-0.05,15.784689
46,72,0.305,1,-0.05,12.589404
46,73,0.313,2,-0.05,15.5019
46,74,0.302,1,-0.05,12.343316
46,75,0.310,1,-0.05,15.568631
46,76,0.307,1,-0.05,18.998182
46,77,0.299,1,-0.05,23.51484
46,78,0.302,0,1.0,27.877453
46,79,0.304,0,1.0,30.189943
46,80,0.312,0,1.0,29.287569
46,81,0.324,2,-0.05,28.289597
46,82,0.328,2,-0.05,27.23449
46,83,0.326,0,1.0,24.289274
46,84,0.316,1,-0.05,19.594826
46,85,0.323,0,1.0,19.616737
46,86,0.330,2,-0.05,22.485716
46,87,0.327,2,-0.05,22.540972
46,88,0.331,1,-0.05,17.501045
46,89,0.326,0,1.0,22.293682
46,90,0.318,1,-0.05,24.194378
46,91,0.316,2,-0.05,23.653475
46,92,0.328,1,-0.05,20.677458
46,93,0.321,0,1.0,23.74298
46,94,0.335,1,-0.05,23.791716
46,95,0.336,2,-0.05,23.819359
46,96,0.329,1,-0.05,22.93516
46,97,0.340,1,-0.05,23.639376
46,98,0.345,1,-0.05,24.007387
46,99,0.333,1,-0.05,25.179241
46,100,0.343,1,-0.05,25.41752
46,101,0.357,0,1.0,25.527689
46,102,0.368,2,-0.05,24.263718
46,103,0.380,0,1.0,23.604738
46,104,0.381,1,-0.05,21.896502
46,105,0.379,1,-0.05,22.611712
46,106,0.393,0,1.0,21.372591
46,107,0.398,2,-0.05,20.08772
46,108,0.427,0,1.0,18.434185
46,109,0.427,1,-0.05,18.157497
46,110,0.431,0,1.0,17.076115
46,111,0.454,2,-0.05,15.278079
46,112,0.465,2,-0.05,13.696552
46,113,0.474,2,-0.05,15.559551
46,114,0.474,0,1.0,15.065906
46,115,0.476,1,-0.05,16.754238
46,116,0.499,0,1.0,14.995549
46,117,0.509,2,-0.05,13.898919
46,118,0.502,1,-0.05,13.293247
46,119,0.518,0,1.0,12.7848015
46,120,0.530,2,-0.05,10.623199
46,121,0.543,0,1.0,11.384163
46,122,0.555,0,1.0,9.503625
46,123,0.572,0,1.0,8.47682
46,124,0.588,0,1.0,7.1188116
46,125,0.596,0,1.0,6.9828434
46,126,0.617,0,1.0,4.8947244
46,127,0.625,0,1.0,3.7874577
46,128,0.657,0,1.0,1.9446456
46,129,0.659,0,1.0,2.1417005
46,130,0.676,0,1.0,2.0140057
46,131,0.694,1,-0.05,0.4195759
46,132,0.707,2,-0.05,-1.692119
46,133,0.704,0,1.0,-0.52258444
46,134,0.682,1,-0.05,0.13154346
46,135,0.698,2,-0.05,-0.6088148
46,136,0.692,1,-0.05,-0.12710628
46,137,0.693,1,-0.05,0.34262982
46,138,0.693,2,-0.05,-1.9562135
46,139,0.669,0,1.0,-0.66682625
46,140,0.675,1,-0.05,-0.5587719
46,141,0.661,0,1.0,-1.4684086
46,142,0.645,0,1.0,-3.500348
46,143,0.628,1,-0.05,-4.7709804
46,144,0.633,0,1.0,-5.5834994
46,145,0.630,1,-0.05,-9.2937355
46,146,0.610,0,1.0,-10.92115
46,147,0.587,2,-0.05,-15.853144
46,148,0.604,1,-0.05,-16.776215
46,149,0.574,0,1.0,-18.587471
46,150,0.565,0,1.0,-20.427547
46,151,0.532,2,-0.05,-22.007263
46,152,0.535,1,-0.05,-23.674454
46,153,0.539,2,-0.05,-25.014297
46,154,0.524,2,-0.05,-24.588762
46,155,0.511,0,1.0,-21.947056
46,156,0.507,2,-0.05,-20.275528
46,157,0.473,2,-0.05,-21.505844
46,158,0.482,2,-0.05,-19.211555
46,159,0.474,2,-0.05,-17.550343
46,160,0.479,1,-0.05,-14.254025
46,161,0.477,0,1.0,-15.789479
46,162,0.459,1,-0.05,-19.591885
46,163,0.456,1,-0.05,-19.747068
46,164,0.445,1,-0.05,-22.181433
46,165,0.448,2,-0.05,-26.80667
46,166,0.442,2,-0.05,-25.930344
46,167,0.432,0,1.0,-22.53377
46,168,0.425,1,-0.05,-20.880089
46,169,0.427,1,-0.05,-21.143599
46,170,0.405,1,-0.05,-25.532026
46,171,0.407,0,1.0,-30.166842
46,172,0.392,1,-0.05,-33.764977
46,173,0.399,1,-0.05,-36.31557
46,174,0.380,0,1.0,-41.55723
46,175,0.357,2,-0.05,-50.255077
46,176,0.337,0,1.0,-50.315403
46,177,0.332,2,-0.05,-48.002342
46,178,0.332,1,-0.05,-49.139805
46,179,0.326,1,-0.05,-54.029877
46,180,0.321,2,-0.05,-60.52722
46,181,0.312,2,-0.05,-60.241676
46,182,0.289,2,-0.05,-54.977066
46,183,0.301,1,-0.05,-50.034473
46,184,0.296,2,-0.05,-50.718185
46,185,0.286,2,-0.05,-51.744827
46,186,0.281,2,-0.05,-45.40644
46,187,0.265,2,-0.05,-41.881477
46,188,0.272,2,-0.05,-35.47233
46,189,0.266,0,1.0,-31.024586
46,190,0.243,0,-100.0,-27.391857
47,0,0.659,2,-0.05,19.092894
47,1,0.659,0,1.0,18.527084
47,2,0.657,2,-0.05,17.52081
47,3,0.664,2,-0.05,17.098879
47,4,0.667,2,-0.05,17.94051
47,5,0.662,2,-0.05,17.647066
47,6,0.673,1,-0.05,15.774925
47,7,0.674,1,-0.05,16.5638
47,8,0.679,1,-0.05,17.36032
47,9,0.669,0,1.0,17.644054
47,10,0.689,2,-0.05,17.931381
47,11,0.696,1,-0.05,18.012785
47,12,0.688,2,-0.05,18.134207
47,13,0.692,2,-0.05,16.81822
47,14,0.690,0,1.0,18.660378
47,15,0.686,1,-0.05,17.401562
47,16,0.698,0,1.0,17.416183
47,17,0.690,0,1.0,17.444761
47,18,0.699,0,1.0,17.410313
47,19,0.698,2,-0.05,17.233828
47,20,0.681,0,1.0,17.056065
47,21,0.695,2,-0.05,17.825972
47,22,0.676,0,1.0,17.632067
47,23,0.676,2,-0.05,15.434593
47,24,0.666,1,-0.05,15.35059
47,25,0.673,0,1.0,14.996253
47,26,0.656,2,-0.05,17.120476
47,27,0.650,2,-0.05,16.919603
47,28,0.653,1,-0.05,14.644793
47,29,0.646,0,1.0,17.259521
47,30,0.652,1,-0.05,16.45565
47,31,0.631,2,-0.05,16.65754
47,32,0.644,0,1.0,16.688599
47,33,0.625,0,1.0,15.793622
47,34,0.000,1,-100.0,17.172153
48,0,0.661,0,1.0,16.808315
48,1,0.667,1,-0.05,16.7678
48,2,0.675,2,-0.05,16.424738
48,3,0.667,0,1.0,17.03325
48,4,0.667,1,-0.05,17.10523
48,5,0.665,1,-0.05,17.147326
48,6,0.657,1,-0.05,17.001654
48,7,0.671,2,-0.05,17.200031
48,8,0.669,1,-0.05,16.955488
48,9,0.672,1,-0.05,17.230766
48,10,0.672,2,-0.05,17.053186
48,11,0.670,2,-0.05,16.278643
48,12,0.661,1,-0.05,18.245405
48,13,0.661,2,-0.05,17.877853
48,14,0.662,2,-0.05,18.349926
48,15,0.659,0,1.0,17.153017
48,16,0.657,1,-0.05,18.198917
48,17,0.661,2,-0.05,18.130592
48,18,0.668,1,-0.05,18.13784
48,19,0.673,0,1.0,18.589176
48,20,0.665,1,-0.05,18.13334
48,21,0.654,2,-0.05,18.521866
48,22,0.678,2,-0.05,18.898857
48,23,0.650,0,1.0,17.871164
48,24,0.679,1,-0.05,18.701532
48,25,0.676,2,-0.05,18.205153
48,26,0.682,0,1.0,18.373703
48,27,0.688,2,-0.05,17.214357
48,28,0.687,0,1.0,18.613024
48,29,0.693,2,-0.05,16.748173
48,30,0.693,1,-0.05,16.558695
48,31,0.699,2,-0.05,16.027237
48,32,0.692,0,1.0,15.032415
48,33,0.687,1,-0.05,13.975217
48,34,0.682,0,1.0,13.745812
48,35,0.679,0,1.0,13.533288
48,36,0.648,0,1.0,13.068143
48,37,0.651,0,1.0,12.321025
48,38,0.627,0,1.0,13.232357
48,39,0.610,2,-0.05,11.7028885
48,40,0.625,0,1.0,11.091752
48,41,0.603,0,1.0,7.262924
48,42,0.590,1,-0.05,6.612068
48,43,0.579,0,1.0,8.95649
48,44,0.564,0,1.0,9.140896
48,45,0.556,0,1.0,8.743214
48,46,0.551,0,1.0,8.259654
48,47,0.533,0,1.0,7.3933926
48,48,0.528,1,-0.05,7.029727
48,49,0.527,2,-0.05,6.600744
48,50,0.525,1,-0.05,6.34982
48,51,0.521,0,1.0,6.8215647
48,52,0.505,1,-0.05,9.695012
48,53,0.505,1,-0.05,14.989536
48,54,0.493,0,1.0,15.31366
48,55,0.464,0,1.0,18.650646
48,56,0.480,0,1.0,18.610981
48,57,0.485,2,-0.05,17.675533
48,58,0.480,0,1.0,17.229681
48,59,0.480,0,1.0,12.386888
48,60,0.468,0,1.0,12.138772
48,61,0.469,0,1.0,10.92474
48,62,0.452,1,-0.05,9.884256
48,63,0.456,1,-0.05,15.386316
48,64,0.454,1,-0.05,15.427448
48,65,0.444,0,1.0,24.901524
48,66,0.449,1,-0.05,24.284788
48,67,0.448,2,-0.05,23.898314
48,68,0.456,2,-0.05,23.206266
48,69,0.454,1,-0.05,16.504963
48,70,0.449,1,-0.05,17.818224
48,71,0.448,1,-0.05,22.341068
48,72,0.458,2,-0.05,25.608181
48,73,0.449,0,1.0,25.278671
48,74,0.438,1,-0.05,20.261786
48,75,0.442,0,1.0,19.674797
48,76,0.452,0,1.0,22.791767
48,77,0.460,0,1.0,21.835478
48,78,0.449,0,1.0,20.733778
48,79,0.448,2,-0.05,19.334938
48,80,0.432,1,-0.05,18.408564
48,81,0.445,1,-0.05,20.578863
48,82,0.455,2,-0.05,22.953924
48,83,0.451,0,1.0,20.184092
48,84,0.452,2,-0.05,16.308687
48,85,0.454,1,-0.05,14.987103
48,86,0.458,1,-0.05,18.144896
48,87,0.461,0,1.0,20.039495
48,88,0.460,0,1.0,21.91418
48,89,0.464,0,1.0,19.475164
48,90,0.472,0,1.0,19.150122
48,91,0.478,1,-0.05,16.999203
48,92,0.480,0,1.0,18.521759
48,93,0.492,0,1.0,17.417334
48,94,0.499,0,1.0,16.961441
48,95,0.505,1,-0.05,14.789727
48,96,0.507,2,-0.05,16.715162
48,97,0.493,0,1.0,16.09288
48,98,0.521,0,1.0,13.639735
48,99,0.511,0,1.0,12.777859
48,100,0.527,1,-0.05,11.1892395
48,101,0.520,2,-0.05,13.072489
48,102,0.525,1,-0.05,10.281974
48,103,0.538,2,-0.05,11.912078
48,104,0.541,1,-0.05,11.994498
48,105,0.528,0,1.0,11.66892
48,106,0.548,2,-0.05,11.7092905
48,107,0.527,0,1.0,10.403907
48,108,0.533,1,-0.05,10.933043
48,109,0.545,2,-0.05,9.135869
48,110,0.556,0,1.0,9.74409
48,111,0.550,0,1.0,7.031897
48,112,0.556,1,-0.05,8.016624
48,113,0.551,0,1.0,6.4438725
48,114,0.560,1,-0.05,7.1720777
48,115,0.553,1,-0.05,5.5344305
48,116,0.574,0,1.0,8.055833
48,117,0.566,1,-0.05,6.8694544
48,118,0.576,1,-0.05,6.2135997
48,119,0.576,2,-0.05,8.388008
48,120,0.581,1,-0.05,7.156762
48,121,0.580,2,-0.05,7.6564345
48,122,0.569,1,-0.05,8.151891
48,123,0.580,1,-0.05,7.0566106
48,124,0.581,1,-0.05,7.543505
48,125,0.587,1,-0.05,6.917396
48,126,0.595,2,-0.05,6.261055
48,127,0.595,2,-0.05,5.096277
48,128,0.594,0,1.0,6.0571017
48,129,0.613,2,-0.05,4.963031
48,130,0.621,1,-0.05,4.363077
48,131,0.632,2,-0.05,3.2107792
48,132,0.627,0,1.0,4.0137496
48,133,0.641,0,1.0,3.0002213
48,134,0.648,1,-0.05,1.7148752
48,135,0.657,2,-0.05,0.6701587
48,136,0.647,1,-0.05,1.5388521
48,137,0.654,2,-0.05,0.094337285
48,138,0.649,2,-0.05,0.4723178
48,139,0.655,2,-0.05,1.072131
48,140,0.664,1,-0.05,2.12139
48,141,0.661,0,1.0,1.095047
48,142,0.674,0,1.0,-0.8193254
48,143,0.695,2,-0.05,-2.7756603
48,144,0.674,2,-0.05,-3.342956
48,145,0.695,1,-0.05,-2.7749987
48,146,0.689,2,-0.05,-2.3764427
48,147,0.689,0,1.0,-3.1924062
48,148,0.684,0,1.0,-1.9662087
48,149,0.693,2,-0.05,-5.348247
48,150,0.697,1,-0.05,-5.268388
48,151,0.694,2,-0.05,-7.3845973
48,152,0.691,1,-0.05,-6.5774593
48,153,0.709,2,-0.05,-6.252825
48,154,0.699,2,-0.05,-7.5381455
48,155,0.698,2,-0.05,-5.0371547
48,156,0.704,2,-0.05,-3.3733203
48,157,0.702,0,1.0,-1.4971802
48,158,0.696,1,-0.05,0.9088261
48,159,0.712,2,-0.05,-0.84280854
48,160,0.699,2,-0.05,1.3224031
48,161,0.692,2,-0.05,3.110943
48,162,0.719,0,1.0,5.6081834
48,163,0.695,2,-0.05,6.6460843
48,164,0.707,1,-0.05,6.454597
48,165,0.680,1,-0.05,4.1581254
48,166,0.701,1,-0.05,2.2030194
48,167,0.699,1,-0.05,-1.9607812
48,168,0.694,1,-0.05,-4.4337215
48,169,0.691,0,1.0,-8.541557
48,170,0.696,2,-0.05,-11.554809
48,171,0.705,0,1.0,-13.439009
48,172,0.722,2,-0.05,-12.601369
48,173,0.707,2,-0.05,-14.6589365
48,174,0.715,1,-0.05,-11.538846
48,175,0.719,2,-0.05,-13.393352
48,176,0.734,0,1.0,-12.644537
48,177,0.748,0,1.0,-12.570023
48,178,0.748,2,-0.05,-14.895251
48,179,0.756,2,-0.05,-17.541609
48,180,0.766,0,1.0,-13.747962
48,181,0.797,2,-0.05,-14.1497135
48,182,0.794,2,-0.05,-15.095263
48,183,0.763,1,-0.05,-13.552283
48,184,0.786,0,1.0,-14.173168
48,185,0.766,2,-0.05,-19.938723
48,186,0.797,1,-0.05,-20.171593
48,187,0.790,2,-0.05,-23.613598
48,188,0.778,2,-0.05,-22.879951
48,189,0.804,1,-0.05,-22.116383
48,190,0.806,2,-0.05,-22.884357
48,191,0.815,2,-0.05,-23.958641
48,192,0.806,2,-0.05,-20.752457
48,193,0.804,1,-0.05,-18.861769
48,194,0.818,0,1.0,-20.487673
48,195,0.799,0,1.0,-25.341816
48,196,0.774,2,-0.05,-27.846958
48,197,0.763,1,-0.05,-30.324823
48,198,0.749,1,-0.05,-31.558277
48,199,0.738,1,-0.05,-35.8209
48,200,0.735,1,-0.05,-38.31554
48,201,0.719,2,-0.05,-41.893818
48,202,0.691,0,1.0,-41.646145
48,203,0.677,2,-0.05,-42.348026
48,204,0.671,1,-0.05,-42.876545
48,205,0.652,0,1.0,-45.4893
48,206,0.627,2,-0.05,-48.97361
48,207,0.612,2,-0.05,-51.831074
48,208,0.586,0,1.0,-49.186222
48,209,0.559,2,-0.05,-49.925125
48,210,0.560,2,-0.05,-51.414204
48,211,0.531,0,1.0,-50.50185
48,212,0.493,0,1.0,-49.613052
48,213,0.467,1,-0.05,-53.458138
48,214,0.456,0,1.0,-55.056484
48,215,0.426,2,-0.05,-60.195568
48,216,0.422,1,-0.05,-61.30234
48,217,0.402,2,-0.05,-64.358025
48,218,0.411,1,-0.05,-63.219208
48,219,0.368,0,1.0,-66.29295
48,220,0.352,2,-0.05,-71.32426
48,221,0.344,2,-0.05,-74.22962
48,222,0.336,2,-0.05,-70.13886
48,223,0.323,2,-0.05,-68.839294
48,224,0.313,1,-0.05,-65.199326
48,225,0.286,0,1.0,-68.0204
48,226,0.270,2,-0.05,-73.07065
48,227,0.271,2,-0.05,-75.42474
48,228,0.255,1,-0.05,-71.61874
48,229,0.246,2,-100.0,-75.49205
49,0,0.659,0,1.0,18.822199
49,1,0.661,2,-0.05,20.007732
49,2,0.657,1,-0.05,20.00005
49,3,0.663,0,1.0,20.135113
49,4,0.667,1,-0.05,19.739923
49,5,0.662,0,1.0,19.825426
49,6,0.657,1,-0.05,19.447884
49,7,0.665,1,-0.05,19.44041
49,8,0.657,2,-0.05,19.288109
49,9,0.667,0,1.0,18.973108
49,10,0.637,0,1.0,19.614923
49,11,0.649,0,1.0,19.393127
49,12,0.643,1,-0.05,19.35425
49,13,0.639,2,-0.05,20.288267
49,14,0.638,1,-0.05,18.942656
49,15,0.638,0,1.0,18.841553
49,16,0.634,0,1.0,18.499886
49,17,0.629,1,-0.05,18.192839
49,18,0.614,0,1.0,18.942726
49,19,0.619,0,1.0,15.243344
49,20,0.600,0,1.0,14.934783
49,21,0.592,2,-0.05,15.4398
49,22,0.590,2,-0.05,14.884781
49,23,0.592,0,1.0,17.832151
49,24,0.588,0,1.0,17.412548
49,25,0.587,0,1.0,17.199688
49,26,0.568,2,-0.05,17.00056
49,27,0.569,1,-0.05,17.118807
49,28,0.563,0,1.0,17.231222
49,29,0.562,2,-0.05,14.994779
49,30,0.568,0,1.0,14.743694
49,31,0.553,2,-0.05,16.637215
49,32,0.561,1,-0.05,17.090942
49,33,0.558,0,1.0,16.315144
49,34,0.543,0,1.0,13.919371
49,35,0.540,1,-0.05,12.635164
49,36,0.535,0,1.0,14.558292
49,37,0.517,1,-0.05,8.801712
49,38,0.525,0,1.0,10.900405
49,39,0.514,0,1.0,6.281055
49,40,0.491,0,1.0,5.9647
49,41,0.480,2,-0.05,4.6235266
49,42,0.486,1,-0.05,3.911421
49,43,0.467,0,1.0,2.4344325
49,44,0.459,2,-0.05,-2.319781
49,45,0.451,0,1.0,-3.0165405
49,46,0.442,2,-0.05,0.14827392
49,47,0.439,2,-0.05,-0.9770142
49,48,0.432,1,-0.05,3.5045128
49,49,0.428,1,-0.05,0.3096076
49,50,0.436,2,-0.05,-3.6258366
49,51,0.414,0,1.0,-2.4130962
49,52,0.403,0,1.0,3.2904253
49,53,0.393,0,1.0,0.71792793
49,54,0.377,1,-0.05,0.44431338
49,55,0.380,0,1.0,-1.4681494
49,56,0.370,2,-0.05,-6.273146
49,57,0.357,2,-0.05,-5.62501
49,58,0.354,2,-0.05,-2.6126688
49,59,0.361,2,-0.05,1.620101
49,60,0.350,2,-0.05,4.0649314
49,61,0.344,2,-0.05,7.4953694
49,62,0.336,2,-0.05,10.769911
49,63,0.328,1,-0.05,14.785116
49,64,0.345,1,-0.05,14.043633
49,65,0.356,2,-0.05,10.224616
49,66,0.337,2,-0.05,12.009103
49,67,0.343,1,-0.05,15.78648
49,68,0.341,2,-0.05,14.451336
49,69,0.340,2,-0.05,15.029129
49,70,0.342,1,-0.05,18.435667
49,71,0.339,2,-0.05,18.873785
49,72,0.345,1,-0.05,17.532627
49,73,0.329,1,-0.05,18.743145
49,74,0.350,0,1.0,13.88459
49,75,0.342,0,1.0,11.9091215
49,76,0.336,0,1.0,10.784045
49,77,0.335,2,-0.05,10.317406
49,78,0.330,2,-0.05,9.351349
49,79,0.341,0,1.0,12.618422
49,80,0.328,0,1.0,16.482424
49,81,0.333,2,-0.05,16.439344
49,82,0.332,1,-0.05,15.438023
49,83,0.331,2,-0.05,14.016457
49,84,0.334,0,1.0,14.333187
49,85,0.338,2,-0.05,18.621504
49,86,0.334,1,-0.05,18.56964
49,87,0.341,2,-0.05,19.142082
49,88,0.331,0,1.0,18.095394
49,89,0.336,2,-0.05,21.440496
49,90,0.343,1,-0.05,20.53642
49,91,0.341,0,1.0,22.210342
49,92,0.360,2,-0.05,17.364487
49,93,0.356,2,-0.05,17.160236
49,94,0.339,2,-0.05,20.581161
49,95,0.363,0,1.0,24.055756
49,96,0.347,1,-0.05,25.550669
49,97,0.372,2,-0.05,27.265585
49,98,0.373,0,1.0,25.435928
49,99,0.383,0,1.0,33.01571
49,100,0.398,0,1.0,30.562605
49,101,0.408,2,-0.05,29.212143
49,102,0.414,0,1.0,28.96789
49,103,0.432,2,-0.05,31.994822
49,104,0.430,0,1.0,31.45974
49,105,0.434,1,-0.05,33.50542
49,106,0.460,1,-0.05,31.392126
49,107,0.463,0,1.0,26.87868
49,108,0.472,1,-0.05,22.94925
49,109,0.469,0,1.0,20.906706
49,110,0.491,1,-0.05,18.4664
49,111,0.482,2,-0.05,16.325554
49,112,0.491,0,1.0,19.115574
49,113,0.514,0,1.0,18.65527
49,114,0.522,0,1.0,20.582293
49,115,0.541,1,-0.05,17.66958
49,116,0.545,1,-0.05,17.249807
49,117,0.552,2,-0.05,14.296305
49,118,0.557,0,1.0,15.610888
49,119,0.568,1,-0.05,14.905763
49,120,0.584,0,1.0,13.924046
49,121,0.594,0,1.0,14.768551
49,122,0.595,1,-0.05,12.893699
49,123,0.615,0,1.0,10.917423
49,124,0.623,0,1.0,10.415462
49,125,0.621,2,-0.05,10.6631975
49,126,0.639,0,1.0,10.405814
49,127,0.639,1,-0.05,10.9719715
49,128,0.642,2,-0.05,10.337423
49,129,0.642,2,-0.05,9.103904
49,130,0.661,0,1.0,11.127584
49,131,0.665,2,-0.05,9.233662
49,132,0.666,0,1.0,12.87028
49,133,0.682,2,-0.05,11.922076
49,134,0.682,1,-0.05,10.841915
49,135,0.705,0,1.0,11.245711
49,136,0.695,0,1.0,8.208627
49,137,0.673,1,-0.05,9.024192
49,138,0.688,1,-0.05,7.5305185
49,139,0.672,1,-0.05,3.5864055
49,140,0.673,2,-0.05,4.7219267
49,141,0.665,0,1.0,4.4501004
49,142,0.635,1,-0.05,6.56659
49,143,0.646,0,1.0,3.3874216
49,144,0.638,2,-0.05,3.3245142
49,145,0.623,1,-0.05,4.3928604
49,146,0.625,1,-0.05,6.4072084
49,147,0.627,2,-0.05,4.9004045
49,148,0.633,2,-0.05,5.5704236
49,149,0.632,2,-0.05,5.355459
49,150,0.619,0,1.0,4.3470707
49,151,0.604,2,-0.05,5.810831
49,152,0.607,0,1.0,4.4158087
49,153,0.583,0,1.0,6.375411
49,154,0.570,0,1.0,4.358062
49,155,0.568,2,-0.05,4.560005
49,156,0.567,2,-0.05,2.3603947
49,157,0.548,2,-0.05,3.6059275
49,158,0.560,0,1.0,3.2459862
49,159,0.544,2,-0.05,5.5913234
49,160,0.549,2,-0.05,3.093679
49,161,0.543,1,-0.05,6.9255166
49,162,0.530,1,-0.05,4.122265
49,163,0.513,0,1.0,1.2184767
49,164,0.512,2,-0.05,-2.2608135
49,165,0.510,2,-0.05,-3.0442295
49,166,0.509,1,-0.05,-1.8288772
49,167,0.518,2,-0.05,-3.4013438
49,168,0.502,2,-0.05,-4.0264187
49,169,0.515,2,-0.05,-1.2630949
49,170,0.511,0,1.0,0.9372796
49,171,0.505,1,-0.05,4.765154
49,172,0.510,1,-0.05,2.3568766
49,173,0.491,1,-0.05,-1.0362492
49,174,0.491,2,-0.05,-5.728496
49,175,0.474,0,1.0,-4.9284253
49,176,0.487,0,1.0,-2.8431702
49,177,0.505,1,-0.05,-3.4125426
49,178,0.491,1,-0.05,-5.978486
49,179,0.497,2,-0.05,-9.418311
49,180,0.500,2,-0.05,-10.536566
49,181,0.493,2,-0.05,-6.1407084
49,182,0.494,2,-0.05,-3.1654813
49,183,0.512,0,1.0,2.8111413
49,184,0.505,1,-0.05,6.342336
49,185,0.510,2,-0.05,4.4707537
49,186,0.510,0,1.0,4.161024
49,187,0.523,1,-0.05,9.827383
49,188,0.505,0,1.0,6.159713
49,189,0.521,1,-0.05,-0.3334142
49,190,0.520,2,-0.05,-2.137124
49,191,0.526,0,1.0,-0.432138
49,192,0.537,2,-0.05,4.777659
49,193,0.539,0,1.0,3.6733325
49,194,0.544,0,1.0,7.458976
49,195,0.569,0,1.0,4.909719
49,196,0.577,0,1.0,4.1804237
49,197,0.587,0,1.0,1.3688744
49,198,0.585,1,-0.05,-0.07415137
49,199,0.599,0,1.0,-0.88316923
49,200,0.619,0,1.0,-4.777135
49,201,0.645,0,1.0,-7.4200006
49,202,0.655,2,-0.05,-2.388651
49,203,0.661,2,-0.05,-3.8101306
49,204,0.648,1,-0.05,-0.9464694
49,205,0.668,1,-0.05,-0.45966658
49,206,0.680,0,1.0,-3.3447063
49,207,0.698,1,-0.05,-6.248989
49,208,0.693,1,-0.05,-1.7498949
49,209,0.711,2,-0.05,-4.907417
49,210,0.694,2,-0.05,-3.171893
49,211,0.696,2,-0.05,-2.4134521
49,212,0.698,1,-0.05,-1.7599802
49,213,0.682,0,1.0,-0.003749013
49,214,0.677,1,-0.05,-2.6295307
49,215,0.658,0,1.0,-6.086698
49,216,0.648,0,1.0,-9.151459
49,217,0.604,0,1.0,-9.162497
49,218,0.591,0,1.0,-10.365916
49,219,0.583,2,-0.05,-15.399055
49,220,0.567,1,-0.05,-12.208938
49,221,0.556,0,1.0,-16.476833
49,222,0.518,0,1.0,-19.132313
49,223,0.506,1,-0.05,-22.998983
49,224,0.489,0,1.0,-18.75411
49,225,0.466,0,1.0,-24.577806
49,226,0.445,2,-0.05,-26.943895
49,227,0.421,0,1.0,-31.140059
49,228,0.406,1,-0.05,-29.145876
49,229,0.391,2,-0.05,-33.138664
49,230,0.381,0,1.0,-30.363085
49,231,0.362,0,1.0,-29.750803
49,232,0.337,0,1.0,-32.99822
49,233,0.308,2,-0.05,-36.77479
49,234,0.304,2,-0.05,-37.74739
49,235,0.294,2,-0.05,-36.281162
49,236,0.293,0,1.0,-28.304464
49,237,0.262,1,-0.05,-27.137213
49,238,0.268,2,-0.05,-28.260221
49,239,0.260,0,1.0,-26.45167
49,240,0.248,1,-100.0,-19.184996
50,0,0.661,0,1.0,17.235588
50,1,0.665,1,-0.05,16.691084
50,2,0.663,0,1.0,16.531837
50,3,0.666,0,1.0,16.734127
50,4,0.662,0,1.0,16.890879
50,5,0.657,2,-0.05,17.214071
50,6,0.661,2,-0.05,17.097834
50,7,0.661,0,1.0,17.098877
50,8,0.657,2,-0.05,17.870987
50,9,0.644,2,-0.05,17.838657
50,10,0.658,0,1.0,17.23865
50,11,0.672,2,-0.05,17.954134
50,12,0.658,0,1.0,18.166624
50,13,0.673,0,1.0,16.993578
50,14,0.687,0,1.0,17.057243
50,15,0.683,1,-0.05,17.253689
50,16,0.688,2,-0.05,16.971312
50,17,0.692,2,-0.05,17.459295
50,18,0.686,1,-0.05,15.3728895
50,19,0.690,1,-0.05,15.441004
50,20,0.703,1,-0.05,17.704193
50,21,0.694,2,-0.05,18.992176
50,22,0.691,0,1.0,19.928236
50,23,0.697,0,1.0,18.315178
50,24,0.691,1,-0.05,18.275715
50,25,0.689,0,1.0,18.266836
50,26,0.680,1,-0.05,19.817062
50,27,0.672,0,1.0,19.752712
50,28,0.671,2,-0.05,21.095346
50,29,0.668,2,-0.05,19.799753
50,30,0.683,1,-0.05,19.926306
50,31,0.665,1,-0.05,19.892654
50,32,0.670,1,-0.05,21.647535
50,33,0.661,0,1.0,23.136421
50,34,0.662,0,1.0,23.74011
50,35,0.661,0,1.0,23.570309
50,36,0.671,2,-0.05,24.006983
50,37,0.673,1,-0.05,23.882626
50,38,0.666,2,-0.05,23.377068
50,39,0.665,1,-0.05,23.706575
50,40,0.659,0,1.0,23.154549
50,41,0.670,2,-0.05,24.390524
50,42,0.671,2,-0.05,24.556057
50,43,0.664,2,-0.05,23.11721
50,44,0.673,0,1.0,24.651617
50,45,0.660,0,1.0,23.083399
50,46,0.668,2,-0.05,23.410654
50,47,0.669,1,-0.05,23.781067
50,48,0.660,2,-0.05,23.020662
50,49,0.674,0,1.0,23.512232
50,50,0.662,2,-0.05,22.068125
50,51,0.667,1,-0.05,21.995504
50,52,0.663,0,1.0,21.913261
50,53,0.655,0,1.0,23.298672
50,54,0.647,1,-0.05,23.040644
50,55,0.656,0,1.0,22.696787
50,56,0.644,0,1.0,22.623346
50,57,0.653,0,1.0,22.663317
50,58,0.637,0,1.0,21.237646
50,59,0.647,2,-0.05,20.05877
50,60,0.657,0,1.0,19.734213
50,61,0.644,0,1.0,20.799404
50,62,0.642,0,1.0,19.544746
50,63,0.642,1,-0.05,20.43098
50,64,0.637,2,-0.05,19.87111
50,65,0.641,0,1.0,20.016603
50,66,0.629,0,1.0,18.66367
50,67,0.628,1,-0.05,17.883028
50,68,0.636,1,-0.05,17.154232
50,69,0.634,0,1.0,17.875704
50,70,0.631,2,-0.05,18.385311
50,71,0.621,1,-0.05,17.836143
50,72,0.629,0,1.0,17.081863
50,73,0.617,0,1.0,16.64849
50,74,0.625,0,1.0,15.516612
50,75,0.623,0,1.0,14.385105
50,76,0.634,1,-0.05,15.532607
50,77,0.627,0,1.0,14.659073
50,78,0.625,1,-0.05,14.398487
50,79,0.631,2,-0.05,13.645582
50,80,0.637,1,-0.05,13.510173
50,81,0.639,0,1.0,13.175692
50,82,0.627,2,-0.05,12.220448
50,83,0.645,2,-0.05,11.5330515
50,84,0.643,2,-0.05,11.605015
50,85,0.644,0,1.0,10.51298
50,86,0.639,2,-0.05,11.879468
50,87,0.650,2,-0.05,10.603818
50,88,0.645,2,-0.05,10.083968
50,89,0.645,1,-0.05,8.536947
50,90,0.654,2,-0.05,9.019208
50,91,0.644,1,-0.05,8.461167
50,92,0.641,0,1.0,10.241819
50,93,0.638,1,-0.05,9.456097
50,94,0.634,2,-0.05,9.687429
50,95,0.633,2,-0.05,8.894967
50,96,0.632,2,-0.05,8.48406
50,97,0.637,0,1.0,7.302283
50,98,0.624,0,1.0,6.3750477
50,99,0.618,0,1.0,4.6166825
50,100,0.614,2,-0.05,4.152374
50,101,0.598,2,-0.05,2.9668014
50,102,0.609,1,-0.05,1.3620623
50,103,0.615,2,-0.05,3.08574
50,104,0.611,2,-0.05,3.9551105
50,105,0.595,0,1.0,0.61682045
50,106,0.588,2,-0.05,-2.7719772
50,107,0.580,2,-0.05,-4.7057147
50,108,0.565,0,1.0,-6.502515
50,109,0.551,1,-0.05,-12.045563
50,110,0.552,2,-0.05,-12.435789
50,111,0.542,1,-0.05,-13.211028
50,112,0.528,0,1.0,-9.049266
50,113,0.509,0,1.0,-12.173119
50,114,0.496,2,-0.05,-9.084064
50,115,0.491,2,-0.05,-11.236521
50,116,0.496,1,-0.05,-14.7241335
50,117,0.473,0,1.0,-15.698934
50,118,0.465,0,1.0,-12.255308
50,119,0.432,0,1.0,-15.075474
50,120,0.426,1,-0.05,-16.495865
50,121,0.433,0,1.0,-12.617902
50,122,0.406,1,-0.05,-12.77124
50,123,0.410,2,-0.05,-10.638689
50,124,0.392,0,1.0,-15.083832
50,125,0.394,1,-0.05,-16.334034
50,126,0.379,1,-0.05,-17.268013
50,127,0.360,0,1.0,-12.819225
50,128,0.357,0,1.0,-11.343616
50,129,0.348,0,1.0,-12.432432
50,130,0.351,1,-0.05,-12.191352
50,131,0.326,0,1.0,-11.92215
50,132,0.305,1,-0.05,-10.336372
50,133,0.324,2,-0.05,-8.018324
50,134,0.296,0,1.0,-12.575321
50,135,0.287,1,-0.05,-13.554284
50,136,0.293,0,1.0,-11.956231
50,137,0.289,2,-0.05,-9.569625
50,138,0.276,0,1.0,-7.5159073
50,139,0.267,2,-0.05,-5.8552647
50,140,0.249,0,-100.0,-4.791658
51,0,0.665,1,-0.05,16.814579
51,1,0.659,0,1.0,14.609787
51,2,0.656,0,1.0,12.756688
51,3,0.664,2,-0.05,12.586832
51,4,0.668,1,-0.05,11.970569
51,5,0.663,1,-0.05,12.592583
51,6,0.640,1,-0.05,10.333981
51,7,0.664,2,-0.05,8.884419
51,8,0.652,1,-0.05,9.273388
51,9,0.651,2,-0.05,7.795298
51,10,0.651,2,-0.05,8.631552
51,11,0.650,1,-0.05,10.705277
51,12,0.641,1,-0.05,10.81393
51,13,0.643,2,-0.05,7.8215356
51,14,0.647,1,-0.05,8.202581
51,15,0.637,2,-0.05,7.863099
51,16,0.637,1,-0.05,9.438681
51,17,0.639,2,-0.05,8.645092
51,18,0.627,0,1.0,10.364628
51,19,0.632,1,-0.05,12.77135
51,20,0.631,1,-0.05,12.354812
51,21,0.641,1,-0.05,10.579581
51,22,0.628,0,1.0,8.633259
51,23,0.619,2,-0.05,5.0553174
51,24,0.613,1,-0.05,4.402881
51,25,0.612,1,-0.05,1.9375324
51,26,0.611,0,1.0,-1.0867794
51,27,0.583,2,-0.05,-4.3957872
51,28,0.574,2,-0.05,-5.247376
51,29,0.568,2,-0.05,-2.1269
51,30,0.569,1,-0.05,0.535317
51,31,0.572,1,-0.05,0.4920859
51,32,0.575,1,-0.05,-3.6211793
51,33,0.548,2,-0.05,-6.70335
51,34,0.552,2,-0.05,-5.9035006
51,35,0.552,2,-0.05,-2.3465617
51,36,0.535,0,1.0,0.70205843
51,37,0.534,2,-0.05,4.583666
51,38,0.538,1,-0.05,4.9216814
51,39,0.532,1,-0.05,3.8097162
51,40,0.533,2,-0.05,0.27119997
51,41,0.537,2,-0.05,0.53430283
51,42,0.531,1,-0.05,4.92683
51,43,0.525,1,-0.05,2.731774
51,44,0.527,1,-0.05,-0.82980335
51,45,0.511,2,-0.05,-4.9843054
51,46,0.508,2,-0.05,-3.887888
51,47,0.515,2,-0.05,0.94142234
51,48,0.495,2,-0.05,4.176093
51,49,0.494,0,1.0,7.990752
51,50,0.484,0,1.0,11.427569
51,51,0.491,0,1.0,11.284089
51,52,0.480,2,-0.05,11.09399
51,53,0.469,2,-0.05,11.959684
51,54,0.471,2,-0.05,14.232016
51,55,0.474,1,-0.05,17.925472
51,56,0.456,0,1.0,16.324394
51,57,0.474,2,-0.05,14.113637
51,58,0.473,0,1.0,14.888124
51,59,0.482,2,-0.05,16.191961
51,60,0.451,2,-0.05,16.220257
51,61,0.458,2,-0.05,19.125643
51,62,0.465,2,-0.05,21.153786
51,63,0.465,2,-0.05,24.738415
51,64,0.479,0,1.0,27.287098
51,65,0.473,2,-0.05,28.81802
51,66,0.479,0,1.0,28.742186
51,67,0.497,1,-0.05,32.774002
51,68,0.496,2,-0.05,31.68707
51,69,0.480,2,-0.05,32.233234
51,70,0.494,1,-0.05,33.382088
51,71,0.497,2,-0.05,31.088837
51,72,0.506,1,-0.05,32.229042
51,73,0.512,2,-0.05,30.821257
51,74,0.509,2,-0.05,30.498
51,75,0.510,1,-0.05,28.722843
51,76,0.530,0,1.0,31.243053
51,77,0.547,1,-0.05,30.02837
51,78,0.528,2,-0.05,30.28272
51,79,0.544,0,1.0,28.768742
51,80,0.555,1,-0.05,32.627193
51,81,0.561,2,-0.05,31.392262
51,82,0.563,2,-0.05,25.454784
51,83,0.580,0,1.0,26.37119
51,84,0.588,2,-0.05,25.877546
51,85,0.577,1,-0.05,24.488783
51,86,0.595,2,-0.05,23.236082
51,87,0.603,0,1.0,24.099384
51,88,0.620,2,-0.05,22.563053
51,89,0.641,0,1.0,21.039774
51,90,0.654,1,-0.05,19.858059
51,91,0.667,0,1.0,17.539997
51,92,0.677,2,-0.05,15.402171
51,93,0.696,0,1.0,10.224408
51,94,0.689,1,-0.05,11.561009
51,95,0.688,2,-0.05,8.179832
51,96,0.660,0,1.0,4.2873797
51,97,0.664,1,-0.05,1.7870593
51,98,0.656,1,-0.05,-1.1933064
51,99,0.650,1,-0.05,-1.8846579
51,100,0.625,0,1.0,-2.0012882
51,101,0.617,2,-0.05,-1.9787431
51,102,0.603,2,-0.05,-8.2772255
51,103,0.590,0,1.0,-6.629044
51,104,0.565,0,1.0,-11.873222
51,105,0.535,2,-0.05,-18.910084
51,106,0.525,0,1.0,-21.745913
51,107,0.507,0,1.0,-26.096876
51,108,0.479,0,1.0,-31.317913
51,109,0.454,2,-0.05,-37.413532
51,110,0.452,2,-0.05,-41.94592
51,111,0.455,2,-0.05,-45.502567
51,112,0.427,0,1.0,-50.61721
51,113,0.399,0,1.0,-55.07446
51,114,0.368,1,-0.05,-65.52023
51,115,0.371,1,-0.05,-74.34579
51,116,0.337,0,1.0,-71.51082
51,117,0.318,1,-0.05,-76.06806
51,118,0.313,0,1.0,-81.40091
51,119,0.277,0,1.0,-79.13881
51,120,0.257,0,1.0,-90.458275
51,121,0.233,2,-100.0,-96.60078
52,0,0.659,0,1.0,23.915113
52,1,0.658,0,1.0,24.278242
52,2,0.669,0,1.0,23.794127
52,3,0.662,0,1.0,24.178637
52,4,0.661,0,1.0,23.278215
52,5,0.662,0,1.0,24.491552
52,6,0.664,0,1.0,23.408064
52,7,0.666,1,-0.05,24.400131
52,8,0.662,0,1.0,23.36493
52,9,0.663,1,-0.05,25.062283
52,10,0.664,2,-0.05,24.397333
52,11,0.657,0,1.0,24.91481
52,12,0.662,1,-0.05,23.293919
52,13,0.661,0,1.0,23.51342
52,14,0.676,1,-0.05,24.808249
52,15,0.668,0,1.0,24.51896
52,16,0.664,0,1.0,24.501417
52,17,0.662,0,1.0,23.816656
52,18,0.655,0,1.0,24.604074
52,19,0.648,2,-0.05,22.90318
52,20,0.668,2,-0.05,24.700108
52,21,0.640,0,1.0,23.77605
52,22,0.648,0,1.0,23.811861
52,23,0.655,2,-0.05,24.913431
52,24,0.651,2,-0.05,25.321466
52,25,0.657,1,-0.05,24.379774
52,26,0.658,0,1.0,24.132545
52,27,0.654,1,-0.05,24.128483
52,28,0.652,2,-0.05,24.363379
52,29,0.642,2,-0.05,24.229393
52,30,0.651,0,1.0,24.685247
52,31,0.643,1,-0.05,22.74594
52,32,0.662,0,1.0,23.750214
52,33,0.674,0,1.0,22.120806
52,34,0.665,0,1.0,23.760836
52,35,0.683,0,1.0,22.532116
52,36,0.671,1,-0.05,23.289297
52,37,0.684,2,-0.05,26.070507
52,38,0.670,1,-0.05,23.287985
52,39,0.676,1,-0.05,26.289055
52,40,0.681,0,1.0,24.49826
52,41,0.690,0,1.0,25.338823
52,42,0.684,0,1.0,25.482216
52,43,0.692,2,-0.05,27.846876
52,44,0.702,0,1.0,27.284836
52,45,0.693,2,-0.05,26.867968
52,46,0.684,0,1.0,24.82832
52,47,0.702,0,1.0,24.80459
52,48,0.683,2,-0.05,22.579166
52,49,0.695,2,-0.05,22.998714
52,50,0.697,0,1.0,24.114094
52,51,0.708,0,1.0,21.612637
52,52,0.693,2,-0.05,19.923082
52,53,0.693,1,-0.05,19.91727
52,54,0.690,1,-0.05,18.620773
52,55,0.695,2,-0.05,21.306673
52,56,0.689,2,-0.05,21.140795
52,57,0.691,0,1.0,18.424421
52,58,0.673,2,-0.05,15.426092
52,59,0.659,0,1.0,15.47357
52,60,0.663,1,-0.05,11.145512
52,61,0.653,2,-0.05,11.053935
52,62,0.659,2,-0.05,10.071654
52,63,0.657,1,-0.05,4.8862267
52,64,0.643,0,1.0,4.0244155
52,65,0.635,1,-0.05,9.407286
52,66,0.632,1,-0.05,11.67293
52,67,0.625,0,1.0,10.351163
52,68,0.589,0,1.0,11.964501
52,69,0.601,1,-0.05,11.199714
52,70,0.606,0,1.0,14.754871
52,71,0.600,2,-0.05,13.191173
52,72,0.607,2,-0.05,12.539227
52,73,0.590,0,1.0,13.650233
52,74,0.587,0,1.0,8.102619
52,75,0.588,1,-0.05,8.123733
52,76,0.585,1,-0.05,6.0191236
52,77,0.567,1,-0.05,10.676887
52,78,0.577,1,-0.05,12.755733
52,79,0.568,0,1.0,15.8305025
52,80,0.569,1,-0.05,17.008553
52,81,0.568,2,-0.05,16.847406
52,82,0.560,1,-0.05,16.16206
52,83,0.575,1,-0.05,16.105238
52,84,0.573,0,1.0,17.913492
52,85,0.565,2,-0.05,18.881298
52,86,0.581,0,1.0,17.639389
52,87,0.568,1,-0.05,15.679446
52,88,0.570,1,-0.05,14.293693
52,89,0.576,1,-0.05,17.554527
52,90,0.569,0,1.0,16.229763
52,91,0.581,1,-0.05,18.568035
52,92,0.581,0,1.0,16.416502
52,93,0.607,0,1.0,16.730314
52,94,0.597,1,-0.05,14.264203
52,95,0.615,1,-0.05,14.026895
52,96,0.618,0,1.0,15.669094
52,97,0.630,0,1.0,15.246362
52,98,0.630,2,-0.05,13.223214
52,99,0.654,0,1.0,11.716047
52,100,0.642,1,-0.05,12.121941
52,101,0.667,0,1.0,11.127485
52,102,0.689,0,1.0,12.224935
52,103,0.700,0,1.0,11.017657
52,104,0.701,1,-0.05,7.8007708
52,105,0.712,2,-0.05,9.64304
52,106,0.707,2,-0.05,8.195886
52,107,0.696,2,-0.05,8.248991
52,108,0.695,2,-0.05,8.846498
52,109,0.673,1,-0.05,8.034053
52,110,0.697,1,-0.05,6.2915525
52,111,0.674,2,-0.05,6.8721676
52,112,0.682,2,-0.05,5.973426
52,113,0.685,2,-0.05,8.06339
52,114,0.681,1,-0.05,6.212257
52,115,0.678,1,-0.05,6.0652347
52,116,0.666,0,1.0,5.0837803
52,117,0.665,2,-0.05,8.343465
52,118,0.663,2,-0.05,6.1487746
52,119,0.666,1,-0.05,6.0136456
52,120,0.656,2,-0.05,6.9797616
52,121,0.661,2,-0.05,5.394621
52,122,0.650,1,-0.05,3.4860535
52,123,0.648,2,-0.05,5.7833047
52,124,0.644,2,-0.05,5.3492537
52,125,0.631,0,1.0,3.3428352
52,126,0.646,2,-0.05,3.588632
52,127,0.634,2,-0.05,3.2649884
52,128,0.637,2,-0.05,1.0198069
52,129,0.634,1,-0.05,0.32425714
52,130,0.637,0,1.0,1.2295549
52,131,0.634,0,1.0,2.4829214
52,132,0.635,1,-0.05,2.9713817
52,133,0.640,1,-0.05,2.553899
52,134,0.635,0,1.0,2.6077363
52,135,0.625,2,-0.05,5.3297563
52,136,0.643,1,-0.05,2.7406356
52,137,0.638,2,-0.05,3.2689886
52,138,0.638,0,1.0,1.8113235
52,139,0.633,2,-0.05,3.7173991
52,140,0.624,1,-0.05,1.7207633
52,141,0.626,0,1.0,1.7939547
52,142,0.617,0,1.0,-1.4567065
52,143,0.622,2,-0.05,-3.1698549
52,144,0.598,0,1.0,-5.790071
52,145,0.610,0,1.0,-4.9128227
52,146,0.599,0,1.0,-7.1656666
52,147,0.598,2,-0.05,-7.1868095
52,148,0.594,2,-0.05,-9.907524
52,149,0.599,0,1.0,-8.846831
52,150,0.576,2,-0.05,-11.021019
52,151,0.607,0,1.0,-11.0043545
52,152,0.608,0,1.0,-12.720427
52,153,0.602,1,-0.05,-13.718232
52,154,0.603,1,-0.05,-15.845739
52,155,0.621,1,-0.05,-16.480396
52,156,0.602,2,-0.05,-18.322676
52,157,0.607,0,1.0,-17.68741
52,158,0.609,2,-0.05,-19.602608
52,159,0.605,0,1.0,-20.379992
52,160,0.584,1,-0.05,-21.113766
52,161,0.615,0,1.0,-22.251793
52,162,0.601,0,1.0,-25.691378
52,163,0.618,0,1.0,-27.46859
52,164,0.616,0,1.0,-31.636772
52,165,0.610,2,-0.05,-33.42246
52,166,0.624,2,-0.05,-36.126465
52,167,0.611,0,1.0,-34.700867
52,168,0.628,0,1.0,-35.46742
52,169,0.619,0,1.0,-37.496143
52,170,0.633,2,-0.05,-41.63576
52,171,0.636,0,1.0,-42.39374
52,172,0.633,0,1.0,-43.706482
52,173,0.650,0,1.0,-46.157097
52,174,0.644,2,-0.05,-51.07669
52,175,0.643,1,-0.05,-52.41774
52,176,0.630,0,1.0,-54.783688
52,177,0.601,1,-0.05,-59.20838
52,178,0.572,0,1.0,-63.53286
52,179,0.541,0,1.0,-66.53467
52,180,0.500,2,-0.05,-72.03946
52,181,0.494,1,-0.05,-73.973366
52,182,0.494,2,-0.05,-76.673035
52,183,0.475,2,-0.05,-76.528786
52,184,0.457,2,-0.05,-76.4829
52,185,0.448,2,-0.05,-74.85027
52,186,0.428,2,-0.05,-72.80519
52,187,0.438,2,-0.05,-69.43264
52,188,0.432,2,-0.05,-65.441956
52,189,0.415,2,-0.05,-61.388012
52,190,0.407,2,-0.05,-56.012836
52,191,0.388,1,-0.05,-48.220394
52,192,0.391,2,-0.05,-53.25875
52,193,0.378,2,-0.05,-50.75259
52,194,0.368,2,-0.05,-45.504425
52,195,0.342,0,1.0,-37.6834
52,196,0.335,2,-0.05,-34.794857
52,197,0.326,2,-0.05,-35.46629
52,198,0.309,2,-0.05,-28.28472
52,199,0.310,2,-0.05,-20.662867
52,200,0.294,0,1.0,-12.5898075
52,201,0.266,0,1.0,-5.2897835
52,202,0.251,2,-0.05,-10.398503
52,203,0.245,2,-100.0,-12.047892
53,0,0.653,2,-0.05,21.144253
53,1,0.658,0,1.0,19.265821
53,2,0.677,0,1.0,18.098703
53,3,0.668,1,-0.05,19.35536
53,4,0.665,1,-0.05,19.677147
53,5,0.668,2,-0.05,20.848501
53,6,0.668,0,1.0,20.250738
53,7,0.679,0,1.0,18.4535
53,8,0.676,2,-0.05,19.191193
53,9,0.680,0,1.0,18.99877
53,10,0.680,0,1.0,19.850922
53,11,0.701,0,1.0,19.86966
53,12,0.695,0,1.0,20.023037
53,13,0.709,0,1.0,20.137737
53,14,0.703,0,1.0,19.863121
53,15,0.680,0,1.0,19.960968
53,16,0.687,0,1.0,20.005669
53,17,0.679,0,1.0,19.976215
53,18,0.668,2,-0.05,19.685911
53,19,0.662,0,1.0,20.131912
53,20,0.664,1,-0.05,17.384123
53,21,0.648,0,1.0,17.35103
53,22,0.658,1,-0.05,19.792418
53,23,0.654,1,-0.05,19.989717
53,24,0.646,0,1.0,22.308424
53,25,0.639,0,1.0,24.44709
53,26,0.634,0,1.0,24.570414
53,27,0.635,0,1.0,24.551739
53,28,0.636,2,-0.05,24.543251
53,29,0.644,1,-0.05,24.881351
53,30,0.641,2,-0.05,24.805199
53,31,0.633,2,-0.05,24.837563
53,32,0.639,0,1.0,22.701387
53,33,0.625,0,1.0,20.286379
53,34,0.634,2,-0.05,20.359417
53,35,0.614,0,1.0,20.257298
53,36,0.620,0,1.0,17.280243
53,37,0.604,0,1.0,17.57246
53,38,0.592,0,1.0,17.193312
53,39,0.586,2,-0.05,17.001059
53,40,0.583,0,1.0,17.086231
53,41,0.573,2,-0.05,16.989958
53,42,0.567,2,-0.05,16.529991
53,43,0.573,1,-0.05,9.56766
53,44,0.576,1,-0.05,9.886231
53,45,0.563,2,-0.05,16.279161
53,46,0.561,0,1.0,16.144402
53,47,0.553,0,1.0,8.408378
53,48,0.540,1,-0.05,8.982638
53,49,0.529,0,1.0,6.662754
53,50,0.513,0,1.0,13.177542
53,51,0.508,2,-0.05,11.771172
53,52,0.509,2,-0.05,11.035367
53,53,0.514,2,-0.05,2.1094012
53,54,0.507,0,1.0,-1.8842891
53,55,0.494,2,-0.05,-8.550138
53,56,0.469,0,1.0,-10.067427
53,57,0.468,2,-0.05,-16.865767
53,58,0.474,1,-0.05,-18.664774
53,59,0.459,0,1.0,-18.230684
53,60,0.434,0,1.0,-13.059971
53,61,0.419,2,-0.05,-14.963638
53,62,0.419,0,1.0,-16.25975
53,63,0.403,2,-0.05,-22.111551
53,64,0.392,0,1.0,-23.412714
53,65,0.379,0,1.0,-31.674849
53,66,0.355,0,1.0,-34.4858
53,67,0.338,1,-0.05,-37.1202
53,68,0.330,0,1.0,-38.92908
53,69,0.317,1,-0.05,-31.855986
53,70,0.308,0,1.0,-33.21222
53,71,0.299,2,-0.05,-25.902113
53,72,0.294,1,-0.05,-32.148605
53,73,0.271,0,1.0,-27.082293
53,74,0.275,0,1.0,-19.910725
53,75,0.265,0,1.0,-21.03271
53,76,0.245,2,-100.0,-22.255243
54,0,0.659,0,1.0,17.977304
54,1,0.658,0,1.0,17.417751
54,2,0.669,2,-0.05,17.533346
54,3,0.660,2,-0.05,17.33564
54,4,0.659,0,1.0,17.781605
54,5,0.675,0,1.0,17.777674
54,6,0.655,2,-0.05,17.729485
54,7,0.682,1,-0.05,18.19153
54,8,0.673,0,1.0,17.973127
54,9,0.666,1,-0.05,18.927334
54,10,0.670,0,1.0,19.159258
54,11,0.689,0,1.0,19.063177
54,12,0.682,2,-0.05,19.44033
54,13,0.691,0,1.0,19.759884
54,14,0.688,0,1.0,21.539032
54,15,0.684,0,1.0,21.291193
54,16,0.682,1,-0.05,21.514036
54,17,0.693,0,1.0,21.803696
54,18,0.688,1,-0.05,22.304384
54,19,0.692,2,-0.05,22.440968
54,20,0.692,0,1.0,21.495144
54,21,0.692,0,1.0,21.311176
54,22,0.693,2,-0.05,21.42949
54,23,0.685,2,-0.05,21.847446
54,24,0.700,1,-0.05,20.843027
54,25,0.688,0,1.0,22.760828
54,26,0.707,2,-0.05,23.629356
54,27,0.706,0,1.0,23.78892
54,28,0.714,1,-0.05,23.50055
54,29,0.694,2,-0.05,23.189323
54,30,0.706,0,1.0,23.592962
54,31,0.692,0,1.0,21.742733
54,32,0.688,0,1.0,21.815533
54,33,0.685,2,-0.05,21.884804
54,34,0.689,1,-0.05,22.088926
54,35,0.680,0,1.0,22.046696
54,36,0.673,1,-0.05,23.655895
54,37,0.678,2,-0.05,23.757801
54,38,0.672,2,-0.05,25.944473
54,39,0.677,2,-0.05,23.324965
54,40,0.676,1,-0.05,19.820734
54,41,0.668,0,1.0,18.942802
54,42,0.650,2,-0.05,21.482672
54,43,0.661,2,-0.05,21.548746
54,44,0.665,2,-0.05,18.668388
54,45,0.655,1,-0.05,12.780524
54,46,0.655,1,-0.05,19.28687
54,47,0.645,1,-0.05,22.510841
54,48,0.637,0,1.0,20.794622
54,49,0.635,0,1.0,27.828804
54,50,0.633,2,-0.05,27.779472
54,51,0.637,1,-0.05,27.987478
54,52,0.627,1,-0.05,27.52614
54,53,0.643,0,1.0,28.39284
54,54,0.618,0,1.0,26.131695
54,55,0.634,0,1.0,25.3431
54,56,0.638,0,1.0,26.787733
54,57,0.640,0,1.0,25.289154
54,58,0.635,0,1.0,24.56095
54,59,0.632,2,-0.05,23.188375
54,60,0.647,0,1.0,22.659163
54,61,0.646,2,-0.05,20.70008
54,62,0.639,0,1.0,19.76379
54,63,0.638,0,1.0,23.261135
54,64,0.628,2,-0.05,21.925228
54,65,0.634,0,1.0,21.21274
54,66,0.621,0,1.0,18.095211
54,67,0.629,2,-0.05,16.704687
54,68,0.617,0,1.0,16.23873
54,69,0.619,2,-0.05,12.197577
54,70,0.608,1,-0.05,10.976509
54,71,0.602,1,-0.05,10.554863
54,72,0.611,2,-0.05,13.4853115
54,73,0.593,1,-0.05,13.476385
54,74,0.601,1,-0.05,12.924787
54,75,0.592,0,1.0,15.071603
54,76,0.595,2,-0.05,16.319942
54,77,0.607,2,-0.05,15.312352
54,78,0.606,2,-0.05,13.363613
54,79,0.600,0,1.0,14.663718
54,80,0.592,1,-0.05,11.205136
54,81,0.593,0,1.0,9.512456
54,82,0.565,2,-0.05,11.43505
54,83,0.586,0,1.0,10.820856
54,84,0.569,0,1.0,6.766816
54,85,0.575,2,-0.05,4.722163
54,86,0.568,0,1.0,4.364194
54,87,0.550,0,1.0,5.2260995
54,88,0.553,0,1.0,2.8732424
54,89,0.542,1,-0.05,1.5352789
54,90,0.537,1,-0.05,0.33252558
54,91,0.539,0,1.0,2.6625009
54,92,0.527,1,-0.05,4.371394
54,93,0.521,0,1.0,3.0448732
54,94,0.517,1,-0.05,5.5715327
54,95,0.522,1,-0.05,4.5363
54,96,0.521,2,-0.05,7.3854237
54,97,0.517,0,1.0,6.025883
54,98,0.513,0,1.0,4.0607724
54,99,0.497,0,1.0,1.7717135
54,100,0.514,2,-0.05,3.8004904
54,101,0.522,1,-0.05,1.5439018
54,102,0.517,2,-0.05,2.6838014
54,103,0.511,1,-0.05,1.1542913
54,104,0.501,0,1.0,4.085705
54,105,0.515,2,-0.05,3.5254872
54,106,0.506,0,1.0,3.7927265
54,107,0.501,0,1.0,2.3899221
54,108,0.513,1,-0.05,1.3715562
54,109,0.509,0,1.0,-0.6476081
54,110,0.520,1,-0.05,4.134363
54,111,0.501,0,1.0,2.3168972
54,112,0.504,1,-0.05,3.117793
54,113,0.511,2,-0.05,1.8205872
54,114,0.518,2,-0.05,1.6272581
54,115,0.521,1,-0.05,1.0129206
54,116,0.515,1,-0.05,1.3307792
54,117,0.518,1,-0.05,2.6675003
54,118,0.520,0,1.0,5.8568735
54,119,0.522,1,-0.05,5.1404138
54,120,0.523,0,1.0,6.680441
54,121,0.540,1,-0.05,7.322891
54,122,0.536,1,-0.05,8.896568
54,123,0.541,2,-0.05,10.144663
54,124,0.535,1,-0.05,10.7185755
54,125,0.554,1,-0.05,10.776796
54,126,0.545,2,-0.05,11.830044
54,127,0.561,0,1.0,11.5317745
54,128,0.579,0,1.0,9.85182
54,129,0.586,0,1.0,10.429578
54,130,0.588,2,-0.05,8.145071
54,131,0.610,0,1.0,7.699731
54,132,0.611,0,1.0,7.7847505
54,133,0.617,1,-0.05,5.4883
54,134,0.611,0,1.0,5.3092685
54,135,0.621,2,-0.05,4.2191596
54,136,0.633,1,-0.05,4.3301554
54,137,0.641,0,1.0,3.5134997
54,138,0.645,1,-0.05,2.05762
54,139,0.649,1,-0.05,-2.0721188
54,140,0.674,1,-0.05,-3.571286
54,141,0.660,1,-0.05,-7.4700766
54,142,0.679,2,-0.05,-13.752247
54,143,0.685,2,-0.05,-11.019305
54,144,0.692,2,-0.05,-6.631591
54,145,0.695,2,-0.05,-5.7118316
54,146,0.705,0,1.0,-3.7996547
54,147,0.708,1,-0.05,-4.1550426
54,148,0.712,1,-0.05,-6.0587406
54,149,0.706,2,-0.05,-8.906339
54,150,0.690,0,1.0,-8.525471
54,151,0.683,2,-0.05,-9.311325
54,152,0.682,0,1.0,-10.325494
54,153,0.667,0,1.0,-10.88068
54,154,0.657,2,-0.05,-13.694214
54,155,0.655,1,-0.05,-16.158068
54,156,0.660,0,1.0,-16.310936
54,157,0.649,2,-0.05,-21.847607
54,158,0.649,1,-0.05,-22.694168
54,159,0.630,0,1.0,-24.684713
54,160,0.628,0,1.0,-29.235653
54,161,0.613,2,-0.05,-33.377605
54,162,0.616,2,-0.05,-35.02557
54,163,0.613,1,-0.05,-32.764263
54,164,0.611,1,-0.05,-34.063248
54,165,0.600,2,-0.05,-39.908165
54,166,0.593,0,1.0,-38.130707
54,167,0.586,1,-0.05,-38.11684
54,168,0.573,0,1.0,-39.197704
54,169,0.557,0,1.0,-46.37385
54,170,0.549,1,-0.05,-48.75841
54,171,0.539,2,-0.05,-52.46259
54,172,0.540,1,-0.05,-50.461395
54,173,0.538,1,-0.05,-53.589848
54,174,0.512,0,1.0,-59.621407
54,175,0.510,0,1.0,-68.08146
54,176,0.485,1,-0.05,-71.922134
54,177,0.492,1,-0.05,-76.521545
54,178,0.490,2,-0.05,-84.06842
54,179,0.478,0,1.0,-81.52876
54,180,0.463,1,-0.05,-77.695435
54,181,0.449,1,-0.05,-81.066185
54,182,0.451,2,-0.05,-88.6207
54,183,0.447,1,-0.05,-87.96296
54,184,0.438,1,-0.05,-89.62051
54,185,0.433,2,-0.05,-99.5019
54,186,0.426,0,1.0,-94.691216
54,187,0.414,0,1.0,-92.62745
54,188,0.386,2,-0.05,-95.988365
54,189,0.374,0,1.0,-98.746086
54,190,0.363,2,-0.05,-95.11009
54,191,0.357,2,-0.05,-98.080666
54,192,0.344,0,1.0,-92.65316
54,193,0.337,1,-0.05,-89.20715
54,194,0.338,1,-0.05,-91.45366
54,195,0.320,0,1.0,-98.89327
54,196,0.319,2,-0.05,-106.2086
54,197,0.307,2,-0.05,-108.29411
54,198,0.298,2,-0.05,-102.60848
54,199,0.298,2,-0.05,-97.28388
54,200,0.285,0,1.0,-92.46909
54,201,0.297,1,-0.05,-91.65767
54,202,0.290,0,1.0,-93.446335
54,203,0.273,0,1.0,-100.750114
54,204,0.264,2,-0.05,-103.94474
54,205,0.273,0,1.0,-106.94139
54,206,0.254,2,-0.05,-104.14515
54,207,0.216,0,-100.0,-107.17654
55,0,0.655,1,-0.05,27.07673
55,1,0.659,2,-0.05,25.441345
55,2,0.670,2,-0.05,26.48902
55,3,0.658,1,-0.05,25.161835
55,4,0.672,1,-0.05,25.05402
55,5,0.673,2,-0.05,25.299894
55,6,0.665,0,1.0,25.47037
55,7,0.664,1,-0.05,23.963446
55,8,0.665,1,-0.05,25.42833
55,9,0.678,1,-0.05,25.419075
55,10,0.655,0,1.0,25.131512
55,11,0.672,1,-0.05,23.412586
55,12,0.667,2,-0.05,22.612465
55,13,0.661,2,-0.05,23.46375
55,14,0.663,1,-0.05,23.502943
55,15,0.658,0,1.0,23.191498
55,16,0.650,2,-0.05,22.935753
55,17,0.648,1,-0.05,21.70329
55,18,0.638,2,-0.05,22.891235
55,19,0.651,0,1.0,20.996416
55,20,0.640,1,-0.05,23.202393
55,21,0.637,1,-0.05,21.668253
55,22,0.647,1,-0.05,22.091896
55,23,0.633,2,-0.05,19.29341
55,24,0.638,1,-0.05,20.696768
55,25,0.634,2,-0.05,19.792837
55,26,0.637,2,-0.05,21.781172
55,27,0.632,2,-0.05,22.367418
55,28,0.631,2,-0.05,22.739609
55,29,0.627,0,1.0,23.12204
55,30,0.628,2,-0.05,22.604088
55,31,0.615,1,-0.05,23.169752
55,32,0.634,2,-0.05,22.219965
55,33,0.631,0,1.0,23.206654
55,34,0.625,2,-0.05,21.627296
55,35,0.621,0,1.0,22.742466
55,36,0.629,1,-0.05,20.929234
55,37,0.622,2,-0.05,22.315952
55,38,0.650,0,1.0,21.059582
55,39,0.641,2,-0.05,20.904432
55,40,0.645,2,-0.05,20.09499
55,41,0.665,0,1.0,16.59119
55,42,0.671,0,1.0,14.544535
55,43,0.682,1,-0.05,13.901279
55,44,0.678,1,-0.05,13.014387
55,45,0.692,1,-0.05,15.144818
55,46,0.706,0,1.0,18.743149
55,47,0.710,0,1.0,20.542526
55,48,0.687,0,1.0,20.327028
55,49,0.687,0,1.0,20.910934
55,50,0.684,0,1.0,20.022264
55,51,0.676,0,1.0,21.5071
55,52,0.670,0,1.0,19.32322
55,53,0.668,0,1.0,21.094309
55,54,0.635,2,-0.05,19.848967
55,55,0.653,2,-0.05,20.5594
55,56,0.650,0,1.0,16.89587
55,57,0.637,1,-0.05,11.825812
55,58,0.625,1,-0.05,14.1004715
55,59,0.628,2,-0.05,16.658756
55,60,0.635,1,-0.05,16.741405
55,61,0.613,2,-0.05,16.233488
55,62,0.622,1,-0.05,16.184708
55,63,0.615,1,-0.05,16.10058
55,64,0.611,1,-0.05,18.716738
55,65,0.610,1,-0.05,22.48252
55,66,0.607,1,-0.05,24.845509
55,67,0.603,2,-0.05,28.839046
55,68,0.613,1,-0.05,27.4462
55,69,0.611,0,1.0,28.118439
55,70,0.609,0,1.0,27.929483
55,71,0.614,0,1.0,27.569304
55,72,0.612,1,-0.05,26.0097
55,73,0.607,0,1.0,27.892467
55,74,0.616,0,1.0,25.70883
55,75,0.629,1,-0.05,27.160261
55,76,0.621,0,1.0,25.462488
55,77,0.627,0,1.0,26.179087
55,78,0.640,1,-0.05,23.703243
55,79,0.652,0,1.0,23.866064
55,80,0.657,0,1.0,21.360138
55,81,0.662,2,-0.05,21.231262
55,82,0.662,2,-0.05,21.198147
55,83,0.661,1,-0.05,21.271458
55,84,0.668,0,1.0,19.336126
55,85,0.672,2,-0.05,18.43147
55,86,0.674,2,-0.05,17.743975
55,87,0.682,2,-0.05,20.133497
55,88,0.690,1,-0.05,18.208254
55,89,0.680,2,-0.05,18.48886
55,90,0.689,0,1.0,17.089573
55,91,0.693,1,-0.05,17.939371
55,92,0.701,2,-0.05,16.222694
55,93,0.702,2,-0.05,17.333517
55,94,0.702,0,1.0,16.29137
55,95,0.699,0,1.0,14.387784
55,96,0.707,2,-0.05,15.574308
55,97,0.694,2,-0.05,15.498241
55,98,0.699,1,-0.05,14.110676
55,99,0.702,1,-0.05,13.407899
55,100,0.694,1,-0.05,13.766611
55,101,0.686,1,-0.05,14.368884
55,102,0.696,0,1.0,14.065761
55,103,0.709,1,-0.05,14.4790945
55,104,0.699,1,-0.05,12.561144
55,105,0.705,2,-0.05,13.25098
55,106,0.704,2,-0.05,12.32244
55,107,0.703,2,-0.05,12.830481
55,108,0.702,2,-0.05,11.112507
55,109,0.707,2,-0.05,11.664003
55,110,0.702,1,-0.05,10.3582325
55,111,0.711,2,-0.05,11.219326
55,112,0.706,0,1.0,10.660923
55,113,0.711,2,-0.05,10.521563
55,114,0.698,2,-0.05,9.581655
55,115,0.700,2,-0.05,9.101365
55,116,0.707,1,-0.05,8.745884
55,117,0.711,1,-0.05,10.120716
55,118,0.699,0,1.0,9.499637
55,119,0.705,2,-0.05,9.8156185
55,120,0.697,2,-0.05,8.290344
55,121,0.705,1,-0.05,8.661627
55,122,0.688,1,-0.05,6.583078
55,123,0.700,2,-0.05,7.2522383
55,124,0.688,0,1.0,6.188259
55,125,0.686,2,-0.05,5.693263
55,126,0.680,2,-0.05,6.2961683
55,127,0.695,1,-0.05,6.982849
55,128,0.663,2,-0.05,4.648144
55,129,0.676,0,1.0,5.981189
55,130,0.671,1,-0.05,3.6061497
55,131,0.676,2,-0.05,3.0808291
55,132,0.673,2,-0.05,2.4191697
55,133,0.658,2,-0.05,5.7032895
55,134,0.653,0,1.0,4.9833775
55,135,0.635,0,1.0,4.1471815
55,136,0.645,2,-0.05,1.5185602
55,137,0.632,2,-0.05,1.0959227
55,138,0.635,2,-0.05,-0.111883104
55,139,0.623,0,1.0,4.244107
55,140,0.593,2,-0.05,0.7817371
55,141,0.579,0,1.0,-0.5950068
55,142,0.560,0,1.0,-3.5759254
55,143,0.545,1,-0.05,-7.5384912
55,144,0.545,2,-0.05,-11.042675
55,145,0.528,1,-0.05,-10.004654
55,146,0.512,0,1.0,-14.293087
55,147,0.493,2,-0.05,-14.821343
55,148,0.495,1,-0.05,-17.491686
55,149,0.472,0,1.0,-11.730625
55,150,0.469,1,-0.05,-13.020222
55,151,0.456,0,1.0,-14.883487
55,152,0.442,1,-0.05,-15.532243
55,153,0.428,0,1.0,-16.993021
55,154,0.407,1,-0.05,-17.211208
55,155,0.412,1,-0.05,-14.955156
55,156,0.418,1,-0.05,-14.999265
55,157,0.422,1,-0.05,-13.145324
55,158,0.398,1,-0.05,-10.805312
55,159,0.405,2,-0.05,-7.7156734
55,160,0.391,0,1.0,-9.307513
55,161,0.393,1,-0.05,-10.408835
55,162,0.392,1,-0.05,-12.496879
55,163,0.381,0,1.0,-9.519242
55,164,0.386,0,1.0,-2.0863044
55,165,0.386,1,-0.05,-0.80719584
55,166,0.364,0,1.0,1.1905237
55,167,0.378,1,-0.05,9.549787
55,168,0.363,0,1.0,11.401431
55,169,0.383,1,-0.05,14.058208
55,170,0.373,0,1.0,14.798766
55,171,0.375,1,-0.05,15.467794
55,172,0.390,1,-0.05,13.9358835
55,173,0.381,0,1.0,18.827816
55,174,0.387,2,-0.05,18.085941
55,175,0.379,0,1.0,16.883198
55,176,0.407,0,1.0,13.366464
55,177,0.419,2,-0.05,12.269421
55,178,0.436,2,-0.05,9.633578
55,179,0.440,0,1.0,7.107395
55,180,0.467,0,1.0,2.5433128
55,181,0.477,0,1.0,1.0751921
55,182,0.497,2,-0.05,-2.7999034
55,183,0.492,2,-0.05,-3.7022803
55,184,0.507,1,-0.05,-7.44183
55,185,0.525,0,1.0,-6.8734307
55,186,0.555,0,1.0,-7.6668954
55,187,0.574,0,1.0,-10.327016
55,188,0.600,1,-0.05,-14.531917
55,189,0.600,2,-0.05,-15.186693
55,190,0.611,2,-0.05,-17.888893
55,191,0.600,1,-0.05,-19.286257
55,192,0.632,0,1.0,-21.378582
55,193,0.677,0,1.0,-22.080929
55,194,0.701,1,-0.05,-27.020113
55,195,0.716,0,1.0,-29.90003
55,196,0.745,1,-0.05,-33.34878
55,197,0.770,0,1.0,-35.572018
55,198,0.762,2,-0.05,-39.04653
55,199,0.757,1,-0.05,-41.690094
55,200,0.743,2,-0.05,-43.246803
55,201,0.722,0,1.0,-43.704018
55,202,0.675,0,1.0,-48.24817
55,203,0.653,1,-0.05,-51.570724
55,204,0.649,1,-0.05,-56.02302
55,205,0.633,0,1.0,-54.508896
55,206,0.605,2,-0.05,-59.402565
55,207,0.578,2,-0.05,-61.43489
55,208,0.570,0,1.0,-63.449142
55,209,0.538,1,-0.05,-65.59783
55,210,0.520,1,-0.05,-70.02497
55,211,0.518,2,-0.05,-70.23642
55,212,0.501,2,-0.05,-72.05322
55,213,0.472,0,1.0,-72.8127
55,214,0.449,1,-0.05,-76.20412
55,215,0.427,0,1.0,-78.71277
55,216,0.401,2,-0.05,-83.18664
55,217,0.382,0,1.0,-87.186005
55,218,0.347,2,-0.05,-90.39332
55,219,0.332,1,-0.05,-93.85457
55,220,0.336,1,-0.05,-97.70465
55,221,0.295,0,1.0,-99.920006
55,222,0.261,0,1.0,-105.76054
55,223,0.245,1,-100.0,-110.45782
56,0,0.661,1,-0.05,25.378395
56,1,0.671,1,-0.05,25.76203
56,2,0.663,2,-0.05,24.294645
56,3,0.661,2,-0.05,24.486649
56,4,0.659,0,1.0,24.700516
56,5,0.664,2,-0.05,24.188871
56,6,0.667,0,1.0,23.687504
56,7,0.671,0,1.0,21.839815
56,8,0.673,0,1.0,21.970356
56,9,0.680,1,-0.05,22.292482
56,10,0.680,2,-0.05,22.665743
56,11,0.682,1,-0.05,22.38883
56,12,0.674,1,-0.05,22.423286
56,13,0.677,2,-0.05,23.791138
56,14,0.679,1,-0.05,22.501728
56,15,0.680,1,-0.05,23.683323
56,16,0.682,2,-0.05,25.441576
56,17,0.680,2,-0.05,23.641033
56,18,0.669,0,1.0,23.915596
56,19,0.677,0,1.0,22.846844
56,20,0.692,0,1.0,22.786398
56,21,0.701,2,-0.05,22.891617
56,22,0.697,0,1.0,22.920858
56,23,0.700,1,-0.05,21.453287
56,24,0.701,2,-0.05,20.831404
56,25,0.702,0,1.0,21.237022
56,26,0.702,1,-0.05,18.167805
56,27,0.697,2,-0.05,18.326735
56,28,0.697,2,-0.05,14.450409
56,29,0.700,1,-0.05,13.441144
56,30,0.692,2,-0.05,12.188808
56,31,0.693,0,1.0,12.663939
56,32,0.667,2,-0.05,8.543848
56,33,0.662,1,-0.05,8.646811
56,34,0.670,2,-0.05,10.255809
56,35,0.667,2,-0.05,8.309573
56,36,0.651,0,1.0,4.82395
56,37,0.640,2,-0.05,2.21224
56,38,0.643,1,-0.05,0.9570906
56,39,0.633,2,-0.05,0.46152696
56,40,0.632,2,-0.05,0.07603067
56,41,0.615,0,1.0,-3.5120885
56,42,0.581,1,-0.05,-6.8540225
56,43,0.599,0,1.0,-8.712368
56,44,0.567,0,1.0,-8.2465725
56,45,0.540,1,-0.05,-11.1042185
56,46,0.544,1,-0.05,-11.861726
56,47,0.522,0,1.0,-10.00253
56,48,0.510,0,1.0,-5.174132
56,49,0.500,2,-0.05,-7.53687
56,50,0.500,0,1.0,-7.7609816
56,51,0.475,1,-0.05,-14.264391
56,52,0.468,1,-0.05,-14.365048
56,53,0.472,2,-0.05,-10.312204
56,54,0.459,0,1.0,-13.577613
56,55,0.436,0,1.0,-20.879162
56,56,0.414,1,-0.05,-22.551727
56,57,0.410,0,1.0,-25.301695
56,58,0.401,2,-0.05,-18.727598
56,59,0.377,0,1.0,-20.693348
56,60,0.359,1,-0.05,-28.597153
56,61,0.366,1,-0.05,-30.192488
56,62,0.340,0,1.0,-22.057081
56,63,0.348,1,-0.05,-16.99227
56,64,0.350,1,-0.05,-17.134802
56,65,0.333,0,1.0,-11.146207
56,66,0.325,1,-0.05,-8.0613985
56,67,0.324,1,-0.05,-5.714674
56,68,0.320,1,-0.05,-0.31157726
56,69,0.316,1,-0.05,13.6744995
56,70,0.318,0,1.0,18.092484
56,71,0.316,2,-0.05,23.358948
56,72,0.316,0,1.0,22.925074
56,73,0.298,1,-0.05,15.788293
56,74,0.308,1,-0.05,16.096127
56,75,0.299,1,-0.05,22.430264
56,76,0.305,2,-0.05,29.15636
56,77,0.304,0,1.0,27.395588
56,78,0.296,1,-0.05,20.833422
56,79,0.298,0,1.0,19.76863
56,80,0.290,0,1.0,27.074707
56,81,0.298,1,-0.05,25.162577
56,82,0.295,1,-0.05,25.61381
56,83,0.292,0,1.0,31.151615
56,84,0.295,1,-0.05,35.29209
56,85,0.295,1,-0.05,34.032917
56,86,0.299,2,-0.05,37.452003
56,87,0.295,1,-0.05,36.582657
56,88,0.295,2,-0.05,36.794342
56,89,0.304,2,-0.05,35.54347
56,90,0.306,1,-0.05,33.3963
56,91,0.291,1,-0.05,32.797848
56,92,0.309,0,1.0,37.81571
56,93,0.320,0,1.0,36.765743
56,94,0.332,1,-0.05,38.143326
56,95,0.312,1,-0.05,35.992226
56,96,0.332,2,-0.05,38.069138
56,97,0.345,0,1.0,34.674286
56,98,0.338,1,-0.05,34.7426
56,99,0.343,1,-0.05,33.505756
56,100,0.338,2,-0.05,34.856304
56,101,0.347,1,-0.05,32.317913
56,102,0.346,2,-0.05,32.378487
56,103,0.360,2,-0.05,31.410583
56,104,0.363,0,1.0,28.980453
56,105,0.364,1,-0.05,26.02187
56,106,0.349,1,-0.05,27.439167
56,107,0.371,2,-0.05,28.313145
56,108,0.366,1,-0.05,26.499651
56,109,0.372,2,-0.05,27.847258
56,110,0.370,0,1.0,28.242617
56,111,0.380,0,1.0,24.661785
56,112,0.368,1,-0.05,24.027151
56,113,0.373,1,-0.05,22.655378
56,114,0.383,0,1.0,24.667284
56,115,0.391,1,-0.05,25.465351
56,116,0.387,1,-0.05,25.742062
56,117,0.396,0,1.0,25.106804
56,118,0.410,0,1.0,27.323647
56,119,0.418,2,-0.05,24.868664
56,120,0.434,0,1.0,23.99843
56,121,0.444,1,-0.05,22.715483
56,122,0.431,2,-0.05,22.165112
56,123,0.451,0,1.0,21.248386
56,124,0.456,0,1.0,20.473145
56,125,0.463,1,-0.05,17.435831
56,126,0.464,0,1.0,17.945799
56,127,0.467,0,1.0,18.281994
56,128,0.480,2,-0.05,16.392273
56,129,0.490,2,-0.05,15.734529
56,130,0.481,2,-0.05,15.117706
56,131,0.480,1,-0.05,14.0714655
56,132,0.502,0,1.0,13.290148
56,133,0.500,2,-0.05,13.504058
56,134,0.499,0,1.0,12.670237
56,135,0.507,1,-0.05,12.077096
56,136,0.498,1,-0.05,11.411501
56,137,0.508,1,-0.05,14.073631
56,138,0.513,1,-0.05,13.788304
56,139,0.523,1,-0.05,15.918348
56,140,0.507,1,-0.05,16.27566
56,141,0.508,2,-0.05,16.902056
56,142,0.529,0,1.0,18.02487
56,143,0.537,2,-0.05,16.199146
56,144,0.542,0,1.0,14.820357
56,145,0.552,2,-0.05,14.56034
56,146,0.573,0,1.0,12.674107
56,147,0.582,0,1.0,13.031837
56,148,0.586,2,-0.05,13.175147
56,149,0.579,1,-0.05,11.833381
56,150,0.596,0,1.0,12.373016
56,151,0.607,0,1.0,11.58754
56,152,0.616,0,1.0,8.418902
56,153,0.637,2,-0.05,6.775234
56,154,0.635,1,-0.05,3.8801181
56,155,0.642,0,1.0,4.5023637
56,156,0.664,1,-0.05,2.5947654
56,157,0.653,2,-0.05,2.9000692
56,158,0.657,1,-0.05,2.43607
56,159,0.653,1,-0.05,3.4483428
56,160,0.664,2,-0.05,2.6479917
56,161,0.667,2,-0.05,2.3714662
56,162,0.672,2,-0.05,1.7323534
56,163,0.680,2,-0.05,1.1604089
56,164,0.686,1,-0.05,0.31684664
56,165,0.694,2,-0.05,1.2141395
56,166,0.707,0,1.0,0.061477214
56,167,0.714,0,1.0,0.010218874
56,168,0.706,1,-0.05,-0.7031497
56,169,0.687,2,-0.05,-0.95357764
56,170,0.700,2,-0.05,-2.2462134
56,171,0.689,2,-0.05,-1.9698658
56,172,0.685,1,-0.05,-3.1899345
56,173,0.680,1,-0.05,-1.9872329
56,174,0.685,1,-0.05,-3.2574735
56,175,0.692,0,1.0,-4.043759
56,176,0.682,2,-0.05,-7.7614794
56,177,0.674,1,-0.05,-9.022974
56,178,0.680,1,-0.05,-10.793693
56,179,0.656,1,-0.05,-10.855132
56,180,0.660,2,-0.05,-13.709275
56,181,0.661,0,1.0,-13.189654
56,182,0.632,0,1.0,-14.788151
56,183,0.635,2,-0.05,-17.08331
56,184,0.614,2,-0.05,-19.810328
56,185,0.623,2,-0.05,-18.579266
56,186,0.613,2,-0.05,-20.008366
56,187,0.618,0,1.0,-17.82348
56,188,0.604,1,-0.05,-19.30768
56,189,0.595,1,-0.05,-20.190172
56,190,0.600,2,-0.05,-22.793306
56,191,0.589,1,-0.05,-23.021385
56,192,0.601,0,1.0,-24.465954
56,193,0.600,2,-0.05,-26.522743
56,194,0.583,2,-0.05,-29.415775
56,195,0.579,0,1.0,-27.530874
56,196,0.572,2,-0.05,-30.12331
56,197,0.561,1,-0.05,-30.847965
56,198,0.571,2,-0.05,-33.006104
56,199,0.579,1,-0.05,-32.602665
56,200,0.574,1,-0.05,-34.572353
56,201,0.580,2,-0.05,-35.161064
56,202,0.561,2,-0.05,-37.91094
56,203,0.551,0,1.0,-36.445724
56,204,0.548,1,-0.05,-38.470856
56,205,0.550,0,1.0,-39.58524
56,206,0.534,2,-0.05,-42.728024
56,207,0.552,2,-0.05,-43.931606
56,208,0.533,0,1.0,-45.248695
56,209,0.533,1,-0.05,-45.51588
56,210,0.524,2,-0.05,-48.62513
56,211,0.519,2,-0.05,-47.113728
56,212,0.533,1,-0.05,-47.74879
56,213,0.536,0,1.0,-48.305935
56,214,0.523,2,-0.05,-52.52679
56,215,0.513,0,1.0,-53.89859
56,216,0.515,0,1.0,-54.9358
56,217,0.511,2,-0.05,-58.256905
56,218,0.517,0,1.0,-61.437874
56,219,0.515,0,1.0,-61.65769
56,220,0.524,2,-0.05,-67.355255
56,221,0.520,2,-0.05,-68.51781
56,222,0.519,2,-0.05,-68.54409
56,223,0.509,0,1.0,-64.65429
56,224,0.498,2,-0.05,-64.901886
56,225,0.460,0,1.0,-67.40636
56,226,0.431,2,-0.05,-65.88366
56,227,0.428,1,-0.05,-68.416214
56,228,0.420,2,-0.05,-74.04766
56,229,0.415,2,-0.05,-71.557144
56,230,0.396,2,-0.05,-68.69584
56,231,0.364,0,1.0,-62.816006
56,232,0.351,2,-0.05,-60.56654
56,233,0.341,1,-0.05,-62.336407
56,234,0.339,2,-0.05,-66.504814
56,235,0.317,2,-0.05,-65.19565
56,236,0.309,2,-0.05,-59.49293
56,237,0.305,2,-0.05,-51.189247
56,238,0.279,2,-0.05,-44.439358
56,239,0.288,2,-0.05,-35.721516
56,240,0.280,1,-0.05,-29.565426
56,241,0.272,2,-0.05,-32.916718
56,242,0.256,1,-0.05,-31.938461
56,243,0.261,2,-0.05,-34.307434
56,244,0.249,2,-100.0,-33.810757
57,0,0.659,0,1.0,21.351278
57,1,0.661,0,1.0,21.082802
57,2,0.656,1,-0.05,21.295755
57,3,0.666,0,1.0,21.573778
57,4,0.667,0,1.0,21.910267
57,5,0.662,1,-0.05,22.137533
57,6,0.659,0,1.0,22.076958
57,7,0.663,0,1.0,21.698833
57,8,0.662,0,1.0,21.633602
57,9,0.661,2,-0.05,21.639776
57,10,0.652,0,1.0,21.593681
57,11,0.654,1,-0.05,22.404087
57,12,0.645,2,-0.05,22.535994
57,13,0.652,2,-0.05,22.964714
57,14,0.645,2,-0.05,22.749386
57,15,0.637,0,1.0,22.312357
57,16,0.653,0,1.0,21.634308
57,17,0.650,0,1.0,21.592192
57,18,0.653,2,-0.05,21.729937
57,19,0.654,0,1.0,21.76064
57,20,0.673,0,1.0,20.11997
57,21,0.666,2,-0.05,20.073654
57,22,0.665,1,-0.05,20.163801
57,23,0.682,0,1.0,22.169285
57,24,0.689,0,1.0,21.825943
57,25,0.694,0,1.0,21.812729
57,26,0.692,0,1.0,21.903175
57,27,0.705,0,1.0,21.79707
57,28,0.693,0,1.0,24.114202
57,29,0.705,0,1.0,24.271755
57,30,0.694,2,-0.05,24.219093
57,31,0.688,0,1.0,24.465683
57,32,0.677,0,1.0,22.343315
57,33,0.677,1,-0.05,22.599607
57,34,0.665,2,-0.05,22.054655
57,35,0.674,2,-0.05,22.411758
57,36,0.679,2,-0.05,19.808826
57,37,0.667,0,1.0,14.080634
57,38,0.652,1,-0.05,10.708716
57,39,0.646,2,-0.05,9.95872
57,40,0.640,0,1.0,10.311808
57,41,0.632,1,-0.05,2.3572109
57,42,0.629,1,-0.05,1.3540733
57,43,0.629,1,-0.05,6.015189
57,44,0.614,2,-0.05,9.214636
57,45,0.610,0,1.0,9.557413
57,46,0.608,1,-0.05,5.038253
57,47,0.595,1,-0.05,5.9399962
57,48,0.589,1,-0.05,8.686953
57,49,0.582,0,1.0,13.190529
57,50,0.575,1,-0.05,18.173244
57,51,0.574,1,-0.05,17.29938
57,52,0.573,1,-0.05,21.294708
57,53,0.572,2,-0.05,24.48956
57,54,0.577,0,1.0,20.81731
57,55,0.551,1,-0.05,20.612373
57,56,0.551,0,1.0,19.716562
57,57,0.523,1,-0.05,19.198689
57,58,0.546,1,-0.05,18.746637
57,59,0.552,0,1.0,26.417149
57,60,0.536,0,1.0,26.069778
57,61,0.544,1,-0.05,25.109425
57,62,0.537,1,-0.05,27.531645
57,63,0.527,1,-0.05,27.434113
57,64,0.534,2,-0.05,29.860178
57,65,0.535,2,-0.05,27.743124
57,66,0.535,1,-0.05,26.40809
57,67,0.545,2,-0.05,28.28415
57,68,0.539,1,-0.05,25.758106
57,69,0.543,1,-0.05,27.770884
57,70,0.546,0,1.0,27.94001
57,71,0.539,1,-0.05,27.780373
57,72,0.547,1,-0.05,26.49614
57,73,0.536,0,1.0,24.812492
57,74,0.551,0,1.0,23.239965
57,75,0.566,0,1.0,21.452923
57,76,0.548,1,-0.05,20.081877
57,77,0.579,0,1.0,20.298489
57,78,0.591,1,-0.05,16.83038
57,79,0.591,1,-0.05,15.2380705
57,80,0.604,0,1.0,12.289239
57,81,0.617,0,1.0,11.681097
57,82,0.641,2,-0.05,9.661731
57,83,0.632,1,-0.05,9.061436
57,84,0.635,0,1.0,8.058411
57,85,0.656,2,-0.05,4.5010576
57,86,0.667,2,-0.05,3.474385
57,87,0.658,1,-0.05,6.750763
57,88,0.679,0,1.0,5.225647
57,89,0.688,2,-0.05,1.6441517
57,90,0.699,1,-0.05,1.8996929
57,91,0.704,2,-0.05,0.60635686
57,92,0.701,0,1.0,2.858934
57,93,0.683,0,1.0,3.548631
57,94,0.648,1,-0.05,3.3696342
57,95,0.670,2,-0.05,1.9187174
57,96,0.658,1,-0.05,2.84211
57,97,0.644,0,1.0,1.6274835
57,98,0.632,0,1.0,-2.1768262
57,99,0.611,0,1.0,-3.760795
57,100,0.582,0,1.0,-5.8976564
57,101,0.552,2,-0.05,-8.042911
57,102,0.567,1,-0.05,-9.3355875
57,103,0.559,2,-0.05,-12.184724
57,104,0.550,1,-0.05,-10.431588
57,105,0.546,2,-0.05,-12.921384
57,106,0.534,1,-0.05,-11.387703
57,107,0.526,0,1.0,-12.506158
57,108,0.500,2,-0.05,-18.430868
57,109,0.509,2,-0.05,-21.200869
57,110,0.500,2,-0.05,-16.564
57,111,0.496,2,-0.05,-13.146826
57,112,0.485,2,-0.05,-10.352058
57,113,0.478,0,1.0,-7.261988
57,114,0.470,2,-0.05,-3.6714826
57,115,0.446,0,1.0,-5.592803
57,116,0.431,0,1.0,-4.31594
57,117,0.423,2,-0.05,-4.812324
57,118,0.427,0,1.0,-5.61269
57,119,0.419,1,-0.05,-3.1204102
57,120,0.413,0,1.0,-5.199465
57,121,0.399,2,-0.05,-9.298851
57,122,0.389,0,1.0,-10.525697
57,123,0.371,2,-0.05,-6.492158
57,124,0.363,0,1.0,-9.351177
57,125,0.367,2,-0.05,-9.135697
57,126,0.346,0,1.0,-9.412657
57,127,0.350,1,-0.05,-7.28625
57,128,0.356,1,-0.05,-9.123816
57,129,0.341,2,-0.05,-11.897844
57,130,0.337,0,1.0,-11.463266
57,131,0.322,2,-0.05,-7.9361286
57,132,0.337,0,1.0,-9.139674
57,133,0.334,0,1.0,-6.685441
57,134,0.327,1,-0.05,-7.425854
57,135,0.327,1,-0.05,-8.211384
57,136,0.314,2,-0.05,-13.015307
57,137,0.332,0,1.0,-12.240803
57,138,0.313,0,1.0,-9.064321
57,139,0.317,1,-0.05,-10.535441
57,140,0.319,1,-0.05,-11.549077
57,141,0.314,1,-0.05,-15.790197
57,142,0.300,0,1.0,-17.859222
57,143,0.304,2,-0.05,-20.687237
57,144,0.295,0,1.0,-21.409763
57,145,0.281,2,-0.05,-22.00769
57,146,0.290,1,-0.05,-21.039474
57,147,0.292,1,-0.05,-24.521553
57,148,0.280,2,-0.05,-25.429237
57,149,0.274,2,-0.05,-26.063553
57,150,0.269,2,-0.05,-24.492613
57,151,0.274,1,-0.05,-21.816425
57,152,0.273,2,-0.05,-23.538937
57,153,0.271,2,-0.05,-22.15683
57,154,0.270,0,1.0,-19.767979
57,155,0.265,2,-0.05,-18.803799
57,156,0.272,1,-0.05,-17.18742
57,157,0.261,2,-0.05,-19.343338
57,158,0.256,0,1.0,-17.954317
57,159,0.256,0,1.0,-16.504688
57,160,0.267,0,1.0,-17.253683
57,161,0.270,2,-0.05,-19.318611
57,162,0.265,2,-0.05,-18.744268
57,163,0.278,0,1.0,-14.816708
57,164,0.265,0,1.0,-9.611416
57,165,0.282,2,-0.05,-12.717205
57,166,0.282,0,1.0,-13.195703
57,167,0.280,2,-0.05,-9.751814
57,168,0.292,0,1.0,-10.158735
57,169,0.307,0,1.0,-6.3447704
57,170,0.316,0,1.0,-8.807608
57,171,0.330,0,1.0,-11.265917
57,172,0.332,0,1.0,-13.891384
57,173,0.341,1,-0.05,-15.880889
57,174,0.357,0,1.0,-19.115566
57,175,0.350,2,-0.05,-24.07549
57,176,0.370,0,1.0,-26.671585
57,177,0.377,2,-0.05,-23.846865
57,178,0.373,2,-0.05,-26.098124
57,179,0.346,0,1.0,-20.815739
57,180,0.390,0,1.0,-16.69652
57,181,0.398,0,1.0,-19.550388
57,182,0.408,1,-0.05,-23.787102
57,183,0.433,0,1.0,-26.17558
57,184,0.424,0,1.0,-33.643932
57,185,0.446,1,-0.05,-36.77021
57,186,0.454,1,-0.05,-39.860703
57,187,0.451,0,1.0,-45.50536
57,188,0.464,2,-0.05,-51.029625
57,189,0.469,1,-0.05,-54.00147
57,190,0.472,2,-0.05,-58.156563
57,191,0.467,0,1.0,-57.68772
57,192,0.470,2,-0.05,-55.78076
57,193,0.457,2,-0.05,-58.026318
57,194,0.444,2,-0.05,-55.44116
57,195,0.437,2,-0.05,-50.979416
57,196,0.429,2,-0.05,-47.105312
57,197,0.421,2,-0.05,-41.093307
57,198,0.417,2,-0.05,-35.435513
57,199,0.394,2,-0.05,-28.52147
57,200,0.400,1,-0.05,-22.997686
57,201,0.383,0,1.0,-25.558075
57,202,0.350,1,-0.05,-35.246716
57,203,0.341,1,-0.05,-38.767914
57,204,0.340,2,-0.05,-47.230103
57,205,0.329,1,-0.05,-44.298138
57,206,0.308,2,-0.05,-48.35102
57,207,0.310,0,1.0,-46.56686
57,208,0.286,1,-0.05,-40.956436
57,209,0.263,0,1.0,-42.832214
57,210,0.233,1,-100.0,-52.92241
58,0,0.655,1,-0.05,22.889574
58,1,0.666,0,1.0,23.064299
58,2,0.663,2,-0.05,23.206339
58,3,0.658,1,-0.05,23.380983
58,4,0.657,0,1.0,23.285063
58,5,0.665,0,1.0,23.58027
58,6,0.652,0,1.0,23.53403
58,7,0.630,0,1.0,22.85313
58,8,0.646,0,1.0,23.12651
58,9,0.632,0,1.0,22.653809
58,10,0.630,1,-0.05,22.551014
58,11,0.624,1,-0.05,22.457489
58,12,0.622,2,-0.05,18.896282
58,13,0.603,2,-0.05,19.9037
58,14,0.604,2,-0.05,22.480246
58,15,0.612,0,1.0,22.87227
58,16,0.616,0,1.0,24.080492
58,17,0.598,0,1.0,24.442715
58,18,0.600,0,1.0,24.090895
58,19,0.611,1,-0.05,25.24723
58,20,0.614,2,-0.05,25.067772
58,21,0.616,2,-0.05,23.37844
58,22,0.607,1,-0.05,23.826952
58,23,0.600,0,1.0,24.898888
58,24,0.612,0,1.0,25.136786
58,25,0.605,0,1.0,24.467897
58,26,0.609,0,1.0,24.821152
58,27,0.598,0,1.0,24.571447
58,28,0.593,2,-0.05,24.596115
58,29,0.590,2,-0.05,24.053854
58,30,0.597,1,-0.05,24.773058
58,31,0.599,0,1.0,23.73837
58,32,0.591,2,-0.05,23.811556
58,33,0.599,2,-0.05,23.686098
58,34,0.598,2,-0.05,24.430618
58,35,0.598,1,-0.05,24.587599
58,36,0.593,2,-0.05,26.313435
58,37,0.586,0,1.0,24.176477
58,38,0.598,0,1.0,28.762506
58,39,0.619,2,-0.05,27.683933
58,40,0.605,0,1.0,28.779213
58,41,0.608,1,-0.05,26.901844
58,42,0.620,1,-0.05,27.38212
58,43,0.619,0,1.0,28.03512
58,44,0.626,0,1.0,27.342787
58,45,0.629,2,-0.05,28.162025
58,46,0.634,1,-0.05,27.513973
58,47,0.636,1,-0.05,27.407578
58,48,0.634,1,-0.05,26.027222
58,49,0.625,0,1.0,26.012238
58,50,0.635,0,1.0,24.151073
58,51,0.611,0,1.0,23.911983
58,52,0.616,1,-0.05,22.909752
58,53,0.621,1,-0.05,21.905252
58,54,0.626,0,1.0,20.623814
58,55,0.609,2,-0.05,17.12583
58,56,0.610,2,-0.05,15.85288
58,57,0.595,0,1.0,20.910053
58,58,0.596,0,1.0,20.014624
58,59,0.601,1,-0.05,19.379358
58,60,0.593,1,-0.05,17.532248
58,61,0.596,1,-0.05,15.722137
58,62,0.583,2,-0.05,12.1533165
58,63,0.580,0,1.0,15.018299
58,64,0.580,1,-0.05,15.903974
58,65,0.579,0,1.0,15.585979
58,66,0.574,0,1.0,12.5934925
58,67,0.556,1,-0.05,12.58377
58,68,0.563,1,-0.05,11.398106
58,69,0.563,2,-0.05,8.520872
58,70,0.545,2,-0.05,8.862891
58,71,0.554,2,-0.05,12.088248
58,72,0.544,2,-0.05,12.20186
58,73,0.531,2,-0.05,15.751127
58,74,0.551,2,-0.05,16.868275
58,75,0.533,2,-0.05,18.544159
58,76,0.526,0,1.0,19.314085
58,77,0.542,2,-0.05,20.723278
58,78,0.542,2,-0.05,20.125677
58,79,0.547,1,-0.05,21.657598
58,80,0.555,0,1.0,19.130955
58,81,0.564,0,1.0,20.52418
58,82,0.550,0,1.0,18.81212
58,83,0.576,1,-0.05,18.30444
58,84,0.565,1,-0.05,16.243284
58,85,0.575,0,1.0,14.297935
58,86,0.581,1,-0.05,12.962925
58,87,0.578,2,-0.05,12.560896
58,88,0.571,2,-0.05,13.436517
58,89,0.574,2,-0.05,14.65787
58,90,0.576,1,-0.05,15.158927
58,91,0.584,2,-0.05,14.390813
58,92,0.580,0,1.0,14.132597
58,93,0.594,0,1.0,15.967893
58,94,0.585,2,-0.05,15.989905
58,95,0.600,2,-0.05,16.546734
58,96,0.594,2,-0.05,16.855928
58,97,0.612,2,-0.05,17.725489
58,98,0.597,2,-0.05,16.378225
58,99,0.604,2,-0.05,16.031467
58,100,0.618,0,1.0,15.308024
58,101,0.633,1,-0.05,13.209476
58,102,0.637,0,1.0,16.212633
58,103,0.665,2,-0.05,10.00073
58,104,0.661,1,-0.05,9.389492
58,105,0.683,0,1.0,11.404775
58,106,0.692,0,1.0,11.595371
58,107,0.704,1,-0.05,9.089993
58,108,0.699,0,1.0,8.46201
58,109,0.690,1,-0.05,7.6052713
58,110,0.681,2,-0.05,7.232122
58,111,0.680,2,-0.05,5.9893947
58,112,0.676,1,-0.05,5.0318546
58,113,0.673,2,-0.05,7.174348
58,114,0.671,2,-0.05,3.632567
58,115,0.659,1,-0.05,1.0925169
58,116,0.664,0,1.0,4.603415
58,117,0.637,0,1.0,5.0277443
58,118,0.613,2,-0.05,3.1101573
58,119,0.621,2,-0.05,0.72721076
58,120,0.617,0,1.0,-1.5854616
58,121,0.600,0,1.0,-0.21774217
58,122,0.588,2,-0.05,-2.4217005
58,123,0.579,1,-0.05,-4.4717784
58,124,0.568,1,-0.05,-5.794278
58,125,0.559,1,-0.05,-4.411754
58,126,0.563,2,-0.05,-3.016373
58,127,0.564,2,-0.05,-4.594682
58,128,0.552,1,-0.05,-4.6186385
58,129,0.559,2,-0.05,-3.8105257
58,130,0.551,2,-0.05,-6.604052
58,131,0.543,2,-0.05,-10.17133
58,132,0.533,0,1.0,-7.3567886
58,133,0.515,0,1.0,-12.363996
58,134,0.492,1,-0.05,-15.360501
58,135,0.485,2,-0.05,-17.69997
58,136,0.483,2,-0.05,-15.8829155
58,137,0.476,2,-0.05,-19.352438
58,138,0.462,1,-0.05,-20.648008
58,139,0.468,2,-0.05,-24.617054
58,140,0.465,2,-0.05,-22.51978
58,141,0.459,2,-0.05,-30.680626
58,142,0.434,2,-0.05,-30.3042
58,143,0.431,2,-0.05,-31.94418
58,144,0.419,0,1.0,-32.219913
58,145,0.368,0,1.0,-36.594124
58,146,0.349,0,1.0,-42.161766
58,147,0.319,1,-0.05,-47.9128
58,148,0.321,2,-0.05,-51.522823
58,149,0.303,1,-0.05,-58.133324
58,150,0.293,1,-0.05,-59.77469
58,151,0.268,0,1.0,-60.855473
58,152,0.253,0,1.0,-62.038887
58,153,0.214,2,-100.0,-74.480934
59,0,0.651,2,-0.05,22.925766
59,1,0.667,1,-0.05,23.718876
59,2,0.660,1,-0.05,22.488358
59,3,0.674,2,-0.05,24.514425
59,4,0.655,2,-0.05,23.671158
59,5,0.662,0,1.0,23.92822
59,6,0.673,2,-0.05,22.701061
59,7,0.676,0,1.0,22.464275
59,8,0.668,1,-0.05,22.897621
59,9,0.671,2,-0.05,23.227953
59,10,0.672,0,1.0,22.013195
59,11,0.691,1,-0.05,21.817003
59,12,0.682,1,-0.05,19.396471
59,13,0.691,1,-0.05,21.248478
59,14,0.683,1,-0.05,22.966852
59,15,0.692,1,-0.05,24.083647
59,16,0.696,0,1.0,25.165598
59,17,0.689,0,1.0,26.806683
59,18,0.689,0,1.0,26.64172
59,19,0.688,0,1.0,27.031536
59,20,0.688,0,1.0,28.008429
59,21,0.697,2,-0.05,25.895258
59,22,0.698,0,1.0,26.646858
59,23,0.693,0,1.0,24.976469
59,24,0.698,1,-0.05,25.070475
59,25,0.690,1,-0.05,24.824783
59,26,0.679,0,1.0,26.641726
59,27,0.697,0,1.0,25.523552
59,28,0.689,2,-0.05,26.139078
59,29,0.679,0,1.0,26.028906
59,30,0.688,0,1.0,26.041855
59,31,0.679,0,1.0,26.619013
59,32,0.681,0,1.0,25.330017
59,33,0.680,0,1.0,25.776443
59,34,0.686,0,1.0,25.854105
59,35,0.683,0,1.0,25.65613
59,36,0.684,0,1.0,27.761627
59,37,0.671,2,-0.05,27.655386
59,38,0.678,0,1.0,27.791466
59,39,0.672,0,1.0,26.639935
59,40,0.687,0,1.0,26.928547
59,41,0.679,0,1.0,26.962824
59,42,0.685,0,1.0,27.511898
59,43,0.685,0,1.0,27.102173
59,44,0.691,2,-0.05,27.180376
59,45,0.681,0,1.0,25.758553
59,46,0.697,0,1.0,25.921844
59,47,0.678,2,-0.05,26.932526
59,48,0.700,2,-0.05,27.453197
59,49,0.686,0,1.0,26.076136
59,50,0.705,1,-0.05,23.914991
59,51,0.692,1,-0.05,22.314861
59,52,0.714,0,1.0,24.42342
59,53,0.698,1,-0.05,24.446568
59,54,0.691,1,-0.05,24.629566
59,55,0.702,2,-0.05,24.114199
59,56,0.696,0,1.0,22.055002
59,57,0.698,0,1.0,23.45709
59,58,0.684,2,-0.05,22.832495
59,59,0.683,0,1.0,21.929981
59,60,0.689,2,-0.05,20.904402
59,61,0.690,0,1.0,19.763638
59,62,0.680,1,-0.05,17.206787
59,63,0.681,1,-0.05,15.823559
59,64,0.669,1,-0.05,18.290102
59,65,0.667,2,-0.05,19.04929
59,66,0.660,0,1.0,19.216997
59,67,0.672,1,-0.05,17.6716
59,68,0.661,0,1.0,16.975193
59,69,0.649,0,1.0,16.983677
59,70,0.652,0,1.0,16.439844
59,71,0.649,1,-0.05,14.38792
59,72,0.643,2,-0.05,14.840615
59,73,0.646,1,-0.05,14.132318
59,74,0.633,2,-0.05,14.243536
59,75,0.639,1,-0.05,11.183809
59,76,0.635,2,-0.05,13.897467
59,77,0.634,1,-0.05,13.444629
59,78,0.634,2,-0.05,12.574544
59,79,0.623,1,-0.05,12.270619
59,80,0.612,1,-0.05,12.233584
59,81,0.625,1,-0.05,12.848384
59,82,0.631,1,-0.05,15.503758
59,83,0.615,0,1.0,15.551319
59,84,0.621,0,1.0,17.052273
59,85,0.622,0,1.0,14.947987
59,86,0.626,1,-0.05,16.362312
59,87,0.631,1,-0.05,14.292811
59,88,0.633,0,1.0,16.627985
59,89,0.632,0,1.0,14.721865
59,90,0.656,1,-0.05,14.012338
59,91,0.645,1,-0.05,13.535939
59,92,0.657,0,1.0,14.086305
59,93,0.664,1,-0.05,13.308507
59,94,0.645,1,-0.05,11.980988
59,95,0.669,2,-0.05,9.7402115
59,96,0.668,0,1.0,11.614935
59,97,0.687,2,-0.05,10.361123
59,98,0.690,0,1.0,12.427252
59,99,0.684,1,-0.05,10.488289
59,100,0.704,0,1.0,9.683455
59,101,0.705,0,1.0,8.014741
59,102,0.692,1,-0.05,9.343726
59,103,0.695,2,-0.05,7.0804334
59,104,0.687,1,-0.05,8.09971
59,105,0.674,0,1.0,6.689002
59,106,0.668,0,1.0,7.10183
59,107,0.649,1,-0.05,4.6459928
59,108,0.646,2,-0.05,5.263852
59,109,0.643,1,-0.05,4.9944224
59,110,0.647,2,-0.05,3.3295703
59,111,0.634,0,1.0,3.7756913
59,112,0.629,2,-0.05,6.9340434
59,113,0.613,2,-0.05,4.846648
59,114,0.604,0,1.0,6.0546227
59,115,0.594,0,1.0,3.860754
59,116,0.593,0,1.0,5.493657
59,117,0.584,0,1.0,2.8044949
59,118,0.589,1,-0.05,4.517378
59,119,0.584,2,-0.05,2.4328003
59,120,0.583,1,-0.05,3.5292773
59,121,0.579,2,-0.05,3.3466868
59,122,0.582,2,-0.05,3.3956003
59,123,0.577,2,-0.05,2.8922288
59,124,0.576,1,-0.05,3.2723799
59,125,0.578,1,-0.05,4.093663
59,126,0.584,1,-0.05,3.1658516
59,127,0.578,0,1.0,1.3510369
59,128,0.555,2,-0.05,-1.3243171
59,129,0.571,1,-0.05,-3.798484
59,130,0.560,2,-0.05,-4.0324397
59,131,0.565,2,-0.05,-4.3509827
59,132,0.556,1,-0.05,-2.0122533
59,133,0.557,2,-0.05,-3.5602899
59,134,0.554,0,1.0,-3.4521513
59,135,0.551,0,1.0,-2.7493138
59,136,0.550,2,-0.05,-4.416222
59,137,0.536,0,1.0,-5.11983
59,138,0.535,0,1.0,-3.6358657
59,139,0.535,2,-0.05,-6.3403845
59,140,0.527,0,1.0,-6.523702
59,141,0.534,0,1.0,-5.6675406
59,142,0.543,0,1.0,-6.8003383
59,143,0.538,0,1.0,-10.206496
59,144,0.537,2,-0.05,-10.421972
59,145,0.526,2,-0.05,-12.758297
59,146,0.528,2,-0.05,-10.521141
59,147,0.535,2,-0.05,-7.874195
59,148,0.524,2,-0.05,-4.4028955
59,149,0.529,2,-0.05,-0.8335608
59,150,0.547,1,-0.05,2.968024
59,151,0.544,0,1.0,0.53685474
59,152,0.548,0,1.0,-3.9064534
59,153,0.560,0,1.0,-7.156252
59,154,0.570,2,-0.05,-8.608314
59,155,0.574,1,-0.05,-11.598622
59,156,0.562,2,-0.05,-12.808937
59,157,0.577,2,-0.05,-13.072448
59,158,0.574,2,-0.05,-8.2324
59,159,0.568,2,-0.05,-5.8457294
59,160,0.582,2,-0.05,-1.6023932
59,161,0.575,2,-0.05,1.7510334
59,162,0.592,2,-0.05,6.0672836
59,163,0.586,2,-0.05,10.181096
59,164,0.591,1,-0.05,15.7552805
59,165,0.595,1,-0.05,11.69049
59,166,0.614,1,-0.05,5.892007
59,167,0.601,2,-0.05,-0.19980216
59,168,0.606,2,-0.05,2.3688948
59,169,0.623,2,-0.05,6.557261
59,170,0.615,2,-0.05,12.213575
59,171,0.634,2,-0.05,16.014635
59,172,0.637,2,-0.05,22.63694
59,173,0.623,2,-0.05,26.973803
59,174,0.653,2,-0.05,35.080093
59,175,0.660,2,-0.05,40.68341
59,176,0.675,2,-0.05,48.97323
59,177,0.676,1,-0.05,54.392677
59,178,0.676,2,-0.05,50.254353
59,179,0.696,1,-0.05,52.21976
59,180,0.707,2,-0.05,51.133766
59,181,0.714,2,-0.05,52.356506
59,182,0.718,1,-0.05,58.52224
59,183,0.726,1,-0.05,55.32197
59,184,0.748,0,1.0,47.45907
59,185,0.770,2,-0.05,36.17333
59,186,0.786,0,1.0,34.786438
59,187,0.811,1,-0.05,39.41506
59,188,0.813,2,-0.05,35.5234
59,189,0.818,1,-0.05,37.205414
59,190,0.828,1,-0.05,33.84078
59,191,0.812,0,1.0,22.588263
59,192,0.794,1,-0.05,14.061733
59,193,0.781,0,1.0,10.029391
59,194,0.813,2,-0.05,2.995903
59,195,0.798,1,-0.05,0.9085492
59,196,0.792,2,-0.05,-3.3036194
59,197,0.789,2,-0.05,-3.5939026
59,198,0.787,2,-0.05,2.0829515
59,199,0.776,0,1.0,7.632017
59,200,0.759,0,1.0,14.378685
59,201,0.738,2,-0.05,9.639433
59,202,0.728,2,-0.05,9.057055
59,203,0.722,2,-0.05,17.543251
59,204,0.723,1,-0.05,26.031313
59,205,0.723,2,-0.05,23.165247
59,206,0.709,2,-0.05,25.719185
59,207,0.706,1,-0.05,36.04785
59,208,0.715,2,-0.05,31.169205
59,209,0.692,0,1.0,34.187317
59,210,0.693,1,-0.05,42.081112
59,211,0.693,2,-0.05,40.507523
59,212,0.685,2,-0.05,41.439976
59,213,0.677,1,-0.05,50.525238
59,214,0.681,2,-0.05,44.599804
59,215,0.672,2,-0.05,48.9075
59,216,0.671,2,-0.05,53.388454
59,217,0.669,1,-0.05,58.47248
59,218,0.673,0,1.0,55.640297
59,219,0.674,1,-0.05,49.65128
59,220,0.670,0,1.0,47.728943
59,221,0.652,1,-0.05,35.88335
59,222,0.665,2,-0.05,34.335278
59,223,0.637,2,-0.05,36.616287
59,224,0.639,0,1.0,44.956924
59,225,0.635,2,-0.05,50.79871
59,226,0.645,2,-0.05,49.344414
59,227,0.636,2,-0.05,54.3524
59,228,0.634,2,-0.05,57.447247
59,229,0.644,0,1.0,59.20841
59,230,0.651,2,-0.05,60.06617
59,231,0.644,2,-0.05,58.529858
59,232,0.641,2,-0.05,60.853886
59,233,0.641,2,-0.05,58.8903
59,234,0.648,1,-0.05,58.80936
59,235,0.662,0,1.0,61.490273
59,236,0.658,2,-0.05,59.308647
59,237,0.661,0,1.0,55.941845
59,238,0.680,2,-0.05,57.94334
59,239,0.682,0,1.0,56.489616
59,240,0.683,1,-0.05,52.420795
59,241,0.682,2,-0.05,51.062675
59,242,0.695,1,-0.05,48.996113
59,243,0.695,2,-0.05,49.654274
59,244,0.702,2,-0.05,47.135174
59,245,0.712,2,-0.05,48.12988
59,246,0.705,2,-0.05,43.431355
59,247,0.690,0,1.0,45.273643
59,248,0.685,2,-0.05,40.48103
59,249,0.667,1,-0.05,39.295815
59,250,0.665,0,1.0,35.79588
59,251,0.643,1,-0.05,36.757954
59,252,0.629,0,1.0,34.10269
59,253,0.620,0,1.0,33.700745
59,254,0.597,1,-0.05,26.811726
59,255,0.588,0,1.0,23.69902
59,256,0.566,1,-0.05,21.931648
59,257,0.570,1,-0.05,24.85204
59,258,0.570,2,-0.05,21.968794
59,259,0.559,1,-0.05,22.761103
59,260,0.563,1,-0.05,20.44392
59,261,0.552,0,1.0,21.27829
59,262,0.541,1,-0.05,22.776634
59,263,0.535,1,-0.05,21.633577
59,264,0.542,0,1.0,23.241846
59,265,0.522,0,1.0,23.776796
59,266,0.522,1,-0.05,25.38023
59,267,0.517,1,-0.05,23.448116
59,268,0.520,1,-0.05,25.96152
59,269,0.519,1,-0.05,27.470306
59,270,0.519,0,1.0,28.558891
59,271,0.522,1,-0.05,32.57644
59,272,0.514,0,1.0,29.434216
59,273,0.523,2,-0.05,28.384571
59,274,0.532,1,-0.05,26.581797
59,275,0.537,0,1.0,30.815985
59,276,0.530,0,1.0,30.466087
59,277,0.537,2,-0.05,29.008478
59,278,0.554,1,-0.05,26.839619
59,279,0.550,1,-0.05,24.896412
59,280,0.557,1,-0.05,25.94216
59,281,0.549,0,1.0,25.337479
59,282,0.575,2,-0.05,24.236912
59,283,0.586,0,1.0,22.46776
59,284,0.589,1,-0.05,23.767733
59,285,0.602,2,-0.05,21.750202
59,286,0.589,1,-0.05,18.920328
59,287,0.619,0,1.0,20.180458
59,288,0.617,2,-0.05,21.917955
59,289,0.620,0,1.0,16.209492
59,290,0.652,0,1.0,18.338259
59,291,0.658,0,1.0,16.862036
59,292,0.676,0,1.0,15.859154
59,293,0.697,0,1.0,12.110101
59,294,0.705,1,-0.05,12.217165
59,295,0.705,1,-0.05,9.759727
59,296,0.697,0,1.0,9.372726
59,297,0.677,0,1.0,6.0929623
59,298,0.661,1,-0.05,3.9266424
59,299,0.655,0,1.0,3.9007251
59,300,0.627,2,-0.05,1.1037902
59,301,0.636,2,-0.05,-0.6174927
59,302,0.607,0,1.0,1.7975032
59,303,0.601,0,1.0,2.4651172
59,304,0.587,1,-0.05,0.484528
59,305,0.569,0,1.0,-0.3801393
59,306,0.557,0,1.0,-2.8721147
59,307,0.543,1,-0.05,-6.13248
59,308,0.524,2,-0.05,-7.7615347
59,309,0.525,0,1.0,-10.375597
59,310,0.495,0,1.0,-7.433952
59,311,0.491,0,1.0,-11.3347
59,312,0.449,0,1.0,-12.240921
59,313,0.469,0,1.0,-16.132048
59,314,0.441,2,-0.05,-18.524015
59,315,0.424,0,1.0,-19.652348
59,316,0.429,1,-0.05,-16.81089
59,317,0.428,2,-0.05,-16.13543
59,318,0.419,1,-0.05,-16.654413
59,319,0.421,0,1.0,-17.531134
59,320,0.391,0,1.0,-26.62932
59,321,0.388,2,-0.05,-30.0273
59,322,0.379,0,1.0,-28.35746
59,323,0.369,1,-0.05,-27.47154
59,324,0.355,0,1.0,-30.070675
59,325,0.348,0,1.0,-34.96976
59,326,0.320,0,1.0,-35.52452
59,327,0.316,2,-0.05,-38.63831
59,328,0.310,2,-0.05,-39.451916
59,329,0.296,2,-0.05,-36.625248
59,330,0.306,1,-0.05,-31.688356
59,331,0.286,0,1.0,-36.984703
59,332,0.286,1,-0.05,-42.337265
59,333,0.273,2,-0.05,-44.493217
59,334,0.260,1,-0.05,-41.677933
59,335,0.268,1,-0.05,-44.60606
59,336,0.266,0,1.0,-47.954014
59,337,0.236,1,-100.0,-56.632183
60,0,0.661,0,1.0,22.538658
60,1,0.665,1,-0.05,22.776232
60,2,0.663,0,1.0,22.899511
60,3,0.666,0,1.0,22.89336
60,4,0.663,1,-0.05,23.07694
60,5,0.658,0,1.0,23.394176
60,6,0.662,2,-0.05,23.06604
60,7,0.659,2,-0.05,22.942158
60,8,0.651,1,-0.05,23.896183
60,9,0.660,2,-0.05,23.053959
60,10,0.644,0,1.0,23.665817
60,11,0.657,0,1.0,24.552767
60,12,0.645,1,-0.05,24.186518
60,13,0.658,2,-0.05,24.370285
60,14,0.642,1,-0.05,25.376053
60,15,0.644,2,-0.05,24.26456
60,16,0.651,2,-0.05,23.91489
60,17,0.652,1,-0.05,23.534285
60,18,0.642,2,-0.05,25.465492
60,19,0.648,0,1.0,23.61758
60,20,0.663,0,1.0,23.042418
60,21,0.661,0,1.0,22.763327
60,22,0.654,0,1.0,22.817633
60,23,0.670,2,-0.05,22.351963
60,24,0.683,0,1.0,23.033749
60,25,0.694,0,1.0,20.933407
60,26,0.693,1,-0.05,20.693354
60,27,0.695,0,1.0,20.548508
60,28,0.699,1,-0.05,22.4964
60,29,0.700,2,-0.05,22.419144
60,30,0.707,0,1.0,22.133955
60,31,0.682,0,1.0,20.696085
60,32,0.695,1,-0.05,21.604113
60,33,0.678,1,-0.05,19.664948
60,34,0.681,0,1.0,21.637644
60,35,0.677,1,-0.05,21.291958
60,36,0.659,0,1.0,21.572573
60,37,0.665,1,-0.05,24.008099
60,38,0.679,2,-0.05,23.812986
60,39,0.668,1,-0.05,24.274696
60,40,0.665,0,1.0,24.110964
60,41,0.669,0,1.0,26.611008
60,42,0.665,0,1.0,26.173151
60,43,0.674,2,-0.05,26.705795
60,44,0.657,0,1.0,26.299906
60,45,0.661,2,-0.05,27.638443
60,46,0.652,0,1.0,27.626436
60,47,0.657,2,-0.05,24.49479
60,48,0.645,0,1.0,24.041155
60,49,0.657,0,1.0,21.07051
60,50,0.642,0,1.0,20.953527
60,51,0.629,2,-0.05,20.357885
60,52,0.635,0,1.0,20.060987
60,53,0.623,2,-0.05,14.850393
60,54,0.613,0,1.0,14.790481
60,55,0.609,2,-0.05,15.0813675
60,56,0.600,0,1.0,14.640714
60,57,0.591,1,-0.05,5.222694
60,58,0.602,2,-0.05,4.554588
60,59,0.581,2,-0.05,0.45592925
60,60,0.574,0,1.0,-4.442999
60,61,0.564,2,-0.05,-10.56926
60,62,0.562,1,-0.05,-11.958934
60,63,0.545,1,-0.05,-11.782616
60,64,0.540,1,-0.05,-7.512724
60,65,0.530,0,1.0,-2.232593
60,66,0.520,1,-0.05,0.29885238
60,67,0.520,1,-0.05,0.28327468
60,68,0.509,1,-0.05,7.8286786
60,69,0.509,1,-0.05,12.048905
60,70,0.487,1,-0.05,16.67116
60,71,0.505,1,-0.05,21.43078
60,72,0.509,1,-0.05,25.474468
60,73,0.510,1,-0.05,27.845516
60,74,0.510,2,-0.05,29.112415
60,75,0.516,0,1.0,26.868532
60,76,0.498,2,-0.05,23.824253
60,77,0.514,2,-0.05,23.057888
60,78,0.502,1,-0.05,22.538507
60,79,0.506,0,1.0,23.527235
60,80,0.508,0,1.0,24.100327
60,81,0.517,1,-0.05,24.200853
60,82,0.516,0,1.0,22.090708
60,83,0.517,2,-0.05,23.903326
60,84,0.510,1,-0.05,22.70093
60,85,0.514,1,-0.05,24.898304
60,86,0.499,2,-0.05,24.914957
60,87,0.517,1,-0.05,23.76516
60,88,0.518,1,-0.05,24.172194
60,89,0.513,0,1.0,23.951263
60,90,0.535,0,1.0,24.191038
60,91,0.540,0,1.0,22.092815
60,92,0.556,1,-0.05,22.397621
60,93,0.542,1,-0.05,20.138231
60,94,0.554,1,-0.05,19.795137
60,95,0.558,2,-0.05,17.07456
60,96,0.577,0,1.0,19.094065
60,97,0.585,1,-0.05,17.60633
60,98,0.590,2,-0.05,16.931606
60,99,0.571,2,-0.05,16.973866
60,100,0.587,2,-0.05,16.619835
60,101,0.591,1,-0.05,16.807117
60,102,0.598,0,1.0,16.73468
60,103,0.602,1,-0.05,16.050714
60,104,0.602,1,-0.05,14.499369
60,105,0.620,2,-0.05,16.672674
60,106,0.612,2,-0.05,13.278953
60,107,0.632,0,1.0,14.549935
60,108,0.636,1,-0.05,13.698122
60,109,0.629,0,1.0,14.051176
60,110,0.647,1,-0.05,12.180269
60,111,0.658,2,-0.05,11.706909
60,112,0.649,2,-0.05,11.109767
60,113,0.660,2,-0.05,12.004035
60,114,0.649,0,1.0,10.392882
60,115,0.666,1,-0.05,11.15123
60,116,0.655,0,1.0,9.720448
60,117,0.658,0,1.0,10.163955
60,118,0.672,1,-0.05,8.007662
60,119,0.668,0,1.0,9.474099
60,120,0.673,0,1.0,9.645271
60,121,0.679,1,-0.05,10.736013
60,122,0.680,0,1.0,8.52063
60,123,0.695,1,-0.05,8.607735
60,124,0.688,0,1.0,9.318572
60,125,0.706,0,1.0,10.04385
60,126,0.697,2,-0.05,6.448126
60,127,0.668,0,1.0,8.904283
60,128,0.676,0,1.0,8.554733
60,129,0.661,0,1.0,6.6481614
60,130,0.656,1,-0.05,5.2603097
60,131,0.646,2,-0.05,4.311718
60,132,0.644,0,1.0,4.00996
60,133,0.646,0,1.0,7.0715466
60,134,0.631,2,-0.05,3.8101315
60,135,0.627,0,1.0,5.3978176
60,136,0.619,2,-0.05,3.2143135
60,137,0.623,1,-0.05,4.1109743
60,138,0.620,2,-0.05,2.3792453
60,139,0.621,1,-0.05,3.009365
60,140,0.621,2,-0.05,1.1587813
60,141,0.616,2,-0.05,1.9906571
60,142,0.604,1,-0.05,3.1026134
60,143,0.606,0,1.0,2.532052
60,144,0.594,2,-0.05,-1.3056093
60,145,0.610,1,-0.05,-1.7357149
60,146,0.607,0,1.0,-4.3172307
60,147,0.611,1,-0.05,-5.809535
60,148,0.594,2,-0.05,-8.155988
60,149,0.590,0,1.0,-7.1374874
60,150,0.586,1,-0.05,-7.500902
60,151,0.583,1,-0.05,-7.8353944
60,152,0.579,2,-0.05,-10.481058
60,153,0.573,1,-0.05,-9.523912
60,154,0.584,2,-0.05,-11.10981
60,155,0.573,2,-0.05,-9.512043
60,156,0.591,2,-0.05,-9.358269
60,157,0.580,2,-0.05,-6.519602
60,158,0.561,2,-0.05,-6.9710145
60,159,0.562,2,-0.05,-3.5325801
60,160,0.577,2,-0.05,-1.8068403
60,161,0.582,2,-0.05,2.678875
60,162,0.584,1,-0.05,4.2197533
60,163,0.566,2,-0.05,3.1438358
60,164,0.570,0,1.0,3.281577
60,165,0.591,2,-0.05,6.3968678
60,166,0.587,1,-0.05,3.6536248
60,167,0.591,2,-0.05,2.3990753
60,168,0.585,2,-0.05,2.9331114
60,169,0.594,1,-0.05,6.2617135
60,170,0.611,2,-0.05,3.6113057
60,171,0.607,2,-0.05,3.6154785
60,172,0.601,2,-0.05,6.0785747
60,173,0.610,2,-0.05,9.349407
60,174,0.621,2,-0.05,11.052809
60,175,0.631,0,1.0,14.773153
60,176,0.633,1,-0.05,16.791935
60,177,0.650,1,-0.05,14.809969
60,178,0.666,0,1.0,9.248251
60,179,0.673,1,-0.05,4.986082
60,180,0.695,0,1.0,2.3764348
60,181,0.698,1,-0.05,-1.110056
60,182,0.714,0,1.0,-3.6602724
60,183,0.712,2,-0.05,-7.0203195
60,184,0.713,2,-0.05,-9.739296
60,185,0.731,2,-0.05,-6.673947
60,186,0.715,2,-0.05,-5.2492166
60,187,0.737,2,-0.05,-1.7336565
60,188,0.749,2,-0.05,0.6378542
60,189,0.752,2,-0.05,5.3448133
60,190,0.741,0,1.0,8.474303
60,191,0.776,1,-0.05,13.08261
60,192,0.803,0,1.0,9.699456
60,193,0.808,1,-0.05,3.2617288
60,194,0.813,1,-0.05,0.7383679
60,195,0.785,0,1.0,-4.6128416
60,196,0.824,2,-0.05,-11.149688
60,197,0.824,2,-0.05,-11.478671
60,198,0.810,0,1.0,-8.265643
60,199,0.820,1,-0.05,-4.115905
60,200,0.790,0,1.0,-7.0073304
60,201,0.798,2,-0.05,-12.757636
60,202,0.781,2,-0.05,-14.515192
60,203,0.773,1,-0.05,-9.109141
60,204,0.764,2,-0.05,-14.162372
60,205,0.744,0,1.0,-11.99688
60,206,0.734,2,-0.05,-8.793947
60,207,0.721,0,1.0,-9.65227
60,208,0.704,1,-0.05,-5.492593
60,209,0.706,2,-0.05,-6.8760924
60,210,0.683,0,1.0,-4.621509
60,211,0.657,2,-0.05,2.2830236
60,212,0.656,2,-0.05,-0.097848356
60,213,0.655,2,-0.05,8.815568
60,214,0.640,2,-0.05,16.08233
60,215,0.635,0,1.0,25.145874
60,216,0.623,1,-0.05,33.94207
60,217,0.630,0,1.0,30.882486
60,218,0.611,1,-0.05,20.461681
60,219,0.620,0,1.0,19.02215
60,220,0.602,2,-0.05,8.26879
60,221,0.595,0,1.0,8.469515
60,222,0.587,2,-0.05,16.830282
60,223,0.570,2,-0.05,21.688705
60,224,0.570,2,-0.05,32.43866
60,225,0.572,0,1.0,41.610542
60,226,0.576,2,-0.05,47.55934
60,227,0.569,2,-0.05,46.243378
60,228,0.565,1,-0.05,52.708565
60,229,0.570,1,-0.05,47.756603
60,230,0.567,1,-0.05,40.635857
60,231,0.559,2,-0.05,29.25552
60,232,0.561,1,-0.05,33.838455
60,233,0.558,0,1.0,32.04498
60,234,0.555,2,-0.05,21.672573
60,235,0.543,1,-0.05,19.355797
60,236,0.546,2,-0.05,18.37971
60,237,0.542,2,-0.05,18.871555
60,238,0.535,2,-0.05,27.419544
60,239,0.545,1,-0.05,35.554607
60,240,0.521,0,1.0,33.04596
60,241,0.532,2,-0.05,22.86682
60,242,0.522,0,1.0,22.028786
60,243,0.515,1,-0.05,30.115211
60,244,0.519,1,-0.05,27.115383
60,245,0.523,2,-0.05,16.68767
60,246,0.510,2,-0.05,18.578272
60,247,0.509,2,-0.05,29.676384
60,248,0.513,1,-0.05,35.286423
60,249,0.499,2,-0.05,32.28256
60,250,0.514,2,-0.05,30.973173
60,251,0.503,0,1.0,39.9114
60,252,0.497,1,-0.05,42.66052
60,253,0.487,2,-0.05,43.396423
60,254,0.505,0,1.0,44.323673
60,255,0.494,1,-0.05,46.636837
60,256,0.507,2,-0.05,46.0106
60,257,0.509,0,1.0,46.226982
60,258,0.522,1,-0.05,47.87582
60,259,0.501,2,-0.05,47.297977
60,260,0.510,1,-0.05,47.709732
60,261,0.516,0,1.0,46.32918
60,262,0.516,0,1.0,40.06751
60,263,0.524,1,-0.05,38.39048
60,264,0.523,0,1.0,36.18562
60,265,0.529,2,-0.05,29.684347
60,266,0.523,2,-0.05,25.956654
60,267,0.525,1,-0.05,30.528627
60,268,0.530,2,-0.05,27.636257
60,269,0.532,0,1.0,29.709743
60,270,0.518,1,-0.05,33.13601
60,271,0.528,2,-0.05,30.94611
60,272,0.530,0,1.0,34.27749
60,273,0.528,2,-0.05,38.655235
60,274,0.526,1,-0.05,36.862427
60,275,0.536,1,-0.05,33.64531
60,276,0.536,2,-0.05,27.761114
60,277,0.541,2,-0.05,30.319517
60,278,0.544,2,-0.05,33.62461
60,279,0.549,2,-0.05,37.18935
60,280,0.554,1,-0.05,38.36816
60,281,0.550,2,-0.05,39.768227
60,282,0.550,1,-0.05,38.524837
60,283,0.559,2,-0.05,36.24135
60,284,0.546,0,1.0,37.225037
60,285,0.562,0,1.0,38.311447
60,286,0.572,0,1.0,34.44292
60,287,0.597,0,1.0,31.37683
60,288,0.606,2,-0.05,27.776728
60,289,0.606,2,-0.05,27.363155
60,290,0.614,2,-0.05,28.819433
60,291,0.609,1,-0.05,29.202517
60,292,0.619,2,-0.05,30.695482
60,293,0.631,0,1.0,27.830143
60,294,0.653,1,-0.05,23.25217
60,295,0.651,0,1.0,22.751835
60,296,0.675,0,1.0,22.236658
60,297,0.698,0,1.0,19.295073
60,298,0.700,1,-0.05,15.255747
60,299,0.701,1,-0.05,13.181962
60,300,0.690,0,1.0,11.924044
60,301,0.675,0,1.0,12.051851
60,302,0.648,0,1.0,8.961612
60,303,0.639,1,-0.05,5.559975
60,304,0.656,1,-0.05,7.330398
60,305,0.628,0,1.0,8.652751
60,306,0.647,1,-0.05,10.081353
60,307,0.630,1,-0.05,8.038473
60,308,0.618,1,-0.05,9.380985
60,309,0.632,2,-0.05,9.606341
60,310,0.620,2,-0.05,7.5737824
60,311,0.621,1,-0.05,9.373191
60,312,0.616,1,-0.05,7.3574467
60,313,0.612,2,-0.05,8.060152
60,314,0.611,2,-0.05,5.918748
60,315,0.604,2,-0.05,7.6647077
60,316,0.615,1,-0.05,3.9311254
60,317,0.617,2,-0.05,2.3144367
60,318,0.605,0,1.0,1.8950862
60,319,0.599,2,-0.05,-0.6840448
60,320,0.586,0,1.0,0.84132284
60,321,0.581,2,-0.05,-2.5282395
60,322,0.588,1,-0.05,-4.9548855
60,323,0.571,2,-0.05,-4.0408573
60,324,0.576,1,-0.05,-3.690552
60,325,0.553,1,-0.05,-5.3239784
60,326,0.564,2,-0.05,-4.6891127
60,327,0.552,2,-0.05,-3.1183677
60,328,0.546,1,-0.05,-7.24712
60,329,0.553,1,-0.05,-2.468251
60,330,0.544,1,-0.05,-1.6808035
60,331,0.541,2,-0.05,0.7534119
60,332,0.516,0,1.0,-4.4669437
60,333,0.536,1,-0.05,-8.778245
60,334,0.523,0,1.0,-4.4497137
60,335,0.500,1,-0.05,-3.725185
60,336,0.501,1,-0.05,-6.1956444
60,337,0.493,1,-0.05,-3.5693316
60,338,0.501,1,-0.05,-2.7491653
60,339,0.489,1,-0.05,0.2706456
60,340,0.494,2,-0.05,2.8125608
60,341,0.506,0,1.0,-1.9002901
60,342,0.484,0,1.0,-5.13244
60,343,0.484,0,1.0,-3.106927
60,344,0.470,1,-0.05,-3.4219446
60,345,0.482,1,-0.05,-2.250886
60,346,0.480,2,-0.05,0.40409434
60,347,0.476,1,-0.05,-5.078662
60,348,0.477,0,1.0,-3.809932
60,349,0.470,1,-0.05,-0.9295788
60,350,0.453,0,1.0,4.842213
60,351,0.467,0,1.0,8.218634
60,352,0.465,0,1.0,7.5810394
60,353,0.475,0,1.0,10.379249
60,354,0.476,2,-0.05,10.795865
60,355,0.469,0,1.0,13.667435
60,356,0.475,2,-0.05,11.144302
60,357,0.481,0,1.0,10.242581
60,358,0.483,1,-0.05,6.2266545
60,359,0.473,1,-0.05,10.54079
60,360,0.467,0,1.0,12.511586
60,361,0.470,1,-0.05,13.62238
60,362,0.481,0,1.0,11.480804
60,363,0.485,0,1.0,10.255952
60,364,0.498,0,1.0,6.2029514
60,365,0.508,0,1.0,4.7625237
60,366,0.530,1,-0.05,1.4470443
60,367,0.531,0,1.0,1.6954288
60,368,0.539,1,-0.05,-0.77357614
60,369,0.550,2,-0.05,-2.4205818
60,370,0.572,0,1.0,-4.9635024
60,371,0.555,2,-0.05,-5.7161303
60,372,0.585,1,-0.05,-8.889789
60,373,0.620,2,-0.05,-7.936836
60,374,0.580,1,-0.05,-10.531263
60,375,0.603,0,1.0,-9.375786
60,376,0.622,1,-0.05,-13.107061
60,377,0.636,2,-0.05,-14.977494
60,378,0.637,1,-0.05,-16.506966
60,379,0.661,2,-0.05,-17.054007
60,380,0.650,0,1.0,-18.653088
60,381,0.669,1,-0.05,-19.979565
60,382,0.689,0,1.0,-22.952824
60,383,0.723,1,-0.05,-25.458954
60,384,0.698,2,-0.05,-29.187735
60,385,0.757,0,1.0,-28.855917
60,386,0.766,0,1.0,-33.186127
60,387,0.799,1,-0.05,-36.342106
60,388,0.801,2,-0.05,-40.434853
60,389,0.820,2,-0.05,-38.548843
60,390,0.797,1,-0.05,-41.51301
60,391,0.802,0,1.0,-41.44315
60,392,0.789,1,-0.05,-45.748184
60,393,0.781,2,-0.05,-47.481308
60,394,0.761,1,-0.05,-48.980038
60,395,0.729,0,1.0,-50.605865
60,396,0.699,0,1.0,-54.60124
60,397,0.650,0,1.0,-59.724926
60,398,0.631,2,-0.05,-66.05736
60,399,0.609,1,-0.05,-69.42895
60,400,0.609,0,1.0,-71.60892
60,401,0.567,2,-0.05,-75.93883
60,402,0.525,0,1.0,-83.11619
60,403,0.518,2,-0.05,-82.41911
60,404,0.502,2,-0.05,-87.93458
60,405,0.491,1,-0.05,-87.35337
60,406,0.483,2,-0.05,-90.534706
60,407,0.474,1,-0.05,-90.44612
60,408,0.453,0,1.0,-92.64822
60,409,0.420,2,-0.05,-98.81068
60,410,0.400,0,1.0,-102.18936
60,411,0.380,1,-0.05,-103.25389
60,412,0.360,1,-0.05,-106.80526
60,413,0.352,1,-0.05,-111.90097
60,414,0.337,0,1.0,-116.26302
60,415,0.320,1,-0.05,-121.988266
60,416,0.285,0,1.0,-124.92024
60,417,0.261,2,-0.05,-132.17627
60,418,0.255,2,-0.05,-133.59108
60,419,0.236,0,-100.0,-130.89209
61,0,0.671,0,1.0,25.329834
61,1,0.678,1,-0.05,24.536737
61,2,0.657,0,1.0,24.804731
61,3,0.662,1,-0.05,25.268843
61,4,0.671,1,-0.05,25.126059
61,5,0.643,0,1.0,25.122175
61,6,0.664,1,-0.05,25.108868
61,7,0.661,2,-0.05,24.568499
61,8,0.656,0,1.0,23.490582
61,9,0.649,0,1.0,24.044
61,10,0.647,1,-0.05,23.382725
61,11,0.654,0,1.0,23.252218
61,12,0.635,1,-0.05,23.583323
61,13,0.636,0,1.0,23.50208
61,14,0.623,1,-0.05,21.258888
61,15,0.618,2,-0.05,20.937088
61,16,0.624,1,-0.05,22.020985
61,17,0.627,1,-0.05,20.992504
61,18,0.621,2,-0.05,17.752213
61,19,0.620,2,-0.05,20.360561
61,20,0.608,0,1.0,21.512354
61,21,0.599,2,-0.05,22.293402
61,22,0.614,0,1.0,21.675043
61,23,0.604,0,1.0,21.951017
61,24,0.609,2,-0.05,21.552156
61,25,0.606,0,1.0,22.0015
61,26,0.601,0,1.0,21.172344
61,27,0.594,1,-0.05,22.064045
61,28,0.595,0,1.0,21.1519
61,29,0.598,1,-0.05,23.51
61,30,0.588,1,-0.05,22.352388
61,31,0.593,0,1.0,21.98649
61,32,0.585,0,1.0,20.643684
61,33,0.579,2,-0.05,20.742582
61,34,0.571,1,-0.05,20.599993
61,35,0.569,1,-0.05,20.514763
61,36,0.574,2,-0.05,17.120718
61,37,0.584,2,-0.05,17.628675
61,38,0.569,2,-0.05,19.405367
61,39,0.569,0,1.0,21.567593
61,40,0.557,0,1.0,20.997942
61,41,0.553,2,-0.05,21.756414
61,42,0.551,0,1.0,20.977123
61,43,0.563,0,1.0,23.937206
61,44,0.553,0,1.0,22.977413
61,45,0.557,0,1.0,23.880209
61,46,0.553,2,-0.05,23.018381
61,47,0.536,0,1.0,23.967768
61,48,0.554,0,1.0,23.773458
61,49,0.551,0,1.0,24.526194
61,50,0.549,1,-0.05,23.501715
61,51,0.556,0,1.0,23.536905
61,52,0.547,0,1.0,22.2895
61,53,0.551,0,1.0,21.990398
61,54,0.550,1,-0.05,20.945164
61,55,0.546,1,-0.05,20.49422
61,56,0.553,0,1.0,19.36437
61,57,0.553,2,-0.05,21.041477
61,58,0.551,2,-0.05,19.809614
61,59,0.536,2,-0.05,21.28189
61,60,0.545,1,-0.05,20.372303
61,61,0.530,0,1.0,20.214123
61,62,0.538,1,-0.05,17.850685
61,63,0.538,2,-0.05,19.413904
61,64,0.536,2,-0.05,17.215187
61,65,0.543,0,1.0,18.101923
61,66,0.542,2,-0.05,19.643175
61,67,0.538,1,-0.05,20.113178
61,68,0.529,0,1.0,18.100645
61,69,0.538,1,-0.05,17.859318
61,70,0.539,0,1.0,16.05248
61,71,0.529,2,-0.05,14.945897
61,72,0.526,0,1.0,13.794446
61,73,0.528,0,1.0,16.879328
61,74,0.533,1,-0.05,14.889875
61,75,0.526,2,-0.05,14.722619
61,76,0.528,0,1.0,14.86735
61,77,0.528,2,-0.05,15.210057
61,78,0.516,0,1.0,14.24141
61,79,0.523,0,1.0,14.683399
61,80,0.525,0,1.0,12.6223135
61,81,0.521,2,-0.05,12.221013
61,82,0.546,1,-0.05,13.630534
61,83,0.535,1,-0.05,12.968372
61,84,0.532,1,-0.05,11.210984
61,85,0.538,2,-0.05,11.952047
61,86,0.538,2,-0.05,11.087838
61,87,0.526,2,-0.05,11.716143
61,88,0.546,1,-0.05,11.307508
61,89,0.533,2,-0.05,13.086327
61,90,0.540,0,1.0,10.657454
61,91,0.547,0,1.0,11.537023
61,92,0.545,0,1.0,11.964637
61,93,0.539,0,1.0,10.922373
61,94,0.547,0,1.0,9.70942
61,95,0.565,0,1.0,10.933255
61,96,0.562,0,1.0,9.276867
61,97,0.568,0,1.0,8.300733
61,98,0.583,1,-0.05,6.1300483
61,99,0.587,0,1.0,8.975598
61,100,0.577,0,1.0,6.9863715
61,101,0.592,0,1.0,5.9021297
61,102,0.582,0,1.0,3.7048023
61,103,0.588,1,-0.05,5.520449
61,104,0.598,1,-0.05,3.5593505
61,105,0.594,1,-0.05,3.5921166
61,106,0.601,2,-0.05,4.8923683
61,107,0.597,2,-0.05,6.0425544
61,108,0.581,2,-0.05,2.8742728
61,109,0.586,0,1.0,3.1246073
61,110,0.602,2,-0.05,5.0847807
61,111,0.596,0,1.0,4.468785
61,112,0.602,2,-0.05,3.2692373
61,113,0.616,0,1.0,6.024257
61,114,0.621,0,1.0,5.3321123
61,115,0.629,0,1.0,3.816237
61,116,0.638,1,-0.05,4.65171
61,117,0.630,2,-0.05,4.041793
61,118,0.644,2,-0.05,4.756099
61,119,0.653,0,1.0,6.3528705
61,120,0.676,0,1.0,8.448362
61,121,0.682,1,-0.05,6.4270196
61,122,0.692,0,1.0,3.994038
61,123,0.708,0,1.0,3.1122026
61,124,0.703,0,1.0,3.200398
61,125,0.690,0,1.0,6.6644745
61,126,0.683,2,-0.05,3.0924757
61,127,0.661,0,1.0,6.1457324
61,128,0.643,0,1.0,4.190102
61,129,0.638,2,-0.05,5.454411
61,130,0.627,2,-0.05,7.693491
61,131,0.626,2,-0.05,8.187413
61,132,0.624,0,1.0,9.23461
61,133,0.611,0,1.0,14.067187
61,134,0.592,2,-0.05,10.951051
61,135,0.574,1,-0.05,11.820386
61,136,0.575,2,-0.05,6.9733157
61,137,0.575,2,-0.05,9.6066265
61,138,0.570,1,-0.05,11.279489
61,139,0.578,1,-0.05,9.83371
61,140,0.549,0,1.0,5.559194
61,141,0.558,2,-0.05,4.5111775
61,142,0.564,2,-0.05,3.1707258
61,143,0.550,2,-0.05,3.678121
61,144,0.556,2,-0.05,6.052259
61,145,0.549,2,-0.05,8.619247
61,146,0.536,0,1.0,10.815983
61,147,0.514,2,-0.05,12.961163
61,148,0.519,1,-0.05,10.104774
61,149,0.507,2,-0.05,9.658563
61,150,0.516,2,-0.05,8.6722975
61,151,0.501,2,-0.05,14.605533
61,152,0.500,0,1.0,19.115702
61,153,0.474,0,1.0,25.313911
61,154,0.468,2,-0.05,21.836979
61,155,0.462,2,-0.05,21.45914
61,156,0.462,2,-0.05,27.200026
61,157,0.454,1,-0.05,32.261505
61,158,0.449,0,1.0,29.504372
61,159,0.436,2,-0.05,21.635138
61,160,0.451,2,-0.05,21.063488
61,161,0.424,0,1.0,27.089012
61,162,0.440,0,1.0,30.193914
61,163,0.426,1,-0.05,28.460518
61,164,0.426,1,-0.05,27.17463
61,165,0.402,2,-0.05,21.205967
61,166,0.413,0,1.0,20.615679
61,167,0.413,0,1.0,26.602259
61,168,0.412,2,-0.05,24.629591
61,169,0.414,1,-0.05,24.017002
61,170,0.411,1,-0.05,21.71828
61,171,0.410,0,1.0,15.294245
61,172,0.415,2,-0.05,6.6027355
61,173,0.425,1,-0.05,5.9424815
61,174,0.431,2,-0.05,1.6360819
61,175,0.426,1,-0.05,4.0376654
61,176,0.436,2,-0.05,0.18502566
61,177,0.443,2,-0.05,2.0052552
61,178,0.451,0,1.0,8.500779
61,179,0.467,2,-0.05,13.630028
61,180,0.463,1,-0.05,12.04659
61,181,0.446,2,-0.05,9.9560795
61,182,0.480,0,1.0,11.747249
61,183,0.479,1,-0.05,18.33794
61,184,0.482,2,-0.05,15.227743
61,185,0.492,2,-0.05,15.629597
61,186,0.492,2,-0.05,22.980438
61,187,0.488,0,1.0,28.460468
61,188,0.495,0,1.0,30.792694
61,189,0.498,0,1.0,29.415264
61,190,0.514,0,1.0,26.62577
61,191,0.526,2,-0.05,25.59051
61,192,0.513,0,1.0,26.51572
61,193,0.530,1,-0.05,27.175287
61,194,0.513,0,1.0,27.29703
61,195,0.518,2,-0.05,26.404016
61,196,0.529,0,1.0,28.406828
61,197,0.532,1,-0.05,26.818281
61,198,0.537,1,-0.05,30.3056
61,199,0.533,0,1.0,28.533224
61,200,0.547,0,1.0,29.419237
61,201,0.553,0,1.0,30.909796
61,202,0.555,2,-0.05,28.775429
61,203,0.548,1,-0.05,28.254192
61,204,0.562,0,1.0,30.381731
61,205,0.572,2,-0.05,29.193373
61,206,0.575,0,1.0,28.729927
61,207,0.578,0,1.0,25.666096
61,208,0.579,2,-0.05,29.762033
61,209,0.582,1,-0.05,27.43582
61,210,0.590,2,-0.05,26.227732
61,211,0.594,1,-0.05,25.925251
61,212,0.590,0,1.0,27.989985
61,213,0.617,0,1.0,24.78396
61,214,0.623,0,1.0,25.450586
61,215,0.624,0,1.0,22.272308
61,216,0.635,2,-0.05,20.743366
61,217,0.645,0,1.0,22.399288
61,218,0.657,0,1.0,22.726362
61,219,0.660,1,-0.05,19.568436
61,220,0.660,0,1.0,18.034689
61,221,0.667,1,-0.05,17.350105
61,222,0.684,0,1.0,15.977888
61,223,0.678,0,1.0,15.2875
61,224,0.698,1,-0.05,15.499003
61,225,0.705,2,-0.05,16.67836
61,226,0.703,1,-0.05,14.371978
61,227,0.716,0,1.0,15.430862
61,228,0.683,0,1.0,11.815748
61,229,0.675,0,1.0,13.832627
61,230,0.655,0,1.0,11.618627
61,231,0.651,2,-0.05,8.948677
61,232,0.647,2,-0.05,9.847714
61,233,0.628,1,-0.05,8.99563
61,234,0.641,2,-0.05,6.431682
61,235,0.625,0,1.0,7.1457634
61,236,0.620,1,-0.05,7.899752
61,237,0.601,0,1.0,5.994435
61,238,0.596,0,1.0,5.1069207
61,239,0.587,0,1.0,3.010448
61,240,0.562,0,1.0,2.6545434
61,241,0.556,0,1.0,-0.22223648
61,242,0.547,2,-0.05,0.5927806
61,243,0.530,2,-0.05,-2.0432582
61,244,0.543,2,-0.05,-0.7094711
61,245,0.539,0,1.0,-2.3922467
61,246,0.517,1,-0.05,2.0764055
61,247,0.526,1,-0.05,-0.8682519
61,248,0.530,2,-0.05,-0.1456398
61,249,0.532,1,-0.05,-4.780639
61,250,0.516,0,1.0,-0.43809313
61,251,0.509,0,1.0,-3.944876
61,252,0.486,0,1.0,-4.3783336
61,253,0.494,2,-0.05,-7.07427
61,254,0.483,0,1.0,-7.67099
61,255,0.471,2,-0.05,-6.580849
61,256,0.474,0,1.0,-7.913227
61,257,0.453,0,1.0,-7.7651014
61,258,0.459,0,1.0,-10.06824
61,259,0.439,1,-0.05,-11.1028385
61,260,0.438,0,1.0,-8.338205
61,261,0.448,0,1.0,-12.278228
61,262,0.430,2,-0.05,-13.232347
61,263,0.417,1,-0.05,-15.307193
61,264,0.420,1,-0.05,-17.492172
61,265,0.415,0,1.0,-23.165325
61,266,0.416,0,1.0,-27.255972
61,267,0.393,1,-0.05,-30.158468
61,268,0.372,0,1.0,-31.950294
61,269,0.379,2,-0.05,-40.741802
61,270,0.360,0,1.0,-40.43457
61,271,0.350,1,-0.05,-36.99869
61,272,0.356,0,1.0,-40.936054
61,273,0.326,0,1.0,-47.37499
61,274,0.312,0,1.0,-49.895123
61,275,0.299,1,-0.05,-54.01399
61,276,0.300,1,-0.05,-55.362534
61,277,0.284,0,1.0,-61.343555
61,278,0.265,0,1.0,-65.05105
61,279,0.248,0,-100.0,-71.31796
62,0,0.661,1,-0.05,22.451902
62,1,0.662,1,-0.05,22.889286
62,2,0.663,1,-0.05,22.970457
62,3,0.671,0,1.0,24.12465
62,4,0.656,1,-0.05,22.392633
62,5,0.654,0,1.0,22.815569
62,6,0.656,2,-0.05,18.796238
62,7,0.630,0,1.0,19.04302
62,8,0.636,2,-0.05,21.011305
62,9,0.637,2,-0.05,21.84643
62,10,0.630,1,-0.05,24.354513
62,11,0.631,0,1.0,23.00663
62,12,0.632,1,-0.05,19.889904
62,13,0.614,0,1.0,19.366455
62,14,0.603,0,1.0,15.941732
62,15,0.598,2,-0.05,15.546767
62,16,0.587,0,1.0,14.920025
62,17,0.582,0,1.0,18.133383
62,18,0.575,0,1.0,15.89866
62,19,0.550,2,-0.05,15.163721
62,20,0.562,0,1.0,15.966733
62,21,0.535,2,-0.05,17.101286
62,22,0.552,1,-0.05,16.77807
62,23,0.539,1,-0.05,16.78939
62,24,0.534,1,-0.05,13.388215
62,25,0.540,0,1.0,9.95064
62,26,0.523,0,1.0,5.552162
62,27,0.506,2,-0.05,4.2360363
62,28,0.510,1,-0.05,3.6871119
62,29,0.494,1,-0.05,2.161306
62,30,0.503,0,1.0,-1.4730537
62,31,0.458,0,1.0,-4.96942
62,32,0.455,1,-0.05,-5.6809015
62,33,0.452,1,-0.05,-7.805003
62,34,0.445,1,-0.05,-11.079518
62,35,0.455,1,-0.05,-15.608857
62,36,0.430,0,1.0,-19.12317
62,37,0.405,0,1.0,-24.015965
62,38,0.398,2,-0.05,-27.136295
62,39,0.382,2,-0.05,-30.476265
62,40,0.353,0,1.0,-27.578793
62,41,0.348,1,-0.05,-26.384115
62,42,0.330,1,-0.05,-28.383892
62,43,0.322,0,1.0,-33.64043
62,44,0.303,2,-0.05,-39.036198
62,45,0.280,0,1.0,-41.977695
62,46,0.265,2,-0.05,-38.695812
62,47,0.260,2,-0.05,-42.590294
62,48,0.244,0,-100.0,-39.44551
63,0,0.656,2,-0.05,21.85685
63,1,0.665,0,1.0,20.560774
63,2,0.665,0,1.0,18.4254
63,3,0.670,1,-0.05,19.975313
63,4,0.673,2,-0.05,20.30906
63,5,0.670,1,-0.05,18.444462
63,6,0.671,0,1.0,20.523607
63,7,0.676,2,-0.05,20.852047
63,8,0.681,2,-0.05,22.43392
63,9,0.665,2,-0.05,21.274248
63,10,0.664,1,-0.05,19.35013
63,11,0.687,1,-0.05,19.54389
63,12,0.676,1,-0.05,21.559366
63,13,0.680,0,1.0,22.76515
63,14,0.680,2,-0.05,23.939207
63,15,0.668,1,-0.05,24.251934
63,16,0.684,2,-0.05,24.650879
63,17,0.676,1,-0.05,24.378622
63,18,0.683,0,1.0,25.11673
63,19,0.681,1,-0.05,24.796902
63,20,0.669,1,-0.05,24.891146
63,21,0.660,2,-0.05,24.016352
63,22,0.676,0,1.0,25.114658
63,23,0.661,0,1.0,24.876934
63,24,0.652,0,1.0,24.675337
63,25,0.647,1,-0.05,24.611715
63,26,0.659,0,1.0,24.16907
63,27,0.653,2,-0.05,24.122023
63,28,0.639,2,-0.05,24.42441
63,29,0.626,0,1.0,23.945541
63,30,0.634,0,1.0,23.74535
63,31,0.626,1,-0.05,23.598705
63,32,0.634,1,-0.05,22.880123
63,33,0.637,0,1.0,23.079556
63,34,0.624,1,-0.05,22.4698
63,35,0.626,2,-0.05,21.803255
63,36,0.610,1,-0.05,23.507267
63,37,0.614,1,-0.05,21.918234
63,38,0.620,1,-0.05,19.16985
63,39,0.625,2,-0.05,15.774864
63,40,0.611,0,1.0,16.010067
63,41,0.608,0,1.0,19.028952
63,42,0.580,0,1.0,18.256104
63,43,0.584,2,-0.05,18.342934
63,44,0.586,2,-0.05,18.467201
63,45,0.579,2,-0.05,19.668951
63,46,0.567,2,-0.05,22.252645
63,47,0.566,1,-0.05,22.18094
63,48,0.569,2,-0.05,21.782751
63,49,0.567,2,-0.05,23.099949
63,50,0.573,0,1.0,24.118954
63,51,0.563,2,-0.05,24.055746
63,52,0.567,0,1.0,25.176071
63,53,0.567,2,-0.05,25.210384
63,54,0.581,0,1.0,25.837774
63,55,0.588,2,-0.05,23.84685
63,56,0.590,0,1.0,24.088083
63,57,0.588,2,-0.05,23.91961
63,58,0.601,1,-0.05,24.207508
63,59,0.604,2,-0.05,23.614698
63,60,0.611,0,1.0,23.717396
63,61,0.611,1,-0.05,22.634832
63,62,0.618,1,-0.05,21.87539
63,63,0.629,1,-0.05,24.298706
63,64,0.625,2,-0.05,21.14103
63,65,0.632,0,1.0,21.934008
63,66,0.649,0,1.0,20.224873
63,67,0.655,2,-0.05,19.079746
63,68,0.653,0,1.0,18.350039
63,69,0.680,0,1.0,12.846162
63,70,0.684,2,-0.05,15.014163
63,71,0.683,1,-0.05,9.962952
63,72,0.683,2,-0.05,16.979567
63,73,0.689,2,-0.05,16.487017
63,74,0.704,1,-0.05,9.905574
63,75,0.706,1,-0.05,8.849974
63,76,0.693,2,-0.05,14.630091
63,77,0.704,0,1.0,7.648395
63,78,0.681,0,1.0,5.26046
63,79,0.677,1,-0.05,3.2479963
63,80,0.675,1,-0.05,2.0713947
63,81,0.659,2,-0.05,11.636241
63,82,0.657,2,-0.05,3.3560123
63,83,0.646,1,-0.05,2.044595
63,84,0.647,1,-0.05,0.40678573
63,85,0.631,0,1.0,3.1117663
63,86,0.632,2,-0.05,8.605612
63,87,0.624,0,1.0,7.946138
63,88,0.621,1,-0.05,-0.26441187
63,89,0.612,1,-0.05,3.0996976
63,90,0.606,0,1.0,5.1906695
63,91,0.591,1,-0.05,8.680753
63,92,0.600,1,-0.05,7.062197
63,93,0.590,1,-0.05,11.746492
63,94,0.587,1,-0.05,15.616211
63,95,0.580,1,-0.05,19.502424
63,96,0.588,0,1.0,21.914818
63,97,0.585,1,-0.05,24.581326
63,98,0.578,1,-0.05,22.59093
63,99,0.586,2,-0.05,25.413336
63,100,0.565,1,-0.05,24.668175
63,101,0.580,2,-0.05,24.621716
63,102,0.583,2,-0.05,24.262226
63,103,0.584,0,1.0,21.077967
63,104,0.591,1,-0.05,16.96714
63,105,0.577,0,1.0,16.568123
63,106,0.579,1,-0.05,17.771276
63,107,0.582,0,1.0,16.883732
63,108,0.595,0,1.0,18.642721
63,109,0.584,1,-0.05,17.267717
63,110,0.587,0,1.0,18.172693
63,111,0.587,0,1.0,18.993362
63,112,0.592,1,-0.05,16.65345
63,113,0.588,1,-0.05,15.912377
63,114,0.595,0,1.0,16.873775
63,115,0.611,2,-0.05,17.018415
63,116,0.605,1,-0.05,17.040728
63,117,0.604,2,-0.05,17.38138
63,118,0.613,0,1.0,16.109255
63,119,0.620,0,1.0,15.3701935
63,120,0.633,0,1.0,12.316541
63,121,0.631,0,1.0,11.037647
63,122,0.631,2,-0.05,10.980139
63,123,0.646,0,1.0,10.146547
63,124,0.657,2,-0.05,7.003651
63,125,0.644,1,-0.05,5.9667273
63,126,0.637,1,-0.05,7.8698015
63,127,0.639,2,-0.05,9.776756
63,128,0.648,0,1.0,6.3778176
63,129,0.650,1,-0.05,6.7955747
63,130,0.648,1,-0.05,5.0956903
63,131,0.657,1,-0.05,7.026664
63,132,0.653,0,1.0,9.352711
63,133,0.664,1,-0.05,8.495996
63,134,0.660,1,-0.05,9.25032
63,135,0.666,0,1.0,10.368055
63,136,0.672,2,-0.05,9.811415
63,137,0.667,2,-0.05,9.542333
63,138,0.691,0,1.0,9.133797
63,139,0.708,0,1.0,7.4231014
63,140,0.711,1,-0.05,7.682782
63,141,0.705,1,-0.05,6.344353
63,142,0.705,0,1.0,6.040236
63,143,0.692,0,1.0,6.5855355
63,144,0.680,2,-0.05,2.800495
63,145,0.660,0,1.0,2.7462537
63,146,0.667,0,1.0,1.4154416
63,147,0.661,0,1.0,-0.12016833
63,148,0.646,0,1.0,-3.3476481
63,149,0.628,2,-0.05,-5.7415233
63,150,0.633,1,-0.05,-7.761273
63,151,0.632,1,-0.05,-7.470356
63,152,0.631,1,-0.05,-10.508401
63,153,0.620,2,-0.05,-12.845522
63,154,0.611,2,-0.05,-13.627322
63,155,0.622,2,-0.05,-10.938962
63,156,0.605,1,-0.05,-9.629029
63,157,0.616,1,-0.05,-10.230982
63,158,0.595,0,1.0,-12.884712
63,159,0.585,2,-0.05,-16.580599
63,160,0.582,2,-0.05,-20.783457
63,161,0.587,2,-0.05,-15.966097
63,162,0.582,1,-0.05,-14.978942
63,163,0.584,1,-0.05,-15.352996
63,164,0.579,1,-0.05,-20.23194
63,165,0.563,2,-0.05,-24.479948
63,166,0.552,2,-0.05,-23.93719
63,167,0.554,1,-0.05,-21.240343
63,168,0.564,2,-0.05,-22.120504
63,169,0.554,2,-0.05,-21.665277
63,170,0.557,2,-0.05,-18.203417
63,171,0.548,2,-0.05,-16.095287
63,172,0.544,1,-0.05,-15.195513
63,173,0.548,1,-0.05,-16.48424
63,174,0.544,2,-0.05,-18.3885
63,175,0.540,0,1.0,-18.955366
63,176,0.532,1,-0.05,-17.982986
63,177,0.547,1,-0.05,-21.485586
63,178,0.527,2,-0.05,-23.272333
63,179,0.517,0,1.0,-23.640768
63,180,0.527,2,-0.05,-22.4704
63,181,0.516,2,-0.05,-25.710451
63,182,0.514,2,-0.05,-21.585644
63,183,0.519,2,-0.05,-19.521046
63,184,0.517,2,-0.05,-16.316423
63,185,0.510,2,-0.05,-13.420443
63,186,0.509,0,1.0,-9.790936
63,187,0.521,0,1.0,-5.8313503
63,188,0.523,2,-0.05,-8.63979
63,189,0.531,2,-0.05,-9.950145
63,190,0.537,2,-0.05,-6.3158455
63,191,0.527,2,-0.05,-1.299098
63,192,0.538,2,-0.05,3.21624
63,193,0.537,1,-0.05,8.385721
63,194,0.550,0,1.0,6.6393375
63,195,0.550,2,-0.05,-0.36343244
63,196,0.563,2,-0.05,-2.4654243
63,197,0.576,2,-0.05,3.5774906
63,198,0.574,2,-0.05,6.937742
63,199,0.567,2,-0.05,12.440312
63,200,0.581,2,-0.05,17.313992
63,201,0.586,2,-0.05,22.752636
63,202,0.608,0,1.0,28.025764
63,203,0.618,2,-0.05,32.301773
63,204,0.633,1,-0.05,29.382282
63,205,0.641,2,-0.05,26.038664
63,206,0.633,1,-0.05,25.041298
63,207,0.657,1,-0.05,21.820107
63,208,0.659,2,-0.05,13.222631
63,209,0.677,0,1.0,14.728525
63,210,0.696,2,-0.05,17.44482
63,211,0.691,2,-0.05,15.277527
63,212,0.724,0,1.0,21.581682
63,213,0.740,2,-0.05,25.295053
63,214,0.755,0,1.0,22.68717
63,215,0.791,2,-0.05,28.600458
63,216,0.789,1,-0.05,25.425196
63,217,0.773,0,1.0,23.035387
63,218,0.758,0,1.0,12.620348
63,219,0.731,0,1.0,10.583135
63,220,0.711,1,-0.05,6.170954
63,221,0.705,2,-0.05,2.8077939
63,222,0.687,0,1.0,4.754635
63,223,0.668,2,-0.05,9.691384
63,224,0.673,1,-0.05,6.809809
63,225,0.657,0,1.0,4.6605034
63,226,0.641,2,-0.05,-5.506015
63,227,0.630,1,-0.05,-6.9876523
63,228,0.620,2,-0.05,-9.662755
63,229,0.609,0,1.0,-7.276265
63,230,0.595,2,-0.05,-3.0275438
63,231,0.589,2,-0.05,-4.3094206
63,232,0.592,2,-0.05,2.6535044
63,233,0.569,1,-0.05,11.150603
63,234,0.565,2,-0.05,6.797545
63,235,0.554,2,-0.05,8.677053
63,236,0.554,2,-0.05,16.283846
63,237,0.544,0,1.0,25.935177
63,238,0.534,1,-0.05,32.282852
63,239,0.516,2,-0.05,29.926586
63,240,0.538,1,-0.05,32.093082
63,241,0.532,2,-0.05,29.97047
63,242,0.525,1,-0.05,30.725906
63,243,0.520,0,1.0,28.203173
63,244,0.515,2,-0.05,15.706188
63,245,0.510,2,-0.05,14.383365
63,246,0.497,1,-0.05,22.559969
63,247,0.501,1,-0.05,17.513094
63,248,0.497,0,1.0,7.4898076
63,249,0.476,0,1.0,-3.1216593
63,250,0.479,1,-0.05,-5.3272824
63,251,0.456,2,-0.05,-8.469662
63,252,0.452,2,-0.05,-6.2913136
63,253,0.442,0,1.0,2.1390657
63,254,0.435,2,-0.05,11.095495
63,255,0.419,2,-0.05,9.850649
63,256,0.424,2,-0.05,18.324032
63,257,0.412,2,-0.05,28.4848
63,258,0.427,2,-0.05,39.130814
63,259,0.417,2,-0.05,45.294395
63,260,0.421,0,1.0,49.713676
63,261,0.424,0,1.0,53.470745
63,262,0.421,0,1.0,51.43857
63,263,0.422,2,-0.05,50.40736
63,264,0.417,1,-0.05,49.63914
63,265,0.424,2,-0.05,47.957184
63,266,0.432,0,1.0,50.12217
63,267,0.434,0,1.0,53.256878
63,268,0.416,1,-0.05,52.38218
63,269,0.434,1,-0.05,51.6191
63,270,0.433,0,1.0,48.117367
63,271,0.434,1,-0.05,41.992214
63,272,0.439,1,-0.05,41.288456
63,273,0.439,1,-0.05,32.466743
63,274,0.447,1,-0.05,26.182543
63,275,0.428,1,-0.05,14.347003
63,276,0.435,1,-0.05,6.2208214
63,277,0.430,2,-0.05,-1.0162904
63,278,0.428,1,-0.05,0.52025574
63,279,0.427,0,1.0,-2.6768181
63,280,0.414,2,-0.05,-8.764948
63,281,0.415,2,-0.05,-9.161979
63,282,0.406,2,-0.05,-5.3466883
63,283,0.408,2,-0.05,4.0857396
63,284,0.397,0,1.0,11.137937
63,285,0.395,1,-0.05,17.517288
63,286,0.397,1,-0.05,13.279691
63,287,0.402,1,-0.05,8.66839
63,288,0.379,2,-0.05,3.23368
63,289,0.377,0,1.0,1.6649444
63,290,0.374,0,1.0,9.873891
63,291,0.370,2,-0.05,7.843336
63,292,0.381,0,1.0,7.7902036
63,293,0.366,1,-0.05,15.6831
63,294,0.359,2,-0.05,14.041136
63,295,0.362,2,-0.05,15.44543
63,296,0.356,2,-0.05,22.094183
63,297,0.345,2,-0.05,27.092365
63,298,0.354,1,-0.05,32.59317
63,299,0.366,0,1.0,29.228992
63,300,0.357,0,1.0,22.966698
63,301,0.365,0,1.0,20.6279
63,302,0.362,2,-0.05,18.365526
63,303,0.345,2,-0.05,17.13064
63,304,0.357,1,-0.05,22.490477
63,305,0.363,2,-0.05,19.93321
63,306,0.364,2,-0.05,20.38512
63,307,0.365,1,-0.05,27.30135
63,308,0.362,1,-0.05,25.092113
63,309,0.360,0,1.0,18.196848
63,310,0.361,1,-0.05,13.8540535
63,311,0.361,2,-0.05,11.580491
63,312,0.355,1,-0.05,12.793212
63,313,0.366,1,-0.05,13.003296
63,314,0.363,2,-0.05,8.5547285
63,315,0.369,1,-0.05,11.056441
63,316,0.368,1,-0.05,7.3999953
63,317,0.367,1,-0.05,4.7721105
63,318,0.353,2,-0.05,0.42055944
63,319,0.357,2,-0.05,3.8658612
63,320,0.355,1,-0.05,3.390197
63,321,0.354,0,1.0,2.0070682
63,322,0.346,0,1.0,-2.1171598
63,323,0.335,2,-0.05,-3.8083386
63,324,0.329,1,-0.05,-3.6254976
63,325,0.338,0,1.0,-6.292185
63,326,0.325,2,-0.05,-14.168395
63,327,0.328,2,-0.05,-14.621265
63,328,0.306,2,-0.05,-10.585565
63,329,0.315,2,-0.05,-3.8365898
63,330,0.301,0,1.0,-0.0056269467
63,331,0.303,1,-0.05,4.8613586
63,332,0.304,0,1.0,1.2787149
63,333,0.303,2,-0.05,-1.3755543
63,334,0.302,1,-0.05,0.8966764
63,335,0.302,2,-0.05,-3.6312864
63,336,0.288,2,-0.05,-1.0596244
63,337,0.300,2,-0.05,2.084204
63,338,0.291,2,-0.05,3.0460908
63,339,0.298,0,1.0,6.2244973
63,340,0.304,2,-0.05,10.321683
63,341,0.297,0,1.0,10.450611
63,342,0.302,2,-0.05,15.7259865
63,343,0.303,0,1.0,14.849585
63,344,0.310,2,-0.05,19.633411
63,345,0.303,1,-0.05,18.556011
63,346,0.311,1,-0.05,18.869108
63,347,0.315,2,-0.05,12.382136
63,348,0.323,2,-0.05,12.057344
63,349,0.308,2,-0.05,17.52329
63,350,0.316,1,-0.05,25.274992
63,351,0.327,2,-0.05,20.565042
63,352,0.322,1,-0.05,23.993938
63,353,0.324,2,-0.05,19.921131
63,354,0.338,0,1.0,19.868856
63,355,0.344,1,-0.05,27.139475
63,356,0.350,2,-0.05,25.196526
63,357,0.352,2,-0.05,27.014513
63,358,0.354,2,-0.05,37.453682
63,359,0.351,0,1.0,40.996574
63,360,0.383,2,-0.05,49.19683
63,361,0.389,1,-0.05,47.240368
63,362,0.398,0,1.0,43.905685
63,363,0.415,2,-0.05,34.635838
63,364,0.419,1,-0.05,34.401184
63,365,0.419,2,-0.05,30.197226
63,366,0.431,0,1.0,35.748207
63,367,0.446,2,-0.05,40.109623
63,368,0.452,2,-0.05,37.502384
63,369,0.455,2,-0.05,43.073193
63,370,0.465,1,-0.05,48.378006
63,371,0.470,0,1.0,46.428123
63,372,0.503,2,-0.05,40.0983
63,373,0.499,1,-0.05,37.067413
63,374,0.522,0,1.0,36.330364
63,375,0.532,1,-0.05,26.49766
63,376,0.553,0,1.0,23.840345
63,377,0.560,1,-0.05,15.51267
63,378,0.566,1,-0.05,16.102758
63,379,0.569,0,1.0,9.452087
63,380,0.577,1,-0.05,5.861379
63,381,0.568,2,-0.05,7.997453
63,382,0.588,2,-0.05,6.461003
63,383,0.589,2,-0.05,9.459677
63,384,0.596,2,-0.05,16.092701
63,385,0.606,2,-0.05,21.384708
63,386,0.617,0,1.0,26.597067
63,387,0.629,2,-0.05,30.60148
63,388,0.659,0,1.0,31.501345
63,389,0.670,0,1.0,35.06464
63,390,0.679,2,-0.05,32.63645
63,391,0.688,1,-0.05,32.734955
63,392,0.703,2,-0.05,29.908028
63,393,0.697,2,-0.05,33.282547
63,394,0.703,2,-0.05,39.020973
63,395,0.676,0,1.0,44.144035
63,396,0.650,0,1.0,47.166916
63,397,0.616,0,1.0,46.333477
63,398,0.604,2,-0.05,43.36454
63,399,0.596,2,-0.05,45.085182
63,400,0.585,1,-0.05,50.882458
63,401,0.582,1,-0.05,44.322906
63,402,0.557,2,-0.05,38.92952
63,403,0.561,0,1.0,41.46421
63,404,0.524,0,1.0,45.641876
63,405,0.498,1,-0.05,40.441647
63,406,0.503,2,-0.05,40.66625
63,407,0.495,2,-0.05,40.082577
63,408,0.470,0,1.0,45.543846
63,409,0.430,0,1.0,47.179066
63,410,0.397,0,1.0,44.168976
63,411,0.384,2,-0.05,41.74366
63,412,0.373,2,-0.05,39.192524
63,413,0.375,2,-0.05,44.187046
63,414,0.372,1,-0.05,45.728237
63,415,0.340,2,-0.05,44.090652
63,416,0.348,2,-0.05,44.364803
63,417,0.318,0,1.0,46.6926
63,418,0.304,0,1.0,46.113026
63,419,0.278,1,-0.05,45.181435
63,420,0.288,2,-0.05,42.275078
63,421,0.263,1,-0.05,40.613914
63,422,0.258,1,-0.05,40.291725
63,423,0.250,0,-100.0,37.48215
64,0,0.661,1,-0.05,20.055042
64,1,0.665,2,-0.05,19.886377
64,2,0.661,2,-0.05,17.974123
64,3,0.667,1,-0.05,15.527296
64,4,0.669,0,1.0,15.129614
64,5,0.663,2,-0.05,17.959053
64,6,0.659,0,1.0,17.645443
64,7,0.664,2,-0.05,14.137289
64,8,0.671,1,-0.05,15.537771
64,9,0.664,2,-0.05,15.613247
64,10,0.651,2,-0.05,14.555992
64,11,0.664,2,-0.05,12.298795
64,12,0.661,1,-0.05,11.618271
64,13,0.666,1,-0.05,11.78978
64,14,0.669,1,-0.05,14.313978
64,15,0.666,0,1.0,16.224834
64,16,0.675,1,-0.05,18.015139
64,17,0.673,0,1.0,18.235966
64,18,0.659,0,1.0,19.074484
64,19,0.667,2,-0.05,19.138739
64,20,0.662,2,-0.05,19.414213
64,21,0.669,2,-0.05,18.575325
64,22,0.665,2,-0.05,17.263039
64,23,0.636,0,1.0,17.30259
64,24,0.667,0,1.0,15.447493
64,25,0.656,2,-0.05,15.122077
64,26,0.669,1,-0.05,13.601187
64,27,0.665,1,-0.05,15.248126
64,28,0.677,1,-0.05,17.784946
64,29,0.671,2,-0.05,20.13618
64,30,0.669,1,-0.05,19.657368
64,31,0.661,0,1.0,20.372812
64,32,0.672,0,1.0,21.4283
64,33,0.649,2,-0.05,21.364388
64,34,0.654,2,-0.05,21.285824
64,35,0.669,2,-0.05,20.06188
64,36,0.664,0,1.0,18.18486
64,37,0.664,1,-0.05,15.806066
64,38,0.664,1,-0.05,15.940052
64,39,0.682,1,-0.05,18.217691
64,40,0.668,2,-0.05,20.571463
64,41,0.672,1,-0.05,20.52582
64,42,0.678,2,-0.05,20.505371
64,43,0.662,0,1.0,20.673046
64,44,0.674,1,-0.05,18.589262
64,45,0.676,2,-0.05,18.356915
64,46,0.664,0,1.0,18.403818
64,47,0.665,1,-0.05,16.167173
64,48,0.671,1,-0.05,16.040909
64,49,0.665,0,1.0,18.232397
64,50,0.666,1,-0.05,20.044712
64,51,0.679,2,-0.05,19.743946
64,52,0.684,1,-0.05,20.155832
64,53,0.675,1,-0.05,20.00235
64,54,0.688,1,-0.05,20.957136
64,55,0.682,2,-0.05,22.146181
64,56,0.680,1,-0.05,21.799599
64,57,0.689,2,-0.05,20.862728
64,58,0.687,1,-0.05,21.445114
64,59,0.674,0,1.0,20.600222
64,60,0.665,0,1.0,22.197407
64,61,0.664,2,-0.05,21.876253
64,62,0.656,2,-0.05,21.67806
64,63,0.664,1,-0.05,24.3149
64,64,0.654,1,-0.05,25.202686
64,65,0.661,2,-0.05,27.351599
64,66,0.656,0,1.0,25.652628
64,67,0.649,0,1.0,27.270803
64,68,0.642,0,1.0,26.989626
64,69,0.641,1,-0.05,26.396097
64,70,0.642,1,-0.05,25.999947
64,71,0.644,2,-0.05,27.13339
64,72,0.631,2,-0.05,27.732874
64,73,0.640,1,-0.05,26.188282
64,74,0.629,0,1.0,25.492498
64,75,0.630,2,-0.05,25.963644
64,76,0.627,1,-0.05,25.281584
64,77,0.606,2,-0.05,26.495092
64,78,0.611,1,-0.05,24.646135
64,79,0.620,2,-0.05,25.856884
64,80,0.613,0,1.0,25.778109
64,81,0.609,0,1.0,24.190613
64,82,0.600,2,-0.05,22.96226
64,83,0.596,2,-0.05,22.030312
64,84,0.601,1,-0.05,21.922333
64,85,0.606,1,-0.05,22.023682
64,86,0.602,2,-0.05,22.148191
64,87,0.607,2,-0.05,20.371492
64,88,0.605,1,-0.05,20.329676
64,89,0.609,1,-0.05,20.96953
64,90,0.605,2,-0.05,20.861364
64,91,0.590,0,1.0,19.592142
64,92,0.581,2,-0.05,18.248026
64,93,0.590,1,-0.05,18.351145
64,94,0.585,1,-0.05,18.825924
64,95,0.583,2,-0.05,19.58149
64,96,0.581,2,-0.05,17.0838
64,97,0.596,1,-0.05,18.687653
64,98,0.587,0,1.0,17.42458
64,99,0.587,1,-0.05,17.730026
64,100,0.578,0,1.0,16.888815
64,101,0.559,0,1.0,14.448983
64,102,0.561,0,1.0,12.860178
64,103,0.547,1,-0.05,13.781737
64,104,0.544,2,-0.05,12.4522915
64,105,0.544,0,1.0,11.849144
64,106,0.536,0,1.0,13.419655
64,107,0.524,2,-0.05,11.792994
64,108,0.526,1,-0.05,11.309949
64,109,0.523,0,1.0,9.940329
64,110,0.526,0,1.0,9.037499
64,111,0.519,2,-0.05,10.412199
64,112,0.516,1,-0.05,9.401325
64,113,0.514,1,-0.05,7.541466
64,114,0.505,1,-0.05,5.0661244
64,115,0.500,1,-0.05,2.0603082
64,116,0.497,2,-0.05,-1.4509658
64,117,0.495,1,-0.05,0.32905677
64,118,0.487,0,1.0,-1.2870812
64,119,0.479,0,1.0,-4.5514994
64,120,0.455,2,-0.05,-5.135247
64,121,0.441,2,-0.05,-5.8647738
64,122,0.438,0,1.0,-2.8794513
64,123,0.434,1,-0.05,-2.3875797
64,124,0.430,0,1.0,-3.6789606
64,125,0.401,2,-0.05,-5.117893
64,126,0.406,0,1.0,-4.4078503
64,127,0.390,2,-0.05,-2.9598203
64,128,0.387,0,1.0,-3.3173783
64,129,0.364,0,1.0,-1.6801217
64,130,0.367,0,1.0,0.5307386
64,131,0.358,1,-0.05,-1.6896322
64,132,0.352,1,-0.05,0.56652904
64,133,0.339,0,1.0,-5.589695
64,134,0.343,2,-0.05,-10.237468
64,135,0.325,2,-0.05,-12.994621
64,136,0.319,0,1.0,-7.567396
64,137,0.314,1,-0.05,-3.8543174
64,138,0.318,2,-0.05,-5.781916
64,139,0.299,1,-0.05,-4.3853345
64,140,0.303,1,-0.05,-6.024725
64,141,0.296,2,-0.05,-12.698709
64,142,0.292,0,1.0,-10.283441
64,143,0.271,0,1.0,-5.9775157
64,144,0.274,2,-0.05,-7.9690766
64,145,0.261,0,1.0,-8.63777
64,146,0.246,1,-100.0,-4.733625
65,0,0.653,2,-0.05,20.150557
65,1,0.659,1,-0.05,17.958296
65,2,0.675,1,-0.05,18.344534
65,3,0.667,0,1.0,19.297497
65,4,0.656,2,-0.05,19.741219
65,5,0.653,0,1.0,19.900578
65,6,0.652,0,1.0,19.472956
65,7,0.657,1,-0.05,19.371977
65,8,0.665,1,-0.05,19.567642
65,9,0.647,0,1.0,20.414469
65,10,0.641,1,-0.05,20.672844
65,11,0.649,2,-0.05,20.663921
65,12,0.643,0,1.0,20.292158
65,13,0.631,2,-0.05,19.210045
65,14,0.630,0,1.0,19.548096
65,15,0.640,0,1.0,20.314543
65,16,0.621,0,1.0,20.538568
65,17,0.632,0,1.0,20.752048
65,18,0.634,2,-0.05,20.723734
65,19,0.625,0,1.0,20.94962
65,20,0.639,0,1.0,19.423653
65,21,0.627,1,-0.05,19.799252
65,22,0.630,0,1.0,19.879541
65,23,0.634,1,-0.05,21.42269
65,24,0.625,0,1.0,21.418768
65,25,0.624,1,-0.05,21.84721
65,26,0.636,2,-0.05,21.583784
65,27,0.636,0,1.0,22.852556
65,28,0.629,2,-0.05,21.869839
65,29,0.622,0,1.0,21.933426
65,30,0.628,2,-0.05,21.512611
65,31,0.627,2,-0.05,21.514584
65,32,0.628,0,1.0,20.06037
65,33,0.637,2,-0.05,18.066011
65,34,0.635,0,1.0,17.985727
65,35,0.639,2,-0.05,15.914855
65,36,0.652,0,1.0,16.080965
65,37,0.671,0,1.0,10.864394
65,38,0.682,0,1.0,10.652153
65,39,0.687,1,-0.05,9.775249
65,40,0.681,2,-0.05,9.637753
65,41,0.694,0,1.0,9.525737
65,42,0.697,0,1.0,5.6099257
65,43,0.678,1,-0.05,5.031773
65,44,0.684,2,-0.05,4.235866
65,45,0.668,0,1.0,3.644268
65,46,0.657,0,1.0,-3.6166847
65,47,0.643,0,1.0,-5.2646055
65,48,0.615,0,1.0,-7.207763
65,49,0.597,0,1.0,-9.17793
65,50,0.586,1,-0.05,-11.240766
65,51,0.580,0,1.0,-12.446159
65,52,0.557,0,1.0,-9.003753
65,53,0.548,0,1.0,-10.556371
65,54,0.516,1,-0.05,-12.459038
65,55,0.526,2,-0.05,-13.842152
65,56,0.530,2,-0.05,-14.919552
65,57,0.522,0,1.0,-20.526438
65,58,0.506,2,-0.05,-27.718733
65,59,0.500,1,-0.05,-29.610056
65,60,0.485,0,1.0,-29.992939
65,61,0.477,1,-0.05,-25.16558
65,62,0.454,0,1.0,-26.169952
65,63,0.445,0,1.0,-19.132645
65,64,0.418,0,1.0,-20.442064
65,65,0.409,0,1.0,-22.371601
65,66,0.392,1,-0.05,-24.016272
65,67,0.399,2,-0.05,-24.483904
65,68,0.394,1,-0.05,-31.383131
65,69,0.391,0,1.0,-25.955421
65,70,0.373,2,-0.05,-17.99501
65,71,0.360,0,1.0,-19.352413
65,72,0.350,0,1.0,-28.37146
65,73,0.328,0,1.0,-29.689045
65,74,0.321,1,-0.05,-31.961626
65,75,0.326,2,-0.05,-33.59189
65,76,0.315,1,-0.05,-42.17839
65,77,0.310,1,-0.05,-35.02938
65,78,0.313,2,-0.05,-26.388678
65,79,0.298,1,-0.05,-34.29348
65,80,0.304,2,-0.05,-27.590813
65,81,0.294,1,-0.05,-28.539434
65,82,0.282,2,-0.05,-27.64977
65,83,0.295,1,-0.05,-29.08304
65,84,0.285,1,-0.05,-28.768337
65,85,0.272,0,1.0,-20.479456
65,86,0.258,1,-0.05,-7.7934093
65,87,0.263,2,-0.05,-8.272136
65,88,0.265,1,-0.05,-17.665947
65,89,0.268,1,-0.05,-8.981081
65,90,0.249,1,-100.0,0.5600326
66,0,0.661,0,1.0,19.760775
66,1,0.665,1,-0.05,18.840397
66,2,0.655,2,-0.05,18.292204
66,3,0.663,0,1.0,16.290878
66,4,0.679,0,1.0,15.917219
66,5,0.673,0,1.0,15.782536
66,6,0.686,0,1.0,15.659731
66,7,0.678,1,-0.05,15.869714
66,8,0.680,1,-0.05,15.709266
66,9,0.664,2,-0.05,17.539276
66,10,0.680,0,1.0,17.214905
66,11,0.683,1,-0.05,15.742594
66,12,0.673,2,-0.05,15.308772
66,13,0.677,2,-0.05,15.7221155
66,14,0.680,0,1.0,13.773994
66,15,0.679,0,1.0,11.098314
66,16,0.691,1,-0.05,11.012571
66,17,0.700,0,1.0,10.727638
66,18,0.686,0,1.0,13.536196
66,19,0.697,0,1.0,13.589499
66,20,0.699,0,1.0,13.455042
66,21,0.688,2,-0.05,13.931243
66,22,0.685,2,-0.05,13.659047
66,23,0.681,0,1.0,10.875181
66,24,0.682,1,-0.05,10.74139
66,25,0.676,0,1.0,10.372055
66,26,0.672,2,-0.05,13.819776
66,27,0.670,0,1.0,13.833321
66,28,0.663,1,-0.05,10.156422
66,29,0.662,1,-0.05,10.220216
66,30,0.648,0,1.0,13.589724
66,31,0.647,0,1.0,17.321901
66,32,0.645,2,-0.05,17.559872
66,33,0.641,1,-0.05,17.541706
66,34,0.627,1,-0.05,17.38506
66,35,0.630,0,1.0,21.17697
66,36,0.636,0,1.0,23.461573
66,37,0.639,0,1.0,23.62866
66,38,0.636,0,1.0,24.04555
66,39,0.643,2,-0.05,23.862377
66,40,0.634,0,1.0,23.700638
66,41,0.653,2,-0.05,21.265585
66,42,0.628,0,1.0,21.319876
66,43,0.643,0,1.0,22.305319
66,44,0.638,0,1.0,22.679739
66,45,0.627,0,1.0,22.651747
66,46,0.619,2,-0.05,22.23461
66,47,0.624,0,1.0,22.08317
66,48,0.617,0,1.0,16.396652
66,49,0.620,1,-0.05,15.308692
66,50,0.618,0,1.0,14.383493
66,51,0.614,0,1.0,18.729858
66,52,0.610,0,1.0,17.928202
66,53,0.600,0,1.0,16.540466
66,54,0.603,1,-0.05,15.180655
66,55,0.590,0,1.0,14.053298
66,56,0.586,2,-0.05,17.39959
66,57,0.584,0,1.0,16.090483
66,58,0.584,0,1.0,11.872462
66,59,0.587,2,-0.05,14.873309
66,60,0.579,0,1.0,9.702052
66,61,0.578,2,-0.05,9.320142
66,62,0.577,0,1.0,8.444497
66,63,0.562,1,-0.05,4.346588
66,64,0.557,0,1.0,3.7314918
66,65,0.561,2,-0.05,9.2991495
66,66,0.540,0,1.0,9.042972
66,67,0.539,0,1.0,2.755168
66,68,0.543,2,-0.05,1.2940469
66,69,0.533,0,1.0,-0.25983152
66,70,0.524,1,-0.05,-5.7879004
66,71,0.511,0,1.0,-1.9541916
66,72,0.507,2,-0.05,2.883078
66,73,0.516,2,-0.05,1.6148396
66,74,0.516,0,1.0,-4.4845862
66,75,0.501,1,-0.05,-10.606283
66,76,0.503,0,1.0,-12.055739
66,77,0.489,0,1.0,-7.3339906
66,78,0.487,0,1.0,-8.971007
66,79,0.475,0,1.0,-10.447198
66,80,0.446,0,1.0,-12.253301
66,81,0.466,0,1.0,-13.672982
66,82,0.438,0,1.0,-15.501758
66,83,0.429,2,-0.05,-10.87031
66,84,0.434,0,1.0,-11.9008045
66,85,0.400,0,1.0,-20.041843
66,86,0.406,0,1.0,-21.88739
66,87,0.399,2,-0.05,-23.367678
66,88,0.385,1,-0.05,-24.885195
66,89,0.400,0,1.0,-24.75291
66,90,0.375,2,-0.05,-18.868408
66,91,0.381,2,-0.05,-15.439652
66,92,0.366,2,-0.05,-20.919462
66,93,0.364,0,1.0,-28.07138
66,94,0.358,1,-0.05,-34.7031
66,95,0.353,0,1.0,-36.146393
66,96,0.331,0,1.0,-31.31172
66,97,0.311,0,1.0,-34.377563
66,98,0.319,1,-0.05,-36.091156
66,99,0.314,0,1.0,-30.781296
66,100,0.297,2,-0.05,-25.70021
66,101,0.285,1,-0.05,-26.879183
66,102,0.280,1,-0.05,-27.575356
66,103,0.280,0,1.0,-22.244785
66,104,0.274,0,1.0,-17.4076
66,105,0.269,1,-0.05,-15.77956
66,106,0.271,1,-0.05,-16.409859
66,107,0.268,0,1.0,-8.540418
66,108,0.267,1,-0.05,-3.316578
66,109,0.267,0,1.0,-0.6386961
66,110,0.260,0,1.0,3.2598095
66,111,0.274,2,-0.05,4.5388393
66,112,0.273,0,1.0,7.1906724
66,113,0.278,0,1.0,3.9610498
66,114,0.272,1,-0.05,9.342493
66,115,0.266,0,1.0,13.037064
66,116,0.278,2,-0.05,23.291441
66,117,0.275,1,-0.05,24.627243
66,118,0.276,0,1.0,28.151506
66,119,0.289,0,1.0,29.788885
66,120,0.284,0,1.0,28.646252
66,121,0.305,0,1.0,27.583914
66,122,0.323,0,1.0,23.116148
66,123,0.332,2,-0.05,20.078281
66,124,0.347,1,-0.05,16.0204
66,125,0.337,0,1.0,15.886056
66,126,0.390,0,1.0,12.635531
66,127,0.393,2,-0.05,7.440942
66,128,0.396,2,-0.05,2.8455548
66,129,0.422,1,-0.05,3.5359588
66,130,0.428,2,-0.05,1.2229005
66,131,0.450,2,-0.05,0.60112447
66,132,0.439,1,-0.05,0.42605355
66,133,0.446,2,-0.05,-0.91319776
66,134,0.477,0,1.0,-1.0717881
66,135,0.509,0,1.0,-4.492894
66,136,0.524,2,-0.05,-8.284253
66,137,0.545,1,-0.05,-11.091925
66,138,0.546,1,-0.05,-11.039385
66,139,0.529,2,-0.05,-13.666318
66,140,0.559,2,-0.05,-14.157389
66,141,0.557,2,-0.05,-15.346769
66,142,0.561,2,-0.05,-15.531873
66,143,0.576,2,-0.05,-15.732795
66,144,0.588,2,-0.05,-16.366724
66,145,0.599,2,-0.05,-16.717436
66,146,0.598,2,-0.05,-15.775524
66,147,0.606,0,1.0,-15.889825
66,148,0.633,2,-0.05,-14.421304
66,149,0.617,2,-0.05,-16.774185
66,150,0.655,1,-0.05,-15.856433
66,151,0.631,1,-0.05,-17.661041
66,152,0.641,2,-0.05,-19.356619
66,153,0.633,2,-0.05,-19.849707
66,154,0.682,0,1.0,-18.574415
66,155,0.686,0,1.0,-19.739382
66,156,0.703,1,-0.05,-21.339651
66,157,0.717,0,1.0,-23.549597
66,158,0.729,1,-0.05,-26.70803
66,159,0.733,1,-0.05,-29.236774
66,160,0.714,2,-0.05,-32.04596
66,161,0.713,1,-0.05,-32.607937
66,162,0.688,2,-0.05,-34.817837
66,163,0.686,2,-0.05,-35.090504
66,164,0.670,0,1.0,-32.048355
66,165,0.644,1,-0.05,-33.61876
66,166,0.638,1,-0.05,-34.683693
66,167,0.626,2,-0.05,-39.37808
66,168,0.614,1,-0.05,-38.550503
66,169,0.598,1,-0.05,-41.8703
66,170,0.603,2,-0.05,-48.34234
66,171,0.587,2,-0.05,-48.611164
66,172,0.570,2,-0.05,-45.38403
66,173,0.555,2,-0.05,-43.750095
66,174,0.545,0,1.0,-41.413494
66,175,0.531,1,-0.05,-40.32964
66,176,0.504,2,-0.05,-41.62092
66,177,0.516,1,-0.05,-43.689632
66,178,0.504,2,-0.05,-45.493656
66,179,0.491,2,-0.05,-45.768063
66,180,0.483,2,-0.05,-42.94897
66,181,0.480,1,-0.05,-40.565125
66,182,0.479,1,-0.05,-40.292336
66,183,0.456,1,-0.05,-47.613766
66,184,0.454,0,1.0,-51.295494
66,185,0.436,2,-0.05,-58.573498
66,186,0.404,0,1.0,-60.007854
66,187,0.393,1,-0.05,-65.01341
66,188,0.377,2,-0.05,-69.625725
66,189,0.368,2,-0.05,-69.86716
66,190,0.361,1,-0.05,-64.07497
66,191,0.360,1,-0.05,-63.54914
66,192,0.343,2,-0.05,-68.23875
66,193,0.333,1,-0.05,-67.87708
66,194,0.335,2,-0.05,-74.12025
66,195,0.331,2,-0.05,-70.75255
66,196,0.317,2,-0.05,-66.6613
66,197,0.286,2,-0.05,-63.5261
66,198,0.304,1,-0.05,-57.88313
66,199,0.279,0,1.0,-57.263035
66,200,0.259,2,-0.05,-66.306656
66,201,0.245,2,-100.0,-71.033295
67,0,0.655,2,-0.05,24.63536
67,1,0.659,1,-0.05,25.315039
67,2,0.670,2,-0.05,23.841614
67,3,0.663,0,1.0,24.6524
67,4,0.680,1,-0.05,22.388012
67,5,0.668,2,-0.05,22.865345
67,6,0.654,2,-0.05,22.645802
67,7,0.673,0,1.0,21.015558
67,8,0.690,0,1.0,19.533148
67,9,0.674,1,-0.05,19.09517
67,10,0.694,1,-0.05,18.371931
67,11,0.691,2,-0.05,21.657036
67,12,0.692,2,-0.05,21.2102
67,13,0.693,1,-0.05,18.826805
67,14,0.699,2,-0.05,18.037378
67,15,0.693,2,-0.05,18.813467
67,16,0.691,0,1.0,13.733936
67,17,0.685,2,-0.05,11.167046
67,18,0.702,1,-0.05,10.123387
67,19,0.676,0,1.0,10.157913
67,20,0.675,1,-0.05,12.161051
67,21,0.682,1,-0.05,11.777333
67,22,0.670,1,-0.05,16.20383
67,23,0.675,1,-0.05,18.727013
67,24,0.668,1,-0.05,20.539457
67,25,0.669,2,-0.05,24.832098
67,26,0.659,0,1.0,21.336592
67,27,0.663,0,1.0,19.086487
67,28,0.649,1,-0.05,19.822845
67,29,0.658,1,-0.05,18.587149
67,30,0.653,1,-0.05,22.798214
67,31,0.648,0,1.0,24.904917
67,32,0.642,1,-0.05,27.476145
67,33,0.657,2,-0.05,26.681286
67,34,0.658,0,1.0,27.49171
67,35,0.653,1,-0.05,24.862062
67,36,0.659,0,1.0,24.76728
67,37,0.657,1,-0.05,25.285315
67,38,0.658,2,-0.05,24.837145
67,39,0.650,1,-0.05,25.4904
67,40,0.658,1,-0.05,24.49254
67,41,0.645,1,-0.05,26.753048
67,42,0.651,1,-0.05,27.366325
67,43,0.648,2,-0.05,29.756296
67,44,0.658,1,-0.05,28.577711
67,45,0.658,1,-0.05,29.476728
67,46,0.655,2,-0.05,29.844706
67,47,0.669,0,1.0,30.965858
67,48,0.652,1,-0.05,27.417753
67,49,0.673,0,1.0,28.204378
67,50,0.690,2,-0.05,29.431488
67,51,0.676,2,-0.05,29.542135
67,52,0.698,0,1.0,27.228058
67,53,0.686,0,1.0,26.897985
67,54,0.672,2,-0.05,25.690111
67,55,0.681,1,-0.05,27.50677
67,56,0.689,2,-0.05,25.39898
67,57,0.687,1,-0.05,25.75372
67,58,0.676,1,-0.05,25.361237
67,59,0.692,1,-0.05,26.046295
67,60,0.697,2,-0.05,27.213884
67,61,0.698,0,1.0,27.440588
67,62,0.704,0,1.0,25.971178
67,63,0.709,0,1.0,27.02937
67,64,0.699,0,1.0,26.484451
67,65,0.700,0,1.0,26.141338
67,66,0.695,0,1.0,25.568304
67,67,0.693,0,1.0,27.40345
67,68,0.688,2,-0.05,26.105143
67,69,0.687,0,1.0,25.95308
67,70,0.686,2,-0.05,25.19962
67,71,0.681,2,-0.05,24.62646
67,72,0.682,2,-0.05,23.896475
67,73,0.677,2,-0.05,23.120197
67,74,0.683,2,-0.05,21.671665
67,75,0.669,2,-0.05,18.309204
67,76,0.680,2,-0.05,15.585002
67,77,0.683,1,-0.05,13.519569
67,78,0.695,1,-0.05,16.932074
67,79,0.700,1,-0.05,18.356817
67,80,0.699,1,-0.05,21.789406
67,81,0.679,2,-0.05,22.471039
67,82,0.705,1,-0.05,23.177702
67,83,0.695,1,-0.05,19.951065
67,84,0.714,1,-0.05,21.889156
67,85,0.695,1,-0.05,20.68276
67,86,0.687,2,-0.05,22.060165
67,87,0.697,0,1.0,21.848736
67,88,0.703,2,-0.05,20.97054
67,89,0.708,1,-0.05,20.210674
67,90,0.690,0,1.0,19.085243
67,91,0.697,0,1.0,19.020649
67,92,0.700,2,-0.05,17.81452
67,93,0.700,2,-0.05,17.437578
67,94,0.682,2,-0.05,16.3838
67,95,0.693,1,-0.05,18.352852
67,96,0.702,0,1.0,17.718079
67,97,0.690,0,1.0,18.035639
67,98,0.696,2,-0.05,17.462118
67,99,0.691,1,-0.05,15.156943
67,100,0.704,1,-0.05,17.322104
67,101,0.710,0,1.0,16.535906
67,102,0.693,0,1.0,16.9292
67,103,0.677,0,1.0,14.274697
67,104,0.672,0,1.0,13.228093
67,105,0.652,0,1.0,13.199978
67,106,0.664,2,-0.05,12.613418
67,107,0.646,2,-0.05,10.922427
67,108,0.659,1,-0.05,10.972683
67,109,0.650,0,1.0,10.869799
67,110,0.643,0,1.0,11.089626
67,111,0.628,0,1.0,8.328338
67,112,0.636,1,-0.05,9.746387
67,113,0.625,0,1.0,7.3334017
67,114,0.615,0,1.0,6.4926405
67,115,0.613,0,1.0,3.7138605
67,116,0.602,2,-0.05,5.508761
67,117,0.592,0,1.0,3.025264
67,118,0.579,1,-0.05,7.0361905
67,119,0.580,2,-0.05,4.9123406
67,120,0.573,1,-0.05,6.3202205
67,121,0.585,0,1.0,4.642913
67,122,0.569,2,-0.05,2.0488296
67,123,0.577,2,-0.05,3.6243565
67,124,0.560,2,-0.05,5.279678
67,125,0.567,0,1.0,3.6534128
67,126,0.547,0,1.0,2.744421
67,127,0.556,1,-0.05,3.238344
67,128,0.543,0,1.0,2.8976212
67,129,0.542,0,1.0,5.757343
67,130,0.535,0,1.0,4.3425856
67,131,0.523,2,-0.05,1.3743072
67,132,0.524,1,-0.05,5.0264163
67,133,0.513,0,1.0,2.998018
67,134,0.514,2,-0.05,3.507785
67,135,0.496,1,-0.05,1.2700101
67,136,0.510,2,-0.05,-0.053419024
67,137,0.491,0,1.0,-0.14223734
67,138,0.498,0,1.0,3.6945698
67,139,0.477,1,-0.05,0.30922067
67,140,0.487,1,-0.05,2.0919216
67,141,0.475,0,1.0,-2.5840464
67,142,0.461,2,-0.05,-6.9058685
67,143,0.452,0,1.0,-7.7998757
67,144,0.462,1,-0.05,-3.5028453
67,145,0.450,2,-0.05,-6.048564
67,146,0.447,2,-0.05,-3.8729072
67,147,0.427,0,1.0,-2.639885
67,148,0.435,0,1.0,1.6813362
67,149,0.441,0,1.0,-1.4269953
67,150,0.431,2,-0.05,-2.0030694
67,151,0.435,1,-0.05,-2.9445708
67,152,0.425,1,-0.05,-4.353399
67,153,0.431,2,-0.05,-6.686251
67,154,0.408,2,-0.05,-6.6874485
67,155,0.419,0,1.0,-4.6463246
67,156,0.418,0,1.0,-2.0140748
67,157,0.418,0,1.0,-3.7555094
67,158,0.411,0,1.0,-5.052307
67,159,0.403,2,-0.05,-5.8918967
67,160,0.396,2,-0.05,-7.0252995
67,161,0.400,0,1.0,-3.8445961
67,162,0.407,2,-0.05,-0.32978556
67,163,0.412,0,1.0,-2.4396484
67,164,0.402,2,-0.05,3.1653943
67,165,0.418,2,-0.05,0.6670253
67,166,0.412,2,-0.05,5.578995
67,167,0.415,2,-0.05,9.642224
67,168,0.413,2,-0.05,14.358112
67,169,0.414,1,-0.05,17.76824
67,170,0.427,0,1.0,15.6062975
67,171,0.422,2,-0.05,9.204746
67,172,0.435,1,-0.05,8.2536545
67,173,0.432,2,-0.05,5.2666945
67,174,0.438,2,-0.05,6.388495
67,175,0.442,2,-0.05,10.367674
67,176,0.440,2,-0.05,14.162609
67,177,0.448,2,-0.05,18.481531
67,178,0.453,2,-0.05,22.756336
67,179,0.452,2,-0.05,27.595116
67,180,0.458,2,-0.05,32.35264
67,181,0.462,2,-0.05,36.775482
67,182,0.469,1,-0.05,42.328865
67,183,0.475,2,-0.05,38.334957
67,184,0.484,2,-0.05,40.054165
67,185,0.493,0,1.0,43.806156
67,186,0.526,0,1.0,48.80528
67,187,0.532,2,-0.05,45.89459
67,188,0.552,1,-0.05,45.66238
67,189,0.555,2,-0.05,41.81399
67,190,0.567,1,-0.05,42.95792
67,191,0.577,2,-0.05,40.119358
67,192,0.584,2,-0.05,40.609253
67,193,0.587,2,-0.05,45.93231
67,194,0.604,2,-0.05,51.670563
67,195,0.610,1,-0.05,57.679447
67,196,0.630,0,1.0,53.376945
67,197,0.633,2,-0.05,43.88159
67,198,0.655,2,-0.05,42.837086
67,199,0.654,2,-0.05,47.323013
67,200,0.682,2,-0.05,53.439003
67,201,0.704,0,1.0,58.208984
67,202,0.735,0,1.0,62.826946
67,203,0.769,0,1.0,57.652824
67,204,0.792,1,-0.05,55.034706
67,205,0.799,1,-0.05,52.464497
67,206,0.817,0,1.0,46.46171
67,207,0.815,2,-0.05,38.26508
67,208,0.807,1,-0.05,37.204918
67,209,0.831,2,-0.05,33.985603
67,210,0.799,1,-0.05,35.903606
67,211,0.820,0,1.0,31.817936
67,212,0.792,2,-0.05,22.1905
67,213,0.792,2,-0.05,20.2258
67,214,0.804,1,-0.05,28.69493
67,215,0.788,1,-0.05,22.949556
67,216,0.787,0,1.0,14.633071
67,217,0.779,2,-0.05,5.5921383
67,218,0.778,2,-0.05,3.5586138
67,219,0.764,1,-0.05,10.08179
67,220,0.774,2,-0.05,5.2110376
67,221,0.764,0,1.0,7.6100144
67,222,0.735,2,-0.05,13.268442
67,223,0.731,0,1.0,11.290332
67,224,0.710,2,-0.05,19.456587
67,225,0.713,2,-0.05,17.965279
67,226,0.707,2,-0.05,26.718374
67,227,0.699,2,-0.05,32.585438
67,228,0.689,2,-0.05,40.347435
67,229,0.702,2,-0.05,45.31872
67,230,0.696,2,-0.05,49.734646
67,231,0.691,2,-0.05,53.189575
67,232,0.683,0,1.0,56.2619
67,233,0.691,0,1.0,59.52745
67,234,0.695,2,-0.05,57.241207
67,235,0.691,2,-0.05,56.36944
67,236,0.697,2,-0.05,59.052166
67,237,0.690,2,-0.05,60.856487
67,238,0.689,2,-0.05,62.14621
67,239,0.697,0,1.0,63.734367
67,240,0.701,0,1.0,63.49274
67,241,0.704,0,1.0,60.670647
67,242,0.653,0,1.0,56.879894
67,243,0.654,2,-0.05,51.782177
67,244,0.665,1,-0.05,49.482464
67,245,0.659,1,-0.05,49.73222
67,246,0.648,2,-0.05,44.151623
67,247,0.629,0,1.0,44.00489
67,248,0.643,2,-0.05,43.26436
67,249,0.638,1,-0.05,39.83111
67,250,0.636,1,-0.05,39.414555
67,251,0.625,2,-0.05,37.796124
67,252,0.620,2,-0.05,38.02326
67,253,0.618,0,1.0,34.71668
67,254,0.607,2,-0.05,33.94979
67,255,0.608,1,-0.05,30.00752
67,256,0.605,1,-0.05,29.140862
67,257,0.590,2,-0.05,27.632057
67,258,0.586,1,-0.05,29.312876
67,259,0.577,2,-0.05,25.493872
67,260,0.567,2,-0.05,26.493315
67,261,0.576,1,-0.05,24.730555
67,262,0.566,2,-0.05,22.401367
67,263,0.578,2,-0.05,22.16502
67,264,0.569,2,-0.05,20.54204
67,265,0.559,1,-0.05,17.534084
67,266,0.557,2,-0.05,15.425372
67,267,0.545,1,-0.05,14.397317
67,268,0.551,1,-0.05,13.078699
67,269,0.538,2,-0.05,11.503941
67,270,0.523,0,1.0,11.871129
67,271,0.506,0,1.0,5.5204535
67,272,0.476,0,1.0,2.5871232
67,273,0.471,1,-0.05,-3.6473
67,274,0.467,1,-0.05,-5.8305273
67,275,0.447,0,1.0,-3.345223
67,276,0.433,1,-0.05,-3.3165739
67,277,0.423,0,1.0,-6.015252
67,278,0.412,0,1.0,-3.693686
67,279,0.399,0,1.0,-5.347588
67,280,0.392,2,-0.05,-8.986112
67,281,0.380,0,1.0,-8.315776
67,282,0.375,2,-0.05,-16.639414
67,283,0.365,1,-0.05,-15.291515
67,284,0.366,1,-0.05,-17.563679
67,285,0.346,0,1.0,-7.9123077
67,286,0.342,1,-0.05,-4.018339
67,287,0.341,2,-0.05,-5.902772
67,288,0.329,0,1.0,-6.1739187
67,289,0.335,1,-0.05,-14.1818285
67,290,0.324,1,-0.05,-16.41889
67,291,0.310,0,1.0,-6.556745
67,292,0.298,1,-0.05,-4.7205653
67,293,0.299,1,-0.05,-5.950626
67,294,0.304,0,1.0,-0.6787343
67,295,0.283,0,1.0,7.722372
67,296,0.291,0,1.0,4.631378
67,297,0.277,1,-0.05,6.3966017
67,298,0.276,1,-0.05,3.9395547
67,299,0.280,2,-0.05,11.845894
67,300,0.273,0,1.0,10.634849
67,301,0.271,1,-0.05,2.3563204
67,302,0.262,0,1.0,1.0282451
67,303,0.246,1,-100.0,7.156885
68,0,0.653,2,-0.05,21.830107
68,1,0.661,1,-0.05,19.22225
68,2,0.656,2,-0.05,19.94019
68,3,0.661,1,-0.05,18.26515
68,4,0.661,0,1.0,17.250673
68,5,0.668,0,1.0,19.594793
68,6,0.660,2,-0.05,19.290306
68,7,0.669,2,-0.05,19.738914
68,8,0.648,2,-0.05,17.686413
68,9,0.656,2,-0.05,14.4480915
68,10,0.668,2,-0.05,12.857658
68,11,0.675,1,-0.05,9.090063
68,12,0.674,1,-0.05,10.197582
68,13,0.666,2,-0.05,12.9546795
68,14,0.665,1,-0.05,12.433938
68,15,0.681,0,1.0,12.942516
68,16,0.671,0,1.0,15.943127
68,17,0.676,2,-0.05,15.454208
68,18,0.671,2,-0.05,15.670969
68,19,0.680,1,-0.05,12.519626
68,20,0.679,2,-0.05,12.773304
68,21,0.687,2,-0.05,12.893047
68,22,0.681,2,-0.05,10.228113
68,23,0.684,1,-0.05,9.480612
68,24,0.688,1,-0.05,10.046136
68,25,0.697,0,1.0,12.711382
68,26,0.694,2,-0.05,15.673139
68,27,0.697,1,-0.05,15.955519
68,28,0.683,0,1.0,18.358875
68,29,0.706,2,-0.05,21.615673
68,30,0.700,1,-0.05,21.555546
68,31,0.690,0,1.0,21.419834
68,32,0.705,2,-0.05,23.279898
68,33,0.697,2,-0.05,23.345362
68,34,0.694,0,1.0,21.703703
68,35,0.696,1,-0.05,19.70988
68,36,0.691,0,1.0,19.829557
68,37,0.694,0,1.0,22.086956
68,38,0.684,1,-0.05,22.18004
68,39,0.682,0,1.0,22.493263
68,40,0.687,0,1.0,23.690084
68,41,0.678,2,-0.05,23.7177
68,42,0.686,1,-0.05,24.125294
68,43,0.682,0,1.0,25.58987
68,44,0.683,2,-0.05,27.087624
68,45,0.677,0,1.0,26.90148
68,46,0.667,1,-0.05,25.53972
68,47,0.673,0,1.0,25.239302
68,48,0.660,0,1.0,26.847383
68,49,0.654,2,-0.05,26.598118
68,50,0.648,0,1.0,26.284164
68,51,0.665,2,-0.05,24.873234
68,52,0.650,0,1.0,24.330732
68,53,0.642,0,1.0,26.48226
68,54,0.643,0,1.0,26.312212
68,55,0.635,0,1.0,26.217133
68,56,0.637,0,1.0,25.519592
68,57,0.636,1,-0.05,25.33433
68,58,0.629,0,1.0,24.279348
68,59,0.644,1,-0.05,24.295301
68,60,0.615,2,-0.05,23.807133
68,61,0.635,2,-0.05,24.254665
68,62,0.630,1,-0.05,23.37899
68,63,0.629,2,-0.05,24.255854
68,64,0.631,2,-0.05,25.693722
68,65,0.636,0,1.0,24.746733
68,66,0.629,0,1.0,23.301706
68,67,0.636,2,-0.05,25.6085
68,68,0.635,2,-0.05,25.42227
68,69,0.628,0,1.0,23.931421
68,70,0.643,0,1.0,21.123114
68,71,0.649,2,-0.05,19.575909
68,72,0.650,0,1.0,19.338045
68,73,0.656,2,-0.05,14.723198
68,74,0.675,0,1.0,13.770266
68,75,0.686,2,-0.05,10.083275
68,76,0.679,0,1.0,9.1978855
68,77,0.701,0,1.0,5.455608
68,78,0.695,2,-0.05,3.3408666
68,79,0.697,1,-0.05,2.232931
68,80,0.695,0,1.0,0.93354774
68,81,0.677,0,1.0,3.1518166
68,82,0.663,0,1.0,1.2144451
68,83,0.656,0,1.0,-0.211907
68,84,0.635,0,1.0,-1.8075294
68,85,0.623,0,1.0,-3.91226
68,86,0.623,2,-0.05,-0.5048559
68,87,0.639,2,-0.05,-1.5292817
68,88,0.618,1,-0.05,-6.0594773
68,89,0.609,1,-0.05,-6.9916596
68,90,0.615,0,1.0,-3.5642154
68,91,0.606,0,1.0,0.7481084
68,92,0.584,0,1.0,-0.9399828
68,93,0.569,0,1.0,-2.5391355
68,94,0.571,0,1.0,-3.882319
68,95,0.563,2,-0.05,-5.411329
68,96,0.560,0,1.0,-6.036569
68,97,0.551,0,1.0,-6.332456
68,98,0.536,0,1.0,-7.7439494
68,99,0.529,0,1.0,-9.550767
68,100,0.520,0,1.0,-11.061828
68,101,0.510,2,-0.05,-12.919977
68,102,0.499,1,-0.05,-13.8232975
68,103,0.497,0,1.0,-9.835441
68,104,0.498,2,-0.05,-11.375581
68,105,0.482,0,1.0,-8.931525
68,106,0.482,1,-0.05,-12.668894
68,107,0.469,0,1.0,-14.2344
68,108,0.459,0,1.0,-12.042641
68,109,0.458,2,-0.05,-14.144614
68,110,0.458,2,-0.05,-10.533519
68,111,0.452,0,1.0,-18.603897
68,112,0.424,0,1.0,-18.02356
68,113,0.432,2,-0.05,-20.903458
68,114,0.421,1,-0.05,-21.10463
68,115,0.419,1,-0.05,-18.648207
68,116,0.407,0,1.0,-15.353193
68,117,0.399,0,1.0,-13.494015
68,118,0.389,0,1.0,-15.1068
68,119,0.388,2,-0.05,-13.394265
68,120,0.382,1,-0.05,-14.4166565
68,121,0.377,0,1.0,-11.622363
68,122,0.375,1,-0.05,-9.106609
68,123,0.376,2,-0.05,-6.371482
68,124,0.378,2,-0.05,-7.130499
68,125,0.371,1,-0.05,-10.304043
68,126,0.377,1,-0.05,-7.934853
68,127,0.369,0,1.0,-3.3413117
68,128,0.367,2,-0.05,-0.55626756
68,129,0.369,0,1.0,4.139945
68,130,0.371,1,-0.05,3.4352043
68,131,0.366,1,-0.05,1.9259613
68,132,0.361,0,1.0,10.717513
68,133,0.364,2,-0.05,13.896138
68,134,0.360,2,-0.05,19.203064
68,135,0.367,1,-0.05,12.297486
68,136,0.363,1,-0.05,18.688585
68,137,0.363,1,-0.05,23.97871
68,138,0.367,1,-0.05,27.19872
68,139,0.358,1,-0.05,25.28936
68,140,0.357,2,-0.05,25.810478
68,141,0.370,1,-0.05,26.171314
68,142,0.362,1,-0.05,25.422693
68,143,0.367,0,1.0,25.850279
68,144,0.379,2,-0.05,24.928568
68,145,0.391,2,-0.05,22.165758
68,146,0.393,0,1.0,21.876244
68,147,0.404,0,1.0,21.003584
68,148,0.409,2,-0.05,17.024763
68,149,0.430,0,1.0,13.626231
68,150,0.439,2,-0.05,14.884874
68,151,0.441,1,-0.05,10.436639
68,152,0.454,0,1.0,10.02134
68,153,0.479,0,1.0,4.2266617
68,154,0.501,2,-0.05,0.85770196
68,155,0.513,2,-0.05,-2.2378533
68,156,0.508,2,-0.05,0.41445935
68,157,0.529,2,-0.05,0.56152344
68,158,0.507,2,-0.05,1.4579315
68,159,0.553,2,-0.05,1.713413
68,160,0.544,0,1.0,1.6900076
68,161,0.575,0,1.0,0.7105243
68,162,0.599,0,1.0,-1.7238939
68,163,0.600,0,1.0,-5.7842827
68,164,0.615,2,-0.05,-8.363
68,165,0.657,0,1.0,-11.762728
68,166,0.665,0,1.0,-11.311944
68,167,0.683,2,-0.05,-15.491308
68,168,0.704,0,1.0,-17.669582
68,169,0.721,2,-0.05,-18.146309
68,170,0.748,0,1.0,-21.295435
68,171,0.759,0,1.0,-21.535559
68,172,0.730,0,1.0,-25.873161
68,173,0.690,0,1.0,-30.38652
68,174,0.657,0,1.0,-35.347687
68,175,0.625,2,-0.05,-41.295547
68,176,0.620,2,-0.05,-46.38218
68,177,0.601,0,1.0,-42.523563
68,178,0.571,1,-0.05,-42.471478
68,179,0.565,2,-0.05,-47.888096
68,180,0.544,0,1.0,-48.91401
68,181,0.519,1,-0.05,-48.793373
68,182,0.513,2,-0.05,-53.101303
68,183,0.474,0,1.0,-52.582382
68,184,0.475,1,-0.05,-51.269974
68,185,0.454,2,-0.05,-54.483414
68,186,0.438,2,-0.05,-55.68767
68,187,0.416,2,-0.05,-50.314346
68,188,0.429,2,-0.05,-47.189964
68,189,0.413,2,-0.05,-40.851734
68,190,0.409,2,-0.05,-36.147457
68,191,0.407,2,-0.05,-29.582804
68,192,0.401,2,-0.05,-23.33719
68,193,0.401,2,-0.05,-15.948943
68,194,0.381,2,-0.05,-8.179227
68,195,0.381,0,1.0,-0.05929196
68,196,0.371,1,-0.05,9.019309
68,197,0.362,1,-0.05,8.580413
68,198,0.337,0,1.0,-3.3596463
68,199,0.335,0,1.0,-10.9686775
68,200,0.320,2,-0.05,-13.753393
68,201,0.317,2,-0.05,-15.814049
68,202,0.312,1,-0.05,-7.660238
68,203,0.313,2,-0.05,-11.370031
68,204,0.294,2,-0.05,-7.1475506
68,205,0.293,2,-0.05,3.1893225
68,206,0.287,2,-0.05,12.468483
68,207,0.286,2,-0.05,22.980757
68,208,0.284,2,-0.05,31.912346
68,209,0.272,2,-0.05,38.66733
68,210,0.277,2,-0.05,46.9781
68,211,0.279,0,1.0,51.900883
68,212,0.276,0,1.0,57.288456
68,213,0.281,2,-0.05,54.49397
68,214,0.287,2,-0.05,55.27666
68,215,0.285,1,-0.05,57.76681
68,216,0.284,2,-0.05,57.243214
68,217,0.281,1,-0.05,58.082363
68,218,0.295,0,1.0,55.91231
68,219,0.283,2,-0.05,50.132446
68,220,0.288,2,-0.05,50.56908
68,221,0.291,1,-0.05,53.987106
68,222,0.306,1,-0.05,52.91012
68,223,0.300,2,-0.05,46.874924
68,224,0.289,0,1.0,47.79045
68,225,0.293,2,-0.05,50.94546
68,226,0.297,2,-0.05,50.455772
68,227,0.293,0,1.0,54.802666
68,228,0.300,2,-0.05,58.829678
68,229,0.317,1,-0.05,55.68045
68,230,0.309,2,-0.05,55.039112
68,231,0.310,1,-0.05,56.65221
68,232,0.318,2,-0.05,54.39459
68,233,0.315,2,-0.05,54.78658
68,234,0.313,2,-0.05,59.445587
68,235,0.319,0,1.0,60.34914
68,236,0.348,0,1.0,63.135185
68,237,0.356,1,-0.05,59.91725
68,238,0.366,1,-0.05,59.2101
68,239,0.362,1,-0.05,55.06497
68,240,0.362,0,1.0,51.84281
68,241,0.380,2,-0.05,49.347263
68,242,0.385,2,-0.05,48.998386
68,243,0.375,1,-0.05,50.220856
68,244,0.379,1,-0.05,48.227985
68,245,0.395,1,-0.05,46.522724
68,246,0.397,1,-0.05,43.538857
68,247,0.407,1,-0.05,38.726475
68,248,0.400,1,-0.05,33.776592
68,249,0.399,2,-0.05,27.82185
68,250,0.405,1,-0.05,27.500195
68,251,0.405,1,-0.05,27.001232
68,252,0.404,2,-0.05,20.265882
68,253,0.409,2,-0.05,22.584248
68,254,0.400,2,-0.05,27.087463
68,255,0.391,2,-0.05,30.591623
68,256,0.401,0,1.0,35.05415
68,257,0.403,2,-0.05,38.137684
68,258,0.403,1,-0.05,37.07767
68,259,0.402,2,-0.05,37.47033
68,260,0.403,2,-0.05,34.831932
68,261,0.410,2,-0.05,39.330673
68,262,0.410,2,-0.05,40.35999
68,263,0.416,0,1.0,46.898903
68,264,0.441,1,-0.05,44.044506
68,265,0.433,1,-0.05,41.085686
68,266,0.448,0,1.0,41.14151
68,267,0.434,1,-0.05,38.140617
68,268,0.457,1,-0.05,35.487923
68,269,0.461,0,1.0,31.628513
68,270,0.483,0,1.0,26.994768
68,271,0.477,1,-0.05,26.917768
68,272,0.483,2,-0.05,23.106243
68,273,0.473,2,-0.05,26.543558
68,274,0.472,1,-0.05,28.728973
68,275,0.481,1,-0.05,24.06811
68,276,0.493,0,1.0,20.83482
68,277,0.494,0,1.0,15.805225
68,278,0.497,2,-0.05,18.676805
68,279,0.484,0,1.0,16.844845
68,280,0.501,2,-0.05,20.054295
68,281,0.501,2,-0.05,17.366272
68,282,0.492,2,-0.05,20.777023
68,283,0.514,2,-0.05,22.035694
68,284,0.516,2,-0.05,26.732498
68,285,0.511,2,-0.05,26.002024
68,286,0.511,1,-0.05,26.700733
68,287,0.535,0,1.0,27.090832
68,288,0.540,2,-0.05,24.24698
68,289,0.554,0,1.0,21.872057
68,290,0.548,2,-0.05,18.979185
68,291,0.550,2,-0.05,18.668104
68,292,0.558,2,-0.05,16.83628
68,293,0.571,2,-0.05,17.842554
68,294,0.568,2,-0.05,18.387878
68,295,0.591,0,1.0,24.237934
68,296,0.615,2,-0.05,16.870241
68,297,0.607,2,-0.05,15.648524
68,298,0.601,2,-0.05,16.288263
68,299,0.620,2,-0.05,16.821358
68,300,0.625,2,-0.05,16.66497
68,301,0.635,1,-0.05,17.12727
68,302,0.652,1,-0.05,14.685607
68,303,0.666,2,-0.05,12.820251
68,304,0.666,2,-0.05,9.178177
68,305,0.666,1,-0.05,9.980576
68,306,0.683,2,-0.05,6.0457377
68,307,0.685,2,-0.05,7.543932
68,308,0.702,2,-0.05,9.0093975
68,309,0.695,0,1.0,8.738497
68,310,0.677,1,-0.05,6.3662267
68,311,0.648,0,1.0,-0.9739884
68,312,0.628,0,1.0,-6.033846
68,313,0.603,1,-0.05,-12.836061
68,314,0.587,2,-0.05,-17.805082
68,315,0.561,0,1.0,-20.233389
68,316,0.522,0,1.0,-24.595839
68,317,0.505,2,-0.05,-32.116226
68,318,0.500,2,-0.05,-42.87457
68,319,0.482,2,-0.05,-43.56666
68,320,0.474,2,-0.05,-45.130608
68,321,0.451,2,-0.05,-46.175625
68,322,0.430,0,1.0,-46.621525
68,323,0.402,0,1.0,-53.65514
68,324,0.364,1,-0.05,-66.035065
68,325,0.354,0,1.0,-71.59148
68,326,0.324,2,-0.05,-82.73854
68,327,0.307,1,-0.05,-87.075096
68,328,0.273,0,1.0,-90.09608
68,329,0.251,0,1.0,-95.74627
68,330,0.203,0,-100.0,-101.34247
69,0,0.661,0,1.0,21.064735
69,1,0.665,1,-0.05,20.171217
69,2,0.655,2,-0.05,21.202793
69,3,0.665,2,-0.05,19.896196
69,4,0.671,0,1.0,18.521671
69,5,0.672,1,-0.05,15.303701
69,6,0.664,2,-0.05,15.62847
69,7,0.675,1,-0.05,15.761243
69,8,0.682,1,-0.05,16.470673
69,9,0.662,1,-0.05,20.1868
69,10,0.679,2,-0.05,21.714684
69,11,0.681,1,-0.05,22.570335
69,12,0.660,1,-0.05,22.037016
69,13,0.679,1,-0.05,24.012249
69,14,0.674,2,-0.05,24.504099
69,15,0.678,2,-0.05,24.980444
69,16,0.681,1,-0.05,23.654387
69,17,0.684,1,-0.05,23.36617
69,18,0.680,1,-0.05,24.915321
69,19,0.680,2,-0.05,26.458769
69,20,0.666,0,1.0,25.98703
69,21,0.664,2,-0.05,24.48602
69,22,0.658,1,-0.05,24.161087
69,23,0.665,2,-0.05,25.288464
69,24,0.662,0,1.0,24.377676
69,25,0.648,1,-0.05,22.910927
69,26,0.660,2,-0.05,23.258121
69,27,0.652,1,-0.05,23.091887
69,28,0.661,0,1.0,23.641184
69,29,0.661,2,-0.05,22.729702
69,30,0.652,0,1.0,24.111076
69,31,0.656,1,-0.05,22.173725
69,32,0.653,1,-0.05,23.046175
69,33,0.645,0,1.0,24.288517
69,34,0.649,0,1.0,24.549683
69,35,0.639,0,1.0,23.889631
69,36,0.625,2,-0.05,23.978882
69,37,0.632,2,-0.05,23.10081
69,38,0.617,0,1.0,24.498194
69,39,0.623,0,1.0,23.943966
69,40,0.624,1,-0.05,24.554623
69,41,0.621,2,-0.05,23.652168
69,42,0.616,0,1.0,23.074736
69,43,0.616,1,-0.05,23.980732
69,44,0.627,2,-0.05,24.918808
69,45,0.611,0,1.0,22.303522
69,46,0.631,1,-0.05,21.49471
69,47,0.628,2,-0.05,22.210928
69,48,0.631,1,-0.05,22.0414
69,49,0.621,2,-0.05,22.308388
69,50,0.631,1,-0.05,22.323805
69,51,0.628,1,-0.05,22.67622
69,52,0.639,1,-0.05,23.73981
69,53,0.643,1,-0.05,25.908222
69,54,0.629,0,1.0,25.597485
69,55,0.630,2,-0.05,26.750517
69,56,0.628,1,-0.05,25.089138
69,57,0.640,2,-0.05,25.631964
69,58,0.638,0,1.0,25.14726
69,59,0.643,0,1.0,26.00649
69,60,0.637,0,1.0,27.731247
69,61,0.633,0,1.0,28.422897
69,62,0.627,1,-0.05,27.89168
69,63,0.629,0,1.0,28.234245
69,64,0.614,1,-0.05,27.113821
69,65,0.626,0,1.0,27.639526
69,66,0.602,0,1.0,24.447315
69,67,0.616,1,-0.05,27.000122
69,68,0.622,2,-0.05,25.20654
69,69,0.620,0,1.0,23.990658
69,70,0.605,2,-0.05,23.034086
69,71,0.595,2,-0.05,26.646854
69,72,0.611,0,1.0,24.431969
69,73,0.612,1,-0.05,24.956472
69,74,0.598,0,1.0,23.805908
69,75,0.601,1,-0.05,22.913124
69,76,0.611,0,1.0,21.100412
69,77,0.606,0,1.0,21.364498
69,78,0.612,2,-0.05,19.704592
69,79,0.617,1,-0.05,19.715902
69,80,0.615,2,-0.05,21.329168
69,81,0.594,0,1.0,21.832058
69,82,0.616,0,1.0,19.859987
69,83,0.609,2,-0.05,19.67608
69,84,0.629,1,-0.05,17.77931
69,85,0.622,1,-0.05,20.764397
69,86,0.622,2,-0.05,17.157175
69,87,0.618,0,1.0,18.330914
69,88,0.623,1,-0.05,16.419151
69,89,0.620,0,1.0,16.217218
69,90,0.621,1,-0.05,15.317753
69,91,0.618,0,1.0,15.072498
69,92,0.624,0,1.0,17.57677
69,93,0.612,0,1.0,16.830778
69,94,0.622,1,-0.05,14.509012
69,95,0.601,1,-0.05,14.0162945
69,96,0.613,0,1.0,13.249598
69,97,0.616,1,-0.05,14.013647
69,98,0.608,0,1.0,15.076249
69,99,0.599,1,-0.05,14.941024
69,100,0.588,0,1.0,12.514615
69,101,0.590,2,-0.05,11.640441
69,102,0.577,0,1.0,9.565387
69,103,0.581,2,-0.05,14.54115
69,104,0.565,0,1.0,12.791899
69,105,0.559,0,1.0,10.6904125
69,106,0.561,0,1.0,8.321111
69,107,0.555,0,1.0,11.105822
69,108,0.544,0,1.0,8.496169
69,109,0.535,1,-0.05,7.423161
69,110,0.532,1,-0.05,8.124416
69,111,0.527,0,1.0,8.728824
69,112,0.515,1,-0.05,5.696079
69,113,0.528,2,-0.05,4.83809
69,114,0.517,2,-0.05,5.3951187
69,115,0.515,2,-0.05,6.949951
69,116,0.516,0,1.0,4.792656
69,117,0.489,0,1.0,9.282237
69,118,0.494,0,1.0,6.0929
69,119,0.502,1,-0.05,9.279953
69,120,0.473,0,1.0,7.1950192
69,121,0.500,2,-0.05,5.8211083
69,122,0.489,0,1.0,4.7064304
69,123,0.486,0,1.0,8.773241
69,124,0.490,1,-0.05,5.9473267
69,125,0.476,0,1.0,8.817937
69,126,0.493,1,-0.05,5.612097
69,127,0.479,0,1.0,4.2878203
69,128,0.472,1,-0.05,1.2530718
69,129,0.484,2,-0.05,2.6744597
69,130,0.462,0,1.0,2.3850496
69,131,0.447,2,-0.05,4.7188745
69,132,0.472,2,-0.05,2.3274252
69,133,0.452,2,-0.05,8.144994
69,134,0.457,0,1.0,9.366229
69,135,0.460,0,1.0,11.019581
69,136,0.454,0,1.0,11.097798
69,137,0.466,2,-0.05,9.472649
69,138,0.459,1,-0.05,11.193581
69,139,0.464,0,1.0,9.314094
69,140,0.466,2,-0.05,5.3462567
69,141,0.476,0,1.0,5.004376
69,142,0.466,2,-0.05,5.6926746
69,143,0.471,2,-0.05,6.0856614
69,144,0.475,2,-0.05,9.052472
69,145,0.472,0,1.0,12.70624
69,146,0.474,2,-0.05,15.951578
69,147,0.478,2,-0.05,14.217237
69,148,0.481,1,-0.05,17.759644
69,149,0.493,1,-0.05,16.517523
69,150,0.495,2,-0.05,10.188012
69,151,0.488,0,1.0,12.46034
69,152,0.504,2,-0.05,14.32385
69,153,0.500,1,-0.05,14.204979
69,154,0.509,1,-0.05,14.200253
69,155,0.523,2,-0.05,10.485971
69,156,0.506,2,-0.05,9.757127
69,157,0.505,1,-0.05,13.428493
69,158,0.518,1,-0.05,10.520323
69,159,0.529,1,-0.05,7.366456
69,160,0.523,2,-0.05,1.3484434
69,161,0.534,0,1.0,4.2276177
69,162,0.532,2,-0.05,5.6090665
69,163,0.545,1,-0.05,5.536407
69,164,0.536,2,-0.05,2.881743
69,165,0.550,1,-0.05,3.9640484
69,166,0.545,1,-0.05,1.3038626
69,167,0.541,1,-0.05,-3.0758824
69,168,0.557,2,-0.05,-8.121785
69,169,0.559,2,-0.05,-6.962066
69,170,0.564,0,1.0,-4.554201
69,171,0.564,1,-0.05,-1.3156083
69,172,0.557,2,-0.05,-4.1994166
69,173,0.559,2,-0.05,-2.80307
69,174,0.556,2,-0.05,0.34031066
69,175,0.564,2,-0.05,4.2529116
69,176,0.579,1,-0.05,7.013086
69,177,0.577,2,-0.05,3.8795745
69,178,0.575,1,-0.05,5.7707543
69,179,0.579,2,-0.05,4.551429
69,180,0.592,0,1.0,5.566138
69,181,0.615,2,-0.05,9.3640375
69,182,0.619,2,-0.05,5.1802216
69,183,0.623,2,-0.05,9.764954
69,184,0.621,2,-0.05,13.9972515
69,185,0.624,2,-0.05,18.383736
69,186,0.638,2,-0.05,23.1662
69,187,0.643,2,-0.05,28.820147
69,188,0.648,2,-0.05,33.5786
69,189,0.662,2,-0.05,39.605854
69,190,0.675,2,-0.05,44.4513
69,191,0.681,0,1.0,50.549545
69,192,0.717,2,-0.05,54.063995
69,193,0.739,0,1.0,53.051224
69,194,0.759,1,-0.05,56.204388
69,195,0.772,1,-0.05,53.849213
69,196,0.778,1,-0.05,46.68387
69,197,0.786,2,-0.05,40.421642
69,198,0.820,0,1.0,41.692806
69,199,0.815,0,1.0,47.07034
69,200,0.789,1,-0.05,43.422794
69,201,0.800,2,-0.05,42.419033
69,202,0.784,0,1.0,45.42896
69,203,0.782,0,1.0,50.464474
69,204,0.771,2,-0.05,47.00499
69,205,0.771,0,1.0,47.63594
69,206,0.753,1,-0.05,51.41327
69,207,0.749,2,-0.05,49.049206
69,208,0.749,2,-0.05,48.575306
69,209,0.735,0,1.0,54.513264
69,210,0.737,1,-0.05,57.27191
69,211,0.743,2,-0.05,55.75948
69,212,0.721,0,1.0,55.97805
69,213,0.730,1,-0.05,58.88054
69,214,0.724,2,-0.05,55.79793
69,215,0.730,0,1.0,58.618626
69,216,0.720,0,1.0,59.601883
69,217,0.711,1,-0.05,57.293324
69,218,0.730,1,-0.05,54.587067
69,219,0.701,0,1.0,51.88245
69,220,0.707,0,1.0,46.594997
69,221,0.701,0,1.0,45.11036
69,222,0.705,1,-0.05,42.422764
69,223,0.699,2,-0.05,41.306705
69,224,0.701,2,-0.05,40.87108
69,225,0.707,2,-0.05,45.43381
69,226,0.706,2,-0.05,46.558792
69,227,0.697,2,-0.05,48.808784
69,228,0.702,2,-0.05,47.845734
69,229,0.701,0,1.0,49.339924
69,230,0.691,1,-0.05,49.820198
69,231,0.673,0,1.0,48.07218
69,232,0.678,2,-0.05,41.390537
69,233,0.666,0,1.0,40.341
69,234,0.658,0,1.0,41.549088
69,235,0.644,2,-0.05,38.466393
69,236,0.637,1,-0.05,36.679607
69,237,0.635,0,1.0,32.970257
69,238,0.625,0,1.0,30.063972
69,239,0.636,2,-0.05,27.531378
69,240,0.608,2,-0.05,26.673044
69,241,0.622,2,-0.05,25.392227
69,242,0.620,0,1.0,23.283243
69,243,0.613,2,-0.05,19.922062
69,244,0.593,0,1.0,17.783838
69,245,0.573,0,1.0,13.791064
69,246,0.561,0,1.0,11.037933
69,247,0.558,0,1.0,8.65778
69,248,0.543,1,-0.05,6.4300375
69,249,0.524,1,-0.05,3.9977155
69,250,0.541,2,-0.05,4.661281
69,251,0.529,1,-0.05,3.7983918
69,252,0.521,2,-0.05,3.9530413
69,253,0.520,1,-0.05,1.0483593
69,254,0.505,0,1.0,2.592691
69,255,0.510,1,-0.05,6.6501646
69,256,0.498,1,-0.05,7.348032
69,257,0.494,1,-0.05,9.713902
69,258,0.491,0,1.0,11.145512
69,259,0.483,1,-0.05,20.159061
69,260,0.486,0,1.0,22.149847
69,261,0.485,0,1.0,26.09181
69,262,0.482,1,-0.05,23.005268
69,263,0.486,0,1.0,25.297674
69,264,0.487,1,-0.05,25.795675
69,265,0.483,2,-0.05,24.821638
69,266,0.484,2,-0.05,25.16428
69,267,0.483,1,-0.05,22.388659
69,268,0.480,0,1.0,23.583588
69,269,0.492,2,-0.05,24.292881
69,270,0.492,1,-0.05,22.144812
69,271,0.486,0,1.0,26.851479
69,272,0.488,1,-0.05,24.152836
69,273,0.493,0,1.0,27.424871
69,274,0.499,0,1.0,28.753838
69,275,0.502,0,1.0,27.481676
69,276,0.520,1,-0.05,26.88552
69,277,0.516,1,-0.05,25.951452
69,278,0.526,0,1.0,27.237644
69,279,0.535,0,1.0,28.841917
69,280,0.540,0,1.0,26.347198
69,281,0.554,1,-0.05,26.825155
69,282,0.540,1,-0.05,24.093418
69,283,0.561,0,1.0,25.369593
69,284,0.563,2,-0.05,24.44545
69,285,0.567,0,1.0,23.39245
69,286,0.599,0,1.0,22.79779
69,287,0.618,0,1.0,20.52426
69,288,0.624,0,1.0,19.296705
69,289,0.638,0,1.0,16.818382
69,290,0.657,0,1.0,13.21272
69,291,0.668,0,1.0,14.199678
69,292,0.684,0,1.0,12.960823
69,293,0.698,2,-0.05,13.559291
69,294,0.704,2,-0.05,7.3369484
69,295,0.710,0,1.0,11.563165
69,296,0.692,0,1.0,10.796931
69,297,0.690,2,-0.05,11.80385
69,298,0.693,1,-0.05,9.970574
69,299,0.677,0,1.0,7.51291
69,300,0.672,0,1.0,7.735414
69,301,0.656,0,1.0,5.383007
69,302,0.648,1,-0.05,4.733615
69,303,0.646,2,-0.05,1.3686234
69,304,0.636,2,-0.05,2.5876417
69,305,0.627,0,1.0,5.580999
69,306,0.625,1,-0.05,5.911007
69,307,0.625,2,-0.05,6.2880845
69,308,0.621,2,-0.05,5.775034
69,309,0.629,1,-0.05,8.652914
69,310,0.605,0,1.0,5.4532933
69,311,0.600,0,1.0,3.573527
69,312,0.572,2,-0.05,2.350223
69,313,0.595,2,-0.05,2.8928485
69,314,0.588,2,-0.05,2.8593092
69,315,0.588,0,1.0,3.7054157
69,316,0.589,0,1.0,3.9152207
69,317,0.589,0,1.0,4.5240417
69,318,0.580,2,-0.05,4.4305725
69,319,0.571,0,1.0,4.826394
69,320,0.577,0,1.0,4.9883895
69,321,0.583,0,1.0,3.8961926
69,322,0.582,0,1.0,0.32729632
69,323,0.577,1,-0.05,-0.29046768
69,324,0.592,1,-0.05,-3.6454515
69,325,0.589,2,-0.05,-5.2832627
69,326,0.577,2,-0.05,-4.0744042
69,327,0.580,0,1.0,-1.7960968
69,328,0.583,0,1.0,-0.25148058
69,329,0.595,2,-0.05,-2.2479587
69,330,0.588,2,-0.05,-2.9377744
69,331,0.583,0,1.0,1.8502498
69,332,0.588,1,-0.05,2.6360736
69,333,0.599,1,-0.05,2.8375907
69,334,0.601,2,-0.05,-3.6312783
69,335,0.595,0,1.0,-1.9711443
69,336,0.604,2,-0.05,-0.19540668
69,337,0.614,1,-0.05,-1.1048524
69,338,0.610,2,-0.05,-2.1636868
69,339,0.617,0,1.0,-1.2763314
69,340,0.634,1,-0.05,1.011544
69,341,0.625,1,-0.05,-0.027345449
69,342,0.627,2,-0.05,-6.2495484
69,343,0.625,2,-0.05,-3.4004595
69,344,0.638,1,-0.05,-1.1383166
69,345,0.642,2,-0.05,-2.5928845
69,346,0.636,2,-0.05,-2.6707447
69,347,0.650,2,-0.05,0.69317085
69,348,0.643,0,1.0,2.9654267
69,349,0.674,2,-0.05,4.902729
69,350,0.678,2,-0.05,2.177071
69,351,0.688,1,-0.05,7.1075115
69,352,0.677,2,-0.05,3.9199247
69,353,0.684,2,-0.05,4.750426
69,354,0.690,2,-0.05,7.8621798
69,355,0.698,0,1.0,12.793831
69,356,0.727,2,-0.05,14.406282
69,357,0.730,2,-0.05,12.9179945
69,358,0.742,0,1.0,16.947609
69,359,0.770,2,-0.05,21.013254
69,360,0.775,2,-0.05,18.785439
69,361,0.797,0,1.0,27.068863
69,362,0.813,2,-0.05,29.916748
69,363,0.810,2,-0.05,28.30513
69,364,0.807,2,-0.05,34.65575
69,365,0.809,0,1.0,41.01723
69,366,0.792,1,-0.05,44.735588
69,367,0.770,2,-0.05,43.26252
69,368,0.790,2,-0.05,43.1996
69,369,0.777,0,1.0,47.98743
69,370,0.774,1,-0.05,53.220142
69,371,0.768,1,-0.05,51.658863
69,372,0.764,2,-0.05,44.31414
69,373,0.760,2,-0.05,45.69566
69,374,0.754,0,1.0,50.78438
69,375,0.742,0,1.0,55.11024
69,376,0.745,0,1.0,51.656372
69,377,0.726,1,-0.05,49.87179
69,378,0.727,1,-0.05,48.111996
69,379,0.714,0,1.0,43.722427
69,380,0.717,2,-0.05,35.346283
69,381,0.725,2,-0.05,34.110382
69,382,0.714,1,-0.05,41.594093
69,383,0.697,2,-0.05,38.07009
69,384,0.709,0,1.0,37.786255
69,385,0.689,0,1.0,41.414238
69,386,0.686,0,1.0,38.619064
69,387,0.680,1,-0.05,36.816067
69,388,0.671,2,-0.05,34.853867
69,389,0.684,2,-0.05,35.646603
69,390,0.678,0,1.0,40.372475
69,391,0.659,2,-0.05,43.14057
69,392,0.666,0,1.0,41.42616
69,393,0.664,2,-0.05,46.082176
69,394,0.654,1,-0.05,44.21945
69,395,0.672,0,1.0,43.092163
69,396,0.676,0,1.0,37.02324
69,397,0.654,2,-0.05,35.076096
69,398,0.668,0,1.0,36.71379
69,399,0.657,2,-0.05,36.56267
69,400,0.655,2,-0.05,38.29302
69,401,0.653,1,-0.05,40.45094
69,402,0.660,2,-0.05,36.773
69,403,0.659,2,-0.05,38.413673
69,404,0.665,0,1.0,38.98588
69,405,0.659,0,1.0,40.083466
69,406,0.677,2,-0.05,36.023438
69,407,0.667,2,-0.05,34.281506
69,408,0.673,2,-0.05,33.186554
69,409,0.678,0,1.0,33.363934
69,410,0.681,1,-0.05,30.080502
69,411,0.700,2,-0.05,29.201468
69,412,0.683,2,-0.05,29.38362
69,413,0.699,1,-0.05,29.095251
69,414,0.677,0,1.0,25.28431
69,415,0.670,1,-0.05,25.626226
69,416,0.672,1,-0.05,21.371891
69,417,0.658,1,-0.05,22.984226
69,418,0.660,1,-0.05,23.837645
69,419,0.667,1,-0.05,25.888178
69,420,0.664,0,1.0,24.279388
69,421,0.659,0,1.0,23.835781
69,422,0.651,0,1.0,19.891146
69,423,0.641,1,-0.05,20.990082
69,424,0.643,0,1.0,20.585323
69,425,0.648,1,-0.05,25.466759
69,426,0.644,1,-0.05,23.301638
69,427,0.636,1,-0.05,24.007467
69,428,0.638,0,1.0,24.555687
69,429,0.659,2,-0.05,24.079496
69,430,0.657,0,1.0,26.222553
69,431,0.655,0,1.0,25.359785
69,432,0.679,0,1.0,22.643581
69,433,0.669,0,1.0,24.164928
69,434,0.677,0,1.0,21.588415
69,435,0.691,0,1.0,26.423357
69,436,0.693,2,-0.05,23.188866
69,437,0.699,1,-0.05,22.330235
69,438,0.685,0,1.0,17.601507
69,439,0.700,2,-0.05,19.570553
69,440,0.698,0,1.0,21.574469
69,441,0.694,1,-0.05,20.10211
69,442,0.685,2,-0.05,18.205292
69,443,0.680,0,1.0,18.201792
69,444,0.678,0,1.0,16.727472
69,445,0.676,0,1.0,14.904939
69,446,0.658,2,-0.05,15.527605
69,447,0.674,2,-0.05,14.516773
69,448,0.666,0,1.0,12.03364
69,449,0.656,1,-0.05,10.026164
69,450,0.672,1,-0.05,10.889566
69,451,0.657,1,-0.05,12.259103
69,452,0.667,2,-0.05,13.992377
69,453,0.676,1,-0.05,11.473863
69,454,0.664,0,1.0,12.428125
69,455,0.664,1,-0.05,13.401888
69,456,0.666,0,1.0,10.26711
69,457,0.664,1,-0.05,14.783562
69,458,0.657,2,-0.05,12.819542
69,459,0.646,0,1.0,12.573789
69,460,0.653,2,-0.05,9.237473
69,461,0.651,0,1.0,10.127439
69,462,0.640,2,-0.05,7.5546427
69,463,0.634,0,1.0,5.6565127
69,464,0.647,1,-0.05,4.4247317
69,465,0.633,1,-0.05,5.2716913
69,466,0.643,2,-0.05,4.5315332
69,467,0.640,0,1.0,6.2935214
69,468,0.642,2,-0.05,4.0056286
69,469,0.639,0,1.0,3.2005057
69,470,0.645,0,1.0,-1.841574
69,471,0.648,2,-0.05,-0.77591836
69,472,0.644,1,-0.05,-2.0708115
69,473,0.655,0,1.0,1.0671941
69,474,0.650,2,-0.05,0.20214838
69,475,0.654,0,1.0,5.90086e-05
69,476,0.666,1,-0.05,-3.6099107
69,477,0.662,0,1.0,-0.99371386
69,478,0.663,0,1.0,-0.18568426
69,479,0.653,0,1.0,-1.74569
69,480,0.658,2,-0.05,-5.836994
69,481,0.659,0,1.0,-4.512833
69,482,0.659,0,1.0,-11.22097
69,483,0.670,0,1.0,-13.610992
69,484,0.659,1,-0.05,-16.955221
69,485,0.672,2,-0.05,-14.495819
69,486,0.674,1,-0.05,-19.505949
69,487,0.677,1,-0.05,-15.715888
69,488,0.670,2,-0.05,-11.582166
69,489,0.670,1,-0.05,-12.202587
69,490,0.677,2,-0.05,-12.313188
69,491,0.682,0,1.0,-13.403903
69,492,0.686,0,1.0,-22.340158
69,493,0.676,1,-0.05,-24.356009
69,494,0.698,0,1.0,-26.864347
69,495,0.692,2,-0.05,-22.318983
69,496,0.700,1,-0.05,-25.785273
69,497,0.685,2,-0.05,-24.585897
69,498,0.708,1,-0.05,-27.569462
69,499,0.712,2,-0.05,-26.358242
69,500,0.716,1,-0.05,-28.794855
69,501,0.707,2,-0.05,-28.57905
69,502,0.708,0,1.0,-31.90934
69,503,0.725,0,1.0,-41.344326
69,504,0.712,1,-0.05,-45.34191
69,505,0.710,1,-0.05,-47.78026
69,506,0.710,1,-0.05,-41.361984
69,507,0.706,0,1.0,-35.00219
69,508,0.718,1,-0.05,-30.652317
69,509,0.725,0,1.0,-34.90556
69,510,0.718,1,-0.05,-27.940819
69,511,0.714,2,-0.05,-31.602898
69,512,0.720,1,-0.05,-33.377502
69,513,0.725,1,-0.05,-33.216267
69,514,0.728,0,1.0,-26.721756
69,515,0.744,0,1.0,-24.222698
69,516,0.744,2,-0.05,-27.352854
69,517,0.747,0,1.0,-29.402294
69,518,0.752,1,-0.05,-37.23161
69,519,0.768,1,-0.05,-40.09155
69,520,0.749,1,-0.05,-34.768547
69,521,0.774,0,1.0,-29.824541
69,522,0.790,0,1.0,-28.178225
69,523,0.784,1,-0.05,-31.54645
69,524,0.761,2,-0.05,-35.56025
69,525,0.766,2,-0.05,-36.518017
69,526,0.749,1,-0.05,-46.20873
69,527,0.728,1,-0.05,-43.447155
69,528,0.721,1,-0.05,-39.254375
69,529,0.724,1,-0.05,-32.639805
69,530,0.698,2,-0.05,-28.214766
69,531,0.706,1,-0.05,-29.094915
69,532,0.695,1,-0.05,-29.643658
69,533,0.685,1,-0.05,-23.399788
69,534,0.674,2,-0.05,-18.96114
69,535,0.658,0,1.0,-22.773409
69,536,0.638,1,-0.05,-31.090578
69,537,0.625,1,-0.05,-33.360287
69,538,0.618,1,-0.05,-28.552206
69,539,0.604,1,-0.05,-24.235476
69,540,0.600,2,-0.05,-19.529053
69,541,0.594,2,-0.05,-20.955095
69,542,0.598,1,-0.05,-28.929144
69,543,0.575,1,-0.05,-27.786617
69,544,0.563,1,-0.05,-24.621275
69,545,0.556,1,-0.05,-18.11412
69,546,0.550,0,1.0,-12.898193
69,547,0.525,0,1.0,-7.2074075
69,548,0.519,1,-0.05,-11.456009
69,549,0.495,2,-0.05,-13.124294
69,550,0.511,2,-0.05,-16.97535
69,551,0.492,1,-0.05,-25.72258
69,552,0.483,1,-0.05,-26.49388
69,553,0.481,0,1.0,-20.638657
69,554,0.449,0,1.0,-16.668999
69,555,0.437,1,-0.05,-19.888332
69,556,0.435,2,-0.05,-22.033247
69,557,0.415,1,-0.05,-23.105362
69,558,0.417,1,-0.05,-24.382904
69,559,0.408,1,-0.05,-16.767094
69,560,0.405,0,1.0,-11.682054
69,561,0.392,2,-0.05,-6.9937663
69,562,0.381,1,-0.05,-9.582813
69,563,0.381,1,-0.05,-5.60628
69,564,0.357,0,1.0,2.418968
69,565,0.360,1,-0.05,9.9559555
69,566,0.365,1,-0.05,10.158962
69,567,0.354,1,-0.05,16.475061
69,568,0.360,0,1.0,25.567173
69,569,0.363,1,-0.05,27.855297
69,570,0.354,1,-0.05,30.7796
69,571,0.342,1,-0.05,35.709415
69,572,0.356,1,-0.05,45.64892
69,573,0.350,1,-0.05,47.51686
69,574,0.344,2,-0.05,53.84295
69,575,0.363,0,1.0,51.8551
69,576,0.356,1,-0.05,46.07781
69,577,0.359,0,1.0,44.752502
69,578,0.360,1,-0.05,49.138584
69,579,0.371,0,1.0,47.925434
69,580,0.370,2,-0.05,51.838837
69,581,0.383,0,1.0,49.995995
69,582,0.383,1,-0.05,45.170105
69,583,0.395,0,1.0,46.420063
69,584,0.383,1,-0.05,46.729126
69,585,0.387,1,-0.05,46.915066
69,586,0.391,0,1.0,49.381596
69,587,0.402,1,-0.05,50.41647
69,588,0.400,1,-0.05,50.100616
69,589,0.421,2,-0.05,51.81399
69,590,0.413,2,-0.05,51.87906
69,591,0.423,2,-0.05,47.786907
69,592,0.429,0,1.0,44.177364
69,593,0.432,1,-0.05,42.004414
69,594,0.439,2,-0.05,43.31713
69,595,0.438,1,-0.05,40.49633
69,596,0.433,1,-0.05,42.124043
69,597,0.437,0,1.0,44.705925
69,598,0.455,1,-0.05,46.348213
69,599,0.450,0,1.0,45.94885
69,600,0.465,1,-0.05,45.061485
69,601,0.467,1,-0.05,45.038742
69,602,0.481,0,1.0,45.525265
69,603,0.497,0,1.0,44.465202
69,604,0.494,2,-0.05,41.769726
69,605,0.501,1,-0.05,42.231026
69,606,0.526,0,1.0,40.678772
69,607,0.542,2,-0.05,39.23095
69,608,0.530,2,-0.05,37.25741
69,609,0.546,1,-0.05,36.78606
69,610,0.557,1,-0.05,36.641346
69,611,0.560,2,-0.05,37.57225
69,612,0.571,0,1.0,33.183712
69,613,0.598,2,-0.05,33.781235
69,614,0.592,1,-0.05,32.72498
69,615,0.606,0,1.0,32.000725
69,616,0.637,0,1.0,28.768265
69,617,0.630,1,-0.05,27.381058
69,618,0.661,0,1.0,26.083
69,619,0.671,1,-0.05,24.936928
69,620,0.682,0,1.0,21.962122
69,621,0.703,0,1.0,19.913847
69,622,0.688,1,-0.05,15.031845
69,623,0.679,0,1.0,14.897253
69,624,0.658,1,-0.05,11.21029
69,625,0.644,0,1.0,8.874089
69,626,0.605,0,1.0,3.5079288
69,627,0.596,2,-0.05,1.5079653
69,628,0.577,0,1.0,-2.4255943
69,629,0.549,1,-0.05,-3.7121449
69,630,0.524,0,1.0,-5.7796984
69,631,0.501,0,1.0,-11.053126
69,632,0.459,0,1.0,-14.986002
69,633,0.454,2,-0.05,-20.724257
69,634,0.442,0,1.0,-21.860155
69,635,0.410,1,-0.05,-20.173645
69,636,0.415,1,-0.05,-24.562836
69,637,0.381,0,1.0,-30.229898
69,638,0.366,2,-0.05,-37.539627
69,639,0.357,2,-0.05,-39.582577
69,640,0.352,2,-0.05,-37.15022
69,641,0.335,0,1.0,-30.988632
69,642,0.294,0,1.0,-30.33934
69,643,0.276,1,-0.05,-35.175175
69,644,0.281,1,-0.05,-39.00041
69,645,0.263,2,-0.05,-44.756344
69,646,0.254,0,1.0,-43.643635
69,647,0.244,1,-100.0,-40.59299
70,0,0.661,0,1.0,21.630466
70,1,0.665,1,-0.05,21.51934
70,2,0.667,0,1.0,21.492376
70,3,0.662,0,1.0,22.279646
70,4,0.663,2,-0.05,22.186838
70,5,0.663,0,1.0,22.016418
70,6,0.663,1,-0.05,21.774038
70,7,0.663,0,1.0,21.743446
70,8,0.653,0,1.0,22.631866
70,9,0.654,0,1.0,22.837284
70,10,0.647,1,-0.05,23.013239
70,11,0.666,0,1.0,23.065104
70,12,0.659,1,-0.05,22.801573
70,13,0.649,0,1.0,22.887848
70,14,0.640,0,1.0,22.723522
70,15,0.635,2,-0.05,23.12772
70,16,0.637,2,-0.05,23.15347
70,17,0.640,1,-0.05,22.57111
70,18,0.627,0,1.0,23.68283
70,19,0.638,0,1.0,23.550554
70,20,0.627,2,-0.05,23.602371
70,21,0.608,1,-0.05,23.516594
70,22,0.612,0,1.0,22.03289
70,23,0.609,2,-0.05,18.456612
70,24,0.613,1,-0.05,19.305677
70,25,0.608,0,1.0,17.426245
70,26,0.600,1,-0.05,14.706678
70,27,0.590,2,-0.05,13.890996
70,28,0.576,0,1.0,14.131005
70,29,0.568,0,1.0,16.661644
70,30,0.567,0,1.0,15.737699
70,31,0.546,0,1.0,15.314077
70,32,0.541,0,1.0,14.634271
70,33,0.528,2,-0.05,15.734362
70,34,0.533,1,-0.05,15.717468
70,35,0.520,1,-0.05,12.306585
70,36,0.509,0,1.0,7.3062577
70,37,0.495,2,-0.05,1.2943765
70,38,0.489,0,1.0,0.6984612
70,39,0.456,0,1.0,5.073462
70,40,0.466,0,1.0,4.33663
70,41,0.454,2,-0.05,3.6421776
70,42,0.443,0,1.0,3.4943721
70,43,0.437,0,1.0,8.420968
70,44,0.402,0,1.0,6.944435
70,45,0.412,2,-0.05,8.184985
70,46,0.398,0,1.0,7.3645926
70,47,0.390,0,1.0,11.297781
70,48,0.378,2,-0.05,9.104916
70,49,0.376,0,1.0,8.724678
70,50,0.372,2,-0.05,10.98217
70,51,0.366,0,1.0,11.151262
70,52,0.360,1,-0.05,13.192387
70,53,0.345,2,-0.05,12.089131
70,54,0.362,2,-0.05,14.543952
70,55,0.348,2,-0.05,19.090666
70,56,0.349,2,-0.05,21.496271
70,57,0.350,2,-0.05,27.148506
70,58,0.354,0,1.0,29.26223
70,59,0.355,0,1.0,34.65083
70,60,0.356,0,1.0,34.287384
70,61,0.374,0,1.0,32.28717
70,62,0.378,0,1.0,30.806988
70,63,0.378,2,-0.05,30.12991
70,64,0.382,2,-0.05,30.208311
70,65,0.386,2,-0.05,33.946888
70,66,0.400,0,1.0,35.76268
70,67,0.405,0,1.0,36.104748
70,68,0.392,2,-0.05,34.126217
70,69,0.418,2,-0.05,34.17884
70,70,0.411,1,-0.05,34.770927
70,71,0.412,2,-0.05,36.87558
70,72,0.433,0,1.0,38.98559
70,73,0.439,2,-0.05,31.864128
70,74,0.449,0,1.0,30.369204
70,75,0.465,1,-0.05,34.530174
70,76,0.475,0,1.0,31.93352
70,77,0.492,0,1.0,29.565962
70,78,0.508,0,1.0,27.420315
70,79,0.520,1,-0.05,24.482193
70,80,0.528,1,-0.05,22.374228
70,81,0.556,0,1.0,22.363338
70,82,0.559,2,-0.05,21.983885
70,83,0.542,2,-0.05,20.712526
70,84,0.578,0,1.0,19.488045
70,85,0.582,1,-0.05,15.457861
70,86,0.572,0,1.0,13.816414
70,87,0.593,0,1.0,14.318539
70,88,0.620,2,-0.05,15.8060875
70,89,0.614,2,-0.05,15.012772
70,90,0.618,1,-0.05,13.260883
70,91,0.634,1,-0.05,11.639711
70,92,0.623,2,-0.05,11.91551
70,93,0.631,1,-0.05,12.351795
70,94,0.644,0,1.0,9.768425
70,95,0.658,2,-0.05,9.753715
70,96,0.642,2,-0.05,13.033568
70,97,0.656,0,1.0,11.099366
70,98,0.671,2,-0.05,8.53536
70,99,0.680,0,1.0,6.993251
70,100,0.691,2,-0.05,4.289161
70,101,0.686,2,-0.05,1.9575508
70,102,0.705,0,1.0,-0.70582044
70,103,0.696,1,-0.05,0.20695698
70,104,0.696,0,1.0,-1.4978191
70,105,0.662,0,1.0,-0.30672532
70,106,0.648,0,1.0,-1.7468956
70,107,0.625,0,1.0,-5.863355
70,108,0.614,0,1.0,-8.1055355
70,109,0.587,0,1.0,-12.078192
70,110,0.562,1,-0.05,-15.341861
70,111,0.569,2,-0.05,-11.247144
70,112,0.565,0,1.0,-17.220581
70,113,0.543,0,1.0,-16.168627
70,114,0.520,1,-0.05,-20.122671
70,115,0.509,0,1.0,-22.783888
70,116,0.486,2,-0.05,-19.481348
70,117,0.491,0,1.0,-21.71633
70,118,0.468,0,1.0,-26.49465
70,119,0.440,0,1.0,-31.607038
70,120,0.414,0,1.0,-34.236828
70,121,0.402,0,1.0,-30.63963
70,122,0.369,0,1.0,-33.914555
70,123,0.345,0,1.0,-38.4745
70,124,0.330,0,1.0,-33.337284
70,125,0.288,0,1.0,-30.360739
70,126,0.273,0,1.0,-32.801178
70,127,0.247,0,-100.0,-28.802011
71,0,0.656,2,-0.05,22.000015
71,1,0.665,0,1.0,19.708311
71,2,0.676,1,-0.05,15.968806
71,3,0.665,2,-0.05,15.858307
71,4,0.677,0,1.0,15.111168
71,5,0.677,1,-0.05,12.147565
71,6,0.681,1,-0.05,11.854253
71,7,0.684,0,1.0,14.794369
71,8,0.694,1,-0.05,17.920296
71,9,0.671,0,1.0,18.255651
71,10,0.674,0,1.0,20.637459
71,11,0.685,1,-0.05,20.511805
71,12,0.691,1,-0.05,20.618652
71,13,0.693,1,-0.05,23.346247
71,14,0.674,0,1.0,24.808437
71,15,0.682,1,-0.05,25.9736
71,16,0.681,2,-0.05,25.826834
71,17,0.673,1,-0.05,25.847715
71,18,0.665,1,-0.05,25.93466
71,19,0.653,0,1.0,24.745232
71,20,0.669,1,-0.05,22.9996
71,21,0.655,1,-0.05,22.227974
71,22,0.665,2,-0.05,20.053663
71,23,0.652,2,-0.05,20.87652
71,24,0.657,1,-0.05,22.573298
71,25,0.648,0,1.0,21.862658
71,26,0.635,0,1.0,19.61642
71,27,0.629,0,1.0,18.430792
71,28,0.597,0,1.0,17.537077
71,29,0.594,2,-0.05,16.438572
71,30,0.600,1,-0.05,15.742565
71,31,0.583,0,1.0,13.06925
71,32,0.566,1,-0.05,8.526172
71,33,0.559,0,1.0,8.066079
71,34,0.554,2,-0.05,3.6960564
71,35,0.532,0,1.0,2.3511653
71,36,0.513,0,1.0,4.2535963
71,37,0.491,0,1.0,2.1159658
71,38,0.483,2,-0.05,0.49107778
71,39,0.473,2,-0.05,-0.5457227
71,40,0.471,0,1.0,6.400059
71,41,0.455,1,-0.05,10.361057
71,42,0.463,1,-0.05,8.820813
71,43,0.463,1,-0.05,3.8545105
71,44,0.447,0,1.0,-0.87858874
71,45,0.419,0,1.0,-4.847925
71,46,0.405,0,1.0,-7.041249
71,47,0.381,2,-0.05,-9.70756
71,48,0.379,0,1.0,-11.824295
71,49,0.361,0,1.0,-11.568295
71,50,0.339,0,1.0,-12.801945
71,51,0.315,0,1.0,-15.315648
71,52,0.310,1,-0.05,-17.477156
71,53,0.313,1,-0.05,-19.182158
71,54,0.289,0,1.0,-24.695395
71,55,0.278,1,-0.05,-29.958853
71,56,0.266,0,1.0,-31.99439
71,57,0.237,0,-100.0,-37.28857
72,0,0.660,0,1.0,20.176508
72,1,0.664,0,1.0,19.726736
72,2,0.662,1,-0.05,19.346027
72,3,0.662,0,1.0,19.048006
72,4,0.659,2,-0.05,20.744295
72,5,0.659,1,-0.05,21.949524
72,6,0.666,2,-0.05,22.146124
72,7,0.664,2,-0.05,23.038387
72,8,0.669,1,-0.05,22.040804
72,9,0.659,2,-0.05,23.781322
72,10,0.663,0,1.0,24.237928
72,11,0.667,0,1.0,20.379251
72,12,0.659,2,-0.05,22.082518
72,13,0.660,0,1.0,22.229862
72,14,0.664,1,-0.05,20.049421
72,15,0.650,1,-0.05,19.82766
72,16,0.658,1,-0.05,22.387705
72,17,0.665,1,-0.05,24.7632
72,18,0.660,0,1.0,25.846233
72,19,0.651,0,1.0,26.900871
72,20,0.660,0,1.0,26.836658
72,21,0.666,2,-0.05,26.35667
72,22,0.657,1,-0.05,26.224073
72,23,0.642,0,1.0,26.440205
72,24,0.635,0,1.0,25.397429
72,25,0.616,2,-0.05,24.776142
72,26,0.632,0,1.0,24.794554
72,27,0.610,1,-0.05,27.651085
72,28,0.608,0,1.0,27.665623
72,29,0.607,1,-0.05,24.924984
72,30,0.610,1,-0.05,24.863474
72,31,0.605,1,-0.05,21.84699
72,32,0.600,0,1.0,19.124285
72,33,0.586,1,-0.05,13.696687
72,34,0.577,0,1.0,12.070809
72,35,0.559,0,1.0,7.0373974
72,36,0.554,1,-0.05,5.626674
72,37,0.544,0,1.0,4.2927465
72,38,0.523,0,1.0,-0.8737196
72,39,0.502,0,1.0,-0.7024741
72,40,0.479,0,1.0,-3.643464
72,41,0.475,1,-0.05,-5.8929677
72,42,0.463,0,1.0,-8.56594
72,43,0.434,0,1.0,-14.160995
72,44,0.411,2,-0.05,-16.75015
72,45,0.409,0,1.0,-18.73171
72,46,0.381,0,1.0,-13.114738
72,47,0.384,1,-0.05,-14.194531
72,48,0.355,0,1.0,-18.208603
72,49,0.343,2,-0.05,-25.841986
72,50,0.329,0,1.0,-26.306547
72,51,0.328,2,-0.05,-24.285143
72,52,0.306,2,-0.05,-23.844707
72,53,0.315,1,-0.05,-14.569049
72,54,0.302,2,-0.05,-17.318792
72,55,0.306,2,-0.05,-15.504055
72,56,0.295,0,1.0,-6.219011
72,57,0.277,2,-0.05,-0.34632087
72,58,0.286,2,-0.05,-2.2179954
72,59,0.277,2,-0.05,7.427897
72,60,0.289,2,-0.05,10.601824
72,61,0.258,2,-0.05,16.703083
72,62,0.263,2,-0.05,22.446642
72,63,0.265,2,-0.05,26.52854
72,64,0.263,2,-0.05,32.364918
72,65,0.257,2,-0.05,36.233295
72,66,0.267,2,-0.05,40.611755
72,67,0.262,2,-0.05,43.64177
72,68,0.271,0,1.0,48.975426
72,69,0.274,2,-0.05,50.32875
72,70,0.281,0,1.0,49.055874
72,71,0.309,1,-0.05,49.77599
72,72,0.300,0,1.0,47.775593
72,73,0.319,2,-0.05,45.160458
72,74,0.323,2,-0.05,44.267803
72,75,0.340,0,1.0,45.711323
72,76,0.345,1,-0.05,44.852135
72,77,0.347,2,-0.05,41.579098
72,78,0.361,0,1.0,41.60695
72,79,0.373,2,-0.05,41.886864
72,80,0.374,2,-0.05,40.924435
72,81,0.362,2,-0.05,40.081203
72,82,0.394,0,1.0,40.991314
72,83,0.409,2,-0.05,41.670742
72,84,0.426,0,1.0,40.30159
72,85,0.463,0,1.0,38.737175
72,86,0.465,2,-0.05,33.221214
72,87,0.474,2,-0.05,30.848827
72,88,0.487,2,-0.05,31.917423
72,89,0.489,1,-0.05,32.61042
72,90,0.495,2,-0.05,28.805292
72,91,0.520,0,1.0,28.455088
72,92,0.535,2,-0.05,27.80669
72,93,0.542,2,-0.05,23.127542
72,94,0.556,2,-0.05,24.458527
72,95,0.563,2,-0.05,24.168686
72,96,0.571,2,-0.05,24.073439
72,97,0.565,2,-0.05,24.236547
72,98,0.591,2,-0.05,24.336786
72,99,0.592,2,-0.05,22.333305
72,100,0.610,1,-0.05,22.251955
72,101,0.636,0,1.0,19.28481
72,102,0.646,2,-0.05,13.986727
72,103,0.667,1,-0.05,8.52691
72,104,0.658,2,-0.05,6.0590115
72,105,0.667,2,-0.05,3.6968536
72,106,0.699,1,-0.05,2.4455323
72,107,0.707,1,-0.05,1.2634841
72,108,0.709,2,-0.05,-2.7432234
72,109,0.692,1,-0.05,-5.3861017
72,110,0.683,2,-0.05,-7.9647975
72,111,0.668,2,-0.05,-10.210622
72,112,0.655,2,-0.05,-10.897814
72,113,0.651,0,1.0,-12.126478
72,114,0.607,2,-0.05,-15.027753
72,115,0.586,0,1.0,-22.304852
72,116,0.563,2,-0.05,-25.535887
72,117,0.546,2,-0.05,-34.046734
72,118,0.541,2,-0.05,-31.668633
72,119,0.524,0,1.0,-32.675484
72,120,0.496,2,-0.05,-34.094357
72,121,0.476,2,-0.05,-42.02287
72,122,0.467,2,-0.05,-38.445305
72,123,0.455,0,1.0,-39.324825
72,124,0.429,2,-0.05,-40.188625
72,125,0.419,1,-0.05,-47.799137
72,126,0.401,0,1.0,-48.97007
72,127,0.352,0,1.0,-59.74903
72,128,0.309,0,1.0,-68.53583
72,129,0.280,0,1.0,-78.02365
72,130,0.242,0,-100.0,-84.39982
73,0,0.653,2,-0.05,23.063847
73,1,0.665,1,-0.05,21.056265
73,2,0.664,1,-0.05,23.355095
73,3,0.665,2,-0.05,26.280697
73,4,0.667,2,-0.05,25.678934
73,5,0.664,1,-0.05,21.482725
73,6,0.662,1,-0.05,23.064342
73,7,0.677,1,-0.05,26.187408
73,8,0.675,2,-0.05,27.64662
73,9,0.669,1,-0.05,25.703459
73,10,0.652,0,1.0,27.412333
73,11,0.660,2,-0.05,29.156858
73,12,0.658,2,-0.05,29.15927
73,13,0.651,0,1.0,26.313839
73,14,0.644,0,1.0,25.2316
73,15,0.657,1,-0.05,23.820967
73,16,0.644,1,-0.05,24.55624
73,17,0.650,2,-0.05,24.62491
73,18,0.650,1,-0.05,25.445412
73,19,0.640,2,-0.05,24.608362
73,20,0.644,2,-0.05,25.113016
73,21,0.638,2,-0.05,22.739569
73,22,0.625,1,-0.05,21.169338
73,23,0.644,0,1.0,21.3373
73,24,0.651,1,-0.05,24.770247
73,25,0.639,1,-0.05,24.103521
73,26,0.625,2,-0.05,25.128952
73,27,0.631,0,1.0,25.052402
73,28,0.637,2,-0.05,24.15996
73,29,0.627,2,-0.05,24.026823
73,30,0.644,1,-0.05,21.394352
73,31,0.634,0,1.0,24.302883
73,32,0.638,0,1.0,24.060907
73,33,0.621,2,-0.05,26.29621
73,34,0.628,2,-0.05,25.26726
73,35,0.634,0,1.0,24.935638
73,36,0.631,2,-0.05,21.223148
73,37,0.622,1,-0.05,22.66823
73,38,0.642,0,1.0,21.36713
73,39,0.634,0,1.0,24.909002
73,40,0.637,0,1.0,23.992981
73,41,0.626,0,1.0,24.921127
73,42,0.641,1,-0.05,26.6888
73,43,0.638,0,1.0,27.0734
73,44,0.630,0,1.0,27.210787
73,45,0.619,1,-0.05,27.814209
73,46,0.622,2,-0.05,26.926365
73,47,0.613,0,1.0,28.526659
73,48,0.623,0,1.0,25.99688
73,49,0.625,1,-0.05,27.154524
73,50,0.626,0,1.0,25.90056
73,51,0.598,0,1.0,28.214275
73,52,0.624,0,1.0,27.742254
73,53,0.619,0,1.0,28.246601
73,54,0.625,0,1.0,27.174742
73,55,0.602,0,1.0,27.915907
73,56,0.593,0,1.0,26.393612
73,57,0.602,1,-0.05,26.175837
73,58,0.601,0,1.0,27.928972
73,59,0.597,0,1.0,25.621126
73,60,0.596,1,-0.05,26.68249
73,61,0.593,0,1.0,26.429502
73,62,0.589,0,1.0,26.516556
73,63,0.584,1,-0.05,26.218805
73,64,0.582,1,-0.05,23.913801
73,65,0.570,1,-0.05,23.937342
73,66,0.587,2,-0.05,20.010664
73,67,0.583,1,-0.05,21.745134
73,68,0.565,0,1.0,17.60095
73,69,0.558,0,1.0,13.072313
73,70,0.520,0,1.0,10.366182
73,71,0.505,0,1.0,12.197012
73,72,0.509,0,1.0,8.682429
73,73,0.485,1,-0.05,5.736275
73,74,0.497,1,-0.05,2.6974962
73,75,0.492,0,1.0,-2.2865763
73,76,0.466,0,1.0,-4.915078
73,77,0.435,0,1.0,-6.9784923
73,78,0.427,1,-0.05,-11.604531
73,79,0.405,2,-0.05,-12.620855
73,80,0.405,0,1.0,-12.903219
73,81,0.396,0,1.0,-8.651162
73,82,0.375,1,-0.05,-6.668646
73,83,0.373,1,-0.05,-9.259088
73,84,0.348,0,1.0,-14.742766
73,85,0.356,2,-0.05,-22.757343
73,86,0.346,0,1.0,-22.662973
73,87,0.319,0,1.0,-18.971903
73,88,0.302,2,-0.05,-19.444885
73,89,0.290,0,1.0,-22.244776
73,90,0.278,0,1.0,-16.059313
73,91,0.272,2,-0.05,-18.378225
73,92,0.267,1,-0.05,-19.694736
73,93,0.266,1,-0.05,-26.845718
73,94,0.252,2,-0.05,-38.751476
73,95,0.254,0,1.0,-33.788647
73,96,0.225,0,-100.0,-26.080198
74,0,0.659,2,-0.05,21.378908
74,1,0.659,0,1.0,19.439734
74,2,0.659,0,1.0,15.872052
74,3,0.669,0,1.0,16.043034
74,4,0.674,2,-0.05,17.64217
74,5,0.679,0,1.0,16.140844
74,6,0.686,2,-0.05,13.667254
74,7,0.686,1,-0.05,13.794813
74,8,0.679,2,-0.05,14.725291
74,9,0.682,0,1.0,14.40651
74,10,0.693,0,1.0,9.787408
74,11,0.702,0,1.0,9.438588
74,12,0.692,0,1.0,9.367819
74,13,0.697,1,-0.05,9.252322
74,14,0.673,0,1.0,9.196472
74,15,0.683,0,1.0,13.3361225
74,16,0.681,0,1.0,13.237408
74,17,0.661,1,-0.05,13.562542
74,18,0.648,1,-0.05,13.365131
74,19,0.671,2,-0.05,18.61514
74,20,0.674,1,-0.05,15.621229
74,21,0.665,1,-0.05,16.05988
74,22,0.665,2,-0.05,23.31701
74,23,0.657,0,1.0,19.481888
74,24,0.655,2,-0.05,15.337374
74,25,0.658,1,-0.05,14.806609
74,26,0.634,2,-0.05,19.619267
74,27,0.656,2,-0.05,15.571691
74,28,0.662,2,-0.05,13.471201
74,29,0.664,1,-0.05,8.443192
74,30,0.654,0,1.0,8.841462
74,31,0.640,1,-0.05,13.874012
74,32,0.649,2,-0.05,13.528605
74,33,0.648,0,1.0,13.111951
74,34,0.627,2,-0.05,7.1511955
74,35,0.629,0,1.0,7.416656
74,36,0.630,2,-0.05,-0.7937783
74,37,0.629,1,-0.05,-1.3933265
74,38,0.598,2,-0.05,-0.35204116
74,39,0.601,0,1.0,-1.6317745
74,40,0.602,1,-0.05,-8.159577
74,41,0.594,1,-0.05,-8.6029625
74,42,0.597,2,-0.05,-2.8632343
74,43,0.582,1,-0.05,-7.5536795
74,44,0.587,0,1.0,-7.40712
74,45,0.577,1,-0.05,-1.8779602
74,46,0.567,2,-0.05,-2.9838471
74,47,0.567,1,-0.05,-3.3166127
74,48,0.572,1,-0.05,-3.3336697
74,49,0.567,2,-0.05,6.3343496
74,50,0.549,1,-0.05,5.2971153
74,51,0.556,1,-0.05,6.7493615
74,52,0.555,0,1.0,13.08906
74,53,0.554,2,-0.05,22.684528
74,54,0.551,2,-0.05,21.14573
74,55,0.559,1,-0.05,13.4161415
74,56,0.549,0,1.0,18.47437
74,57,0.552,1,-0.05,27.456734
74,58,0.550,1,-0.05,27.731354
74,59,0.549,1,-0.05,32.051353
74,60,0.544,1,-0.05,35.368786
74,61,0.527,1,-0.05,37.67846
74,62,0.550,2,-0.05,38.906906
74,63,0.533,2,-0.05,36.863377
74,64,0.555,0,1.0,35.3675
74,65,0.558,1,-0.05,31.714447
74,66,0.557,1,-0.05,30.71589
74,67,0.547,1,-0.05,36.393585
74,68,0.554,0,1.0,34.68273
74,69,0.568,0,1.0,35.966682
74,70,0.578,1,-0.05,33.822514
74,71,0.575,0,1.0,35.70006
74,72,0.575,1,-0.05,36.15741
74,73,0.591,0,1.0,35.09371
74,74,0.602,2,-0.05,34.652195
74,75,0.604,0,1.0,33.156834
74,76,0.617,1,-0.05,29.89741
74,77,0.625,0,1.0,28.297976
74,78,0.627,1,-0.05,28.134151
74,79,0.638,1,-0.05,29.095566
74,80,0.651,0,1.0,29.014084
74,81,0.647,2,-0.05,23.379435
74,82,0.663,0,1.0,21.73688
74,83,0.662,1,-0.05,22.616457
74,84,0.678,0,1.0,20.231033
74,85,0.686,1,-0.05,16.843273
74,86,0.696,2,-0.05,18.662462
74,87,0.701,0,1.0,16.341988
74,88,0.683,0,1.0,15.0530205
74,89,0.678,0,1.0,16.082697
74,90,0.660,0,1.0,13.958936
74,91,0.659,0,1.0,14.743948
74,92,0.636,0,1.0,11.881416
74,93,0.618,0,1.0,8.617001
74,94,0.603,2,-0.05,6.139056
74,95,0.595,1,-0.05,4.5602818
74,96,0.596,0,1.0,6.3338346
74,97,0.578,0,1.0,0.53116345
74,98,0.551,0,1.0,-1.6733891
74,99,0.536,0,1.0,-2.9752095
74,100,0.534,1,-0.05,-6.4701805
74,101,0.526,0,1.0,-6.3074684
74,102,0.500,1,-0.05,-13.301227
74,103,0.511,1,-0.05,-15.260157
74,104,0.487,0,1.0,-22.644106
74,105,0.461,0,1.0,-28.860664
74,106,0.456,0,1.0,-34.394554
74,107,0.422,0,1.0,-39.39688
74,108,0.415,0,1.0,-44.82423
74,109,0.383,2,-0.05,-49.038277
74,110,0.365,0,1.0,-53.005238
74,111,0.349,0,1.0,-46.9204
74,112,0.308,0,1.0,-53.47531
74,113,0.309,0,1.0,-57.11639
74,114,0.275,0,1.0,-61.320515
74,115,0.262,0,1.0,-64.35161
74,116,0.214,0,-100.0,-68.7429
75,0,0.660,0,1.0,21.019386
75,1,0.665,1,-0.05,21.847975
75,2,0.658,0,1.0,21.573156
75,3,0.662,1,-0.05,23.104433
75,4,0.671,0,1.0,23.07035
75,5,0.659,2,-0.05,23.766619
75,6,0.660,0,1.0,23.36364
75,7,0.661,2,-0.05,23.025188
75,8,0.651,2,-0.05,23.188408
75,9,0.648,0,1.0,22.141804
75,10,0.654,1,-0.05,20.122309
75,11,0.664,0,1.0,20.770132
75,12,0.661,0,1.0,22.212345
75,13,0.654,2,-0.05,22.168688
75,14,0.657,0,1.0,23.15867
75,15,0.650,0,1.0,20.268204
75,16,0.667,1,-0.05,23.857008
75,17,0.664,1,-0.05,22.797724
75,18,0.656,2,-0.05,23.62313
75,19,0.661,1,-0.05,22.942389
75,20,0.666,2,-0.05,23.18959
75,21,0.662,0,1.0,22.992725
75,22,0.667,0,1.0,20.89234
75,23,0.666,0,1.0,20.172646
75,24,0.670,1,-0.05,21.029202
75,25,0.679,0,1.0,19.91706
75,26,0.686,0,1.0,24.307507
75,27,0.687,2,-0.05,23.25665
75,28,0.684,0,1.0,24.175093
75,29,0.698,0,1.0,19.93374
75,30,0.689,2,-0.05,20.820278
75,31,0.686,1,-0.05,20.366287
75,32,0.690,0,1.0,24.538137
75,33,0.693,1,-0.05,23.91285
75,34,0.690,1,-0.05,26.852919
75,35,0.697,0,1.0,28.194614
75,36,0.693,0,1.0,29.516174
75,37,0.697,1,-0.05,28.842121
75,38,0.679,2,-0.05,28.853714
75,39,0.684,2,-0.05,29.275717
75,40,0.672,0,1.0,29.45804
75,41,0.661,1,-0.05,26.489801
75,42,0.679,1,-0.05,26.951757
75,43,0.693,0,1.0,28.344204
75,44,0.683,0,1.0,30.212824
75,45,0.682,0,1.0,29.095072
75,46,0.679,0,1.0,29.765596
75,47,0.681,0,1.0,28.424728
75,48,0.667,2,-0.05,28.183214
75,49,0.670,0,1.0,26.685316
75,50,0.686,0,1.0,29.761618
75,51,0.669,1,-0.05,27.537699
75,52,0.677,2,-0.05,27.42654
75,53,0.666,0,1.0,26.584337
75,54,0.667,2,-0.05,21.700552
75,55,0.672,0,1.0,22.089705
75,56,0.676,0,1.0,21.79424
75,57,0.684,0,1.0,20.839584
75,58,0.677,1,-0.05,19.527075
75,59,0.691,1,-0.05,18.48371
75,60,0.681,0,1.0,19.394617
75,61,0.689,0,1.0,20.469994
75,62,0.683,2,-0.05,18.859882
75,63,0.681,1,-0.05,19.100336
75,64,0.682,0,1.0,17.420944
75,65,0.691,1,-0.05,18.829216
75,66,0.694,0,1.0,20.17607
75,67,0.691,1,-0.05,21.697092
75,68,0.677,0,1.0,19.521753
75,69,0.673,1,-0.05,20.844858
75,70,0.675,0,1.0,19.786057
75,71,0.660,2,-0.05,17.84037
75,72,0.669,0,1.0,16.687254
75,73,0.650,2,-0.05,19.669863
75,74,0.645,0,1.0,17.651466
75,75,0.643,1,-0.05,15.9238
75,76,0.627,0,1.0,13.083342
75,77,0.630,1,-0.05,14.790808
75,78,0.631,2,-0.05,16.293814
75,79,0.628,2,-0.05,13.8965
75,80,0.624,2,-0.05,11.675739
75,81,0.617,2,-0.05,10.708127
75,82,0.625,0,1.0,12.104178
75,83,0.633,0,1.0,11.167729
75,84,0.624,0,1.0,8.677062
75,85,0.631,0,1.0,8.014194
75,86,0.626,1,-0.05,10.044544
75,87,0.640,0,1.0,9.642425
75,88,0.633,0,1.0,9.456045
75,89,0.644,1,-0.05,8.260065
75,90,0.628,1,-0.05,5.941323
75,91,0.636,0,1.0,7.7073827
75,92,0.631,0,1.0,6.893171
75,93,0.632,0,1.0,10.008508
75,94,0.619,2,-0.05,6.5660067
75,95,0.624,2,-0.05,6.5905123
75,96,0.622,0,1.0,4.7693143
75,97,0.627,1,-0.05,6.8069463
75,98,0.606,2,-0.05,4.072281
75,99,0.625,0,1.0,4.5388417
75,100,0.622,1,-0.05,7.2201953
75,101,0.621,0,1.0,6.657368
75,102,0.616,2,-0.05,6.4291945
75,103,0.625,1,-0.05,5.937205
75,104,0.630,0,1.0,9.727825
75,105,0.627,0,1.0,9.310415
75,106,0.626,0,1.0,6.550774
75,107,0.628,1,-0.05,9.665109
75,108,0.620,1,-0.05,6.4253497
75,109,0.622,2,-0.05,7.1312485
75,110,0.612,2,-0.05,7.5984745
75,111,0.626,0,1.0,7.7405043
75,112,0.621,0,1.0,8.93006
75,113,0.627,0,1.0,6.5996866
75,114,0.619,2,-0.05,7.8818088
75,115,0.622,0,1.0,7.4525723
75,116,0.621,0,1.0,9.167912
75,117,0.623,0,1.0,11.347743
75,118,0.626,2,-0.05,11.187265
75,119,0.634,0,1.0,10.865982
75,120,0.633,2,-0.05,10.306889
75,121,0.639,1,-0.05,13.125919
75,122,0.625,0,1.0,9.54705
75,123,0.656,2,-0.05,6.7321963
75,124,0.642,1,-0.05,6.7323227
75,125,0.647,0,1.0,7.5283775
75,126,0.650,0,1.0,1.6330286
75,127,0.646,2,-0.05,0.78347784
75,128,0.640,2,-0.05,-2.0410314
75,129,0.643,0,1.0,1.0515714
75,130,0.639,1,-0.05,0.7860701
75,131,0.642,2,-0.05,-0.1938326
75,132,0.646,2,-0.05,-1.0458674
75,133,0.638,0,1.0,3.4530623
75,134,0.651,1,-0.05,4.89551
75,135,0.663,0,1.0,3.8076174
75,136,0.667,0,1.0,-2.2108412
75,137,0.676,2,-0.05,-4.834095
75,138,0.688,1,-0.05,-7.671142
75,139,0.690,0,1.0,-8.682677
75,140,0.679,1,-0.05,-17.034061
75,141,0.690,2,-0.05,-18.668173
75,142,0.685,0,1.0,-20.276863
75,143,0.694,2,-0.05,-15.646543
75,144,0.705,2,-0.05,-18.94322
75,145,0.702,1,-0.05,-16.847637
75,146,0.699,2,-0.05,-20.337383
75,147,0.706,2,-0.05,-18.835817
75,148,0.710,1,-0.05,-15.298388
75,149,0.712,1,-0.05,-17.219374
75,150,0.726,0,1.0,-24.75707
75,151,0.729,1,-0.05,-31.181425
75,152,0.732,0,1.0,-36.08207
75,153,0.727,0,1.0,-43.002815
75,154,0.739,0,1.0,-50.069122
75,155,0.754,0,1.0,-54.56598
75,156,0.747,0,1.0,-62.4791
75,157,0.759,0,1.0,-67.57115
75,158,0.717,1,-0.05,-76.055626
75,159,0.713,2,-0.05,-79.354866
75,160,0.686,1,-0.05,-79.332214
75,161,0.687,2,-0.05,-81.625694
75,162,0.687,1,-0.05,-79.88754
75,163,0.663,2,-0.05,-82.9315
75,164,0.642,0,1.0,-83.23062
75,165,0.609,0,1.0,-79.34049
75,166,0.566,1,-0.05,-87.262825
75,167,0.565,0,1.0,-91.017914
75,168,0.515,0,1.0,-98.04817
75,169,0.476,0,1.0,-101.954185
75,170,0.445,0,1.0,-105.747444
75,171,0.400,0,1.0,-108.64377
75,172,0.351,0,1.0,-112.09123
75,173,0.320,0,1.0,-114.00753
75,174,0.284,0,1.0,-116.29673
75,175,0.238,0,-100.0,-118.07749
76,0,0.661,1,-0.05,24.652426
76,1,0.670,0,1.0,23.880547
76,2,0.655,1,-0.05,24.77096
76,3,0.665,1,-0.05,24.921154
76,4,0.665,2,-0.05,27.065702
76,5,0.654,2,-0.05,26.557085
76,6,0.650,0,1.0,24.316652
76,7,0.659,1,-0.05,24.042515
76,8,0.661,2,-0.05,23.79911
76,9,0.662,1,-0.05,22.996391
76,10,0.645,1,-0.05,24.325924
76,11,0.668,1,-0.05,24.288723
76,12,0.657,1,-0.05,26.84082
76,13,0.662,2,-0.05,27.05209
76,14,0.658,0,1.0,27.281347
76,15,0.643,1,-0.05,25.478666
76,16,0.639,2,-0.05,25.013443
76,17,0.634,2,-0.05,23.997568
76,18,0.636,0,1.0,24.261736
76,19,0.647,1,-0.05,22.74394
76,20,0.644,0,1.0,21.825113
76,21,0.648,1,-0.05,24.995888
76,22,0.632,1,-0.05,24.160969
76,23,0.646,2,-0.05,24.714664
76,24,0.651,1,-0.05,24.10847
76,25,0.643,0,1.0,25.322426
76,26,0.632,1,-0.05,26.070759
76,27,0.637,1,-0.05,25.717575
76,28,0.637,2,-0.05,26.3472
76,29,0.633,2,-0.05,27.710176
76,30,0.622,1,-0.05,25.043074
76,31,0.631,2,-0.05,25.937359
76,32,0.625,2,-0.05,25.253712
76,33,0.622,2,-0.05,25.361588
76,34,0.619,0,1.0,23.404888
76,35,0.629,1,-0.05,22.974632
76,36,0.626,1,-0.05,22.064463
76,37,0.639,1,-0.05,24.555367
76,38,0.631,1,-0.05,24.686947
76,39,0.626,0,1.0,25.617968
76,40,0.620,2,-0.05,26.9539
76,41,0.624,2,-0.05,27.03384
76,42,0.618,1,-0.05,24.616016
76,43,0.623,1,-0.05,25.004602
76,44,0.628,2,-0.05,25.26956
76,45,0.611,0,1.0,26.483315
76,46,0.610,0,1.0,24.479158
76,47,0.592,1,-0.05,24.657175
76,48,0.604,2,-0.05,23.743969
76,49,0.599,2,-0.05,24.90603
76,50,0.606,0,1.0,24.25979
76,51,0.599,1,-0.05,24.449484
76,52,0.594,0,1.0,22.786993
76,53,0.599,0,1.0,25.346548
76,54,0.592,1,-0.05,26.9746
76,55,0.594,0,1.0,27.415934
76,56,0.594,1,-0.05,24.273617
76,57,0.594,0,1.0,27.429564
76,58,0.568,1,-0.05,25.38542
76,59,0.586,0,1.0,25.806252
76,60,0.585,0,1.0,26.822271
76,61,0.573,0,1.0,26.914177
76,62,0.558,1,-0.05,25.791637
76,63,0.562,0,1.0,25.32715
76,64,0.562,2,-0.05,23.167692
76,65,0.542,0,1.0,23.177803
76,66,0.528,0,1.0,22.351393
76,67,0.530,0,1.0,21.634214
76,68,0.518,2,-0.05,22.518301
76,69,0.502,0,1.0,23.11551
76,70,0.516,2,-0.05,21.975029
76,71,0.519,0,1.0,22.02054
76,72,0.499,1,-0.05,20.147118
76,73,0.503,0,1.0,23.168638
76,74,0.496,0,1.0,18.481266
76,75,0.490,0,1.0,21.66382
76,76,0.491,0,1.0,19.242798
76,77,0.478,0,1.0,18.48856
76,78,0.461,0,1.0,16.327467
76,79,0.450,1,-0.05,18.865808
76,80,0.464,2,-0.05,16.702627
76,81,0.457,2,-0.05,18.308233
76,82,0.453,2,-0.05,14.131318
76,83,0.460,0,1.0,19.411568
76,84,0.469,0,1.0,17.814981
76,85,0.471,0,1.0,17.91553
76,86,0.462,2,-0.05,15.769237
76,87,0.454,0,1.0,15.537096
76,88,0.453,0,1.0,16.095617
76,89,0.471,2,-0.05,17.853128
76,90,0.463,1,-0.05,16.862776
76,91,0.469,2,-0.05,15.831872
76,92,0.471,2,-0.05,14.819649
76,93,0.473,0,1.0,20.67165
76,94,0.480,0,1.0,19.391714
76,95,0.469,2,-0.05,18.192612
76,96,0.499,1,-0.05,17.45549
76,97,0.502,1,-0.05,15.758811
76,98,0.500,0,1.0,13.060628
76,99,0.504,2,-0.05,16.679148
76,100,0.509,1,-0.05,14.911925
76,101,0.515,1,-0.05,13.997732
76,102,0.509,0,1.0,12.658047
76,103,0.507,0,1.0,11.835627
76,104,0.510,0,1.0,9.711455
76,105,0.500,2,-0.05,12.739876
76,106,0.508,0,1.0,10.576595
76,107,0.502,2,-0.05,10.70239
76,108,0.511,1,-0.05,12.623847
76,109,0.514,0,1.0,9.083114
76,110,0.507,2,-0.05,13.316582
76,111,0.516,0,1.0,12.829336
76,112,0.502,2,-0.05,8.858778
76,113,0.498,2,-0.05,8.757721
76,114,0.502,1,-0.05,7.9657483
76,115,0.514,1,-0.05,11.398972
76,116,0.506,1,-0.05,9.864156
76,117,0.501,0,1.0,9.507883
76,118,0.493,1,-0.05,6.7765346
76,119,0.491,0,1.0,9.261953
76,120,0.486,1,-0.05,6.6117907
76,121,0.488,2,-0.05,5.762889
76,122,0.486,2,-0.05,6.6277328
76,123,0.484,2,-0.05,7.25127
76,124,0.479,0,1.0,7.928733
76,125,0.478,2,-0.05,7.7444854
76,126,0.483,1,-0.05,10.504952
76,127,0.493,1,-0.05,7.2322507
76,128,0.486,0,1.0,6.022285
76,129,0.472,0,1.0,4.903735
76,130,0.468,0,1.0,3.1082437
76,131,0.471,2,-0.05,3.572763
76,132,0.466,2,-0.05,1.2434609
76,133,0.468,1,-0.05,4.830501
76,134,0.458,2,-0.05,1.758345
76,135,0.447,2,-0.05,5.521457
76,136,0.460,0,1.0,6.35727
76,137,0.458,2,-0.05,11.101199
76,138,0.445,0,1.0,9.7125845
76,139,0.454,0,1.0,13.078984
76,140,0.463,2,-0.05,13.135423
76,141,0.473,0,1.0,11.866109
76,142,0.468,2,-0.05,15.290579
76,143,0.478,2,-0.05,14.730962
76,144,0.466,2,-0.05,19.110394
76,145,0.474,0,1.0,19.966177
76,146,0.493,0,1.0,25.177477
76,147,0.502,1,-0.05,21.395065
76,148,0.496,2,-0.05,20.402454
76,149,0.505,1,-0.05,20.441624
76,150,0.525,0,1.0,23.263906
76,151,0.528,1,-0.05,15.621256
76,152,0.533,0,1.0,16.949144
76,153,0.533,2,-0.05,10.159153
76,154,0.526,2,-0.05,9.337169
76,155,0.541,2,-0.05,12.288719
76,156,0.534,2,-0.05,15.647413
76,157,0.541,2,-0.05,19.270197
76,158,0.545,2,-0.05,22.37405
76,159,0.540,1,-0.05,27.946093
76,160,0.548,2,-0.05,25.466297
76,161,0.556,0,1.0,27.483076
76,162,0.576,1,-0.05,29.328772
76,163,0.585,2,-0.05,29.359766
76,164,0.595,1,-0.05,28.237242
76,165,0.607,2,-0.05,28.31159
76,166,0.600,2,-0.05,27.391195
76,167,0.603,1,-0.05,33.438004
76,168,0.611,1,-0.05,30.258324
76,169,0.621,2,-0.05,25.22671
76,170,0.621,1,-0.05,25.85966
76,171,0.635,2,-0.05,24.004631
76,172,0.641,1,-0.05,24.269585
76,173,0.645,2,-0.05,23.661219
76,174,0.637,2,-0.05,24.23071
76,175,0.642,2,-0.05,29.752287
76,176,0.655,1,-0.05,34.695644
76,177,0.670,2,-0.05,34.63309
76,178,0.667,1,-0.05,35.370415
76,179,0.678,1,-0.05,33.64053
76,180,0.695,2,-0.05,26.37353
76,181,0.707,0,1.0,28.542679
76,182,0.716,2,-0.05,31.129215
76,183,0.719,1,-0.05,30.34089
76,184,0.730,2,-0.05,28.561316
76,185,0.740,2,-0.05,30.230593
76,186,0.768,0,1.0,35.04291
76,187,0.772,0,1.0,40.138603
76,188,0.754,1,-0.05,36.20171
76,189,0.747,2,-0.05,34.635952
76,190,0.755,2,-0.05,34.09112
76,191,0.734,1,-0.05,43.39001
76,192,0.735,0,1.0,38.241966
76,193,0.737,2,-0.05,30.35283
76,194,0.720,2,-0.05,27.9443
76,195,0.747,2,-0.05,33.22834
76,196,0.719,2,-0.05,38.68456
76,197,0.718,1,-0.05,44.232162
76,198,0.733,2,-0.05,41.284653
76,199,0.705,2,-0.05,41.25567
76,200,0.722,1,-0.05,46.131573
76,201,0.718,1,-0.05,43.45403
76,202,0.701,1,-0.05,35.713768
76,203,0.696,0,1.0,29.260462
76,204,0.693,2,-0.05,19.456642
76,205,0.682,2,-0.05,17.497753
76,206,0.681,2,-0.05,23.436876
76,207,0.675,0,1.0,30.353458
76,208,0.696,0,1.0,35.17908
76,209,0.689,2,-0.05,33.227135
76,210,0.695,2,-0.05,32.459053
76,211,0.686,2,-0.05,36.597084
76,212,0.680,2,-0.05,41.888535
76,213,0.704,2,-0.05,45.96031
76,214,0.688,2,-0.05,51.682
76,215,0.683,0,1.0,54.476383
76,216,0.675,0,1.0,57.69738
76,217,0.648,2,-0.05,53.902664
76,218,0.655,1,-0.05,52.9195
76,219,0.662,2,-0.05,51.51171
76,220,0.646,1,-0.05,51.132404
76,221,0.649,2,-0.05,48.21889
76,222,0.624,1,-0.05,50.295593
76,223,0.639,0,1.0,47.608814
76,224,0.651,0,1.0,40.655712
76,225,0.636,2,-0.05,39.17062
76,226,0.631,1,-0.05,35.864456
76,227,0.624,2,-0.05,34.347065
76,228,0.649,2,-0.05,36.52581
76,229,0.631,0,1.0,42.375492
76,230,0.649,1,-0.05,43.115536
76,231,0.646,1,-0.05,42.658672
76,232,0.662,2,-0.05,36.17843
76,233,0.641,1,-0.05,38.435093
76,234,0.643,2,-0.05,35.439037
76,235,0.636,2,-0.05,37.473743
76,236,0.649,2,-0.05,40.522327
76,237,0.654,2,-0.05,43.66533
76,238,0.652,2,-0.05,42.8147
76,239,0.644,2,-0.05,43.104385
76,240,0.654,1,-0.05,43.009632
76,241,0.644,2,-0.05,43.91889
76,242,0.642,0,1.0,40.185574
76,243,0.643,0,1.0,44.10472
76,244,0.631,2,-0.05,39.020992
76,245,0.616,0,1.0,36.939137
76,246,0.598,2,-0.05,28.722727
76,247,0.600,0,1.0,26.654568
76,248,0.591,1,-0.05,26.68776
76,249,0.587,1,-0.05,23.283562
76,250,0.575,0,1.0,21.595303
76,251,0.555,0,1.0,24.022884
76,252,0.554,1,-0.05,18.514246
76,253,0.553,1,-0.05,18.07883
76,254,0.557,1,-0.05,15.720424
76,255,0.553,1,-0.05,16.59242
76,256,0.549,2,-0.05,18.30325
76,257,0.545,1,-0.05,19.908514
76,258,0.535,0,1.0,16.647026
76,259,0.527,1,-0.05,22.914295
76,260,0.535,0,1.0,19.586527
76,261,0.535,1,-0.05,21.760382
76,262,0.542,1,-0.05,22.842836
76,263,0.548,1,-0.05,24.692692
76,264,0.529,1,-0.05,27.886963
76,265,0.545,2,-0.05,30.191833
76,266,0.547,2,-0.05,32.11637
76,267,0.551,0,1.0,28.92851
76,268,0.547,0,1.0,23.569277
76,269,0.547,0,1.0,27.952156
76,270,0.543,0,1.0,24.003521
76,271,0.545,2,-0.05,22.018236
76,272,0.560,0,1.0,20.793932
76,273,0.550,0,1.0,21.474998
76,274,0.565,1,-0.05,20.441975
76,275,0.559,2,-0.05,19.369102
76,276,0.557,1,-0.05,15.954215
76,277,0.558,2,-0.05,18.453987
76,278,0.547,1,-0.05,14.64756
76,279,0.552,0,1.0,20.103361
76,280,0.538,0,1.0,20.983484
76,281,0.548,0,1.0,19.039766
76,282,0.542,1,-0.05,19.540215
76,283,0.559,0,1.0,21.506285
76,284,0.571,2,-0.05,22.200226
76,285,0.571,2,-0.05,20.761055
76,286,0.567,0,1.0,17.180305
76,287,0.561,0,1.0,13.33214
76,288,0.568,1,-0.05,10.646229
76,289,0.576,2,-0.05,12.750409
76,290,0.570,0,1.0,8.826675
76,291,0.563,2,-0.05,9.114901
76,292,0.574,0,1.0,6.697753
76,293,0.553,0,1.0,2.9473882
76,294,0.547,1,-0.05,2.0939252
76,295,0.545,2,-0.05,1.5287387
76,296,0.550,0,1.0,-5.6375875
76,297,0.535,1,-0.05,-7.8541527
76,298,0.542,0,1.0,-5.174369
76,299,0.530,2,-0.05,-6.265847
76,300,0.536,1,-0.05,-7.9959283
76,301,0.523,1,-0.05,-5.8491983
76,302,0.531,0,1.0,-2.6386538
76,303,0.520,1,-0.05,3.745823
76,304,0.525,2,-0.05,1.6711302
76,305,0.513,0,1.0,1.9505025
76,306,0.508,1,-0.05,-5.4903655
76,307,0.514,1,-0.05,-2.459504
76,308,0.520,1,-0.05,-0.26481852
76,309,0.516,1,-0.05,5.531685
76,310,0.517,0,1.0,10.582798
76,311,0.511,0,1.0,13.826549
76,312,0.527,2,-0.05,10.703292
76,313,0.524,2,-0.05,13.499671
76,314,0.525,1,-0.05,7.523632
76,315,0.519,0,1.0,9.814767
76,316,0.525,2,-0.05,11.289392
76,317,0.535,2,-0.05,10.333204
76,318,0.534,0,1.0,5.1501584
76,319,0.529,0,1.0,1.5514522
76,320,0.522,0,1.0,-1.3689353
76,321,0.522,0,1.0,5.0211444
76,322,0.519,1,-0.05,0.84640694
76,323,0.536,2,-0.05,4.790835
76,324,0.535,2,-0.05,0.53634703
76,325,0.546,2,-0.05,-0.57854927
76,326,0.538,0,1.0,-6.304985
76,327,0.522,1,-0.05,-7.29457
76,328,0.529,0,1.0,-10.372555
76,329,0.523,0,1.0,0.04403919
76,330,0.513,2,-0.05,-3.7508943
76,331,0.518,1,-0.05,1.193851
76,332,0.508,2,-0.05,-1.5756952
76,333,0.504,0,1.0,0.006141156
76,334,0.509,2,-0.05,-5.066959
76,335,0.497,0,1.0,-1.3952334
76,336,0.498,0,1.0,-0.14675981
76,337,0.482,0,1.0,3.598505
76,338,0.466,0,1.0,4.8046937
76,339,0.462,1,-0.05,6.8453016
76,340,0.462,1,-0.05,8.076187
76,341,0.465,0,1.0,7.429067
76,342,0.453,0,1.0,9.159398
76,343,0.460,2,-0.05,6.1534667
76,344,0.469,1,-0.05,5.540457
76,345,0.451,0,1.0,2.786538
76,346,0.458,1,-0.05,3.5025182
76,347,0.465,0,1.0,3.855095
76,348,0.485,1,-0.05,1.9362116
76,349,0.492,1,-0.05,-0.8766432
76,350,0.478,1,-0.05,-0.643926
76,351,0.482,2,-0.05,-2.711574
76,352,0.486,2,-0.05,-3.5729334
76,353,0.503,0,1.0,-6.7533326
76,354,0.517,0,1.0,-5.070457
76,355,0.544,1,-0.05,-9.456677
76,356,0.558,0,1.0,-10.4163475
76,357,0.564,0,1.0,-14.330266
76,358,0.605,2,-0.05,-18.141003
76,359,0.612,2,-0.05,-23.891844
76,360,0.611,2,-0.05,-21.688757
76,361,0.602,2,-0.05,-26.458475
76,362,0.647,2,-0.05,-21.800093
76,363,0.646,1,-0.05,-24.021605
76,364,0.651,0,1.0,-25.127449
76,365,0.678,1,-0.05,-29.072655
76,366,0.654,0,1.0,-31.144867
76,367,0.696,2,-0.05,-37.72363
76,368,0.705,2,-0.05,-39.64443
76,369,0.715,2,-0.05,-42.60485
76,370,0.710,2,-0.05,-40.11611
76,371,0.735,1,-0.05,-41.71924
76,372,0.733,2,-0.05,-41.494804
76,373,0.749,2,-0.05,-45.876213
76,374,0.752,2,-0.05,-41.289135
76,375,0.745,2,-0.05,-38.79943
76,376,0.756,2,-0.05,-35.08007
76,377,0.744,0,1.0,-31.76489
76,378,0.734,2,-0.05,-30.803667
76,379,0.706,0,1.0,-34.476215
76,380,0.687,2,-0.05,-30.56125
76,381,0.659,0,1.0,-34.775322
76,382,0.654,2,-0.05,-28.757696
76,383,0.642,2,-0.05,-31.761246
76,384,0.631,1,-0.05,-25.779104
76,385,0.613,0,1.0,-29.883547
76,386,0.592,2,-0.05,-39.208965
76,387,0.590,2,-0.05,-42.423016
76,388,0.573,2,-0.05,-35.45228
76,389,0.561,1,-0.05,-28.647062
76,390,0.575,1,-0.05,-36.960262
76,391,0.565,2,-0.05,-43.937325
76,392,0.556,2,-0.05,-44.12295
76,393,0.545,2,-0.05,-36.316986
76,394,0.535,2,-0.05,-30.464966
76,395,0.517,0,1.0,-21.333704
76,396,0.504,2,-0.05,-15.354118
76,397,0.498,1,-0.05,-15.334122
76,398,0.482,0,1.0,-18.520824
76,399,0.459,0,1.0,-29.388945
76,400,0.449,2,-0.05,-35.295067
76,401,0.437,2,-0.05,-37.653786
76,402,0.432,2,-0.05,-27.209122
76,403,0.426,2,-0.05,-16.917013
76,404,0.429,1,-0.05,-5.686891
76,405,0.420,0,1.0,-6.1900935
76,406,0.403,2,-0.05,-22.168182
76,407,0.405,2,-0.05,-23.754145
76,408,0.388,0,1.0,-11.917025
76,409,0.375,2,-0.05,-6.065141
76,410,0.373,1,-0.05,-8.188774
76,411,0.368,2,-0.05,-11.489358
76,412,0.360,0,1.0,-10.342726
76,413,0.358,2,-0.05,4.2661858
76,414,0.336,0,1.0,2.8071918
76,415,0.322,0,1.0,13.232503
76,416,0.316,2,-0.05,9.451419
76,417,0.319,2,-0.05,9.326017
76,418,0.316,0,1.0,21.190502
76,419,0.299,1,-0.05,32.3373
76,420,0.303,2,-0.05,30.036036
76,421,0.301,1,-0.05,31.038982
76,422,0.306,1,-0.05,29.328642
76,423,0.291,2,-0.05,14.626333
76,424,0.298,0,1.0,18.172495
76,425,0.286,1,-0.05,28.215618
76,426,0.284,2,-0.05,27.113981
76,427,0.285,2,-0.05,30.607622
76,428,0.287,2,-0.05,35.77252
76,429,0.280,0,1.0,43.587143
76,430,0.286,0,1.0,45.655148
76,431,0.284,0,1.0,42.5486
76,432,0.291,0,1.0,46.115627
76,433,0.296,0,1.0,43.557076
76,434,0.294,2,-0.05,40.870617
76,435,0.301,1,-0.05,39.7735
76,436,0.282,2,-0.05,38.0111
76,437,0.299,0,1.0,38.299904
76,438,0.311,0,1.0,45.362225
76,439,0.309,0,1.0,40.766712
76,440,0.313,1,-0.05,38.45086
76,441,0.316,0,1.0,36.44729
76,442,0.314,2,-0.05,26.961409
76,443,0.309,0,1.0,25.100424
76,444,0.322,1,-0.05,33.922943
76,445,0.327,2,-0.05,30.641018
76,446,0.322,2,-0.05,32.1561
76,447,0.329,2,-0.05,36.228867
76,448,0.337,1,-0.05,40.362
76,449,0.331,1,-0.05,39.17807
76,450,0.320,1,-0.05,33.313137
76,451,0.329,1,-0.05,27.8096
76,452,0.341,2,-0.05,21.821436
76,453,0.342,1,-0.05,23.73236
76,454,0.345,2,-0.05,23.34229
76,455,0.340,0,1.0,23.022524
76,456,0.345,2,-0.05,28.150112
76,457,0.356,2,-0.05,25.409454
76,458,0.352,0,1.0,29.944132
76,459,0.365,1,-0.05,31.824144
76,460,0.360,2,-0.05,29.734379
76,461,0.374,0,1.0,31.037872
76,462,0.360,2,-0.05,34.47522
76,463,0.367,1,-0.05,31.35843
76,464,0.387,2,-0.05,30.402142
76,465,0.389,0,1.0,30.14607
76,466,0.408,0,1.0,32.566673
76,467,0.423,0,1.0,27.289057
76,468,0.442,0,1.0,25.483007
76,469,0.458,0,1.0,20.928392
76,470,0.487,0,1.0,15.55471
76,471,0.504,0,1.0,11.245295
76,472,0.513,1,-0.05,6.4381514
76,473,0.521,0,1.0,5.292698
76,474,0.534,2,-0.05,-0.29019728
76,475,0.526,0,1.0,-0.30528352
76,476,0.555,2,-0.05,-2.069623
76,477,0.569,2,-0.05,-5.929799
76,478,0.570,0,1.0,-6.1740336
76,479,0.584,0,1.0,-6.544299
76,480,0.611,1,-0.05,-12.634419
76,481,0.613,1,-0.05,-17.733608
76,482,0.619,1,-0.05,-19.109613
76,483,0.630,2,-0.05,-22.649532
76,484,0.623,2,-0.05,-21.162321
76,485,0.628,1,-0.05,-24.425488
76,486,0.647,0,1.0,-25.02629
76,487,0.657,0,1.0,-26.051056
76,488,0.676,0,1.0,-31.679323
76,489,0.689,1,-0.05,-38.012005
76,490,0.694,1,-0.05,-41.4962
76,491,0.694,2,-0.05,-37.919586
76,492,0.689,0,1.0,-39.35417
76,493,0.665,0,1.0,-42.466175
76,494,0.653,2,-0.05,-47.91899
76,495,0.651,1,-0.05,-50.24192
76,496,0.662,1,-0.05,-52.2245
76,497,0.639,2,-0.05,-49.113415
76,498,0.643,1,-0.05,-51.22246
76,499,0.637,2,-0.05,-51.181053
76,500,0.624,0,1.0,-53.267616
76,501,0.605,2,-0.05,-62.02843
76,502,0.599,0,1.0,-67.92168
76,503,0.601,2,-0.05,-72.37776
76,504,0.582,2,-0.05,-76.35094
76,505,0.582,1,-0.05,-82.24027
76,506,0.569,0,1.0,-85.97614
76,507,0.554,2,-0.05,-83.63568
76,508,0.551,0,1.0,-89.67527
76,509,0.536,2,-0.05,-92.59457
76,510,0.525,0,1.0,-98.332436
76,511,0.503,0,1.0,-102.92317
76,512,0.461,0,1.0,-107.18019
76,513,0.442,0,1.0,-110.074394
76,514,0.449,2,-0.05,-113.952126
76,515,0.430,0,1.0,-115.423775
76,516,0.400,0,1.0,-119.668015
76,517,0.380,0,1.0,-125.06715
76,518,0.340,0,1.0,-129.1257
76,519,0.336,1,-0.05,-129.92902
76,520,0.319,2,-0.05,-131.93207
76,521,0.306,0,1.0,-135.32608
76,522,0.289,1,-0.05,-139.55704
76,523,0.275,0,1.0,-142.96689
76,524,0.255,1,-0.05,-141.39648
76,525,0.250,0,-100.0,-140.73248
77,0,0.659,2,-0.05,26.810738
77,1,0.659,1,-0.05,23.92676
77,2,0.666,0,1.0,25.624401
77,3,0.665,1,-0.05,27.476648
77,4,0.672,2,-0.05,27.748837
77,5,0.673,2,-0.05,27.135635
77,6,0.657,1,-0.05,22.194967
77,7,0.666,2,-0.05,25.297848
77,8,0.667,1,-0.05,23.886707
77,9,0.670,2,-0.05,24.079132
77,10,0.662,0,1.0,22.507824
77,11,0.675,1,-0.05,18.132769
77,12,0.658,1,-0.05,19.356249
77,13,0.661,2,-0.05,21.977015
77,14,0.670,1,-0.05,22.854614
77,15,0.671,0,1.0,22.063282
77,16,0.682,1,-0.05,25.506168
77,17,0.667,0,1.0,26.375662
77,18,0.664,0,1.0,25.786423
77,19,0.672,0,1.0,26.581633
77,20,0.664,0,1.0,26.882502
77,21,0.652,0,1.0,27.983873
77,22,0.648,0,1.0,26.756126
77,23,0.652,1,-0.05,27.593067
77,24,0.657,0,1.0,26.36438
77,25,0.647,0,1.0,28.848331
77,26,0.638,0,1.0,28.024431
77,27,0.643,2,-0.05,28.131748
77,28,0.635,1,-0.05,27.566378
77,29,0.632,2,-0.05,29.945507
77,30,0.631,1,-0.05,27.193748
77,31,0.637,0,1.0,29.968555
77,32,0.624,2,-0.05,28.988361
77,33,0.622,0,1.0,29.224072
77,34,0.608,1,-0.05,27.980719
77,35,0.620,0,1.0,28.723602
77,36,0.604,0,1.0,27.029095
77,37,0.593,0,1.0,26.962961
77,38,0.575,1,-0.05,26.104801
77,39,0.586,1,-0.05,26.26498
77,40,0.584,0,1.0,22.380503
77,41,0.553,0,1.0,21.135622
77,42,0.560,1,-0.05,21.072275
77,43,0.550,0,1.0,21.062063
77,44,0.545,2,-0.05,15.650867
77,45,0.534,1,-0.05,16.807396
77,46,0.531,0,1.0,13.015635
77,47,0.501,0,1.0,8.347046
77,48,0.505,1,-0.05,5.588102
77,49,0.493,0,1.0,7.2704644
77,50,0.464,0,1.0,-1.0604781
77,51,0.452,2,-0.05,-0.7405317
77,52,0.432,2,-0.05,-3.3884962
77,53,0.433,1,-0.05,1.1547195
77,54,0.446,2,-0.05,-3.3451486
77,55,0.437,1,-0.05,-0.73647416
77,56,0.431,2,-0.05,-3.3924127
77,57,0.414,2,-0.05,-2.255383
77,58,0.423,2,-0.05,1.7701999
77,59,0.412,2,-0.05,7.504864
77,60,0.410,2,-0.05,12.882318
77,61,0.399,0,1.0,18.73134
77,62,0.384,0,1.0,19.810797
77,63,0.387,2,-0.05,19.131413
77,64,0.391,0,1.0,18.646385
77,65,0.387,2,-0.05,23.109901
77,66,0.371,2,-0.05,21.469175
77,67,0.387,1,-0.05,23.05616
77,68,0.386,0,1.0,23.11966
77,69,0.370,2,-0.05,21.641817
77,70,0.380,1,-0.05,19.851048
77,71,0.374,0,1.0,18.779762
77,72,0.374,2,-0.05,13.655724
77,73,0.364,1,-0.05,13.290305
77,74,0.361,2,-0.05,10.697143
77,75,0.353,0,1.0,14.287483
77,76,0.340,2,-0.05,16.487078
77,77,0.343,1,-0.05,16.926514
77,78,0.333,2,-0.05,13.589888
77,79,0.341,2,-0.05,15.222375
77,80,0.337,2,-0.05,19.66734
77,81,0.343,2,-0.05,20.21029
77,82,0.343,1,-0.05,23.397001
77,83,0.349,1,-0.05,22.345606
77,84,0.341,2,-0.05,20.641834
77,85,0.345,2,-0.05,18.730705
77,86,0.344,2,-0.05,24.887514
77,87,0.344,1,-0.05,26.302814
77,88,0.328,2,-0.05,24.535215
77,89,0.330,0,1.0,25.126886
77,90,0.339,1,-0.05,28.234709
77,91,0.353,2,-0.05,26.756071
77,92,0.351,2,-0.05,28.425726
77,93,0.354,0,1.0,30.67131
77,94,0.360,1,-0.05,32.245655
77,95,0.364,0,1.0,29.588745
77,96,0.393,2,-0.05,28.02776
77,97,0.376,2,-0.05,26.314186
77,98,0.381,0,1.0,29.503407
77,99,0.380,2,-0.05,30.079983
77,100,0.397,1,-0.05,35.388176
77,101,0.402,0,1.0,31.97769
77,102,0.409,2,-0.05,28.358341
77,103,0.406,2,-0.05,26.837812
77,104,0.413,0,1.0,29.37697
77,105,0.425,2,-0.05,33.804756
77,106,0.440,1,-0.05,32.10358
77,107,0.440,1,-0.05,29.54728
77,108,0.442,2,-0.05,25.927408
77,109,0.453,0,1.0,24.41154
77,110,0.465,0,1.0,29.627838
77,111,0.473,1,-0.05,25.658772
77,112,0.488,2,-0.05,24.46404
77,113,0.481,1,-0.05,26.026455
77,114,0.501,2,-0.05,24.444386
77,115,0.506,2,-0.05,24.046736
77,116,0.509,0,1.0,25.981651
77,117,0.520,2,-0.05,22.663311
77,118,0.538,0,1.0,22.750437
77,119,0.559,0,1.0,19.000772
77,120,0.588,1,-0.05,14.826124
77,121,0.583,1,-0.05,11.788109
77,122,0.593,2,-0.05,11.029785
77,123,0.599,2,-0.05,11.735754
77,124,0.592,2,-0.05,11.354577
77,125,0.611,2,-0.05,9.733576
77,126,0.605,2,-0.05,7.843344
77,127,0.629,1,-0.05,9.1164665
77,128,0.639,2,-0.05,4.3841214
77,129,0.645,0,1.0,6.1733046
77,130,0.665,0,1.0,6.5568886
77,131,0.695,2,-0.05,0.42443648
77,132,0.706,0,1.0,-1.5454376
77,133,0.682,2,-0.05,-3.5634232
77,134,0.666,2,-0.05,-7.1107445
77,135,0.645,0,1.0,-9.175714
77,136,0.628,2,-0.05,-11.906521
77,137,0.600,0,1.0,-21.299797
77,138,0.575,1,-0.05,-22.428078
77,139,0.565,0,1.0,-29.371485
77,140,0.537,2,-0.05,-35.114666
77,141,0.537,2,-0.05,-41.9629
77,142,0.506,0,1.0,-41.768375
77,143,0.472,0,1.0,-51.677006
77,144,0.440,1,-0.05,-62.15511
77,145,0.442,2,-0.05,-70.591286
77,146,0.424,2,-0.05,-73.9232
77,147,0.421,2,-0.05,-73.551056
77,148,0.396,1,-0.05,-73.382545
77,149,0.387,2,-0.05,-76.5755
77,150,0.387,2,-0.05,-78.0979
77,151,0.367,1,-0.05,-75.21324
77,152,0.377,2,-0.05,-79.1908
77,153,0.365,1,-0.05,-79.82307
77,154,0.358,1,-0.05,-82.24789
77,155,0.338,2,-0.05,-85.33672
77,156,0.328,2,-0.05,-86.82759
77,157,0.313,2,-0.05,-85.74358
77,158,0.302,2,-0.05,-86.59388
77,159,0.290,1,-0.05,-87.58237
77,160,0.295,1,-0.05,-89.5536
77,161,0.277,1,-0.05,-93.06916
77,162,0.268,2,-0.05,-95.526505
77,163,0.256,2,-0.05,-97.29642
77,164,0.244,2,-100.0,-96.84954
78,0,0.661,1,-0.05,24.709335
78,1,0.670,0,1.0,24.662903
78,2,0.655,1,-0.05,25.658657
78,3,0.664,2,-0.05,25.272781
78,4,0.668,0,1.0,26.292078
78,5,0.657,1,-0.05,25.501549
78,6,0.662,2,-0.05,25.651104
78,7,0.663,1,-0.05,25.202784
78,8,0.656,0,1.0,25.71085
78,9,0.641,0,1.0,26.799427
78,10,0.651,0,1.0,26.76094
78,11,0.642,0,1.0,26.752966
78,12,0.656,0,1.0,26.65198
78,13,0.639,1,-0.05,28.207237
78,14,0.651,1,-0.05,26.83164
78,15,0.652,2,-0.05,29.34173
78,16,0.643,0,1.0,26.373337
78,17,0.640,2,-0.05,27.687885
78,18,0.633,0,1.0,26.608196
78,19,0.628,1,-0.05,25.656647
78,20,0.646,1,-0.05,27.287476
78,21,0.647,0,1.0,27.326405
78,22,0.639,0,1.0,28.71108
78,23,0.620,0,1.0,28.731197
78,24,0.622,1,-0.05,28.237394
78,25,0.637,1,-0.05,28.419918
78,26,0.633,0,1.0,29.327566
78,27,0.608,0,1.0,29.051525
78,28,0.618,0,1.0,27.885374
78,29,0.608,1,-0.05,28.851593
78,30,0.610,2,-0.05,26.583218
78,31,0.589,0,1.0,28.672335
78,32,0.583,0,1.0,28.646322
78,33,0.579,0,1.0,28.887825
78,34,0.574,0,1.0,27.941948
78,35,0.573,1,-0.05,28.373726
78,36,0.583,0,1.0,27.380362
78,37,0.546,0,1.0,26.745003
78,38,0.558,2,-0.05,25.640078
78,39,0.559,1,-0.05,28.444466
78,40,0.561,2,-0.05,26.671387
78,41,0.542,0,1.0,27.635002
78,42,0.539,2,-0.05,28.634373
78,43,0.529,2,-0.05,29.041084
78,44,0.529,0,1.0,28.616613
