epoch,step,min_lidar,action,reward,q_max,loss
1,0,0.660,2,-0.05,-0.11282623,0
1,1,0.669,1,-0.05,-0.059095383,0
1,2,0.675,1,-0.05,0.07061255,0
1,3,0.672,2,-0.05,-0.35403526,0
1,4,0.661,0,1.0,-0.50174034,0
1,5,0.675,0,1.0,0.2306472,0
1,6,0.683,0,1.0,0.29234338,0
1,7,0.698,2,-0.05,0.31410587,0
1,8,0.709,1,-0.05,0.13857007,0
1,9,0.694,0,1.0,0.3590151,0
1,10,0.692,2,-0.05,-0.5371448,0
1,11,0.708,2,-0.05,0.062344193,0
1,12,0.702,1,-0.05,-0.47274208,0
1,13,0.702,2,-0.05,0.34419847,0
1,14,0.704,1,-0.05,-0.48263776,0
1,15,0.701,0,1.0,0.31359637,0
1,16,0.699,2,-0.05,-0.17009234,0
1,17,0.709,2,-0.05,0.22985458,0
1,18,0.695,2,-0.05,-0.6174271,0
1,19,0.642,0,1.0,0.6787889,0
1,20,0.596,1,-0.05,1.3616644,0
1,21,0.587,2,-0.05,0.8306515,0
1,22,0.563,1,-0.05,1.3882744,0
1,23,0.515,0,1.0,0.52158654,0
1,24,0.452,0,1.0,0.28788126,0
1,25,0.378,0,1.0,0.35618544,0
1,26,0.364,2,-0.05,0.40542316,0
1,27,0.338,1,-0.05,0.80311245,0
1,28,0.315,2,-0.05,0.95166767,0
1,29,0.244,0,1.0,0.75057435,0
1,30,0.206,2,-0.05,0.8348768,0
1,31,0.181,1,-100.0,0.5702373,0
2,0,0.671,2,-0.05,-0.27861476,0
2,1,0.669,1,-0.05,0.09753227,0
2,2,0.658,0,1.0,-0.3255136,0
2,3,0.640,2,-0.05,-0.48329937,0
2,4,0.660,2,-0.05,-0.021383286,0
2,5,0.716,0,1.0,-0.31044447,0
2,6,0.694,1,-0.05,-0.2255044,0
2,7,0.652,0,1.0,-0.4837042,0
2,8,0.649,1,-0.05,0.11639702,0
2,9,0.657,2,-0.05,0.17243874,0
2,10,0.662,2,-0.05,0.036067486,0
2,11,0.645,2,-0.05,0.31875288,0
2,12,0.610,1,-0.05,1.152677,0
2,13,0.619,2,-0.05,0.60705554,0
2,14,0.598,1,-0.05,1.2882649,0
2,15,0.584,2,-0.05,0.44039822,0
2,16,0.499,0,1.0,0.8497797,0
2,17,0.445,2,-0.05,0.8832487,0
2,18,0.314,0,1.0,2.245934,0
2,19,0.268,1,-0.05,0.5872111,0
2,20,0.243,2,-0.05,1.895056,0
2,21,0.143,0,-100.0,-0.47267535,0
3,0,0.667,0,1.0,-0.124447584,0
3,1,0.677,0,1.0,-0.08277106,0
3,2,0.674,0,1.0,-0.09694731,0
3,3,0.675,2,-0.05,-0.14363182,0
3,4,0.722,2,-0.05,0.280208,0
3,5,0.693,0,1.0,-0.14386582,0
3,6,0.642,1,-0.05,0.7167201,0
3,7,0.628,1,-0.05,-0.05384028,0
3,8,0.611,0,1.0,-0.36785924,0
3,9,0.612,1,-0.05,0.49186856,0
3,10,0.649,1,-0.05,-0.22703469,0
3,11,0.706,1,-0.05,-0.82928485,0
3,12,0.768,1,-0.05,-0.8009627,0
3,13,0.759,2,-0.05,0.07941547,0
3,14,0.742,1,-0.05,-0.098213196,0
3,15,0.712,2,-0.05,0.05468148,0
3,16,0.681,2,-0.05,-0.1044648,0
3,17,0.660,2,-0.05,-0.70392704,0
3,18,0.675,1,-0.05,-0.7214739,0
3,19,0.623,0,1.0,-1.1739286,0
3,20,0.579,2,-0.05,-0.2846017,0
3,21,0.556,2,-0.05,-1.0640569,0
3,22,0.557,0,1.0,-0.6582782,0
3,23,0.572,1,-0.05,-0.1611985,0
3,24,0.544,0,1.0,-1.2701197,0
3,25,0.520,0,1.0,-0.8460602,0
3,26,0.494,1,-0.05,-0.32988867,0
3,27,0.482,1,-0.05,-0.4848919,0
3,28,0.467,2,-0.05,0.14001691,0
3,29,0.461,1,-0.05,-0.20502359,0
3,30,0.445,2,-0.05,-0.007426083,0
3,31,0.434,1,-0.05,0.12016755,0
3,32,0.346,0,1.0,-0.15164298,0
3,33,0.307,2,-0.05,-0.47986042,0
3,34,0.276,1,-0.05,-0.5196824,0
3,35,0.169,0,-100.0,-0.44598085,0
4,0,0.660,1,-0.05,-0.17999113,0
4,1,0.660,1,-0.05,-0.27529347,0
4,2,0.649,2,-0.05,-0.6629864,0
4,3,0.606,0,1.0,-0.41247916,0
4,4,0.614,1,-0.05,-0.29617667,0
4,5,0.607,1,-0.05,-0.37802947,0
4,6,0.593,2,-0.05,-0.44404334,0
4,7,0.585,2,-0.05,-0.74512184,0
4,8,0.581,2,-0.05,-0.2858497,0
4,9,0.570,1,-0.05,0.05270922,0
4,10,0.588,2,-0.05,-0.4778341,0
4,11,0.604,2,-0.05,0.11242068,0
4,12,0.684,2,-0.05,-0.26423454,0
4,13,0.787,2,-0.05,0.38593638,0
4,14,0.746,1,-0.05,1.0622411,0
4,15,0.725,0,1.0,1.1405572,0
4,16,0.696,2,-0.05,0.48653972,0
4,17,0.662,1,-0.05,1.2633408,0
4,18,0.613,0,1.0,0.4828688,0
4,19,0.589,2,-0.05,-0.24087405,0
4,20,0.591,2,-0.05,0.4848796,0
4,21,0.535,0,1.0,1.1260726,0
4,22,0.453,1,-0.05,1.0553912,0
4,23,0.446,1,-0.05,0.69783974,0
4,24,0.378,0,1.0,1.0791367,0
4,25,0.336,0,1.0,0.29851377,0
4,26,0.299,1,-0.05,0.4063453,0
4,27,0.287,1,-0.05,0.21604764,0
4,28,0.304,1,-0.05,0.1008172,0
4,29,0.334,1,-0.05,0.0035710335,0
4,30,0.340,2,-0.05,-0.4408095,0
4,31,0.361,0,1.0,-0.06945205,0
4,32,0.398,0,1.0,0.14332056,0
4,33,0.406,2,-0.05,0.037204027,0
4,34,0.403,2,-0.05,0.057036757,0
4,35,0.381,0,1.0,-0.45556486,0
4,36,0.366,1,-0.05,-0.34688306,0
4,37,0.362,0,1.0,0.0727855,0
4,38,0.354,0,1.0,0.60280514,0
4,39,0.354,1,-0.05,0.3577624,0
4,40,0.372,1,-0.05,1.0158705,0
4,41,1.063,1,-0.05,0.4082703,0
4,42,0.997,0,1.0,0.028762221,0
4,43,0.902,0,1.0,0.04671693,0
4,44,0.831,2,-0.05,0.07364941,0
4,45,0.793,0,1.0,0.035604477,0
4,46,0.769,1,-0.05,-0.08695829,0
4,47,0.717,0,1.0,0.009184599,0
4,48,0.593,0,1.0,0.082445145,0
4,49,0.554,1,-0.05,0.08596283,0
4,50,0.549,2,-0.05,0.064730346,0
4,51,0.529,1,-0.05,0.07354814,0
4,52,0.503,2,-0.05,0.06865996,0
4,53,0.494,2,-0.05,0.0072531104,0
4,54,0.373,0,1.0,-0.18669969,0
4,55,0.132,0,-100.0,-0.23988992,0
5,0,0.665,1,-0.05,-0.12479019,0
5,1,0.664,2,-0.05,-0.28531492,0
5,2,0.668,0,1.0,-0.10180068,0
5,3,0.715,0,1.0,0.15833998,0
5,4,0.716,2,-0.05,0.19465423,0
5,5,0.702,2,-0.05,-0.210886,0
5,6,0.645,0,1.0,0.311455,0
5,7,0.533,0,1.0,1.135959,0
5,8,0.506,2,-0.05,1.160202,0
5,9,0.420,0,1.0,1.2088642,0
5,10,0.268,0,1.0,2.1026657,0
5,11,0.232,1,-0.05,2.0962248,0
5,12,0.197,1,-100.0,2.9855912,0
6,0,0.666,0,1.0,-0.27384698,0
6,1,0.657,2,-0.05,-0.35181558,0
6,2,0.687,2,-0.05,0.1960603,0
6,3,0.694,0,1.0,-0.6108103,0
6,4,0.661,1,-0.05,0.14567924,0
6,5,0.665,2,-0.05,-0.63973284,0
6,6,0.595,0,1.0,0.57994735,0
6,7,0.571,2,-0.05,1.1198447,0
6,8,0.468,0,1.0,0.96352184,0
6,9,0.413,2,-0.05,1.8533778,0
6,10,0.395,2,-0.05,1.0602423,0
6,11,0.286,0,1.0,-0.76292086,0
6,12,0.120,0,-100.0,-0.52832186,0
7,0,0.665,1,-0.05,-0.1444534,0
7,1,0.659,1,-0.05,-0.24923968,0
7,2,0.642,2,-0.05,-0.69049096,0
7,3,0.642,1,-0.05,-0.40014267,0
7,4,0.640,1,-0.05,-0.7263231,0
7,5,0.624,2,-0.05,-0.4255756,0
7,6,0.603,1,-0.05,-0.54194826,0
7,7,0.511,0,1.0,-0.18935359,0
7,8,0.477,2,-0.05,0.3081773,0
7,9,0.454,2,-0.05,0.024359971,0
7,10,0.452,1,-0.05,-0.42494613,0
7,11,0.431,1,-0.05,-0.19854105,0
7,12,0.392,0,1.0,0.3569733,0
7,13,0.327,2,-0.05,-0.48048836,0
7,14,0.311,1,-0.05,-0.15809509,0
7,15,0.218,0,1.0,-0.70211387,0
7,16,0.138,1,-100.0,-0.9960282,0
8,0,0.690,2,-0.05,-0.27766073,0
8,1,0.668,1,-0.05,0.10743606,0
8,2,0.661,2,-0.05,-0.35208225,0
8,3,0.710,0,1.0,0.27814913,0
8,4,0.711,2,-0.05,-0.26206744,0
8,5,0.666,0,1.0,-0.6334903,0
8,6,0.610,0,1.0,0.45736933,0
8,7,0.512,0,1.0,0.5946027,0
8,8,0.494,2,-0.05,0.785625,0
8,9,0.480,2,-0.05,1.1476204,0
8,10,0.462,1,-0.05,1.7630994,0
8,11,0.425,1,-0.05,1.250246,0
8,12,0.419,1,-0.05,0.7202099,0
8,13,0.414,2,-0.05,-0.21536851,0
8,14,0.406,1,-0.05,0.4084972,0
8,15,0.380,0,1.0,-0.20653856,0
8,16,0.394,0,1.0,-0.27397168,0
8,17,0.383,2,-0.05,-0.30954826,0
8,18,0.359,0,1.0,0.49082518,0
8,19,0.327,2,-0.05,-0.047811747,0
8,20,0.292,0,1.0,0.81804097,0
8,21,0.189,0,-100.0,1.0754259,0
9,0,0.671,2,-0.05,-0.15607476,0
9,1,0.716,2,-0.05,-0.020278573,0
9,2,0.674,0,1.0,-0.123788,0
9,3,0.634,1,-0.05,0.41699624,0
9,4,0.629,2,-0.05,0.15448833,0
9,5,0.611,2,-0.05,0.7642392,0
9,6,0.615,2,-0.05,1.1168267,0
9,7,0.572,2,-0.05,0.39128292,0
9,8,0.470,0,1.0,-0.92136455,0
9,9,0.247,0,1.0,-0.9398613,0
9,10,0.184,1,-100.0,-1.129497,0
10,0,0.690,2,-0.05,-0.27399945,0
10,1,0.712,2,-0.05,0.10732329,0
10,2,0.702,0,1.0,-0.3755182,0
10,3,0.592,0,1.0,0.3475212,0
10,4,0.522,0,1.0,0.44288218,0
10,5,0.419,0,1.0,0.5954627,0
10,6,0.409,2,-0.05,1.1318853,0
10,7,0.333,0,1.0,1.0439233,0
10,8,0.184,0,-100.0,2.4943228,0
11,0,0.667,2,-0.05,-0.14744163,0
11,1,0.676,1,-0.05,-0.076794624,0
11,2,0.675,1,-0.05,-0.25115955,0
11,3,0.626,0,1.0,-0.33291996,0
11,4,0.602,1,-0.05,-0.7389128,0
11,5,0.547,0,1.0,-0.5998436,0
11,6,0.517,1,-0.05,-0.18374133,0
11,7,0.414,0,1.0,0.319368,0
11,8,0.316,0,1.0,-0.07438335,0
11,9,0.145,0,-100.0,-0.38332742,0
12,0,0.688,2,-0.05,-0.16797662,0
12,1,0.715,0,1.0,-0.015370727,0
12,2,0.659,0,1.0,-0.54863036,0
12,3,0.635,2,-0.05,-0.6010965,0
12,4,0.631,2,-0.05,0.21003139,0
12,5,0.553,0,1.0,1.118192,0
12,6,0.428,0,1.0,1.112177,0
12,7,0.324,0,1.0,1.5733056,0
12,8,0.273,2,-0.05,2.534635,0
12,9,0.245,2,-0.05,1.1777471,0
12,10,0.213,2,-0.05,-0.6823641,0
12,11,0.120,0,-100.0,-0.7501863,0
13,0,0.671,2,-0.05,-0.15626371,0
13,1,0.680,1,-0.05,-0.01875174,0
13,2,0.654,0,1.0,-0.014932752,0
13,3,0.653,1,-0.05,-0.49113238,0
13,4,0.648,2,-0.05,-0.39877224,0
13,5,0.648,2,-0.05,-0.49668276,0
13,6,0.707,2,-0.05,0.22716153,0
13,7,0.682,1,-0.05,-0.03813231,0
13,8,0.665,1,-0.05,-0.23216832,0
13,9,0.660,0,1.0,0.026316762,0
13,10,0.656,2,-0.05,-0.31341487,0
13,11,0.657,0,1.0,-0.09554267,0
13,12,0.675,0,1.0,0.3882196,0
13,13,0.699,0,1.0,0.43698776,0
13,14,0.695,0,1.0,0.22888601,0
13,15,0.690,0,1.0,0.16189528,0
13,16,0.675,2,-0.05,-0.042399406,0
13,17,0.638,0,1.0,-0.03767681,0
13,18,0.629,2,-0.05,-0.116236806,0
13,19,0.562,0,1.0,0.4563768,0
13,20,0.517,1,-0.05,0.59050655,0
13,21,0.470,0,1.0,0.4307971,0
13,22,0.450,2,-0.05,0.11526656,0
13,23,0.430,1,-0.05,0.5516485,0
13,24,0.400,0,1.0,-0.19954121,0
13,25,0.393,2,-0.05,0.34716547,0
13,26,0.396,2,-0.05,0.14510989,0
13,27,0.380,1,-0.05,-0.40431917,0
13,28,0.368,2,-0.05,0.26997864,0
13,29,0.342,1,-0.05,-0.3400023,0
13,30,0.353,1,-0.05,-0.034111857,0
13,31,0.359,0,1.0,0.35744298,0
13,32,0.368,2,-0.05,0.48936772,0
13,33,0.363,2,-0.05,0.9049747,0
13,34,0.356,2,-0.05,0.23866427,0
13,35,0.310,0,1.0,-0.004730344,0
13,36,0.484,1,-0.05,0.095887244,0
13,37,0.441,2,-0.05,-0.40331823,0
13,38,0.357,2,-0.05,-0.04758674,0
13,39,0.344,2,-0.05,-0.42810008,0
13,40,0.401,1,-0.05,-0.9722213,0
13,41,0.381,2,-0.05,-0.35557437,0
13,42,0.433,0,1.0,-0.960184,0
13,43,0.541,0,1.0,-0.8612592,0
13,44,0.622,0,1.0,-0.8324263,0
13,45,0.738,0,1.0,-0.56342614,0
13,46,0.725,1,-0.05,-0.6993858,0
13,47,0.708,1,-0.05,-0.13181719,0
13,48,0.671,2,-0.05,-0.0286268,0
13,49,0.659,2,-0.05,-0.113247186,0
13,50,0.632,1,-0.05,-0.6098914,0
13,51,0.624,1,-0.05,-0.1687909,0
13,52,0.611,1,-0.05,0.19688725,0
13,53,0.454,0,1.0,-0.46423024,0
13,54,0.292,0,1.0,-0.74926925,0
13,55,0.213,1,-0.05,-0.69125414,0
13,56,0.170,2,-100.0,-0.28426695,0
14,0,0.656,1,-0.05,0.0038634539,0
14,1,0.632,0,1.0,-0.37935042,0
14,2,0.567,0,1.0,-0.67056274,0
14,3,0.553,1,-0.05,-0.8560544,0
14,4,0.535,1,-0.05,-0.51219964,0
14,5,0.470,0,1.0,0.17454869,0
14,6,0.390,1,-0.05,0.21918416,0
14,7,0.369,2,-0.05,-0.5959827,0
14,8,0.280,0,1.0,0.3429958,0
14,9,0.150,0,-100.0,0.56252116,0
15,0,0.665,1,-0.05,-0.12462485,0
15,1,0.659,2,-0.05,-0.28604895,0
15,2,0.663,0,1.0,-0.39300096,0
15,3,0.681,2,-0.05,0.27706814,0
15,4,0.731,2,-0.05,-0.2704264,0
15,5,0.674,0,1.0,0.22376716,0
15,6,0.568,0,1.0,0.722976,0
15,7,0.483,0,1.0,1.1279193,0
15,8,0.434,1,-0.05,1.0668526,0
15,9,0.425,2,-0.05,0.85070634,0
15,10,0.340,0,1.0,0.9192813,0
15,11,0.234,0,1.0,1.8462703,0
15,12,0.161,1,-100.0,2.8777504,0
16,0,0.690,2,-0.05,-0.27390742,0
16,1,0.710,0,1.0,0.107313156,0
16,2,0.683,1,-0.05,-0.67089295,0
16,3,0.669,0,1.0,-0.21337402,0
16,4,0.665,1,-0.05,0.2876662,0
16,5,0.692,1,-0.05,-0.16488671,0
16,6,0.691,2,-0.05,-0.42476583,0
16,7,0.687,2,-0.05,-0.54011106,0
16,8,0.674,2,-0.05,0.29549646,0
16,9,0.641,0,1.0,-0.28579307,0
16,10,0.601,2,-0.05,0.6089041,0
16,11,0.579,2,-0.05,0.6953502,0
16,12,0.565,2,-0.05,1.3998923,0
16,13,0.537,2,-0.05,0.42426932,0
16,14,0.386,0,1.0,-0.69636595,0
16,15,0.308,1,-0.05,-1.0865902,0
16,16,0.284,2,-0.05,-0.55416447,0
16,17,0.249,1,-0.05,-1.0873717,0
16,18,0.223,2,-0.05,-0.42487657,0
16,19,0.178,2,-100.0,-1.3632541,0
17,0,0.661,1,-0.05,0.0037093163,0
17,1,0.643,0,1.0,-0.3907851,0
17,2,0.609,1,-0.05,-0.44562578,0
17,3,0.617,1,-0.05,-0.67705655,0
17,4,0.588,2,-0.05,-0.15152767,0
17,5,0.570,2,-0.05,-0.5253786,0
17,6,0.568,1,-0.05,-0.4130658,0
17,7,0.570,1,-0.05,-0.6575074,0
17,8,0.540,2,-0.05,-0.18653685,0
17,9,0.526,1,-0.05,-0.49073803,0
17,10,0.526,2,-0.05,-0.17391822,0
17,11,0.492,2,-0.05,-0.40396947,0
17,12,0.488,2,-0.05,-0.48330522,0
17,13,0.505,2,-0.05,-0.40632486,0
17,14,0.533,2,-0.05,0.08532846,0
17,15,0.617,2,-0.05,-0.7188574,0
17,16,0.770,0,1.0,1.2384129,0
17,17,0.708,0,1.0,1.0583344,0
17,18,0.644,1,-0.05,0.76409173,0
17,19,0.616,2,-0.05,0.6373745,0
17,20,0.530,0,1.0,1.0354044,0
17,21,0.452,1,-0.05,1.25177,0
17,22,0.443,2,-0.05,1.9931029,0
17,23,0.299,0,1.0,0.45328408,0
17,24,0.256,1,-0.05,-0.74699223,0
17,25,0.155,0,-100.0,-0.58219504,0
18,0,0.671,2,-0.05,-0.15633464,0
18,1,0.716,2,-0.05,-0.019683003,0
18,2,0.727,2,-0.05,-0.12443316,0
18,3,0.713,2,-0.05,1.046352,0
18,4,0.623,0,1.0,0.9027452,0
18,5,0.528,2,-0.05,1.012718,0
18,6,0.515,2,-0.05,-0.5252485,0
18,7,0.406,0,1.0,-1.0705881,0
18,8,0.326,2,-0.05,-1.0949334,0
18,9,0.276,2,-0.05,-0.8298825,0
18,10,0.249,1,-0.05,-0.5834304,0
18,11,0.233,2,-0.05,-0.8407543,0
18,12,0.120,0,-100.0,-0.55324835,0
19,0,0.667,0,1.0,-0.12504327,0
19,1,0.664,1,-0.05,-0.08450532,0
19,2,0.643,0,1.0,-0.48288107,0
19,3,0.607,0,1.0,-0.41961384,0
19,4,0.575,0,1.0,-0.4309085,0
19,5,0.542,2,-0.05,-0.36653662,0
19,6,0.552,1,-0.05,-0.4507932,0
19,7,0.533,2,-0.05,-0.8241875,0
19,8,0.534,2,-0.05,-0.42602396,0
19,9,0.558,2,-0.05,0.016586304,0
19,10,0.638,0,1.0,-0.60997957,0
19,11,0.685,2,-0.05,-0.3492092,0
19,12,0.675,1,-0.05,0.21379471,0
19,13,0.647,1,-0.05,-0.23624158,0
19,14,0.663,0,1.0,0.20185757,0
19,15,0.655,1,-0.05,-0.021487594,0
19,16,0.662,1,-0.05,-0.43272835,0
19,17,0.619,0,1.0,-0.7633047,0
19,18,0.583,2,-0.05,-0.6095067,0
19,19,0.552,0,1.0,-1.0512006,0
19,20,0.542,2,-0.05,-1.3088435,0
19,21,0.531,1,-0.05,-0.5010999,0
19,22,0.502,0,1.0,-0.9602091,0
19,23,0.463,2,-0.05,-0.23369673,0
19,24,0.434,0,1.0,-0.24515155,0
19,25,0.437,1,-0.05,-0.3431088,0
19,26,0.430,1,-0.05,-0.36256838,0
19,27,0.383,0,1.0,0.06298739,0
19,28,0.336,2,-0.05,-0.5193169,0
19,29,0.318,2,-0.05,-0.38805282,0
19,30,0.292,0,1.0,-0.5363827,0
19,31,0.289,1,-0.05,-0.4102649,0
19,32,0.261,2,-0.05,-0.48034155,0
19,33,0.270,0,1.0,-0.16291785,0
19,34,0.273,1,-0.05,-0.07779765,0
19,35,0.265,1,-0.05,-0.011385679,0
19,36,0.266,2,-0.05,-0.23229444,0
19,37,0.242,0,1.0,-0.12509358,0
19,38,0.243,2,-0.05,0.03636694,0
19,39,0.264,0,1.0,0.027861297,0
19,40,0.272,2,-0.05,-0.23567146,0
19,41,0.259,1,-0.05,-0.13977873,0
19,42,0.269,0,1.0,-0.14893913,0
19,43,0.280,0,1.0,-0.30392104,0
19,44,0.277,2,-0.05,-0.22438806,0
19,45,0.292,0,1.0,-0.2307024,0
19,46,0.140,0,-100.0,-0.115267396,0
20,0,0.671,2,-0.05,-0.15614057,0
20,1,0.680,1,-0.05,-0.020164251,0
20,2,0.675,1,-0.05,-0.014659762,0
20,3,0.673,1,-0.05,-0.23792684,0
20,4,0.586,0,1.0,-0.5644058,0
20,5,0.538,1,-0.05,-0.19800135,0
20,6,0.472,0,1.0,0.1863749,0
20,7,0.316,0,1.0,0.27419904,0
20,8,0.199,0,-100.0,-0.31124887,0
21,0,0.668,0,1.0,-0.168064,0
21,1,0.660,1,-0.05,-0.17245221,0
21,2,0.634,0,1.0,-0.43273044,0
21,3,0.597,2,-0.05,-0.38687992,0
21,4,0.600,0,1.0,-0.37051708,0
21,5,0.612,0,1.0,-0.3601961,0
21,6,0.608,2,-0.05,-0.45573163,0
21,7,0.634,0,1.0,0.16357696,0
21,8,0.681,0,1.0,0.1626823,0
21,9,0.697,0,1.0,0.007009268,0
21,10,0.698,2,-0.05,-0.018297434,0
21,11,0.685,2,-0.05,-0.24463809,0
21,12,0.659,2,-0.05,1.1349744,0
21,13,0.553,0,1.0,0.38063642,0
21,14,0.473,1,-0.05,0.55052215,0
21,15,0.430,1,-0.05,0.60606015,0
21,16,0.430,2,-0.05,1.3466282,0
21,17,0.313,0,1.0,0.53480846,0
21,18,0.263,2,-0.05,0.62593424,0
21,19,0.129,0,-100.0,-0.28756243,0
22,0,0.666,0,1.0,-0.14455247,0
22,1,0.674,2,-0.05,-0.10338199,0
22,2,0.678,1,-0.05,0.07183111,0
22,3,0.680,1,-0.05,-0.30887687,0
22,4,0.632,0,1.0,-0.3759731,0
22,5,0.592,2,-0.05,-0.68133795,0
22,6,0.595,1,-0.05,-0.38693678,0
22,7,0.575,2,-0.05,-0.55187523,0
22,8,0.536,0,1.0,-0.8714452,0
22,9,0.541,2,-0.05,-0.5488262,0
22,10,0.538,1,-0.05,-0.49920356,0
22,11,0.539,1,-0.05,-0.41133654,0
22,12,0.520,2,-0.05,-0.45311487,0
22,13,0.522,1,-0.05,-0.69762796,0
22,14,0.514,1,-0.05,-0.49575597,0
22,15,0.491,2,-0.05,0.08045918,0
22,16,0.443,0,1.0,-0.3349762,0
22,17,0.400,0,1.0,-0.5068689,0
22,18,0.323,0,1.0,-0.40995577,0
22,19,0.282,0,1.0,-0.1514552,0
22,20,0.252,2,-0.05,-0.15997821,0
22,21,0.246,2,-0.05,-0.18104434,0
22,22,0.260,0,1.0,-0.82708037,0
22,23,0.299,2,-0.05,-0.5322783,0
22,24,0.293,1,-0.05,-0.43117213,0
22,25,0.316,2,-0.05,-1.0985198,0
22,26,0.318,1,-0.05,-0.6204518,0
22,27,0.323,0,1.0,-1.296651,0
22,28,0.322,1,-0.05,-0.45180643,0
22,29,0.322,2,-0.05,-0.26717427,0
22,30,0.347,2,-0.05,-0.33820766,0
22,31,0.401,0,1.0,-1.2275077,0
22,32,0.435,1,-0.05,-0.47150588,0
22,33,0.462,0,1.0,0.055587888,0
22,34,0.503,0,1.0,0.39482552,0
22,35,0.503,1,-0.05,0.02047205,0
22,36,0.517,0,1.0,-0.18223655,0
22,37,0.515,2,-0.05,-0.15661156,0
22,38,0.513,1,-0.05,-0.26296353,0
22,39,0.522,1,-0.05,-0.22779697,0
22,40,0.455,0,1.0,-0.3201844,0
22,41,0.417,1,-0.05,-0.038793802,0
22,42,0.345,0,1.0,-0.01600933,0
22,43,0.306,2,-0.05,-0.0234797,0
22,44,0.270,2,-0.05,-0.007514894,0
22,45,0.274,2,-0.05,-0.15551797,0
22,46,0.272,1,-0.05,-0.23410285,0
22,47,0.268,1,-0.05,-0.19709861,0
22,48,0.246,1,-0.05,-0.014239639,0
22,49,0.227,1,-0.05,-0.0035841167,0
22,50,0.219,1,-0.05,-0.050197527,0
22,51,0.120,0,-100.0,-0.049721062,0
23,0,0.671,2,-0.05,-0.17998815,0
23,1,0.703,0,1.0,0.017734766,0
23,2,0.664,0,1.0,-0.591046,0
23,3,0.636,2,-0.05,-0.61727726,0
23,4,0.576,0,1.0,0.48868394,0
23,5,0.470,0,1.0,0.9872074,0
23,6,0.352,0,1.0,1.310796,0
23,7,0.284,0,1.0,1.1612971,0
23,8,0.170,0,-100.0,1.0560706,0
24,0,0.662,0,1.0,-0.15615833,0
24,1,0.683,2,-0.05,-0.1570158,0
24,2,0.710,0,1.0,0.10720837,0
24,3,0.700,1,-0.05,-0.18471646,0
24,4,0.689,2,-0.05,0.18400276,0
24,5,0.641,0,1.0,-0.44084954,0
24,6,0.571,0,1.0,0.2666924,0
24,7,0.533,1,-0.05,0.39254546,0
24,8,0.527,2,-0.05,-0.415457,0
24,9,0.493,1,-0.05,0.5338311,0
24,10,0.482,0,1.0,-0.028520346,0
24,11,0.450,0,1.0,-0.47957468,0
24,12,0.433,1,-0.05,-0.41189778,0
24,13,0.453,1,-0.05,0.20481789,0
24,14,0.494,0,1.0,-0.38677752,0
24,15,0.561,0,1.0,-0.41749835,0
24,16,0.571,2,-0.05,-0.48187745,0
24,17,0.604,1,-0.05,-0.070847034,0
24,18,0.673,1,-0.05,-1.0393138,0
24,19,0.755,0,1.0,-0.18894228,0
24,20,0.668,0,1.0,-0.33892903,0
24,21,0.573,0,1.0,-0.18592608,0
24,22,0.511,1,-0.05,0.10075641,0
24,23,0.394,0,1.0,-0.39338976,0
24,24,0.338,2,-0.05,-0.42858362,0
24,25,0.320,1,-0.05,-0.40334696,0
24,26,0.282,2,-0.05,-0.505597,0
24,27,0.211,0,1.0,-0.42111254,0
24,28,0.153,1,-100.0,-0.42226946,0
25,0,0.690,2,-0.05,-0.27383232,0
25,1,0.695,2,-0.05,0.10729241,0
25,2,0.734,2,-0.05,-0.36737657,0
25,3,0.711,1,-0.05,0.86083305,0
25,4,0.665,0,1.0,0.3797928,0
25,5,0.642,1,-0.05,-0.45801973,0
25,6,0.647,2,-0.05,-0.4205712,0
25,7,0.631,1,-0.05,-0.23936665,0
25,8,0.616,1,-0.05,-0.5395402,0
25,9,0.636,1,-0.05,0.15319479,0
25,10,0.679,1,-0.05,-0.28553593,0
25,11,0.713,0,1.0,-0.7256398,0
25,12,0.677,2,-0.05,-0.6126059,0
25,13,0.667,2,-0.05,-0.58571315,0
25,14,0.651,1,-0.05,-0.37064147,0
25,15,0.626,0,1.0,-0.8504833,0
25,16,0.576,2,-0.05,-0.5515815,0
25,17,0.572,1,-0.05,-0.4737699,0
25,18,0.527,0,1.0,-0.44027826,0
25,19,0.395,0,1.0,0.061271608,0
25,20,0.296,0,1.0,0.4756878,0
25,21,0.196,0,-100.0,0.34517252,0
26,0,0.665,1,-0.05,-0.17581344,0
26,1,0.660,1,-0.05,-0.25885832,0
26,2,0.650,2,-0.05,-0.66026306,0
26,3,0.637,1,-0.05,-0.6694081,0
26,4,0.627,2,-0.05,-0.6536845,0
26,5,0.632,1,-0.05,-0.41833746,0
26,6,0.572,0,1.0,-0.62478334,0
26,7,0.533,1,-0.05,-0.3514906,0
26,8,0.471,0,1.0,0.0016181469,0
26,9,0.322,0,1.0,0.36779997,0
26,10,0.277,2,-0.05,-0.023347706,0
26,11,0.206,0,1.0,0.56728876,0
26,12,0.121,0,-100.0,0.51105404,0
27,0,0.679,2,-0.05,-0.15624738,0
27,1,0.697,0,1.0,0.2080152,0
27,2,0.713,1,-0.05,-0.420748,0
27,3,0.690,0,1.0,0.095614314,0
27,4,0.695,2,-0.05,0.2901882,0
27,5,0.689,2,-0.05,-0.040776968,0
27,6,0.677,1,-0.05,-0.20831203,0
27,7,0.677,2,-0.05,-0.32324696,0
27,8,0.627,0,1.0,0.15780163,0
27,9,0.599,2,-0.05,0.49247277,0
27,10,0.569,2,-0.05,1.1405807,0
27,11,0.564,1,-0.05,1.4470268,0
27,12,0.537,2,-0.05,1.1477509,0
27,13,0.517,1,-0.05,1.4460243,0
27,14,0.456,0,1.0,0.89159405,0
27,15,0.356,0,1.0,0.85087234,0
27,16,0.319,2,-0.05,0.93361115,0
27,17,0.296,2,-0.05,1.9764687,0
27,18,0.222,0,1.0,1.080418,0
27,19,0.164,2,-100.0,-0.62519026,0
28,0,0.665,2,-0.05,-0.0024684668,0
28,1,0.716,2,-0.05,-0.22123742,0
28,2,0.730,2,-0.05,0.04290402,0
28,3,0.716,1,-0.05,0.813578,0
28,4,0.684,1,-0.05,0.3496642,0
28,5,0.674,0,1.0,-0.41033983,0
28,6,0.676,2,-0.05,0.11134553,0
28,7,0.629,0,1.0,-0.4965036,0
28,8,0.614,2,-0.05,-0.13942468,0
28,9,0.544,0,1.0,0.5932807,0
28,10,0.446,0,1.0,1.2114553,0
28,11,0.365,0,1.0,1.1407071,0
28,12,0.317,1,-0.05,0.927925,0
28,13,0.297,2,-0.05,1.2518551,0
28,14,0.218,0,1.0,1.2603877,0
28,15,0.180,2,-100.0,2.8636665,0
29,0,0.686,2,-0.05,-1.6570091e-05,0
29,1,0.709,0,1.0,-0.1976862,0
29,2,0.688,2,-0.05,-0.5752491,0
29,3,0.675,1,-0.05,0.06337631,0
29,4,0.667,2,-0.05,-0.22845972,0
29,5,0.661,2,-0.05,0.18243587,0
29,6,0.585,0,1.0,1.0517194,0
29,7,0.529,2,-0.05,1.049946,0
29,8,0.491,1,-0.05,1.7408311,0
29,9,0.497,2,-0.05,1.1925784,0
29,10,0.412,0,1.0,1.800192,0
29,11,0.322,2,-0.05,0.19514775,0
29,12,0.291,2,-0.05,-0.8181988,0
29,13,0.191,0,-100.0,-0.81965965,0
30,0,0.672,2,-0.05,-0.119524956,0
30,1,0.734,2,-0.05,-0.08105695,0
30,2,0.720,1,-0.05,0.37235093,0
30,3,0.700,0,1.0,-0.54021966,0
30,4,0.694,1,-0.05,-0.095698595,0
30,5,0.693,2,-0.05,0.28469825,0
30,6,0.646,0,1.0,-0.21417975,0
30,7,0.594,0,1.0,-0.56210995,0
30,8,0.553,1,-0.05,-0.18324542,0
30,9,0.557,0,1.0,-0.1006757,0
30,10,0.548,1,-0.05,0.12122035,0
30,11,0.581,0,1.0,0.015901327,0
30,12,0.605,0,1.0,0.09378004,0
30,13,0.630,0,1.0,-0.062541485,0
30,14,0.625,2,-0.05,-0.009718537,0
30,15,0.630,2,-0.05,0.16318583,0
30,16,0.628,2,-0.05,0.1329999,0
30,17,0.568,0,1.0,0.8858862,0
30,18,0.531,2,-0.05,0.79190683,0
30,19,0.455,0,1.0,1.1203827,0
30,20,0.400,2,-0.05,0.60787445,0
30,21,0.275,0,1.0,0.24903041,0
30,22,0.209,2,-0.05,-0.10414243,0
30,23,0.120,0,-100.0,-0.378389,0
31,0,0.661,1,-0.05,-0.15621746,0
31,1,0.629,0,1.0,-0.2818489,0
31,2,0.607,1,-0.05,-0.8407695,0
31,3,0.516,0,1.0,-0.6081402,0
31,4,0.496,1,-0.05,-0.21107364,0
31,5,0.395,0,1.0,0.07936883,0
31,6,0.338,1,-0.05,0.21232902,0
31,7,0.306,2,-0.05,-0.5049389,0
31,8,0.232,0,1.0,0.45860103,0
31,9,0.149,0,-100.0,0.63461876,0
32,0,0.667,2,-0.05,-0.124397516,0
32,1,0.738,2,-0.05,-0.09495151,0
32,2,0.646,0,1.0,0.37422383,0
32,3,0.572,0,1.0,0.8973228,0
32,4,0.530,2,-0.05,1.0559834,0
32,5,0.495,2,-0.05,1.3019454,0
32,6,0.376,0,1.0,1.0806122,0
32,7,0.232,0,1.0,-0.7625813,0
32,8,0.120,0,-100.0,-0.79827607,0
33,0,0.667,2,-0.05,-0.14446235,0
33,1,0.703,0,1.0,-0.08354092,0
33,2,0.689,2,-0.05,-0.5637405,0
33,3,0.668,1,-0.05,0.3798114,0
33,4,0.640,0,1.0,-0.4565587,0
33,5,0.617,0,1.0,-0.07661855,0
33,6,0.588,0,1.0,-0.21248734,0
33,7,0.564,0,1.0,-0.26765501,0
33,8,0.555,2,-0.05,-0.31796002,0
33,9,0.512,0,1.0,-0.23384762,0
33,10,0.441,0,1.0,0.48016655,0
33,11,0.368,0,1.0,0.70748675,0
33,12,0.336,2,-0.05,0.79964554,0
33,13,0.237,0,1.0,0.9356919,0
33,14,0.196,1,-100.0,1.2355695,0
34,0,0.690,2,-0.05,-0.27383244,0
34,1,0.712,2,-0.05,0.10716367,0
34,2,0.730,2,-0.05,-0.37487566,0
34,3,0.715,2,-0.05,0.9005728,0
34,4,0.589,0,1.0,1.047115,0
34,5,0.439,0,1.0,1.2395735,0
34,6,0.277,0,1.0,0.91502225,0
34,7,0.221,1,-0.05,-0.26261702,0
34,8,0.120,0,-100.0,1.5595713,0
35,0,0.672,2,-0.05,-0.15557504,0
35,1,0.671,1,-0.05,-0.027979732,0
35,2,0.683,2,-0.05,-0.26974702,0
35,3,0.699,0,1.0,0.060606122,0
35,4,0.675,1,-0.05,-0.5816169,0
35,5,0.651,0,1.0,0.121117234,0
35,6,0.652,0,1.0,0.27631843,0
35,7,0.660,1,-0.05,0.32377928,0
35,8,0.711,0,1.0,-0.5219108,0
35,9,0.689,0,1.0,-0.50916076,0
35,10,0.651,0,1.0,-0.4666158,0
35,11,0.622,0,1.0,-0.77802813,0
35,12,0.595,1,-0.05,-0.78923076,0
35,13,0.546,0,1.0,-0.67010283,0
35,14,0.458,0,1.0,-0.271665,0
35,15,0.391,0,1.0,-0.40255645,0
35,16,0.301,0,1.0,-0.36759916,0
35,17,0.271,1,-0.05,-0.31670088,0
35,18,0.175,0,-100.0,-0.34242982,0
36,0,0.671,2,-0.05,-0.1563952,0
36,1,0.692,2,-0.05,-0.019598484,0
36,2,0.700,1,-0.05,-0.14501262,0
36,3,0.719,2,-0.05,-0.4917332,0
36,4,0.711,2,-0.05,0.069343686,0
36,5,0.627,0,1.0,0.9899503,0
36,6,0.515,0,1.0,1.1827542,0
36,7,0.444,2,-0.05,1.5666131,0
36,8,0.434,2,-0.05,1.3217927,0
36,9,0.282,0,1.0,-0.72166634,0
36,10,0.120,0,-100.0,-0.5050496,0
37,0,0.667,2,-0.05,-0.14450133,0
37,1,0.737,2,-0.05,-0.08338809,0
37,2,0.720,1,-0.05,0.3655033,0
37,3,0.700,1,-0.05,-0.5931431,0
37,4,0.694,0,1.0,0.13918638,0
37,5,0.678,0,1.0,-0.2573744,0
37,6,0.686,2,-0.05,-0.17519164,0
37,7,0.702,0,1.0,0.2820382,0
37,8,0.682,0,1.0,-0.23569,0
37,9,0.657,1,-0.05,-0.32214737,0
37,10,0.659,2,-0.05,0.38520396,0
37,11,0.647,1,-0.05,-0.49241304,0
37,12,0.661,2,-0.05,0.5109761,0
37,13,0.649,2,-0.05,0.12438607,0
37,14,0.595,0,1.0,0.14345658,0
37,15,0.544,1,-0.05,0.86821413,0
37,16,0.532,2,-0.05,0.8275885,0
37,17,0.451,0,1.0,1.4552418,0
37,18,0.394,1,-0.05,0.7483453,0
37,19,0.380,1,-0.05,1.353897,0
37,20,0.349,0,1.0,0.804729,0
37,21,0.302,0,1.0,0.054499388,0
37,22,0.254,0,1.0,0.0948025,0
37,23,0.197,0,-100.0,0.23878133,0
38,0,0.659,1,-0.05,-0.11977899,0
38,1,0.634,0,1.0,-0.27801406,0
38,2,0.584,0,1.0,-0.6411047,0
38,3,0.542,2,-0.05,-0.69764674,0
38,4,0.544,0,1.0,-0.3570974,0
38,5,0.533,0,1.0,-0.34599853,0
38,6,0.514,0,1.0,-0.4435284,0
38,7,0.502,0,1.0,-0.5678812,0
38,8,0.494,2,-0.05,-0.4496876,0
38,9,0.512,0,1.0,-0.2768377,0
38,10,0.514,1,-0.05,-0.35070622,0
38,11,0.514,1,-0.05,-0.40569013,0
38,12,0.493,0,1.0,-0.6669861,0
38,13,0.469,1,-0.05,-0.5854387,0
38,14,0.450,1,-0.05,-0.1001268,0
38,15,0.391,0,1.0,-0.08712122,0
38,16,0.230,0,1.0,-0.35611433,0
38,17,0.120,0,-100.0,-0.62207496,0
39,0,0.662,0,1.0,-0.15633631,0
39,1,0.673,2,-0.05,-0.15749216,0
39,2,0.707,2,-0.05,0.29650784,0
39,3,0.692,0,1.0,-0.3870871,0
39,4,0.609,0,1.0,0.30594027,0
39,5,0.583,1,-0.05,0.56309855,0
39,6,0.571,1,-0.05,0.2000525,0
39,7,0.578,1,-0.05,0.15638566,0
39,8,0.606,0,1.0,-0.3872013,0
39,9,0.655,1,-0.05,-0.2928716,0
39,10,0.722,1,-0.05,-0.8481192,0
39,11,0.700,2,-0.05,-0.71938366,0
39,12,0.763,1,-0.05,-0.5486409,0
39,13,0.751,1,-0.05,-0.47306147,0
39,14,0.725,2,-0.05,0.19912237,0
39,15,0.695,2,-0.05,-0.047230065,0
39,16,0.706,1,-0.05,-0.9947119,0
39,17,0.615,0,1.0,-0.48509467,0
39,18,0.570,2,-0.05,0.12814233,0
39,19,0.510,0,1.0,-0.07374495,0
39,20,0.430,0,1.0,-0.060186625,0
39,21,0.363,0,1.0,-0.15341765,0
39,22,0.290,0,1.0,-0.20232397,0
39,23,0.168,0,-100.0,-0.20044363,0
40,0,0.665,1,-0.05,-0.15623927,0
40,1,0.621,0,1.0,-0.48261046,0
40,2,0.607,2,-0.05,-0.4512388,0
40,3,0.612,0,1.0,-0.31216383,0
40,4,0.609,2,-0.05,-0.5460828,0
40,5,0.605,1,-0.05,-0.4965738,0
40,6,0.571,0,1.0,-0.45287508,0
40,7,0.550,1,-0.05,-0.7669648,0
40,8,0.479,0,1.0,-0.52844703,0
40,9,0.436,1,-0.05,-0.13825983,0
40,10,0.347,0,1.0,0.4982994,0
40,11,0.234,0,1.0,-0.0605855,0
40,12,0.124,0,-100.0,-0.47498095,0
41,0,0.671,2,-0.05,-0.15623772,0
41,1,0.665,1,-0.05,-0.01845932,0
41,2,0.673,2,-0.05,-0.14543855,0
41,3,0.716,0,1.0,0.13101363,0
41,4,0.710,2,-0.05,-0.49320018,0
41,5,0.695,1,-0.05,-0.2861886,0
41,6,0.671,1,-0.05,-0.47522366,0
41,7,0.672,2,-0.05,0.3044176,0
41,8,0.684,1,-0.05,-0.046423674,0
41,9,0.677,0,1.0,0.22696173,0
41,10,0.693,2,-0.05,-0.1603806,0
41,11,0.684,2,-0.05,0.20203519,0
41,12,0.669,0,1.0,-0.18673122,0
41,13,0.600,0,1.0,-0.1284976,0
41,14,0.551,1,-0.05,-0.053572416,0
41,15,0.542,0,1.0,0.21336758,0
41,16,0.511,0,1.0,-0.17549598,0
41,17,0.498,0,1.0,-0.029134512,0
41,18,0.487,2,-0.05,-0.061451316,0
41,19,0.460,0,1.0,-0.131387,0
41,20,0.386,0,1.0,0.2502737,0
41,21,0.313,0,1.0,0.36913002,0
41,22,0.298,1,-0.05,0.5358942,0
41,23,0.273,0,1.0,0.5279349,0
41,24,0.267,1,-0.05,-0.22665155,0
41,25,0.273,1,-0.05,-0.32680702,0
41,26,0.276,2,-0.05,-0.12177575,0
41,27,0.274,0,1.0,-0.110994816,0
41,28,0.257,0,1.0,0.08405411,0
41,29,0.253,0,1.0,0.71200615,0
41,30,1.158,1,-0.05,0.90809935,0
41,31,1.161,2,-0.05,-0.347373,0
41,32,1.169,0,1.0,-0.42265987,0
41,33,0.980,0,1.0,-0.5490358,0
41,34,0.813,0,1.0,-0.809644,0
41,35,0.712,1,-0.05,-0.7567178,0
41,36,0.676,1,-0.05,-0.6711277,0
41,37,0.550,0,1.0,-0.74888897,0
41,38,0.455,2,-0.05,-0.48557645,0
41,39,0.433,1,-0.05,-0.56923413,0
41,40,0.288,0,1.0,-0.38090336,0
41,41,0.120,0,-100.0,-0.30981228,0
42,0,0.656,1,-0.05,-0.13517761,0
42,1,0.610,0,1.0,-0.26472104,0
42,2,0.573,0,1.0,-0.8385875,0
42,3,0.505,0,1.0,-0.7539166,0
42,4,0.455,0,1.0,-0.64524966,0
42,5,0.395,0,1.0,-0.5105063,0
42,6,0.367,1,-0.05,-0.3880065,0
42,7,0.359,2,-0.05,-0.11041182,0
42,8,0.320,0,1.0,-0.3706378,0
42,9,0.308,2,-0.05,-0.6444227,0
42,10,0.304,0,1.0,-0.80884385,0
42,11,0.315,1,-0.05,-0.31799513,0
42,12,0.311,1,-0.05,-0.63582057,0
42,13,0.273,0,1.0,-0.108302265,0
42,14,0.229,2,-0.05,0.022235602,0
42,15,0.204,0,1.0,-0.12327373,0
42,16,0.187,1,-100.0,-0.1149472,0
43,0,0.665,1,-0.05,-0.27378178,0
43,1,0.659,2,-0.05,-0.25694466,0
43,2,0.667,2,-0.05,-0.4165305,0
43,3,0.704,2,-0.05,0.08082771,0
43,4,0.682,0,1.0,-0.42024398,0
43,5,0.612,0,1.0,0.3016001,0
43,6,0.576,2,-0.05,0.49543715,0
43,7,0.518,0,1.0,0.84530264,0
43,8,0.362,0,1.0,1.2687837,0
43,9,0.312,2,-0.05,2.3594565,0
43,10,0.283,2,-0.05,1.9264469,0
43,11,0.261,1,-0.05,-0.91739523,0
43,12,0.240,1,-0.05,0.20992124,0
43,13,0.222,2,-0.05,2.617866,0
43,14,0.206,2,-0.05,1.849174,0
43,15,0.176,1,-100.0,-0.5357946,0
44,0,0.663,1,-0.05,-0.2823578,0
44,1,0.656,1,-0.05,-0.27087176,0
44,2,0.657,1,-0.05,-0.66473603,0
44,3,0.635,1,-0.05,-0.018007189,0
44,4,0.545,0,1.0,0.07053697,0
44,5,0.462,1,-0.05,-0.56167215,0
44,6,0.331,0,1.0,-0.8119741,0
44,7,0.169,0,-100.0,-0.7054448,0
45,0,0.665,1,-0.05,-0.16803503,0
45,1,0.660,2,-0.05,-0.25810444,0
45,2,0.661,2,-0.05,-0.467057,0
45,3,0.718,0,1.0,0.041368604,0
45,4,0.659,0,1.0,-0.58239365,0
45,5,0.609,0,1.0,-0.59679854,0
45,6,0.586,2,-0.05,-0.5922078,0
45,7,0.536,0,1.0,0.46572375,0
45,8,0.464,1,-0.05,1.2776022,0
45,9,0.458,2,-0.05,0.53804207,0
45,10,0.455,1,-0.05,0.8094678,0
45,11,0.440,2,-0.05,0.79155093,0
45,12,0.425,2,-0.05,1.1546752,0
45,13,0.407,2,-0.05,2.149573,0
45,14,0.388,2,-0.05,-0.5686543,0
45,15,0.259,0,1.0,-0.67963684,0
45,16,0.139,1,-100.0,-1.1937394,0
46,0,0.666,0,1.0,-0.27402472,0
46,1,0.655,0,1.0,-0.35239363,0
46,2,0.642,1,-0.05,-0.37850785,0
46,3,0.650,1,-0.05,-0.3378483,0
46,4,0.636,2,-0.05,-0.7585874,0
46,5,0.628,1,-0.05,-0.3289442,0
46,6,0.616,2,-0.05,-0.66255474,0
46,7,0.617,2,-0.05,-0.41649467,0
46,8,0.640,2,-0.05,0.06527066,0
46,9,0.724,0,1.0,-0.60877347,0
46,10,0.700,1,-0.05,0.19320345,0
46,11,0.675,0,1.0,-0.40162492,0
46,12,0.643,0,1.0,-0.48097157,0
46,13,0.594,0,1.0,-0.45932174,0
46,14,0.542,0,1.0,-0.36208415,0
46,15,0.506,0,1.0,-0.059706926,0
46,16,0.479,0,1.0,0.05821991,0
46,17,0.458,2,-0.05,-0.12564945,0
46,18,0.449,1,-0.05,0.2481165,0
46,19,0.437,2,-0.05,-0.19623208,0
46,20,0.431,2,-0.05,-0.04580903,0
46,21,0.413,1,-0.05,0.59912443,0
46,22,0.410,2,-0.05,1.154221,0
46,23,0.314,0,1.0,0.2775135,0
46,24,0.271,1,-0.05,0.4869389,0
46,25,0.207,0,1.0,0.48344755,0
46,26,0.128,0,-100.0,0.15484852,0
47,0,0.671,2,-0.05,-0.15648627,0
47,1,0.673,1,-0.05,-0.018262148,0
47,2,0.671,2,-0.05,-0.2836162,0
47,3,0.704,0,1.0,0.06905544,0
47,4,0.655,0,1.0,-0.6208496,0
47,5,0.594,0,1.0,-0.6369144,0
47,6,0.577,2,-0.05,-0.5813185,0
47,7,0.575,2,-0.05,0.668236,0
47,8,0.487,0,1.0,0.8573888,0
47,9,0.451,2,-0.05,1.7399673,0
47,10,0.427,2,-0.05,1.7712392,0
47,11,0.290,0,1.0,-0.39349943,0
47,12,0.124,0,-100.0,-0.5162122,0
48,0,0.657,0,1.0,-0.14455044,0
48,1,0.666,2,-0.05,-0.09635651,0
48,2,0.668,1,-0.05,0.29738355,0
48,3,0.670,2,-0.05,-0.26380408,0
48,4,0.701,0,1.0,0.14202201,0
48,5,0.699,2,-0.05,-0.27165973,0
48,6,0.702,2,-0.05,-0.5943924,0
48,7,0.616,0,1.0,0.40328777,0
48,8,0.570,1,-0.05,0.7799188,0
48,9,0.555,2,-0.05,1.2860832,0
48,10,0.541,1,-0.05,1.1695085,0
48,11,0.526,2,-0.05,0.7664951,0
48,12,0.436,0,1.0,1.2526637,0
48,13,0.363,1,-0.05,1.8114266,0
48,14,0.335,1,-0.05,2.1285794,0
48,15,0.312,1,-0.05,1.0135165,0
48,16,0.288,0,1.0,0.9252497,0
48,17,0.236,0,1.0,0.065879464,0
48,18,0.212,1,-0.05,0.71302974,0
48,19,0.220,1,-0.05,-0.007601261,0
48,20,0.237,0,1.0,-0.040723443,0
48,21,0.251,2,-0.05,-0.10223508,0
48,22,0.248,0,1.0,0.021749258,0
48,23,0.241,2,-0.05,-0.11199558,0
48,24,0.248,1,-0.05,0.19868934,0
48,25,0.252,1,-0.05,0.04161036,0
48,26,0.250,2,-0.05,-0.27612042,0
48,27,0.256,0,1.0,-0.07648492,0
48,28,0.263,0,1.0,-0.16967595,0
48,29,0.261,0,1.0,-0.39706087,0
48,30,0.260,2,-0.05,-0.34792626,0
48,31,0.259,1,-0.05,-0.12500954,0
48,32,0.277,0,1.0,0.13103461,0
48,33,0.274,2,-0.05,0.2884019,0
48,34,0.285,1,-0.05,0.13226631,0
48,35,0.316,1,-0.05,0.62987804,0
48,36,1.086,0,1.0,0.1995858,0
48,37,1.026,1,-0.05,0.07589102,0
48,38,0.977,0,1.0,0.09100485,0
48,39,0.825,0,1.0,0.041742563,0
48,40,0.777,1,-0.05,0.026991844,0
48,41,0.752,1,-0.05,-0.08950412,0
48,42,0.617,0,1.0,-0.17889553,0
48,43,0.557,1,-0.05,-0.28919017,0
48,44,0.516,1,-0.05,-0.5379102,0
48,45,0.485,2,-0.05,-0.7973866,0
48,46,0.354,0,1.0,-0.8904488,0
48,47,0.197,0,-100.0,-0.96396923,0
49,0,0.667,0,1.0,-0.5052237,0
49,1,0.666,1,-0.05,-0.7416753,0
49,2,0.646,0,1.0,-1.2221488,0
49,3,0.612,0,1.0,-1.52333,0
49,4,0.594,1,-0.05,-1.6696954,0
49,5,0.577,1,-0.05,-2.0939474,0
49,6,0.576,1,-0.05,-1.3843278,0
49,7,0.563,1,-0.05,-2.0413003,0
49,8,0.530,2,-0.05,-3.1878252,0
49,9,0.505,2,-0.05,-2.4696498,0
49,10,0.466,0,1.0,-1.9478487,0
49,11,0.418,1,-0.05,-1.5894886,0
49,12,0.342,0,1.0,-2.1214895,0
49,13,0.290,2,-0.05,-2.217435,0
49,14,0.282,1,-0.05,-2.459687,0
49,15,0.251,1,-0.05,-2.584721,0
49,16,0.241,1,-0.05,-3.785708,0
49,17,0.190,2,-100.0,-3.1587443,0
50,0,0.686,2,-0.05,-0.14813927,0
50,1,0.713,0,1.0,-0.2222858,0
50,2,0.659,0,1.0,-1.1452631,0
50,3,0.623,2,-0.05,-1.2089156,0
50,4,0.618,2,-0.05,-0.90190375,0
50,5,0.520,0,1.0,-1.3106456,0
50,6,0.415,0,1.0,-0.61777997,0
50,7,0.360,2,-0.05,-0.88075566,0
50,8,0.325,2,-0.05,-2.8521712,0
50,9,0.218,0,1.0,-5.296303,0
50,10,0.134,1,-100.0,-4.14563,0
51,0,0.666,0,1.0,-0.3346383,0
51,1,0.660,0,1.0,-0.43458354,0
51,2,0.658,2,-0.05,-0.5130933,0
51,3,0.653,1,-0.05,-0.375017,0
51,4,0.636,0,1.0,-1.5041363,0
51,5,0.619,1,-0.05,-2.4650235,0
51,6,0.622,1,-0.05,-2.265112,0
51,7,0.582,1,-0.05,-2.9949322,0
51,8,0.581,2,-0.05,-4.3915877,0
51,9,0.558,1,-0.05,-3.5655375,0
51,10,0.539,2,-0.05,-4.4183846,0
51,11,0.525,1,-0.05,-3.8456826,0
51,12,0.402,0,1.0,-4.584341,0
51,13,0.362,1,-0.05,-5.970763,0
51,14,0.347,2,-0.05,-6.075854,0
51,15,0.324,2,-0.05,-6.2827406,0
51,16,0.301,1,-0.05,-5.6455035,0
51,17,0.272,2,-0.05,-6.624346,0
51,18,0.256,1,-0.05,-5.630578,0
51,19,0.239,1,-0.05,-6.6040125,0
51,20,0.211,2,-0.05,-5.800876,0
51,21,0.129,0,-100.0,-6.1090794,0
52,0,0.667,0,1.0,-0.47829413,0
52,1,0.667,2,-0.05,-0.58984333,0
52,2,0.690,0,1.0,-0.4014266,0
52,3,0.694,1,-0.05,-0.43408084,0
52,4,0.698,2,-0.05,-0.49585384,0
52,5,0.647,0,1.0,-0.7804918,0
52,6,0.624,2,-0.05,-0.8622792,0
52,7,0.614,1,-0.05,-1.1436253,0
52,8,0.595,1,-0.05,-1.0976954,0
52,9,0.586,0,1.0,-0.96603155,0
52,10,0.583,2,-0.05,-0.6382088,0
52,11,0.570,0,1.0,-0.737071,0
52,12,0.528,0,1.0,-0.49061662,0
52,13,0.517,2,-0.05,-1.0543562,0
52,14,0.505,2,-0.05,-1.1992466,0
52,15,0.420,0,1.0,-2.2364094,0
52,16,0.319,0,1.0,-3.4892948,0
52,17,0.272,1,-0.05,-4.1821337,0
52,18,0.217,0,1.0,-3.424268,0
52,19,0.171,1,-100.0,-2.7381766,0
53,0,0.666,0,1.0,-0.2983361,0
53,1,0.647,1,-0.05,-0.7415942,0
53,2,0.629,0,1.0,-1.150172,0
53,3,0.614,2,-0.05,-1.6746644,0
53,4,0.610,2,-0.05,-1.5842843,0
53,5,0.626,2,-0.05,-0.7054442,0
53,6,0.709,0,1.0,-0.14207366,0
53,7,0.704,1,-0.05,-0.47327965,0
53,8,0.692,1,-0.05,-0.44446254,0
53,9,0.705,2,-0.05,-0.14149633,0
53,10,0.710,2,-0.05,-0.42091167,0
53,11,0.649,0,1.0,-0.18145043,0
53,12,0.602,2,-0.05,-0.5316762,0
53,13,0.565,2,-0.05,-1.2002561,0
53,14,0.484,0,1.0,-5.9348884,0
53,15,0.273,0,1.0,-10.642986,0
53,16,0.239,1,-0.05,-11.268193,0
53,17,0.219,2,-0.05,-9.891473,0
53,18,0.196,2,-100.0,-11.039107,0
54,0,0.688,2,-0.05,1.6188204,0
54,1,0.713,0,1.0,0.9931917,0
54,2,0.698,1,-0.05,0.37756053,0
54,3,0.632,0,1.0,0.71403086,0
54,4,0.622,2,-0.05,0.47605765,0
54,5,0.621,2,-0.05,0.22017968,0
54,6,0.553,0,1.0,-0.77342796,0
54,7,0.467,1,-0.05,-3.8988094,0
54,8,0.415,0,1.0,-2.6527886,0
54,9,0.368,2,-0.05,-1.8435769,0
54,10,0.347,2,-0.05,-3.6113882,0
54,11,0.249,0,1.0,-10.603627,0
54,12,0.169,1,-100.0,-12.9325695,0
55,0,0.690,2,-0.05,0.60708976,0
55,1,0.717,0,1.0,-0.3214782,0
55,2,0.690,1,-0.05,0.62687194,0
55,3,0.689,2,-0.05,-0.7654668,0
55,4,0.680,2,-0.05,-0.016828418,0
55,5,0.677,2,-0.05,-0.77862537,0
55,6,0.660,2,-0.05,-2.5753107,0
55,7,0.636,2,-0.05,-10.561466,0
55,8,0.596,1,-0.05,-14.998825,0
55,9,0.479,0,1.0,-12.626338,0
55,10,0.421,2,-0.05,-10.638918,0
55,11,0.390,2,-0.05,-13.619963,0
55,12,0.263,0,1.0,-15.155669,0
55,13,0.184,2,-100.0,-13.122155,0
56,0,0.661,1,-0.05,1.0289547,0
56,1,0.628,0,1.0,-0.071941525,0
56,2,0.617,2,-0.05,-0.3525791,0
56,3,0.608,0,1.0,-0.5862458,0
56,4,0.602,1,-0.05,0.20739803,0
56,5,0.585,0,1.0,-0.62052757,0
56,6,0.556,1,-0.05,-0.46145573,0
56,7,0.507,0,1.0,-0.6338483,0
56,8,0.445,2,-0.05,-3.1355038,0
56,9,0.445,1,-0.05,-0.7423581,0
56,10,0.433,1,-0.05,-4.844973,0
56,11,0.423,1,-0.05,-7.8131046,0
56,12,0.294,0,1.0,-9.833253,0
56,13,0.228,1,-0.05,-10.263792,0
56,14,0.171,2,-100.0,-9.542567,0
57,0,0.686,2,-0.05,2.235676,0
57,1,0.710,0,1.0,1.8076075,0
57,2,0.652,0,1.0,1.6419375,0
57,3,0.615,2,-0.05,1.0864532,0
57,4,0.612,2,-0.05,0.55584824,0
57,5,0.592,1,-0.05,-2.2431412,0
57,6,0.572,1,-0.05,-0.78683925,0
57,7,0.548,2,-0.05,1.122029,0
57,8,0.550,2,-0.05,-0.5639335,0
57,9,0.534,2,-0.05,-2.0481124,0
57,10,0.447,0,1.0,-7.5506415,0
57,11,0.361,2,-0.05,-14.15959,0
57,12,0.338,2,-0.05,-16.829912,0
57,13,0.308,1,-0.05,-15.404597,0
57,14,0.273,2,-0.05,-17.024612,0
57,15,0.241,2,-0.05,-15.20614,0
57,16,0.216,2,-0.05,-10.840231,0
57,17,0.171,2,-100.0,-6.654377,0
58,0,0.685,2,-0.05,2.0665061,0
58,1,0.717,2,-0.05,1.9814024,0
58,2,0.698,1,-0.05,1.6997001,0
58,3,0.691,1,-0.05,0.96906996,0
58,4,0.691,1,-0.05,1.7793564,0
58,5,0.690,1,-0.05,1.2942804,0
58,6,0.664,2,-0.05,-0.0151335,0
58,7,0.643,0,1.0,1.3448253,0
58,8,0.638,1,-0.05,1.3291924,0
58,9,0.629,2,-0.05,1.5720453,0
58,10,0.634,2,-0.05,0.9402088,0
58,11,0.649,2,-0.05,2.245669,0
58,12,0.719,0,1.0,1.5369583,0
58,13,0.698,2,-0.05,1.807078,0
58,14,0.628,0,1.0,0.7346602,0
58,15,0.528,0,1.0,-0.2843902,0
58,16,0.474,1,-0.05,-1.2020712,0
58,17,0.410,0,1.0,-0.124293566,0
58,18,0.373,1,-0.05,-0.68553734,0
58,19,0.345,0,1.0,0.0230093,0
58,20,0.308,0,1.0,0.42252135,0
58,21,0.266,2,-0.05,0.47485495,0
58,22,0.274,1,-0.05,-0.21899915,0
58,23,0.272,2,-0.05,0.5016712,0
58,24,0.265,2,-0.05,-0.0754503,0
58,25,0.194,0,-100.0,-2.2741327,0
59,0,0.667,0,1.0,2.003643,0
59,1,0.662,0,1.0,1.8263401,0
59,2,0.674,0,1.0,1.3704495,0
59,3,0.676,0,1.0,1.4519433,0
59,4,0.662,1,-0.05,0.96644014,0
59,5,0.639,0,1.0,1.1473622,0
59,6,0.624,2,-0.05,1.0162196,0
59,7,0.621,0,1.0,0.17125481,0
59,8,0.634,0,1.0,-0.12400329,0
59,9,0.622,1,-0.05,1.37053,0
59,10,0.623,2,-0.05,1.0638535,0
59,11,0.625,1,-0.05,1.1920083,0
59,12,0.624,1,-0.05,-0.18472707,0
59,13,0.618,1,-0.05,-0.6156417,0
59,14,0.611,1,-0.05,-3.6380043,0
59,15,0.576,1,-0.05,-6.5008097,0
59,16,0.554,2,-0.05,-11.6419735,0
59,17,0.468,0,1.0,-8.658574,0
59,18,0.414,2,-0.05,-7.4885664,0
59,19,0.378,2,-0.05,-7.1476173,0
59,20,0.369,2,-0.05,-2.6081471,0
59,21,0.356,0,1.0,-1.3164682,0
59,22,0.346,2,-0.05,-0.47006255,0
59,23,0.373,0,1.0,-0.60252446,0
59,24,0.373,2,-0.05,0.63319254,0
59,25,0.429,0,1.0,1.6551304,0
59,26,0.509,2,-0.05,2.975379,0
59,27,0.584,0,1.0,2.3160472,0
59,28,0.611,1,-0.05,1.3179755,0
59,29,0.654,2,-0.05,0.748687,0
59,30,0.828,2,-0.05,1.1209065,0
59,31,0.806,2,-0.05,-3.3348358,0
59,32,0.786,2,-0.05,-5.010981,0
59,33,0.758,2,-0.05,-4.028141,0
59,34,0.722,1,-0.05,-6.118181,0
59,35,0.705,2,-0.05,-4.7821226,0
59,36,0.644,1,-0.05,-5.7109914,0
59,37,0.505,0,1.0,-3.912454,0
59,38,0.453,2,-0.05,-2.6899323,0
59,39,0.343,0,1.0,-3.5687933,0
59,40,0.160,0,-100.0,-4.2525363,0
60,0,0.670,0,1.0,1.5826128,0
60,1,0.672,0,1.0,1.3849732,0
60,2,0.670,1,-0.05,1.2511352,0
60,3,0.659,1,-0.05,0.2387597,0
60,4,0.617,0,1.0,0.57387173,0
60,5,0.583,2,-0.05,-0.1856358,0
60,6,0.527,0,1.0,-0.28400427,0
60,7,0.496,0,1.0,0.8359035,0
60,8,0.481,1,-0.05,0.25125086,0
60,9,0.462,2,-0.05,0.39325,0
60,10,0.451,0,1.0,0.9950111,0
60,11,0.453,2,-0.05,0.7898757,0
60,12,0.480,0,1.0,1.0736266,0
60,13,0.496,0,1.0,1.9969587,0
60,14,0.539,0,1.0,1.819385,0
60,15,0.557,0,1.0,1.891229,0
60,16,0.568,2,-0.05,0.7789882,0
60,17,0.591,2,-0.05,1.8342495,0
60,18,0.741,0,1.0,2.2139094,0
60,19,0.694,0,1.0,1.0736008,0
60,20,0.632,2,-0.05,-1.8994999,0
60,21,0.630,2,-0.05,-2.5080562,0
60,22,0.595,1,-0.05,-3.9432824,0
60,23,0.557,2,-0.05,-4.6243763,0
60,24,0.465,0,1.0,-4.9353266,0
60,25,0.378,2,-0.05,-6.0578504,0
60,26,0.243,0,1.0,-7.2076893,0
60,27,0.177,2,-100.0,-9.207605,0
61,0,0.668,0,1.0,1.3336767,0
61,1,0.654,2,-0.05,0.81780064,0
61,2,0.715,2,-0.05,-0.26898897,0
61,3,0.708,1,-0.05,0.87857926,0
61,4,0.710,2,-0.05,-0.06861055,0
61,5,0.719,2,-0.05,0.45861262,0
61,6,0.700,2,-0.05,2.6801133,0
61,7,0.678,1,-0.05,1.932348,0
61,8,0.656,2,-0.05,3.370664,0
61,9,0.627,1,-0.05,1.3323364,0
61,10,0.614,2,-0.05,3.7104127,0
61,11,0.599,1,-0.05,2.1100204,0
61,12,0.568,1,-0.05,2.6386645,0
61,13,0.547,1,-0.05,1.8475492,0
61,14,0.534,0,1.0,-0.35543692,0
61,15,0.522,1,-0.05,-0.3344289,0
61,16,0.549,1,-0.05,1.1290864,0
61,17,0.597,0,1.0,0.32799345,0
61,18,0.671,0,1.0,1.4219481,0
61,19,0.681,2,-0.05,0.97073704,0
61,20,0.676,0,1.0,1.9165086,0
61,21,0.706,0,1.0,1.4521915,0
61,22,0.696,0,1.0,2.68645,0
61,23,0.681,2,-0.05,1.7798778,0
61,24,0.704,2,-0.05,1.4544582,0
61,25,0.697,0,1.0,1.4462631,0
61,26,0.660,2,-0.05,3.397831,0
61,27,0.644,2,-0.05,0.5004691,0
61,28,0.644,1,-0.05,-0.6549258,0
61,29,0.612,2,-0.05,0.9708253,0
61,30,0.611,2,-0.05,-0.39622378,0
61,31,0.579,2,-0.05,-3.0194473,0
61,32,0.559,2,-0.05,-10.621574,0
61,33,0.440,0,1.0,-15.3644085,0
61,34,0.340,1,-0.05,-17.823172,0
61,35,0.302,2,-0.05,-17.353054,0
61,36,0.274,1,-0.05,-17.61919,0
61,37,0.140,0,-100.0,-17.859459,0
62,0,0.687,2,-0.05,2.326743,0
62,1,0.708,2,-0.05,2.0261536,0
62,2,0.678,0,1.0,2.61339,0
62,3,0.645,2,-0.05,1.8691123,0
62,4,0.624,1,-0.05,3.1036925,0
62,5,0.617,1,-0.05,1.9088393,0
62,6,0.600,0,1.0,1.4186075,0
62,7,0.576,0,1.0,0.15754916,0
62,8,0.545,0,1.0,0.7138988,0
62,9,0.542,1,-0.05,0.31479293,0
62,10,0.513,2,-0.05,2.4267154,0
62,11,0.525,1,-0.05,-0.12567347,0
62,12,0.540,0,1.0,0.5864541,0
62,13,0.577,0,1.0,0.23210287,0
62,14,0.596,1,-0.05,0.41547972,0
62,15,0.574,2,-0.05,1.0671861,0
62,16,0.585,0,1.0,0.96666795,0
62,17,0.582,1,-0.05,0.5963623,0
62,18,0.620,0,1.0,0.61695963,0
62,19,0.637,0,1.0,-0.39549136,0
62,20,0.681,1,-0.05,0.9326038,0
62,21,0.663,2,-0.05,-0.25307375,0
62,22,0.671,0,1.0,1.4936776,0
62,23,0.683,1,-0.05,0.6694374,0
62,24,0.717,0,1.0,-0.6145128,0
62,25,0.692,2,-0.05,0.791393,0
62,26,0.699,2,-0.05,1.3867036,0
62,27,0.717,2,-0.05,1.0524598,0
62,28,0.698,1,-0.05,2.845031,0
62,29,0.702,2,-0.05,0.6487406,0
62,30,0.645,0,1.0,2.9077194,0
62,31,0.563,0,1.0,0.40472293,0
62,32,0.538,1,-0.05,1.2641323,0
62,33,0.542,0,1.0,-0.34826803,0
62,34,0.976,0,1.0,-5.251073,0
62,35,0.913,0,1.0,-11.889647,0
62,36,0.824,2,-0.05,-15.969992,0
62,37,0.777,1,-0.05,-17.395632,0
62,38,0.767,2,-0.05,-16.083817,0
62,39,0.739,1,-0.05,-17.897015,0
62,40,0.573,0,1.0,-16.941359,0
62,41,0.500,2,-0.05,-15.778702,0
62,42,0.452,1,-0.05,-16.164684,0
62,43,0.426,1,-0.05,-13.886324,0
62,44,0.395,2,-0.05,-8.9630785,0
62,45,0.365,2,-0.05,-12.514045,0
62,46,0.211,0,1.0,-15.797369,0
62,47,0.123,0,-100.0,-12.985259,0
63,0,0.667,0,1.0,2.6299605,0
63,1,0.662,0,1.0,2.282143,0
63,2,0.685,2,-0.05,2.665671,0
63,3,0.713,0,1.0,0.75609845,0
63,4,0.702,1,-0.05,1.422513,0
63,5,0.689,0,1.0,2.0476296,0
63,6,0.692,0,1.0,1.3709116,0
63,7,0.678,1,-0.05,1.1613845,0
63,8,0.708,0,1.0,1.5108626,0
63,9,0.659,0,1.0,1.8900547,0
63,10,0.633,0,1.0,-0.13199586,0
63,11,0.622,2,-0.05,0.84941584,0
63,12,0.627,0,1.0,0.65422225,0
63,13,0.624,0,1.0,2.5011332,0
63,14,0.627,2,-0.05,1.9171852,0
63,15,0.672,2,-0.05,3.601746,0
63,16,0.753,2,-0.05,3.3922572,0
63,17,0.702,1,-0.05,2.332427,0
63,18,0.673,1,-0.05,3.17224,0
63,19,0.678,0,1.0,2.6679688,0
63,20,0.696,0,1.0,1.629124,0
63,21,0.701,1,-0.05,1.052562,0
63,22,0.712,2,-0.05,1.1939585,0
63,23,0.706,2,-0.05,0.016184181,0
63,24,0.665,0,1.0,2.2205703,0
63,25,0.562,0,1.0,1.1605487,0
63,26,0.490,0,1.0,1.2464308,0
63,27,0.478,2,-0.05,-0.26063776,0
63,28,0.488,1,-0.05,-0.9478502,0
63,29,0.487,2,-0.05,-1.3994083,0
63,30,0.517,0,1.0,-0.6924834,0
63,31,0.576,2,-0.05,-0.5254109,0
63,32,0.520,2,-0.05,-0.07539773,0
63,33,0.517,2,-0.05,-0.080638975,0
63,34,0.547,1,-0.05,2.3721619,0
63,35,0.529,2,-0.05,0.28144932,0
63,36,0.504,2,-0.05,1.1483171,0
63,37,0.512,0,1.0,0.728205,0
63,38,0.531,0,1.0,0.6578814,0
63,39,0.549,0,1.0,0.66793156,0
63,40,0.584,1,-0.05,-0.6663135,0
63,41,0.578,2,-0.05,0.62787193,0
63,42,0.615,1,-0.05,0.5312303,0
63,43,0.707,0,1.0,1.5119997,0
63,44,0.683,0,1.0,-0.57182825,0
63,45,0.658,2,-0.05,-0.17331624,0
63,46,0.642,2,-0.05,-0.27892786,0
63,47,0.643,1,-0.05,0.5696907,0
63,48,0.588,0,1.0,0.95076996,0
63,49,0.547,2,-0.05,0.6617744,0
63,50,0.539,2,-0.05,0.6049565,0
63,51,0.541,2,-0.05,1.8904129,0
63,52,0.570,0,1.0,2.659968,0
63,53,0.581,1,-0.05,3.1739244,0
63,54,0.589,0,1.0,2.2524745,0
63,55,0.575,2,-0.05,0.6950789,0
63,56,0.600,2,-0.05,1.3607087,0
63,57,0.692,0,1.0,3.5156856,0
63,58,0.709,0,1.0,3.3052855,0
63,59,0.644,0,1.0,3.5378447,0
63,60,0.606,1,-0.05,1.7250804,0
63,61,0.588,2,-0.05,1.6913421,0
63,62,0.582,2,-0.05,2.315158,0
63,63,0.566,1,-0.05,0.23442602,0
63,64,0.540,2,-0.05,1.2898066,0
63,65,0.543,2,-0.05,0.761767,0
63,66,0.444,0,1.0,-1.1076868,0
63,67,0.422,1,-0.05,0.45313513,0
63,68,0.395,2,-0.05,-0.5598273,0
63,69,0.393,1,-0.05,0.95283514,0
63,70,0.387,2,-0.05,-0.48672515,0
63,71,0.395,1,-0.05,1.6395289,0
63,72,0.365,2,-0.05,-0.21709633,0
63,73,0.431,0,1.0,2.5433521,0
63,74,0.521,0,1.0,2.3954859,0
63,75,0.682,0,1.0,2.2790024,0
63,76,0.734,0,1.0,2.079441,0
63,77,0.690,2,-0.05,1.3771057,0
63,78,0.632,0,1.0,0.7273208,0
63,79,0.607,2,-0.05,0.08753282,0
63,80,0.594,1,-0.05,1.440255,0
63,81,0.595,1,-0.05,0.017856121,0
63,82,0.499,0,1.0,-0.41169965,0
63,83,0.455,2,-0.05,-0.57909036,0
63,84,0.449,1,-0.05,-0.8671112,0
63,85,0.415,2,-0.05,-2.6179237,0
63,86,0.347,0,1.0,-0.85340476,0
63,87,0.304,2,-0.05,-0.49875855,0
63,88,0.288,2,-0.05,-0.1753962,0
63,89,0.285,1,-0.05,-0.495991,0
63,90,0.282,1,-0.05,-0.49421597,0
63,91,0.266,2,-0.05,-1.5943401,0
63,92,0.251,1,-0.05,-0.47074044,0
63,93,0.252,2,-0.05,-2.3044465,0
63,94,0.230,2,-0.05,-0.5348729,0
63,95,0.220,2,-0.05,0.07182264,0
63,96,0.238,2,-0.05,-0.30386037,0
63,97,0.310,0,1.0,1.2873955,0
63,98,0.342,2,-0.05,6.059968,0
63,99,0.327,1,-0.05,3.8195934,0
63,100,0.381,2,-0.05,5.7916765,0
63,101,0.451,2,-0.05,1.5744251,0
63,102,0.967,0,1.0,-2.1409745,0
63,103,0.907,2,-0.05,-4.699593,0
63,104,0.878,1,-0.05,-4.313814,0
63,105,0.841,2,-0.05,-5.4021306,0
63,106,0.835,1,-0.05,-5.411897,0
63,107,0.805,2,-0.05,-5.6700068,0
63,108,0.778,2,-0.05,-5.5410213,0
63,109,0.778,2,-0.05,-4.919608,0
63,110,0.735,1,-0.05,-6.574233,0
63,111,0.703,2,-0.05,-4.7923107,0
63,112,0.668,1,-0.05,-6.34437,0
63,113,0.642,2,-0.05,-5.6380672,0
63,114,0.592,2,-0.05,-7.028181,0
63,115,0.585,1,-0.05,-14.019271,0
63,116,0.534,2,-0.05,-9.632209,0
63,117,0.496,2,-0.05,-14.857167,0
63,118,0.475,2,-0.05,-15.998669,0
63,119,0.429,1,-0.05,-18.143986,0
63,120,0.415,1,-0.05,-16.376934,0
63,121,0.375,2,-0.05,-16.120947,0
63,122,0.265,0,1.0,-17.871614,0
63,123,0.169,1,-100.0,-15.481644,0
64,0,0.666,0,1.0,1.9103398,0
64,1,0.647,1,-0.05,1.5771464,0
64,2,0.625,0,1.0,0.1326946,0
64,3,0.579,0,1.0,0.33467615,0
64,4,0.547,0,1.0,0.28445774,0
64,5,0.496,0,1.0,1.0610509,0
64,6,0.475,1,-0.05,0.18028761,0
64,7,0.470,1,-0.05,-0.31189656,0
64,8,0.392,0,1.0,-1.1836514,0
64,9,0.347,1,-0.05,-9.076665,0
64,10,0.214,0,1.0,-13.144326,0
64,11,0.182,1,-100.0,-21.473795,0
65,0,0.666,0,1.0,2.400242,0
65,1,0.656,0,1.0,1.5772221,0
65,2,0.647,0,1.0,1.2941757,0
65,3,0.634,1,-0.05,1.5829278,0
65,4,0.612,0,1.0,1.060372,0
65,5,0.587,1,-0.05,0.12915584,0
65,6,0.588,2,-0.05,-0.8446127,0
65,7,0.582,2,-0.05,0.16688892,0
65,8,0.598,0,1.0,1.5978569,0
65,9,0.607,2,-0.05,3.6230047,0
65,10,0.603,1,-0.05,2.7147892,0
65,11,0.645,2,-0.05,2.0738482,0
65,12,0.696,0,1.0,0.979489,0
65,13,0.704,1,-0.05,3.2702518,0
65,14,0.689,1,-0.05,1.7522006,0
65,15,0.684,0,1.0,1.9591097,0
65,16,0.683,2,-0.05,2.427155,0
65,17,0.690,1,-0.05,1.2709692,0
65,18,0.668,2,-0.05,1.441037,0
65,19,0.705,0,1.0,0.8134155,0
65,20,0.678,0,1.0,1.4303292,0
65,21,0.643,0,1.0,2.6018515,0
65,22,0.642,2,-0.05,2.0737526,0
65,23,0.586,0,1.0,2.9919572,0
65,24,0.559,1,-0.05,2.3619204,0
65,25,0.560,2,-0.05,2.708287,0
65,26,0.481,0,1.0,2.388777,0
65,27,0.444,1,-0.05,-0.44405687,0
65,28,0.404,0,1.0,0.3230545,0
65,29,0.382,2,-0.05,0.08247301,0
65,30,0.370,2,-0.05,-0.7933185,0
65,31,0.292,0,1.0,-0.688666,0
65,32,0.229,1,-0.05,-1.7443073,0
65,33,0.226,1,-0.05,0.7352935,0
65,34,0.225,2,-0.05,0.046085835,0
65,35,0.242,2,-0.05,-0.9743922,0
65,36,0.299,1,-0.05,-0.2193234,0
65,37,0.489,1,-0.05,0.2968235,0
65,38,0.466,2,-0.05,0.031905174,0
65,39,0.389,2,-0.05,-0.34986258,0
65,40,0.354,2,-0.05,0.9391691,0
65,41,0.333,2,-0.05,-0.23563683,0
65,42,0.387,0,1.0,1.8519552,0
65,43,0.418,1,-0.05,1.9305234,0
65,44,0.550,0,1.0,2.0736618,0
65,45,0.646,1,-0.05,-0.20788032,0
65,46,0.817,0,1.0,-0.029592156,0
65,47,0.748,1,-0.05,0.43790436,0
65,48,0.656,0,1.0,-3.6398373,0
65,49,0.595,2,-0.05,-9.293091,0
65,50,0.467,0,1.0,-8.4570875,0
65,51,0.414,2,-0.05,-8.848845,0
65,52,0.342,0,1.0,-7.246747,0
65,53,0.275,2,-0.05,-7.9277864,0
65,54,0.251,2,-0.05,-5.3086805,0
65,55,0.232,0,1.0,0.37652707,0
65,56,0.203,2,-0.05,1.2336042,0
65,57,0.204,0,1.0,0.4629898,0
65,58,0.205,1,-0.05,0.7630644,0
65,59,0.182,0,-100.0,1.584421,0
66,0,0.662,0,1.0,1.4418625,0
66,1,0.665,0,1.0,1.8369712,0
66,2,0.668,2,-0.05,2.077475,0
66,3,0.709,0,1.0,2.0233252,0
66,4,0.676,0,1.0,-0.2402333,0
66,5,0.661,2,-0.05,-0.91774595,0
66,6,0.597,0,1.0,-0.004186839,0
66,7,0.514,0,1.0,1.2830232,0
66,8,0.457,0,1.0,-0.06680079,0
66,9,0.423,2,-0.05,-0.11792052,0
66,10,0.405,2,-0.05,-1.002173,0
66,11,0.316,0,1.0,-2.5124393,0
66,12,0.247,2,-0.05,-8.1051655,0
66,13,0.124,0,-100.0,-17.33414,0
67,0,0.662,0,1.0,1.599576,0
67,1,0.646,0,1.0,2.2186184,0
67,2,0.653,2,-0.05,1.1316248,0
67,3,0.699,2,-0.05,0.9006537,0
67,4,0.733,2,-0.05,1.1969409,0
67,5,0.642,0,1.0,2.3578086,0
67,6,0.616,2,-0.05,1.12026,0
67,7,0.601,2,-0.05,1.4555838,0
67,8,0.573,2,-0.05,-4.702972,0
67,9,0.426,0,1.0,-15.104871,0
67,10,0.344,1,-0.05,-26.714813,0
67,11,0.315,2,-0.05,-27.543266,0
67,12,0.282,1,-0.05,-30.345943,0
67,13,0.268,2,-0.05,-28.872211,0
67,14,0.222,2,-0.05,-30.279676,0
67,15,0.120,0,-100.0,-22.088573,0
68,0,0.667,0,1.0,2.0662162,0
68,1,0.669,0,1.0,2.7086382,0
68,2,0.666,0,1.0,1.2174937,0
68,3,0.676,0,1.0,0.10119414,0
68,4,0.685,2,-0.05,0.8977015,0
68,5,0.707,2,-0.05,0.8330343,0
68,6,0.694,0,1.0,0.8926852,0
68,7,0.640,2,-0.05,1.7107663,0
68,8,0.635,2,-0.05,1.2643335,0
68,9,0.627,1,-0.05,2.1514158,0
68,10,0.590,2,-0.05,2.584812,0
68,11,0.577,1,-0.05,2.2728128,0
68,12,0.544,2,-0.05,2.4250658,0
68,13,0.535,1,-0.05,2.5290713,0
68,14,0.516,2,-0.05,2.550832,0
68,15,0.485,1,-0.05,2.4556289,0
68,16,0.478,2,-0.05,1.4993246,0
68,17,0.452,2,-0.05,-0.13690567,0
68,18,0.423,2,-0.05,-8.718301,0
68,19,0.403,2,-0.05,-23.515535,0
68,20,0.290,0,1.0,-27.405632,0
68,21,0.120,0,-100.0,-24.676455,0
69,0,0.683,2,-0.05,0.84895444,0
69,1,0.711,0,1.0,-0.69970745,0
69,2,0.694,2,-0.05,-0.04656875,0
69,3,0.621,0,1.0,1.6700503,0
69,4,0.589,2,-0.05,1.2072233,0
69,5,0.521,0,1.0,1.1861838,0
69,6,0.469,2,-0.05,1.6641879,0
69,7,0.440,1,-0.05,-2.0289984,0
69,8,0.420,2,-0.05,0.43245578,0
69,9,0.387,1,-0.05,-1.4812145,0
69,10,0.368,2,-0.05,-0.35640144,0
69,11,0.362,2,-0.05,-4.261537,0
69,12,0.321,1,-0.05,-16.613918,0
69,13,0.316,2,-0.05,-9.147143,0
69,14,0.285,2,-0.05,-19.361937,0
69,15,0.247,2,-0.05,-28.300434,0
69,16,0.212,1,-0.05,-26.562948,0
69,17,0.191,1,-100.0,-31.26662,0
70,0,0.659,0,1.0,0.84642273,0
70,1,0.663,2,-0.05,-0.6146115,0
70,2,0.649,1,-0.05,-0.08753538,0
70,3,0.656,1,-0.05,0.13551307,0
70,4,0.655,1,-0.05,-0.70537764,0
70,5,0.640,2,-0.05,-0.2741599,0
70,6,0.618,2,-0.05,-0.6430619,0
70,7,0.615,2,-0.05,0.7788563,0
70,8,0.639,0,1.0,1.15324,0
70,9,0.634,1,-0.05,-0.5566821,0
70,10,0.657,1,-0.05,1.5667756,0
70,11,0.650,1,-0.05,0.39414376,0
70,12,0.637,2,-0.05,-0.43395948,0
70,13,0.633,2,-0.05,0.6345215,0
70,14,0.636,1,-0.05,0.51980186,0
70,15,0.629,2,-0.05,0.39028552,0
70,16,0.621,1,-0.05,0.6894865,0
70,17,0.587,0,1.0,1.0481608,0
70,18,0.547,0,1.0,0.358541,0
70,19,0.528,1,-0.05,0.47099972,0
70,20,0.489,0,1.0,0.020543933,0
70,21,0.429,1,-0.05,0.5185554,0
70,22,0.354,0,1.0,0.7384057,0
70,23,0.304,2,-0.05,-6.364003,0
70,24,0.259,2,-0.05,-7.238043,0
70,25,0.257,2,-0.05,1.3854711,0
70,26,0.243,2,-0.05,-0.19605577,0
70,27,0.269,0,1.0,0.302113,0
70,28,0.292,0,1.0,-0.39359534,0
70,29,0.297,1,-0.05,1.0681852,0
70,30,0.283,2,-0.05,-0.20261753,0
70,31,0.312,2,-0.05,1.2480458,0
70,32,0.316,1,-0.05,1.7891804,0
70,33,0.343,0,1.0,1.0234361,0
70,34,0.342,2,-0.05,0.13750607,0
70,35,0.401,0,1.0,0.5811228,0
70,36,0.420,1,-0.05,2.7691321,0
70,37,0.429,0,1.0,1.207103,0
70,38,0.443,0,1.0,2.4808927,0
70,39,0.450,1,-0.05,1.4648955,0
70,40,0.459,2,-0.05,0.20849407,0
70,41,0.465,1,-0.05,-0.02692151,0
70,42,0.484,2,-0.05,0.29337978,0
70,43,0.476,1,-0.05,1.0615513,0
70,44,0.475,2,-0.05,-0.20505571,0
70,45,0.500,2,-0.05,1.357797,0
70,46,0.618,0,1.0,1.5731183,0
70,47,0.673,2,-0.05,1.8476768,0
70,48,0.817,0,1.0,1.5185049,0
70,49,0.835,0,1.0,1.3507328,0
70,50,0.784,2,-0.05,1.2160435,0
70,51,0.758,1,-0.05,1.4520245,0
70,52,0.731,1,-0.05,0.30738306,0
70,53,0.607,0,1.0,-6.392487,0
70,54,0.520,1,-0.05,-14.8481455,0
70,55,0.469,2,-0.05,-18.24703,0
70,56,0.453,2,-0.05,-20.81294,0
70,57,0.420,2,-0.05,-16.39336,0
70,58,0.374,2,-0.05,-12.503836,0
70,59,0.363,1,-0.05,-3.301175,0
70,60,0.353,2,-0.05,-10.088595,0
70,61,0.326,2,-0.05,-5.882803,0
70,62,0.313,2,-0.05,-0.0765121,0
70,63,0.304,2,-0.05,-1.057427,0
70,64,0.302,0,1.0,-1.0330166,0
70,65,0.324,1,-0.05,-0.79344094,0
70,66,0.320,1,-0.05,1.8443849,0
70,67,0.298,0,1.0,-0.45903337,0
70,68,0.253,1,-0.05,-0.5972165,0
70,69,0.240,2,-0.05,-1.2042446,0
70,70,0.227,0,1.0,-0.5475943,0
70,71,0.217,1,-0.05,-0.06645271,0
70,72,0.194,2,-100.0,0.9534632,0
71,0,0.668,0,1.0,0.49028888,0
71,1,0.668,1,-0.05,0.20624709,0
71,2,0.670,2,-0.05,-0.14599848,0
71,3,0.706,0,1.0,0.5242207,0
71,4,0.700,2,-0.05,0.07044138,0
71,5,0.665,0,1.0,1.0881479,0
71,6,0.644,2,-0.05,2.3231342,0
71,7,0.552,0,1.0,2.4601738,0
71,8,0.514,2,-0.05,1.723839,0
71,9,0.488,2,-0.05,1.5406721,0
71,10,0.465,1,-0.05,-6.52133,0
71,11,0.388,0,1.0,-0.37878942,0
71,12,0.320,1,-0.05,-0.7099409,0
71,13,0.318,2,-0.05,0.72316957,0
71,14,0.286,1,-0.05,-2.428938,0
71,15,0.265,1,-0.05,-1.3854704,0
71,16,0.260,1,-0.05,-0.41764116,0
71,17,0.254,2,-0.05,-0.15064645,0
71,18,0.247,2,-0.05,-1.6425099,0
71,19,0.227,1,-0.05,-1.9543786,0
71,20,0.220,2,-0.05,-1.8291614,0
71,21,0.206,1,-0.05,-2.3787923,0
71,22,0.200,2,-0.05,-0.78253436,0
71,23,0.190,2,-100.0,-2.4554615,0
72,0,0.685,2,-0.05,0.3691752,0
72,1,0.709,0,1.0,-0.2869809,0
72,2,0.662,0,1.0,0.8508787,0
72,3,0.626,2,-0.05,0.2219809,0
72,4,0.568,0,1.0,2.1673694,0
72,5,0.494,0,1.0,1.4525837,0
72,6,0.454,2,-0.05,1.102006,0
72,7,0.437,2,-0.05,1.9909884,0
72,8,0.421,2,-0.05,-0.405262,0
72,9,0.397,1,-0.05,-10.323743,0
72,10,0.374,2,-0.05,-6.167843,0
72,11,0.332,1,-0.05,-11.049777,0
72,12,0.313,2,-0.05,-7.444476,0
72,13,0.281,2,-0.05,-15.704774,0
72,14,0.255,1,-0.05,-29.978994,0
72,15,0.236,2,-0.05,-25.41336,0
72,16,0.198,2,-100.0,-30.588064,0
73,0,0.671,0,1.0,0.8814741,0
73,1,0.669,0,1.0,1.1808554,0
73,2,0.678,1,-0.05,0.76176804,0
73,3,0.662,0,1.0,1.4569622,0
73,4,0.638,0,1.0,1.7496619,0
73,5,0.596,0,1.0,1.573987,0
73,6,0.583,1,-0.05,2.3554745,0
73,7,0.563,2,-0.05,1.3841352,0
73,8,0.555,1,-0.05,0.7224829,0
73,9,0.528,0,1.0,0.37850183,0
73,10,0.503,1,-0.05,-0.026922703,0
73,11,0.479,2,-0.05,0.13211322,0
73,12,0.444,0,1.0,-0.675815,0
73,13,0.411,2,-0.05,-0.7239288,0
73,14,0.403,0,1.0,0.5170084,0
73,15,0.401,1,-0.05,-0.63652885,0
73,16,0.389,1,-0.05,-1.0052757,0
73,17,0.390,1,-0.05,-0.38549066,0
73,18,0.354,2,-0.05,-2.103907,0
73,19,0.348,2,-0.05,-0.36077428,0
73,20,0.349,2,-0.05,-1.3008482,0
73,21,0.347,2,-0.05,-0.5526774,0
73,22,0.375,2,-0.05,0.31532037,0
73,23,0.458,0,1.0,0.70703,0
73,24,0.487,1,-0.05,4.8714886,0
73,25,0.518,0,1.0,3.0928373,0
73,26,0.540,1,-0.05,2.0591662,0
73,27,0.551,0,1.0,2.2895894,0
73,28,0.560,0,1.0,-0.12272471,0
73,29,0.573,0,1.0,2.133562,0
73,30,0.567,1,-0.05,0.17815991,0
73,31,0.590,1,-0.05,0.0024473667,0
73,32,0.548,0,1.0,-1.2366133,0
73,33,0.480,0,1.0,-1.2150366,0
73,34,0.466,1,-0.05,-1.430615,0
73,35,0.452,1,-0.05,-0.701208,0
73,36,0.379,0,1.0,-0.71099555,0
73,37,0.295,2,-0.05,-0.61840093,0
73,38,0.233,0,1.0,-0.71032476,0
73,39,0.176,2,-100.0,-0.74801755,0
74,0,0.665,1,-0.05,0.6499853,0
74,1,0.662,2,-0.05,0.51361585,0
74,2,0.683,2,-0.05,1.5339855,0
74,3,0.712,0,1.0,0.24298537,0
74,4,0.656,0,1.0,0.9608041,0
74,5,0.588,0,1.0,0.98401856,0
74,6,0.580,1,-0.05,1.2386711,0
74,7,0.569,2,-0.05,0.19533728,0
74,8,0.568,2,-0.05,0.99131244,0
74,9,0.543,2,-0.05,1.374363,0
74,10,0.536,2,-0.05,2.1913095,0
74,11,0.496,2,-0.05,-6.991332,0
74,12,0.471,2,-0.05,-22.463863,0
74,13,0.454,1,-0.05,-29.729355,0
74,14,0.292,0,1.0,-26.259403,0
74,15,0.230,2,-0.05,-30.775658,0
74,16,0.195,1,-100.0,-34.805054,0
75,0,0.660,1,-0.05,0.888539,0
75,1,0.632,0,1.0,0.8061549,0
75,2,0.596,2,-0.05,1.2452738,0
75,3,0.599,2,-0.05,1.0254799,0
75,4,0.602,2,-0.05,1.6167057,0
75,5,0.676,0,1.0,0.11592081,0
75,6,0.729,2,-0.05,-0.18028596,0
75,7,0.682,0,1.0,2.6030283,0
75,8,0.603,0,1.0,3.3410623,0
75,9,0.486,0,1.0,2.1479008,0
75,10,0.432,2,-0.05,1.4344234,0
75,11,0.416,1,-0.05,1.0726463,0
75,12,0.414,2,-0.05,0.5278578,0
75,13,0.328,0,1.0,1.2040242,0
75,14,0.285,2,-0.05,-0.13260221,0
75,15,0.206,0,1.0,-5.075952,0
75,16,0.120,1,-100.0,-18.139908,0
76,0,0.666,0,1.0,1.1326747,0
76,1,0.657,2,-0.05,1.0301538,0
76,2,0.694,0,1.0,0.20646131,0
76,3,0.691,0,1.0,-0.46574944,0
76,4,0.687,2,-0.05,-0.7690072,0
76,5,0.676,2,-0.05,-0.6027795,0
76,6,0.610,0,1.0,1.7162623,0
76,7,0.473,0,1.0,0.73150444,0
76,8,0.442,2,-0.05,0.7287152,0
76,9,0.318,0,1.0,0.566056,0
76,10,0.259,2,-0.05,-8.292982,0
76,11,0.242,2,-0.05,-19.37789,0
76,12,0.199,1,-100.0,-32.420002,0
77,0,0.668,2,-0.05,1.8482544,0
77,1,0.707,0,1.0,0.2550063,0
77,2,0.685,0,1.0,0.108487695,0
77,3,0.646,0,1.0,0.45122734,0
77,4,0.605,2,-0.05,0.5237919,0
77,5,0.610,2,-0.05,-0.03725195,0
77,6,0.592,2,-0.05,1.762179,0
77,7,0.583,2,-0.05,2.1165838,0
77,8,0.474,0,1.0,-5.7226324,0
77,9,0.377,2,-0.05,-15.020203,0
77,10,0.346,2,-0.05,-27.911793,0
77,11,0.325,2,-0.05,-32.028294,0
77,12,0.278,1,-0.05,-28.776134,0
77,13,0.250,1,-0.05,-29.889524,0
77,14,0.210,1,-0.05,-35.561066,0
77,15,0.186,2,-100.0,-28.128546,0
78,0,0.671,0,1.0,1.2140727,0
78,1,0.691,2,-0.05,1.4521602,0
78,2,0.711,0,1.0,0.08833319,0
78,3,0.662,0,1.0,0.78493273,0
78,4,0.645,2,-0.05,0.806167,0
78,5,0.644,2,-0.05,-0.22250062,0
78,6,0.629,2,-0.05,-0.23966914,0
78,7,0.507,0,1.0,0.77126205,0
78,8,0.454,2,-0.05,-2.6597404,0
78,9,0.428,2,-0.05,-10.124741,0
78,10,0.409,2,-0.05,-22.01572,0
78,11,0.371,2,-0.05,-28.484665,0
78,12,0.351,2,-0.05,-27.688818,0
78,13,0.313,2,-0.05,-19.986307,0
78,14,0.276,1,-0.05,-20.999926,0
78,15,0.246,2,-0.05,-19.517778,0
78,16,0.206,1,-0.05,-21.573812,0
78,17,0.120,0,-100.0,-18.865705,0
79,0,0.695,0,1.0,1.0531738,0
79,1,0.697,2,-0.05,-0.05722922,0
79,2,0.697,1,-0.05,-0.5718787,0
79,3,0.691,1,-0.05,-0.2126146,0
79,4,0.688,1,-0.05,0.41315955,0
79,5,0.686,1,-0.05,0.7449788,0
79,6,0.661,2,-0.05,-1.4315474,0
79,7,0.619,0,1.0,0.6141061,0
79,8,0.559,0,1.0,0.34263897,0
79,9,0.536,2,-0.05,0.72069097,0
79,10,0.536,1,-0.05,0.8968837,0
79,11,0.522,2,-0.05,0.04230988,0
79,12,0.502,0,1.0,1.1425948,0
79,13,0.488,2,-0.05,1.257479,0
79,14,0.496,1,-0.05,1.4351859,0
79,15,0.460,0,1.0,0.6861823,0
79,16,0.431,0,1.0,-0.27794313,0
79,17,0.388,2,-0.05,-1.1961908,0
79,18,0.406,2,-0.05,-0.4987738,0
79,19,0.412,0,1.0,0.8882475,0
79,20,0.439,0,1.0,0.86554337,0
79,21,0.455,1,-0.05,0.868601,0
79,22,0.461,1,-0.05,0.27870354,0
79,23,0.432,0,1.0,0.030873418,0
79,24,0.406,2,-0.05,-0.37013113,0
79,25,0.392,0,1.0,0.057159305,0
79,26,0.393,0,1.0,0.60445344,0
79,27,0.396,2,-0.05,-0.06873667,0
79,28,0.409,0,1.0,0.13267899,0
79,29,0.444,2,-0.05,1.3093516,0
79,30,0.512,0,1.0,0.8687131,0
79,31,0.563,2,-0.05,0.9115445,0
79,32,0.680,2,-0.05,0.98975915,0
79,33,0.838,2,-0.05,-0.51672155,0
79,34,0.803,0,1.0,-0.40107906,0
79,35,0.630,0,1.0,-0.10698968,0
79,36,0.538,0,1.0,-0.5052501,0
79,37,0.524,1,-0.05,-0.5192454,0
79,38,0.515,2,-0.05,-0.68559384,0
79,39,0.524,0,1.0,0.34597796,0
79,40,0.520,2,-0.05,0.057588458,0
79,41,0.528,2,-0.05,1.0954369,0
79,42,0.522,0,1.0,1.9288428,0
79,43,0.531,0,1.0,1.2494626,0
79,44,0.532,1,-0.05,0.41806048,0
79,45,0.582,1,-0.05,0.8289897,0
79,46,0.650,0,1.0,0.35474145,0
79,47,0.730,0,1.0,0.83743685,0
79,48,0.653,0,1.0,0.20194036,0
79,49,0.571,0,1.0,0.41813463,0
79,50,0.471,0,1.0,-0.46592438,0
79,51,0.427,2,-0.05,-0.37197518,0
79,52,0.421,2,-0.05,-1.0861799,0
79,53,0.411,1,-0.05,-0.8386272,0
79,54,0.404,1,-0.05,-1.342538,0
79,55,0.331,0,1.0,-1.4730058,0
79,56,0.292,2,-0.05,-2.9681854,0
79,57,0.263,2,-0.05,-2.7064333,0
79,58,0.252,2,-0.05,0.029844522,0
79,59,0.259,2,-0.05,-0.73508537,0
79,60,0.283,2,-0.05,-0.6988683,0
79,61,0.353,0,1.0,0.38983446,0
79,62,0.364,1,-0.05,0.32889032,0
79,63,0.374,1,-0.05,-1.0557613,0
79,64,0.379,2,-0.05,-1.1572074,0
79,65,0.418,2,-0.05,0.75550926,0
79,66,0.535,0,1.0,0.48583043,0
79,67,0.652,0,1.0,0.84625924,0
79,68,0.773,2,-0.05,1.9490174,0
79,69,0.815,2,-0.05,0.10022116,0
79,70,0.787,1,-0.05,0.0711934,0
79,71,0.762,1,-0.05,-1.3887844,0
79,72,0.726,1,-0.05,-0.20022702,0
79,73,0.766,2,-0.05,-0.22294587,0
79,74,0.732,1,-0.05,0.30851603,0
79,75,0.729,2,-0.05,0.48620093,0
79,76,0.754,2,-0.05,0.043076873,0
79,77,0.680,0,1.0,0.40292725,0
79,78,0.751,0,1.0,-0.5979347,0
79,79,0.768,2,-0.05,-0.7685344,0
79,80,0.807,1,-0.05,-0.90168893,0
79,81,0.792,1,-0.05,-0.34494662,0
79,82,0.760,2,-0.05,0.10532141,0
79,83,0.726,1,-0.05,-0.35771084,0
79,84,0.701,2,-0.05,-1.6373539,0
79,85,0.667,2,-0.05,-0.61865044,0
79,86,0.578,0,1.0,-0.027877808,0
79,87,0.528,2,-0.05,-0.3818264,0
79,88,0.519,2,-0.05,-0.9667878,0
79,89,0.504,2,-0.05,0.84216356,0
79,90,0.500,2,-0.05,0.081947386,0
79,91,0.537,0,1.0,0.9611229,0
79,92,0.545,2,-0.05,3.2393606,0
79,93,0.659,0,1.0,4.8446465,0
79,94,0.701,0,1.0,4.6160183,0
79,95,0.688,1,-0.05,6.652259,0
79,96,0.662,0,1.0,4.2139893,0
79,97,0.618,0,1.0,3.550816,0
79,98,0.597,2,-0.05,5.8152943,0
79,99,0.561,0,1.0,4.887702,0
79,100,0.447,0,1.0,2.9812078,0
79,101,0.390,0,1.0,-0.14125872,0
79,102,0.333,0,1.0,-7.804819,0
79,103,0.300,1,-0.05,-15.565981,0
79,104,0.282,1,-0.05,-17.600555,0
79,105,0.283,0,1.0,-6.483129,0
79,106,0.267,2,-0.05,-3.9407277,0
79,107,0.273,2,-0.05,-14.15503,0
79,108,0.275,2,-0.05,-15.408954,0
79,109,0.200,0,-100.0,-12.396639,0
80,0,0.671,2,-0.05,1.7707981,0
80,1,0.670,1,-0.05,0.53663933,0
80,2,0.674,1,-0.05,1.0541131,0
80,3,0.667,2,-0.05,-0.15613955,0
80,4,0.674,0,1.0,-0.05579579,0
80,5,0.682,1,-0.05,0.18207371,0
80,6,0.657,0,1.0,0.7774439,0
80,7,0.649,2,-0.05,0.69947124,0
80,8,0.657,0,1.0,0.7596468,0
80,9,0.663,1,-0.05,-0.26778847,0
80,10,0.639,0,1.0,-0.6954775,0
80,11,0.622,0,1.0,-0.31573123,0
80,12,0.597,2,-0.05,-0.30016476,0
80,13,0.612,0,1.0,0.6451217,0
80,14,0.606,1,-0.05,0.4804071,0
80,15,0.595,0,1.0,0.52913725,0
80,16,0.576,2,-0.05,-0.6456416,0
80,17,0.591,2,-0.05,0.022675395,0
80,18,0.575,1,-0.05,-0.5247823,0
80,19,0.585,2,-0.05,-0.008396983,0
80,20,0.598,1,-0.05,0.76112,0
80,21,0.594,1,-0.05,1.1453688,0
80,22,0.597,1,-0.05,0.724306,0
80,23,0.527,0,1.0,0.70217466,0
80,24,0.491,2,-0.05,-0.6472348,0
80,25,0.479,1,-0.05,-0.61181974,0
80,26,0.465,2,-0.05,-0.6642077,0
80,27,0.455,1,-0.05,-0.5553149,0
80,28,0.442,1,-0.05,-0.5312164,0
80,29,0.362,0,1.0,-7.138074,0
80,30,0.271,2,-0.05,-13.32115,0
80,31,0.244,2,-0.05,-16.641779,0
80,32,0.230,2,-0.05,-18.470877,0
80,33,0.185,0,-100.0,-4.7690897,0
81,0,0.662,0,1.0,1.1709938,0
81,1,0.664,0,1.0,1.2195411,0
81,2,0.656,0,1.0,0.3437643,0
81,3,0.643,0,1.0,0.2657527,0
81,4,0.654,0,1.0,0.5392243,0
81,5,0.658,0,1.0,-0.2610916,0
81,6,0.666,2,-0.05,-0.33929116,0
81,7,0.716,0,1.0,0.9472662,0
81,8,0.711,2,-0.05,0.68750906,0
81,9,0.705,1,-0.05,1.1161497,0
81,10,0.681,1,-0.05,0.27194774,0
81,11,0.702,0,1.0,-0.6588696,0
81,12,0.686,2,-0.05,1.4308025,0
81,13,0.689,1,-0.05,0.22791117,0
81,14,0.692,1,-0.05,1.1175303,0
81,15,0.615,0,1.0,0.004565656,0
81,16,0.587,1,-0.05,-0.97241473,0
81,17,0.566,2,-0.05,-0.20201647,0
81,18,0.513,0,1.0,-1.1079518,0
81,19,0.441,0,1.0,-1.1194298,0
81,20,0.404,1,-0.05,-0.37662327,0
81,21,0.391,2,-0.05,-1.3932381,0
81,22,0.376,1,-0.05,-2.5836637,0
81,23,0.307,0,1.0,-1.8611774,0
81,24,0.261,2,-0.05,-12.62924,0
81,25,0.229,2,-0.05,-11.777824,0
81,26,0.220,0,1.0,-1.3836722,0
81,27,0.214,2,-0.05,-0.8446176,0
81,28,0.221,2,-0.05,-0.93024397,0
81,29,0.240,2,-0.05,-1.3366247,0
81,30,0.235,1,-0.05,1.334503,0
81,31,0.238,1,-0.05,-0.9710306,0
81,32,0.243,2,-0.05,-0.62259936,0
81,33,0.268,2,-0.05,-1.159822,0
81,34,0.372,0,1.0,-0.07842952,0
81,35,0.465,0,1.0,1.3973944,0
81,36,0.489,1,-0.05,0.4113109,0
81,37,0.530,2,-0.05,-0.7519953,0
81,38,0.673,0,1.0,-0.10697842,0
81,39,0.725,0,1.0,-0.0013744831,0
81,40,0.644,2,-0.05,0.9172449,0
81,41,0.604,1,-0.05,0.12211609,0
81,42,0.581,2,-0.05,-1.6567249,0
81,43,0.562,2,-0.05,0.18234587,0
81,44,0.478,0,1.0,0.3421228,0
81,45,0.420,2,-0.05,-0.6440859,0
81,46,0.412,2,-0.05,-1.2419562,0
81,47,0.405,2,-0.05,0.29810315,0
81,48,0.402,2,-0.05,-0.68070686,0
81,49,0.417,1,-0.05,-0.05557525,0
81,50,0.401,1,-0.05,-0.8980229,0
81,51,0.402,2,-0.05,0.3509003,0
81,52,0.396,0,1.0,-0.66969585,0
81,53,0.390,0,1.0,-1.0718029,0
81,54,0.404,0,1.0,1.2400604,0
81,55,0.403,2,-0.05,1.5637567,0
81,56,0.451,0,1.0,-0.20979333,0
81,57,0.485,2,-0.05,1.4238622,0
81,58,0.555,2,-0.05,0.7302776,0
81,59,0.660,2,-0.05,4.0635448,0
81,60,0.886,2,-0.05,2.032205,0
81,61,0.772,1,-0.05,0.7972472,0
81,62,0.869,2,-0.05,1.6454405,0
81,63,0.837,2,-0.05,1.4424354,0
81,64,0.803,2,-0.05,-3.416018,0
81,65,0.777,2,-0.05,-10.649654,0
81,66,0.733,2,-0.05,-13.521056,0
81,67,0.706,2,-0.05,-9.23203,0
81,68,0.680,2,-0.05,-2.554399,0
81,69,0.642,2,-0.05,-1.0528157,0
81,70,0.617,1,-0.05,-0.32045698,0
81,71,0.596,2,-0.05,-1.186363,0
81,72,0.556,2,-0.05,-1.1577101,0
81,73,0.543,2,-0.05,0.045811415,0
81,74,0.512,0,1.0,0.1646465,0
81,75,0.469,1,-0.05,-0.28167927,0
81,76,0.463,2,-0.05,-0.2594242,0
81,77,0.429,0,1.0,0.04409799,0
81,78,0.401,0,1.0,5.779006,0
81,79,0.862,2,-0.05,5.187424,0
81,80,1.026,2,-0.05,0.2511642,0
81,81,1.011,1,-0.05,-0.8650775,0
81,82,1.020,2,-0.05,-0.06279802,0
81,83,1.027,2,-0.05,-0.9513173,0
81,84,1.012,2,-0.05,0.85899675,0
81,85,0.987,2,-0.05,1.6551881,0
81,86,0.875,0,1.0,1.6315297,0
81,87,0.815,1,-0.05,1.333475,0
81,88,0.798,1,-0.05,1.3522303,0
81,89,0.784,1,-0.05,0.96128035,0
81,90,0.777,2,-0.05,0.4342873,0
81,91,0.690,0,1.0,1.3795817,0
81,92,0.646,1,-0.05,1.1353842,0
81,93,0.635,1,-0.05,0.8248576,0
81,94,0.576,0,1.0,0.07484853,0
81,95,0.517,2,-0.05,-1.2036239,0
81,96,0.483,1,-0.05,0.27535397,0
81,97,0.447,1,-0.05,-1.3744414,0
81,98,0.423,2,-0.05,-13.972191,0
81,99,0.379,1,-0.05,-3.6979263,0
81,100,0.346,2,-0.05,-11.034676,0
81,101,0.321,1,-0.05,-3.4384043,0
81,102,0.290,2,-0.05,-10.86768,0
81,103,0.125,0,-100.0,-6.460598,0
82,0,0.667,0,1.0,1.106056,0
82,1,0.666,1,-0.05,1.2353687,0
82,2,0.665,2,-0.05,1.476999,0
82,3,0.700,0,1.0,0.08543861,0
82,4,0.710,2,-0.05,-0.045973405,0
82,5,0.712,2,-0.05,0.3164478,0
82,6,0.641,0,1.0,0.94523203,0
82,7,0.575,1,-0.05,2.8321967,0
82,8,0.564,1,-0.05,1.0404599,0
82,9,0.567,2,-0.05,0.82887703,0
82,10,0.553,2,-0.05,1.4765564,0
82,11,0.524,2,-0.05,2.301221,0
82,12,0.441,0,1.0,1.6678438,0
82,13,0.348,2,-0.05,-9.764572,0
82,14,0.218,0,1.0,-22.03988,0
82,15,0.157,2,-100.0,-35.020584,0
83,0,0.671,0,1.0,-0.5816952,0
83,1,0.675,0,1.0,-0.26459163,0
83,2,0.677,0,1.0,0.006328821,0
83,3,0.679,0,1.0,0.5990492,0
83,4,0.678,1,-0.05,0.13603473,0
83,5,0.692,2,-0.05,0.06380367,0
83,6,0.702,2,-0.05,0.46240586,0
83,7,0.696,1,-0.05,-0.47213978,0
83,8,0.688,1,-0.05,-1.324603,0
83,9,0.654,0,1.0,0.27755517,0
83,10,0.652,1,-0.05,0.68296206,0
83,11,0.646,1,-0.05,0.49856734,0
83,12,0.632,1,-0.05,-2.2143066,0
83,13,0.609,2,-0.05,-0.55529976,0
83,14,0.550,0,1.0,-0.54356396,0
83,15,0.516,1,-0.05,-1.2958964,0
83,16,0.504,1,-0.05,-1.5278645,0
83,17,0.465,2,-0.05,-0.1517644,0
83,18,0.447,2,-0.05,-0.7030003,0
83,19,0.443,2,-0.05,-2.4456875,0
83,20,0.435,1,-0.05,-0.7536609,0
83,21,0.367,0,1.0,-2.087675,0
83,22,0.340,1,-0.05,-1.0924764,0
83,23,0.324,2,-0.05,-1.4169049,0
83,24,0.262,0,1.0,-0.8077109,0
83,25,0.238,1,-0.05,-1.6495678,0
83,26,0.228,2,-0.05,-1.7720084,0
83,27,0.210,0,1.0,-1.5475512,0
83,28,0.183,2,-100.0,-1.4651294,0
84,0,0.671,0,1.0,1.1194404,0
84,1,0.675,1,-0.05,0.8711581,0
84,2,0.638,0,1.0,1.2815331,0
84,3,0.620,0,1.0,0.35983717,0
84,4,0.601,2,-0.05,0.9042672,0
84,5,0.606,1,-0.05,1.3446794,0
84,6,0.603,2,-0.05,1.2948226,0
84,7,0.616,2,-0.05,1.2005467,0
84,8,0.647,0,1.0,0.9110384,0
84,9,0.678,0,1.0,0.7221662,0
84,10,0.676,0,1.0,0.41727233,0
84,11,0.656,0,1.0,0.4109538,0
84,12,0.638,1,-0.05,0.95666933,0
84,13,0.625,2,-0.05,1.3420247,0
84,14,0.584,0,1.0,1.4974959,0
84,15,0.499,0,1.0,2.208579,0
84,16,0.479,1,-0.05,1.9702631,0
84,17,0.469,1,-0.05,2.593472,0
84,18,0.473,0,1.0,0.13783139,0
84,19,0.477,1,-0.05,-1.4024547,0
84,20,0.523,0,1.0,-0.536511,0
84,21,0.528,2,-0.05,0.67978424,0
84,22,0.545,1,-0.05,0.20726877,0
84,23,0.541,2,-0.05,0.76733804,0
84,24,0.536,2,-0.05,-0.83446455,0
84,25,0.511,0,1.0,0.5152657,0
84,26,0.487,0,1.0,1.0996531,0
84,27,0.441,0,1.0,1.267273,0
84,28,0.462,0,1.0,2.729508,0
84,29,1.009,1,-0.05,2.673551,0
84,30,0.900,2,-0.05,2.05246,0
84,31,0.563,2,-0.05,2.8048697,0
84,32,0.945,1,-0.05,1.9171138,0
84,33,0.827,2,-0.05,2.1585217,0
84,34,0.570,2,-0.05,1.4331154,0
84,35,0.739,1,-0.05,1.3628395,0
84,36,1.048,1,-0.05,1.8132502,0
84,37,0.910,0,1.0,1.0450106,0
84,38,0.823,1,-0.05,-0.6483197,0
84,39,0.656,0,1.0,-0.53144836,0
84,40,0.474,0,1.0,-2.2626426,0
84,41,0.287,0,1.0,-6.617776,0
84,42,0.179,2,-100.0,-10.282175,0
85,0,0.671,0,1.0,1.2922828,0
85,1,0.674,1,-0.05,-0.2707935,0
85,2,0.639,0,1.0,0.23145801,0
85,3,0.619,2,-0.05,0.6609288,0
85,4,0.623,0,1.0,0.9727417,0
85,5,0.637,2,-0.05,2.0514185,0
85,6,0.669,2,-0.05,1.1161678,0
85,7,0.666,1,-0.05,0.44954088,0
85,8,0.648,1,-0.05,0.121457845,0
85,9,0.644,1,-0.05,2.0876186,0
85,10,0.604,0,1.0,1.5924337,0
85,11,0.554,0,1.0,0.46954614,0
85,12,0.484,0,1.0,1.0063561,0
85,13,0.428,0,1.0,-0.15660083,0
85,14,0.347,0,1.0,-2.6343253,0
85,15,0.298,0,1.0,-2.5398638,0
85,16,0.260,1,-0.05,-2.552212,0
85,17,0.252,1,-0.05,-4.5030174,0
85,18,0.231,2,-0.05,-16.863247,0
85,19,0.214,2,-0.05,-8.833261,0
85,20,0.209,1,-0.05,-1.5328479,0
85,21,0.199,1,-100.0,-5.3261423,0
86,0,0.665,1,-0.05,2.0455575,0
86,1,0.623,0,1.0,0.06748429,0
86,2,0.597,2,-0.05,0.34498405,0
86,3,0.585,1,-0.05,0.5045793,0
86,4,0.597,1,-0.05,0.08074629,0
86,5,0.575,1,-0.05,-1.6852629,0
86,6,0.562,2,-0.05,-0.30753827,0
86,7,0.493,0,1.0,-0.8623922,0
86,8,0.441,1,-0.05,-1.7220845,0
86,9,0.353,0,1.0,-0.7595401,0
86,10,0.281,1,-0.05,-9.2687845,0
86,11,0.168,0,-100.0,-19.195229,0
87,0,0.662,0,1.0,2.4626002,0
87,1,0.667,0,1.0,1.6935917,0
87,2,0.668,0,1.0,-0.18884933,0
87,3,0.664,0,1.0,0.5042703,0
87,4,0.664,0,1.0,0.59943676,0
87,5,0.671,0,1.0,-0.14529377,0
87,6,0.659,0,1.0,0.08395004,0
87,7,0.651,0,1.0,0.058594614,0
87,8,0.660,2,-0.05,0.16497695,0
87,9,0.712,0,1.0,-0.3491248,0
87,10,0.707,1,-0.05,0.92912567,0
87,11,0.706,1,-0.05,-0.33129293,0
87,12,0.678,0,1.0,-0.4778089,0
87,13,0.653,2,-0.05,-1.2689095,0
87,14,0.652,0,1.0,-1.0408078,0
87,15,0.658,2,-0.05,-0.2842192,0
87,16,0.690,0,1.0,-0.3059994,0
87,17,0.719,2,-0.05,-0.4086604,0
87,18,0.667,0,1.0,1.5030363,0
87,19,0.600,0,1.0,0.65349835,0
87,20,0.553,2,-0.05,0.26224864,0
87,21,0.539,1,-0.05,0.40041047,0
87,22,0.533,2,-0.05,2.0437145,0
87,23,0.520,1,-0.05,-0.63956124,0
87,24,0.503,2,-0.05,0.7024943,0
87,25,0.489,2,-0.05,2.5585742,0
87,26,0.475,1,-0.05,-0.552861,0
87,27,0.460,2,-0.05,3.072638,0
87,28,0.397,0,1.0,-0.507048,0
87,29,0.339,1,-0.05,-1.0857072,0
87,30,0.444,1,-0.05,0.558692,0
87,31,0.402,2,-0.05,1.6726753,0
87,32,0.603,1,-0.05,0.43245494,0
87,33,1.063,1,-0.05,1.1694039,0
87,34,0.733,2,-0.05,1.1510426,0
87,35,0.874,0,1.0,0.39984894,0
87,36,0.913,1,-0.05,0.46899676,0
87,37,0.746,0,1.0,1.2798162,0
87,38,0.680,2,-0.05,-4.0379558,0
87,39,0.663,1,-0.05,-2.3399425,0
87,40,0.613,2,-0.05,-11.635418,0
87,41,0.480,0,1.0,-6.6384964,0
87,42,0.416,2,-0.05,-13.852793,0
87,43,0.369,2,-0.05,-14.828425,0
87,44,0.289,0,1.0,-6.6625767,0
87,45,0.245,2,-0.05,-10.512647,0
87,46,0.216,2,-0.05,-9.483991,0
87,47,0.215,1,-0.05,-2.14212,0
87,48,0.187,2,-100.0,-4.909671,0
88,0,0.667,2,-0.05,1.1676639,0
88,1,0.737,2,-0.05,0.8124239,0
88,2,0.713,1,-0.05,3.6195579,0
88,3,0.712,2,-0.05,0.70078206,0
88,4,0.704,2,-0.05,1.8514148,0
88,5,0.691,2,-0.05,3.0767446,0
88,6,0.666,2,-0.05,2.714589,0
88,7,0.644,2,-0.05,1.8945253,0
88,8,0.603,1,-0.05,-5.7207537,0
88,9,0.472,0,1.0,-2.484581,0
88,10,0.296,0,1.0,-7.772355,0
88,11,0.250,2,-0.05,-20.204111,0
88,12,0.221,2,-0.05,-29.724197,0
88,13,0.180,2,-100.0,-33.05286,0
89,0,0.671,0,1.0,1.2453363,0
89,1,0.685,0,1.0,1.8377688,0
89,2,0.689,2,-0.05,1.1583803,0
89,3,0.669,1,-0.05,-0.08556929,0
89,4,0.665,0,1.0,0.5810973,0
89,5,0.642,0,1.0,-0.96146536,0
89,6,0.634,2,-0.05,0.35177928,0
89,7,0.635,1,-0.05,-0.44275367,0
89,8,0.602,0,1.0,-0.7319404,0
89,9,0.579,1,-0.05,0.42500427,0
89,10,0.532,0,1.0,-0.04629433,0
89,11,0.486,1,-0.05,-2.2478654,0
89,12,0.453,2,-0.05,-1.0425522,0
89,13,0.449,1,-0.05,-2.2300394,0
89,14,0.347,0,1.0,-0.4837253,0
89,15,0.305,2,-0.05,-5.0916796,0
89,16,0.236,0,1.0,-6.7654037,0
89,17,0.181,2,-100.0,-6.8259,0
90,0,0.671,0,1.0,1.1757691,0
90,1,0.669,2,-0.05,0.49124786,0
90,2,0.674,1,-0.05,-0.048274726,0
90,3,0.655,0,1.0,1.1901855,0
90,4,0.644,0,1.0,0.4603914,0
90,5,0.643,0,1.0,0.6159068,0
90,6,0.631,2,-0.05,1.4637662,0
90,7,0.628,1,-0.05,0.10674094,0
90,8,0.625,1,-0.05,0.70746756,0
90,9,0.620,1,-0.05,0.36524785,0
90,10,0.611,1,-0.05,-1.5239782,0
90,11,0.594,1,-0.05,0.27812767,0
90,12,0.504,0,1.0,-0.23657179,0
90,13,0.401,1,-0.05,-10.160245,0
90,14,0.365,2,-0.05,-24.374683,0
90,15,0.281,0,1.0,-24.002684,0
90,16,0.191,1,-100.0,-26.027233,0
91,0,0.666,0,1.0,1.0798589,0
91,1,0.660,0,1.0,1.8715901,0
91,2,0.648,0,1.0,1.2552428,0
91,3,0.646,1,-0.05,1.0510097,0
91,4,0.616,0,1.0,1.7365648,0
91,5,0.583,0,1.0,1.412696,0
91,6,0.526,0,1.0,0.76949096,0
91,7,0.487,0,1.0,0.94101566,0
91,8,0.439,0,1.0,1.7179593,0
91,9,0.387,0,1.0,1.0922012,0
91,10,0.334,0,1.0,0.22496533,0
91,11,0.304,0,1.0,-0.01394701,0
91,12,0.259,0,1.0,1.1543795,0
91,13,0.219,2,-0.05,-1.3408294,0
91,14,0.229,1,-0.05,-0.8595191,0
91,15,0.217,1,-0.05,-1.3918738,0
91,16,0.210,2,-0.05,-5.549939,0
91,17,0.189,2,-100.0,-1.2648401,0
92,0,0.685,2,-0.05,1.9408442,0
92,1,0.708,0,1.0,0.385181,0
92,2,0.686,2,-0.05,1.0040647,0
92,3,0.631,0,1.0,1.1762302,0
92,4,0.602,1,-0.05,1.2323334,0
92,5,0.577,1,-0.05,-0.24118447,0
92,6,0.573,1,-0.05,-1.0795875,0
92,7,0.598,0,1.0,-0.3744942,0
92,8,0.595,2,-0.05,1.1557956,0
92,9,0.589,0,1.0,0.42200863,0
92,10,0.587,2,-0.05,-0.3099743,0
92,11,0.542,0,1.0,0.55748713,0
92,12,0.519,2,-0.05,-0.0086568,0
92,13,0.510,2,-0.05,0.44118991,0
92,14,0.496,2,-0.05,-0.13448888,0
92,15,0.488,1,-0.05,0.2678926,0
92,16,0.413,0,1.0,-0.38447452,0
92,17,0.298,0,1.0,-2.9388256,0
92,18,0.200,0,1.0,-9.692938,0
92,19,0.157,2,-100.0,-15.278123,0
93,0,0.671,0,1.0,0.52041215,0
93,1,0.675,0,1.0,1.5665486,0
93,2,0.677,0,1.0,0.59107506,0
93,3,0.680,1,-0.05,1.4560268,0
93,4,0.676,2,-0.05,0.5531677,0
93,5,0.708,0,1.0,1.8481026,0
93,6,0.712,2,-0.05,0.20561469,0
93,7,0.663,0,1.0,0.5285524,0
93,8,0.578,0,1.0,1.8852394,0
93,9,0.511,0,1.0,1.4789586,0
93,10,0.467,1,-0.05,0.43418288,0
93,11,0.458,1,-0.05,2.1692328,0
93,12,0.476,1,-0.05,0.8408057,0
93,13,0.507,0,1.0,0.1579366,0
93,14,0.561,0,1.0,0.92888176,0
93,15,0.592,1,-0.05,-0.33856368,0
93,16,0.669,0,1.0,1.9344019,0
93,17,0.744,1,-0.05,1.7660513,0
93,18,0.767,1,-0.05,2.2902617,0
93,19,0.683,0,1.0,0.3791237,0
93,20,0.513,0,1.0,-0.8075042,0
93,21,0.470,2,-0.05,-3.8253088,0
93,22,0.450,2,-0.05,-4.563851,0
93,23,0.428,1,-0.05,-0.9754524,0
93,24,0.420,1,-0.05,-5.877842,0
93,25,0.387,2,-0.05,-6.803234,0
93,26,0.362,2,-0.05,-8.464636,0
93,27,0.337,2,-0.05,-5.70223,0
93,28,0.341,1,-0.05,-0.16569948,0
93,29,0.316,2,-0.05,-3.1970832,0
93,30,0.314,1,-0.05,-0.2951362,0
93,31,0.249,0,1.0,-6.8578568,0
93,32,0.202,1,-0.05,-12.814309,0
93,33,0.178,2,-100.0,-16.210663,0
94,0,0.685,2,-0.05,0.3933383,0
94,1,0.717,2,-0.05,0.98943156,0
94,2,0.672,0,1.0,1.5891004,0
94,3,0.646,2,-0.05,1.8158817,0
94,4,0.538,0,1.0,4.9358544,0
94,5,0.495,2,-0.05,1.2433733,0
94,6,0.477,2,-0.05,0.8078313,0
94,7,0.441,2,-0.05,-6.3998976,0
94,8,0.319,0,1.0,-16.98725,0
94,9,0.219,2,-0.05,-31.566156,0
94,10,0.175,1,-100.0,-28.240017,0
95,0,0.660,1,-0.05,1.6595773,0
95,1,0.632,0,1.0,1.0744172,0
95,2,0.602,2,-0.05,1.9883617,0
95,3,0.603,1,-0.05,0.28878608,0
95,4,0.593,1,-0.05,1.4248002,0
95,5,0.514,0,1.0,1.1720952,0
95,6,0.464,1,-0.05,-1.2636535,0
95,7,0.342,0,1.0,-1.4341121,0
95,8,0.281,2,-0.05,-15.089903,0
95,9,0.272,1,-0.05,-15.0174265,0
95,10,0.247,1,-0.05,-26.010754,0
95,11,0.120,0,-100.0,-37.868088,0
96,0,0.657,0,1.0,-0.6368067,0
96,1,0.652,0,1.0,0.53028893,0
96,2,0.657,0,1.0,1.2596414,0
96,3,0.663,2,-0.05,0.8968571,0
96,4,0.700,0,1.0,0.5604464,0
96,5,0.680,1,-0.05,0.30126795,0
96,6,0.710,2,-0.05,0.79734313,0
96,7,0.709,2,-0.05,0.9434512,0
96,8,0.702,2,-0.05,2.4891791,0
96,9,0.619,0,1.0,4.327685,0
96,10,0.531,1,-0.05,3.5554633,0
96,11,0.528,1,-0.05,1.4320621,0
96,12,0.490,0,1.0,2.0778046,0
96,13,0.447,2,-0.05,0.7264529,0
96,14,0.436,2,-0.05,0.15719783,0
96,15,0.363,0,1.0,0.34316134,0
96,16,0.244,0,1.0,-0.9396229,0
96,17,0.163,1,-100.0,-8.678585,0
97,0,0.666,0,1.0,-0.0015634894,0
97,1,0.656,0,1.0,1.0017883,0
97,2,0.647,0,1.0,0.008297682,0
97,3,0.639,0,1.0,1.1018997,0
97,4,0.635,0,1.0,1.9308535,0
97,5,0.615,0,1.0,1.5090449,0
97,6,0.619,0,1.0,2.4119024,0
97,7,0.622,0,1.0,0.38836032,0
97,8,0.609,0,1.0,0.1460653,0
97,9,0.604,0,1.0,1.1794299,0
97,10,0.602,2,-0.05,0.6983022,0
97,11,0.622,0,1.0,0.38186008,0
97,12,0.662,0,1.0,-0.132779,0
97,13,0.660,1,-0.05,-0.38998365,0
97,14,0.663,0,1.0,0.1616118,0
97,15,0.649,0,1.0,2.9195075,0
97,16,0.662,0,1.0,2.7309463,0
97,17,0.634,0,1.0,1.4249986,0
97,18,0.629,1,-0.05,-0.8120706,0
97,19,0.599,0,1.0,-0.8039465,0
97,20,0.598,1,-0.05,-1.187002,0
97,21,0.585,2,-0.05,-0.5746064,0
97,22,0.575,1,-0.05,-1.0555518,0
97,23,0.578,1,-0.05,-0.51571536,0
97,24,0.541,1,-0.05,-0.27565897,0
97,25,0.538,1,-0.05,-0.16674966,0
97,26,0.517,1,-0.05,-0.10966146,0
97,27,0.478,1,-0.05,0.057730317,0
97,28,0.344,0,1.0,0.10341227,0
97,29,0.177,0,-100.0,-2.4272957,0
98,0,0.686,2,-0.05,-0.044238746,0
98,1,0.727,2,-0.05,0.08860201,0
98,2,0.687,0,1.0,3.095293,0
98,3,0.574,0,1.0,3.5835013,0
98,4,0.491,0,1.0,2.3310583,0
98,5,0.454,2,-0.05,1.5843874,0
98,6,0.432,1,-0.05,0.83149064,0
98,7,0.416,2,-0.05,1.4866413,0
98,8,0.401,2,-0.05,-1.0842569,0
98,9,0.370,1,-0.05,0.12645197,0
98,10,0.363,2,-0.05,-0.8246932,0
98,11,0.347,1,-0.05,-2.3520117,0
98,12,0.281,0,1.0,-4.3679695,0
98,13,0.212,2,-0.05,-8.764809,0
98,14,0.131,0,-100.0,-14.053997,0
99,0,0.671,2,-0.05,2.3869467,0
99,1,0.712,0,1.0,0.49787274,0
99,2,0.690,1,-0.05,1.2027751,0
99,3,0.674,0,1.0,0.24288791,0
99,4,0.685,2,-0.05,0.7066564,0
99,5,0.645,0,1.0,0.41164058,0
99,6,0.610,0,1.0,1.6246786,0
99,7,0.566,0,1.0,1.6955674,0
99,8,0.555,2,-0.05,1.2841204,0
99,9,0.548,2,-0.05,1.6760538,0
99,10,0.539,1,-0.05,0.7120731,0
99,11,0.510,1,-0.05,-0.23997211,0
99,12,0.506,0,1.0,0.3276816,0
99,13,0.486,1,-0.05,0.037513137,0
99,14,0.479,2,-0.05,0.18356414,0
99,15,0.466,0,1.0,0.98783827,0
99,16,0.443,2,-0.05,1.5052657,0
99,17,0.444,2,-0.05,1.7192779,0
99,18,0.414,1,-0.05,0.7409594,0
99,19,0.367,0,1.0,1.0756729,0
99,20,0.347,2,-0.05,1.5798442,0
99,21,0.327,2,-0.05,-1.1133766,0
99,22,0.314,2,-0.05,-6.538745,0
99,23,0.283,1,-0.05,-8.298672,0
99,24,0.271,2,-0.05,-9.212701,0
99,25,0.168,0,-100.0,-12.713681,0
100,0,0.667,0,1.0,1.5360856,0
100,1,0.664,0,1.0,0.6843834,0
100,2,0.666,0,1.0,0.7790128,0
100,3,0.675,2,-0.05,1.265468,0
100,4,0.706,0,1.0,1.2023714,0
100,5,0.697,1,-0.05,-0.053409457,0
100,6,0.687,2,-0.05,-0.13763273,0
100,7,0.680,2,-0.05,0.6500299,0
100,8,0.616,0,1.0,1.8215501,0
100,9,0.506,0,1.0,1.871614,0
100,10,0.453,2,-0.05,0.037609577,0
100,11,0.442,1,-0.05,-0.3892448,0
100,12,0.416,2,-0.05,0.20315313,0
100,13,0.300,0,1.0,-3.1199389,0
100,14,0.256,1,-0.05,-7.2254667,0
100,15,0.244,2,-0.05,-12.983361,0
100,16,0.219,1,-0.05,-17.07229,0
100,17,0.188,2,-100.0,-15.241866,0
101,0,0.677,2,-0.05,1.124059,0
101,1,0.707,2,-0.05,0.5490935,0
101,2,0.709,1,-0.05,1.3481895,0
101,3,0.726,2,-0.05,1.2511991,0
101,4,0.722,2,-0.05,1.1806126,0
101,5,0.706,2,-0.05,1.608716,0
101,6,0.600,0,1.0,5.96074,0
101,7,0.556,2,-0.05,1.8812122,0
101,8,0.515,2,-0.05,1.4228662,0
101,9,0.492,2,-0.05,-2.0545416,0
101,10,0.460,1,-0.05,-11.767205,0
101,11,0.441,1,-0.05,-8.35547,0
101,12,0.292,0,1.0,-5.629119,0
101,13,0.156,0,-100.0,-15.14135,0
102,0,0.665,1,-0.05,0.85218644,0
102,1,0.626,0,1.0,-0.16236186,0
102,2,0.584,0,1.0,1.0673964,0
102,3,0.539,2,-0.05,0.723692,0
102,4,0.544,0,1.0,0.93138355,0
102,5,0.515,0,1.0,0.6785141,0
102,6,0.519,2,-0.05,-0.15721512,0
102,7,0.534,0,1.0,0.28276765,0
102,8,0.557,2,-0.05,-0.08348316,0
102,9,0.552,1,-0.05,0.9565128,0
102,10,0.553,1,-0.05,1.1430218,0
102,11,0.530,0,1.0,0.17285252,0
102,12,0.501,1,-0.05,2.2965143,0
102,13,0.453,0,1.0,0.5172026,0
102,14,0.354,0,1.0,1.7690336,0
102,15,0.337,1,-0.05,-0.78827727,0
102,16,0.314,1,-0.05,-0.9618411,0
102,17,0.287,2,-0.05,-9.592502,0
102,18,0.274,2,-0.05,-5.578404,0
102,19,0.270,1,-0.05,-0.9529035,0
102,20,0.242,2,-0.05,-5.207566,0
102,21,0.189,0,-100.0,-1.7383142,0
103,0,0.665,1,-0.05,2.243402,0
103,1,0.627,0,1.0,-0.6153705,0
103,2,0.616,1,-0.05,0.8577448,0
103,3,0.553,0,1.0,-0.0050829053,0
103,4,0.515,1,-0.05,-0.9057765,0
103,5,0.410,0,1.0,-1.7817621,0
103,6,0.317,0,1.0,-1.2013497,0
103,7,0.244,2,-0.05,-7.866581,0
103,8,0.231,2,-0.05,-9.150034,0
103,9,0.221,2,-0.05,-2.3139617,0
103,10,0.225,2,-0.05,-1.7834616,0
103,11,0.237,2,-0.05,-1.6315845,0
103,12,0.231,1,-0.05,-1.3081584,0
103,13,0.239,1,-0.05,-1.6211603,0
103,14,0.224,2,-0.05,-1.2868134,0
103,15,0.242,1,-0.05,0.40218472,0
103,16,0.226,0,1.0,1.1252177,0
103,17,0.173,0,-100.0,-1.5017853,0
104,0,0.666,0,1.0,0.68478143,0
104,1,0.665,2,-0.05,-0.45389426,0
104,2,0.694,2,-0.05,-0.21347523,0
104,3,0.730,2,-0.05,0.73322403,0
104,4,0.711,1,-0.05,3.260189,0
104,5,0.667,0,1.0,2.6418767,0
104,6,0.658,1,-0.05,0.34637186,0
104,7,0.659,1,-0.05,0.14363033,0
104,8,0.696,0,1.0,0.18242374,0
104,9,0.719,1,-0.05,-0.80162454,0
104,10,0.720,1,-0.05,-0.15797722,0
104,11,0.659,0,1.0,-0.28757107,0
104,12,0.604,2,-0.05,-0.46473575,0
104,13,0.575,1,-0.05,-0.1729877,0
104,14,0.556,2,-0.05,-0.030217767,0
104,15,0.557,1,-0.05,-1.4407353,0
104,16,0.476,0,1.0,-0.9336381,0
104,17,0.401,2,-0.05,-0.21277785,0
104,18,0.374,1,-0.05,-0.55721784,0
104,19,0.372,2,-0.05,-1.6034403,0
104,20,0.346,1,-0.05,-1.9347129,0
104,21,0.243,0,1.0,-5.2973337,0
104,22,0.189,2,-100.0,-23.655245,0
105,0,0.661,1,-0.05,0.8434253,0
105,1,0.628,0,1.0,0.6301768,0
105,2,0.594,0,1.0,1.1143047,0
105,3,0.561,1,-0.05,0.91020596,0
105,4,0.566,2,-0.05,-1.1485236,0
105,5,0.548,0,1.0,-0.46798658,0
105,6,0.524,0,1.0,0.5418283,0
105,7,0.530,1,-0.05,-0.0037585497,0
105,8,0.477,0,1.0,0.48918444,0
105,9,0.447,0,1.0,-0.2728349,0
105,10,0.380,0,1.0,-0.5656296,0
105,11,0.326,0,1.0,-1.1873925,0
105,12,0.283,0,1.0,-3.2275743,0
105,13,0.238,0,1.0,-0.5921519,0
105,14,0.199,2,-100.0,-0.9704735,0
106,0,0.669,0,1.0,0.69202554,0
106,1,0.669,2,-0.05,1.3595852,0
106,2,0.715,2,-0.05,0.14265776,0
106,3,0.729,2,-0.05,-0.63590485,0
106,4,0.716,1,-0.05,3.1331148,0
106,5,0.662,0,1.0,1.5034738,0
106,6,0.598,0,1.0,0.68763316,0
106,7,0.556,0,1.0,0.9883959,0
106,8,0.519,2,-0.05,0.6165299,0
106,9,0.516,1,-0.05,-0.30733466,0
106,10,0.504,1,-0.05,1.0891582,0
106,11,0.518,0,1.0,-0.059327364,0
106,12,0.525,0,1.0,-0.33745027,0
106,13,0.527,2,-0.05,-0.21314621,0
106,14,0.522,0,1.0,0.51600206,0
106,15,0.474,0,1.0,0.40126446,0
106,16,0.443,0,1.0,1.3749263,0
106,17,0.408,0,1.0,2.7450042,0
106,18,0.401,1,-0.05,2.600339,0
106,19,0.405,2,-0.05,1.0464816,0
106,20,0.397,2,-0.05,1.7475948,0
106,21,0.379,2,-0.05,2.0705295,0
106,22,0.365,2,-0.05,-1.3844004,0
106,23,0.336,2,-0.05,-5.3592796,0
106,24,0.316,2,-0.05,-5.892413,0
106,25,0.297,2,-0.05,-7.4069366,0
106,26,0.130,0,-100.0,-7.9128494,0
107,0,0.667,0,1.0,1.9932846,0
107,1,0.662,0,1.0,-0.4970433,0
107,2,0.674,0,1.0,0.7832047,0
107,3,0.667,1,-0.05,0.64047396,0
107,4,0.674,2,-0.05,-0.049628258,0
107,5,0.701,2,-0.05,-0.03803435,0
107,6,0.739,2,-0.05,0.9517964,0
107,7,0.677,0,1.0,3.016038,0
107,8,0.620,2,-0.05,3.2374322,0
107,9,0.539,0,1.0,5.597293,0
107,10,0.455,2,-0.05,3.2410128,0
107,11,0.334,0,1.0,0.64429307,0
107,12,0.265,2,-0.05,-15.222781,0
107,13,0.259,1,-0.05,-26.625422,0
107,14,0.218,2,-0.05,-26.3775,0
107,15,0.195,1,-100.0,-37.25924,0
108,0,0.659,0,1.0,2.5327754,0
108,1,0.638,0,1.0,1.978624,0
108,2,0.647,0,1.0,1.9084777,0
108,3,0.637,0,1.0,1.1676983,0
108,4,0.625,0,1.0,0.2393722,0
108,5,0.630,2,-0.05,-0.06673759,0
108,6,0.655,0,1.0,1.3409234,0
108,7,0.693,2,-0.05,0.5736802,0
108,8,0.707,0,1.0,1.1741197,0
108,9,0.668,1,-0.05,1.0483965,0
108,10,0.658,1,-0.05,0.35734844,0
108,11,0.654,2,-0.05,-0.37101305,0
108,12,0.607,0,1.0,1.3073205,0
108,13,0.557,0,1.0,3.5786994,0
108,14,0.532,2,-0.05,3.6773417,0
108,15,0.488,0,1.0,1.328996,0
108,16,0.425,1,-0.05,1.198389,0
108,17,0.402,1,-0.05,1.0296288,0
108,18,0.392,0,1.0,1.3609831,0
108,19,0.353,0,1.0,0.69696575,0
108,20,0.339,0,1.0,0.861018,0
108,21,0.329,1,-0.05,1.4998548,0
108,22,0.325,2,-0.05,1.467462,0
108,23,0.324,2,-0.05,-0.06649047,0
108,24,0.306,1,-0.05,1.6444829,0
108,25,0.281,0,1.0,0.53445005,0
108,26,0.273,0,1.0,-0.29844028,0
108,27,0.297,2,-0.05,6.6982946,0
108,28,0.536,0,1.0,4.424617,0
108,29,1.025,0,1.0,3.6573193,0
108,30,0.959,1,-0.05,2.0621371,0
108,31,0.782,0,1.0,2.0456085,0
108,32,0.720,2,-0.05,0.0018348694,0
108,33,0.689,2,-0.05,-1.9104986,0
108,34,0.590,0,1.0,1.4631934,0
108,35,0.501,2,-0.05,1.0601382,0
108,36,0.454,2,-0.05,-6.2453203,0
108,37,0.440,1,-0.05,0.026329994,0
108,38,0.416,2,-0.05,-4.333102,0
108,39,0.311,0,1.0,-4.1639957,0
108,40,0.287,1,-0.05,-10.363907,0
108,41,0.249,2,-0.05,-16.938663,0
108,42,0.236,2,-0.05,-15.453528,0
108,43,0.221,1,-0.05,-2.9459622,0
108,44,0.209,2,-0.05,-15.008126,0
108,45,0.134,0,-100.0,-5.0157976,0
109,0,0.665,1,-0.05,0.8986217,0
109,1,0.627,0,1.0,-0.5940597,0
109,2,0.569,0,1.0,-0.6935693,0
109,3,0.537,0,1.0,0.06390768,0
109,4,0.487,0,1.0,-1.2631427,0
109,5,0.471,1,-0.05,-1.1853158,0
109,6,0.403,0,1.0,-1.9427414,0
109,7,0.313,0,1.0,-2.3117688,0
109,8,0.287,2,-0.05,-2.9717891,0
109,9,0.264,1,-0.05,-2.2404003,0
109,10,0.257,2,-0.05,-5.5119867,0
109,11,0.244,1,-0.05,-2.8872855,0
109,12,0.229,2,-0.05,-6.2538395,0
109,13,0.182,0,-100.0,-2.3907843,0
110,0,0.667,0,1.0,2.2281306,0
110,1,0.662,0,1.0,3.117236,0
110,2,0.674,0,1.0,1.8721915,0
110,3,0.676,0,1.0,1.6668886,0
110,4,0.659,0,1.0,1.7766058,0
110,5,0.661,1,-0.05,1.1186599,0
110,6,0.646,0,1.0,-0.61784196,0
110,7,0.613,0,1.0,0.4871753,0
110,8,0.596,2,-0.05,-0.27293837,0
110,9,0.604,2,-0.05,-1.7238553,0
110,10,0.623,2,-0.05,-0.696916,0
110,11,0.719,0,1.0,2.3002334,0
110,12,0.675,0,1.0,4.9881487,0
110,13,0.640,1,-0.05,5.4694347,0
110,14,0.638,2,-0.05,3.6764543,0
110,15,0.556,0,1.0,1.9571605,0
110,16,0.515,1,-0.05,0.55240506,0
110,17,0.498,2,-0.05,0.81402636,0
110,18,0.482,1,-0.05,1.499238,0
110,19,0.467,2,-0.05,1.3284534,0
110,20,0.448,1,-0.05,0.9137376,0
110,21,0.385,0,1.0,1.52251,0
110,22,0.319,0,1.0,1.9190232,0
110,23,0.286,2,-0.05,1.6288255,0
110,24,0.200,0,-100.0,-0.8228283,0
111,0,0.671,2,-0.05,-0.12591386,0
111,1,0.716,2,-0.05,0.5955466,0
111,2,0.727,2,-0.05,0.75320715,0
111,3,0.639,0,1.0,4.0499144,0
111,4,0.543,0,1.0,4.989609,0
111,5,0.482,2,-0.05,0.44725403,0
111,6,0.469,2,-0.05,1.103401,0
111,7,0.431,2,-0.05,-1.5076876,0
111,8,0.319,0,1.0,-4.400319,0
111,9,0.216,1,-0.05,-29.3208,0
111,10,0.196,2,-100.0,-38.46495,0
112,0,0.661,1,-0.05,0.27005294,0
112,1,0.643,0,1.0,-1.4398453,0
112,2,0.590,0,1.0,-0.446719,0
112,3,0.529,0,1.0,-0.7290875,0
112,4,0.521,1,-0.05,-0.18875921,0
112,5,0.462,0,1.0,-1.2343829,0
112,6,0.435,2,-0.05,-1.6519032,0
112,7,0.418,1,-0.05,-2.4273882,0
112,8,0.372,0,1.0,-1.3780773,0
112,9,0.233,0,1.0,-3.200303,0
112,10,0.179,2,-100.0,-14.773191,0
113,0,0.661,1,-0.05,0.44776195,0
113,1,0.661,1,-0.05,-1.1283755,0
113,2,0.653,1,-0.05,-1.6216538,0
113,3,0.635,1,-0.05,-1.7278638,0
113,4,0.528,0,1.0,0.31801867,0
113,5,0.400,0,1.0,1.4963515,0
113,6,0.331,2,-0.05,-8.241316,0
113,7,0.240,0,1.0,-10.886533,0
113,8,0.193,2,-100.0,-14.611409,0
114,0,0.672,0,1.0,1.5797129,0
114,1,0.675,0,1.0,2.328395,0
114,2,0.682,2,-0.05,2.813641,0
114,3,0.702,0,1.0,-0.026185453,0
114,4,0.670,0,1.0,1.1907914,0
114,5,0.619,0,1.0,0.25074047,0
114,6,0.583,0,1.0,1.193298,0
114,7,0.558,1,-0.05,-0.44255662,0
114,8,0.568,1,-0.05,-0.18617895,0
114,9,0.594,0,1.0,1.1159128,0
114,10,0.626,0,1.0,-0.45559657,0
114,11,0.678,1,-0.05,0.11362088,0
114,12,0.724,0,1.0,1.1376545,0
114,13,0.698,2,-0.05,-0.79697907,0
114,14,0.662,0,1.0,0.38416123,0
114,15,0.613,0,1.0,0.6867379,0
114,16,0.607,1,-0.05,0.8980138,0
114,17,0.598,2,-0.05,0.7696874,0
114,18,0.584,0,1.0,0.9576131,0
114,19,0.578,1,-0.05,1.3344932,0
114,20,0.550,0,1.0,2.0362232,0
114,21,0.517,2,-0.05,1.0482371,0
114,22,0.510,2,-0.05,0.5103018,0
114,23,0.532,0,1.0,0.6956185,0
114,24,0.568,0,1.0,2.6014256,0
114,25,0.590,0,1.0,3.6265678,0
114,26,0.614,2,-0.05,0.8780887,0
114,27,0.685,0,1.0,1.5966089,0
114,28,0.693,1,-0.05,2.3876848,0
114,29,0.688,1,-0.05,2.0857348,0
114,30,0.680,0,1.0,0.6699041,0
114,31,0.661,1,-0.05,-0.35048985,0
114,32,0.649,1,-0.05,-0.39994097,0
114,33,0.607,1,-0.05,0.12350249,0
114,34,0.572,1,-0.05,0.33331937,0
114,35,0.556,1,-0.05,0.60767734,0
114,36,0.515,1,-0.05,0.55329233,0
114,37,0.515,1,-0.05,0.38173127,0
114,38,0.501,2,-0.05,1.8091655,0
114,39,0.496,2,-0.05,0.2991327,0
114,40,0.475,1,-0.05,0.10159993,0
114,41,0.438,1,-0.05,0.46870977,0
114,42,0.413,2,-0.05,1.1115599,0
114,43,0.381,1,-0.05,0.3501855,0
114,44,0.348,1,-0.05,0.746325,0
114,45,0.319,2,-0.05,-4.398812,0
114,46,0.291,1,-0.05,0.64371324,0
114,47,0.244,1,-0.05,-5.7976203,0
114,48,0.226,2,-0.05,-28.75708,0
114,49,0.183,1,-100.0,-18.965908,0
115,0,0.668,2,-0.05,0.49051708,0
115,1,0.719,0,1.0,0.6280364,0
115,2,0.693,1,-0.05,0.95146966,0
115,3,0.673,0,1.0,1.0320534,0
115,4,0.669,1,-0.05,0.9737214,0
115,5,0.711,0,1.0,0.7755035,0
115,6,0.680,0,1.0,-0.78395617,0
115,7,0.654,0,1.0,-0.30410886,0
115,8,0.632,0,1.0,-1.3499216,0
115,9,0.594,0,1.0,-0.7136531,0
115,10,0.569,0,1.0,-0.90531826,0
115,11,0.561,1,-0.05,-1.2968771,0
115,12,0.549,1,-0.05,-0.8568723,0
115,13,0.538,1,-0.05,-3.1846669,0
115,14,0.519,1,-0.05,-0.4007802,0
115,15,0.490,2,-0.05,-0.6653414,0
115,16,0.471,1,-0.05,-1.0524077,0
115,17,0.446,2,-0.05,-7.7541075,0
115,18,0.431,2,-0.05,-2.522327,0
115,19,0.406,1,-0.05,-1.4621205,0
115,20,0.383,2,-0.05,-1.0994344,0
115,21,0.323,0,1.0,-0.76978683,0
115,22,0.280,2,-0.05,-2.2015386,0
115,23,0.267,1,-0.05,-2.683817,0
115,24,0.252,2,-0.05,-2.79738,0
115,25,0.242,1,-0.05,-2.4253845,0
115,26,0.229,2,-0.05,-7.9599733,0
115,27,0.219,1,-0.05,-3.672152,0
115,28,0.190,2,-100.0,-18.65009,0
116,0,0.671,0,1.0,1.1609333,0
116,1,0.678,2,-0.05,1.3852038,0
116,2,0.707,0,1.0,0.87923056,0
116,3,0.692,2,-0.05,1.0008931,0
116,4,0.638,0,1.0,0.51846135,0
116,5,0.598,1,-0.05,0.9261254,0
116,6,0.559,0,1.0,1.4049304,0
116,7,0.546,2,-0.05,0.7972254,0
116,8,0.521,1,-0.05,0.32627672,0
116,9,0.500,0,1.0,1.1868694,0
116,10,0.493,2,-0.05,1.5634569,0
116,11,0.493,2,-0.05,1.4927572,0
116,12,0.480,1,-0.05,1.6319504,0
116,13,0.478,2,-0.05,1.2143618,0
116,14,0.468,2,-0.05,0.5866629,0
116,15,0.453,1,-0.05,0.29234195,0
116,16,0.400,0,1.0,0.33373106,0
116,17,0.348,1,-0.05,0.4768598,0
116,18,0.350,1,-0.05,1.3402348,0
116,19,0.358,2,-0.05,0.62845767,0
116,20,0.350,1,-0.05,1.8947694,0
116,21,0.344,2,-0.05,0.5629948,0
116,22,0.308,0,1.0,2.5492594,0
116,23,0.268,2,-0.05,-0.08471918,0
116,24,0.271,2,-0.05,-9.489296,0
116,25,0.248,2,-0.05,-14.140029,0
116,26,0.224,2,-0.05,-16.26724,0
116,27,0.184,1,-100.0,-27.64243,0
117,0,0.660,1,-0.05,2.5610914,0
117,1,0.659,1,-0.05,1.6629589,0
117,2,0.640,2,-0.05,-1.0503356,0
117,3,0.624,0,1.0,0.8349713,0
117,4,0.609,1,-0.05,-0.22153485,0
117,5,0.579,0,1.0,0.14506352,0
117,6,0.507,0,1.0,-0.8943379,0
117,7,0.453,0,1.0,-0.9766995,0
117,8,0.402,1,-0.05,-1.649303,0
117,9,0.360,0,1.0,-1.0168262,0
117,10,0.298,1,-0.05,-0.87279177,0
117,11,0.285,2,-0.05,-12.1918545,0
117,12,0.261,1,-0.05,-3.209022,0
117,13,0.234,2,-0.05,-14.661937,0
117,14,0.231,1,-0.05,-7.7146263,0
117,15,0.208,2,-0.05,-21.750206,0
117,16,0.147,0,-100.0,-14.500866,0
118,0,0.667,0,1.0,1.0762318,0
118,1,0.662,0,1.0,2.2912548,0
118,2,0.673,2,-0.05,1.7484097,0
118,3,0.711,0,1.0,1.4303172,0
118,4,0.682,0,1.0,1.4454167,0
118,5,0.630,0,1.0,0.60128474,0
118,6,0.613,2,-0.05,0.55828255,0
118,7,0.604,1,-0.05,0.29504675,0
118,8,0.602,2,-0.05,-0.5054408,0
118,9,0.598,2,-0.05,-0.67866707,0
118,10,0.582,2,-0.05,0.95154953,0
118,11,0.554,2,-0.05,1.5563868,0
118,12,0.521,2,-0.05,3.0504851,0
118,13,0.514,2,-0.05,3.352817,0
118,14,0.466,2,-0.05,-5.7975063,0
118,15,0.436,2,-0.05,-23.841988,0
118,16,0.408,1,-0.05,-26.794228,0
118,17,0.373,1,-0.05,-29.02377,0
118,18,0.338,2,-0.05,-20.965343,0
118,19,0.299,1,-0.05,-31.213232,0
118,20,0.279,2,-0.05,-24.784298,0
118,21,0.234,1,-0.05,-32.553913,0
118,22,0.212,2,-0.05,-29.938183,0
118,23,0.120,0,-100.0,-24.762985,0
119,0,0.642,0,1.0,1.1582252,0
119,1,0.607,0,1.0,0.76828617,0
119,2,0.593,0,1.0,1.1561806,0
119,3,0.554,0,1.0,1.4576305,0
119,4,0.536,0,1.0,1.5249964,0
119,5,0.519,2,-0.05,1.2599434,0
119,6,0.543,0,1.0,1.4590757,0
119,7,0.544,1,-0.05,1.1445216,0
119,8,0.539,1,-0.05,0.8944491,0
119,9,0.500,0,1.0,0.956625,0
119,10,0.475,1,-0.05,-1.4637172,0
119,11,0.402,0,1.0,-2.4391723,0
119,12,0.353,1,-0.05,-0.7620156,0
119,13,0.337,1,-0.05,-2.9110074,0
119,14,0.219,0,1.0,-21.199896,0
119,15,0.172,1,-100.0,-43.394093,0
120,0,0.690,2,-0.05,0.49137017,0
120,1,0.668,1,-0.05,0.8890228,0
120,2,0.661,2,-0.05,2.3251193,0
120,3,0.702,0,1.0,0.060322568,0
120,4,0.684,1,-0.05,-0.07800144,0
120,5,0.675,0,1.0,1.2128198,0
120,6,0.674,0,1.0,1.6357311,0
120,7,0.667,0,1.0,1.5097178,0
120,8,0.660,2,-0.05,2.6750293,0
120,9,0.654,1,-0.05,0.5964751,0
120,10,0.659,2,-0.05,-0.41179764,0
120,11,0.648,2,-0.05,-0.69821835,0
120,12,0.644,2,-0.05,-0.37241447,0
120,13,0.626,1,-0.05,-0.6012554,0
120,14,0.605,1,-0.05,-0.62598693,0
120,15,0.606,2,-0.05,0.45469934,0
120,16,0.586,1,-0.05,0.66165775,0
120,17,0.589,2,-0.05,0.21720546,0
120,18,0.585,2,-0.05,0.17672455,0
120,19,0.568,1,-0.05,-0.32816643,0
120,20,0.551,2,-0.05,-0.2547758,0
120,21,0.489,0,1.0,0.7124735,0
120,22,0.417,2,-0.05,-0.01621759,0
120,23,0.396,2,-0.05,-0.4162569,0
120,24,0.316,0,1.0,-3.077056,0
120,25,0.120,0,-100.0,-11.480977,0
121,0,0.666,0,1.0,0.7198212,0
121,1,0.661,0,1.0,0.94529766,0
121,2,0.672,2,-0.05,-0.49805146,0
121,3,0.713,0,1.0,0.33911273,0
121,4,0.686,0,1.0,0.9968834,0
121,5,0.628,0,1.0,1.0515459,0
121,6,0.618,2,-0.05,1.0645127,0
121,7,0.599,1,-0.05,0.7417607,0
121,8,0.603,2,-0.05,1.1286284,0
121,9,0.597,2,-0.05,0.8508411,0
121,10,0.571,2,-0.05,0.21203032,0
121,11,0.554,1,-0.05,2.988595,0
121,12,0.499,0,1.0,-0.079702616,0
121,13,0.417,0,1.0,1.3607352,0
121,14,0.380,2,-0.05,1.8879974,0
121,15,0.367,2,-0.05,-1.6540875,0
121,16,0.240,0,1.0,-1.039846,0
121,17,0.120,0,-100.0,-20.380024,0
122,0,0.662,0,1.0,1.1906201,0
122,1,0.673,2,-0.05,1.882521,0
122,2,0.708,0,1.0,1.6011045,0
122,3,0.675,0,1.0,2.4746933,0
122,4,0.643,0,1.0,1.265456,0
122,5,0.615,0,1.0,0.7040572,0
122,6,0.603,2,-0.05,-0.7652488,0
122,7,0.581,2,-0.05,-0.045889378,0
122,8,0.571,1,-0.05,-0.7596693,0
122,9,0.523,0,1.0,-1.1161898,0
122,10,0.504,2,-0.05,0.31504095,0
122,11,0.488,2,-0.05,0.2832389,0
122,12,0.380,0,1.0,0.2144782,0
122,13,0.285,0,1.0,-4.001297,0
122,14,0.244,2,-0.05,-14.997598,0
122,15,0.120,0,-100.0,-17.817308,0
123,0,0.662,0,1.0,1.6109114,0
123,1,0.664,2,-0.05,0.052170545,0
123,2,0.711,2,-0.05,0.4078927,0
123,3,0.702,0,1.0,1.7001076,0
123,4,0.606,0,1.0,0.9309945,0
123,5,0.517,0,1.0,0.037891924,0
123,6,0.500,2,-0.05,-0.3905983,0
123,7,0.488,2,-0.05,-0.26308,0
123,8,0.379,0,1.0,2.153201,0
123,9,0.296,1,-0.05,-1.164813,0
123,10,0.219,0,1.0,-8.094329,0
123,11,0.169,2,-100.0,-24.120066,0
124,0,0.671,0,1.0,1.9812536,0
124,1,0.669,2,-0.05,1.7058655,0
124,2,0.698,0,1.0,1.3813529,0
124,3,0.688,2,-0.05,0.5769944,0
124,4,0.603,0,1.0,1.353555,0
124,5,0.533,0,1.0,0.5190656,0
124,6,0.503,2,-0.05,0.81128085,0
124,7,0.484,2,-0.05,1.2087767,0
124,8,0.452,1,-0.05,3.3906481,0
124,9,0.361,0,1.0,1.7301183,0
124,10,0.334,2,-0.05,-2.4563074,0
124,11,0.323,2,-0.05,-7.4541044,0
124,12,0.283,1,-0.05,-7.689578,0
124,13,0.217,0,1.0,-13.386691,0
124,14,0.161,2,-100.0,-26.983795,0
125,0,0.672,0,1.0,3.1683862,0
125,1,0.675,0,1.0,2.1786513,0
125,2,0.668,2,-0.05,1.9507179,0
125,3,0.720,2,-0.05,1.2492342,0
125,4,0.683,0,1.0,0.99914217,0
125,5,0.646,2,-0.05,1.2806252,0
125,6,0.567,0,1.0,-0.52203584,0
125,7,0.452,0,1.0,0.3870477,0
125,8,0.404,2,-0.05,-1.1452358,0
125,9,0.387,2,-0.05,-3.0355248,0
125,10,0.368,1,-0.05,-7.3142853,0
125,11,0.273,0,1.0,-4.7120266,0
125,12,0.120,0,-100.0,-17.967571,0
126,0,0.661,0,1.0,1.5358934,0
126,1,0.658,2,-0.05,3.1709638,0
126,2,0.666,1,-0.05,1.1585988,0
126,3,0.670,2,-0.05,0.88838273,0
126,4,0.680,0,1.0,0.90254515,0
126,5,0.687,1,-0.05,0.091805585,0
126,6,0.702,1,-0.05,0.91414,0
126,7,0.700,2,-0.05,0.9862466,0
126,8,0.713,0,1.0,1.7230775,0
126,9,0.680,0,1.0,1.0575141,0
126,10,0.687,2,-0.05,1.8904316,0
126,11,0.647,0,1.0,1.3677335,0
126,12,0.582,0,1.0,0.906631,0
126,13,0.549,2,-0.05,1.2658069,0
126,14,0.497,0,1.0,2.0193324,0
126,15,0.389,0,1.0,0.062462986,0
126,16,0.362,2,-0.05,-2.742586,0
126,17,0.341,2,-0.05,-5.4513063,0
126,18,0.324,2,-0.05,-2.9372826,0
126,19,0.300,1,-0.05,-10.285612,0
126,20,0.190,0,-100.0,-13.15585,0
127,0,0.666,0,1.0,-0.0070177615,0
127,1,0.665,0,1.0,0.4131459,0
127,2,0.664,1,-0.05,-0.7882884,0
127,3,0.617,0,1.0,-0.69459903,0
127,4,0.590,0,1.0,0.71605,0
127,5,0.538,0,1.0,0.6561924,0
127,6,0.530,1,-0.05,0.82288677,0
127,7,0.510,1,-0.05,-0.6232456,0
127,8,0.507,2,-0.05,-0.67392373,0
127,9,0.492,2,-0.05,-1.3045261,0
127,10,0.466,0,1.0,1.1214086,0
127,11,0.429,0,1.0,2.7232206,0
127,12,0.399,0,1.0,2.4852176,0
127,13,0.379,1,-0.05,1.071573,0
127,14,0.354,0,1.0,-2.3260975,0
127,15,0.269,0,1.0,-0.84708595,0
127,16,0.209,0,1.0,-1.8237247,0
127,17,0.177,1,-100.0,-2.412022,0
128,0,0.673,0,1.0,0.53078735,0
128,1,0.660,0,1.0,-0.23537743,0
128,2,0.658,1,-0.05,0.525606,0
128,3,0.647,2,-0.05,1.895304,0
128,4,0.664,0,1.0,0.8544381,0
128,5,0.667,1,-0.05,0.6807987,0
128,6,0.663,0,1.0,1.265399,0
128,7,0.639,0,1.0,1.0736636,0
128,8,0.616,0,1.0,0.18451428,0
128,9,0.584,0,1.0,-0.04050523,0
128,10,0.584,2,-0.05,-0.65127754,0
128,11,0.600,2,-0.05,-0.42641592,0
128,12,0.648,2,-0.05,-0.29936266,0
128,13,0.630,1,-0.05,3.1051118,0
128,14,0.644,0,1.0,1.2810287,0
128,15,0.667,0,1.0,0.6037516,0
128,16,0.683,1,-0.05,1.1799002,0
128,17,0.674,0,1.0,0.68722546,0
128,18,0.658,2,-0.05,1.3560152,0
128,19,0.697,0,1.0,1.4104222,0
128,20,0.706,0,1.0,0.631092,0
128,21,0.684,0,1.0,0.9005236,0
128,22,0.679,1,-0.05,-1.124925,0
128,23,0.701,0,1.0,3.501224,0
128,24,0.705,0,1.0,5.6755466,0
128,25,0.693,2,-0.05,0.21429378,0
128,26,0.710,1,-0.05,-0.05887574,0
128,27,0.686,1,-0.05,-0.5161147,0
128,28,0.697,1,-0.05,-0.52649415,0
128,29,0.675,1,-0.05,-1.782181,0
128,30,0.552,0,1.0,-1.1506972,0
128,31,0.505,1,-0.05,-1.3310041,0
128,32,0.480,1,-0.05,-0.6158596,0
128,33,0.336,0,1.0,0.2645663,0
128,34,0.257,1,-0.05,-0.43006277,0
128,35,0.211,2,-0.05,-1.1215901,0
128,36,0.172,1,-100.0,-1.4640384,0
129,0,0.659,0,1.0,0.8157426,0
129,1,0.659,2,-0.05,-0.3420704,0
129,2,0.651,1,-0.05,1.9129236,0
129,3,0.622,0,1.0,1.2724795,0
129,4,0.625,2,-0.05,0.8942676,0
129,5,0.634,0,1.0,0.7238785,0
129,6,0.634,0,1.0,2.3136487,0
129,7,0.647,0,1.0,2.455801,0
129,8,0.645,0,1.0,0.6814008,0
129,9,0.653,0,1.0,-0.04101917,0
129,10,0.661,1,-0.05,-0.9142878,0
129,11,0.660,1,-0.05,-0.26408193,0
129,12,0.653,1,-0.05,1.8173139,0
129,13,0.588,0,1.0,0.673803,0
129,14,0.453,0,1.0,0.13033414,0
129,15,0.423,1,-0.05,-0.1967386,0
129,16,0.398,2,-0.05,-0.5147226,0
129,17,0.320,0,1.0,-0.17383528,0
129,18,0.298,1,-0.05,-1.2208815,0
129,19,0.291,1,-0.05,-2.350239,0
129,20,0.267,1,-0.05,-22.370472,0
129,21,0.245,1,-0.05,-25.44117,0
129,22,0.208,1,-0.05,-24.083805,0
129,23,0.120,0,-100.0,-19.721056,0
130,0,0.661,1,-0.05,-0.5954853,0
130,1,0.624,0,1.0,-1.4464915,0
130,2,0.604,2,-0.05,-1.3886504,0
130,3,0.607,1,-0.05,-0.09722173,0
130,4,0.596,2,-0.05,-1.2024355,0
130,5,0.580,0,1.0,-0.4378451,0
130,6,0.580,2,-0.05,-0.5839124,0
130,7,0.612,2,-0.05,0.5529552,0
130,8,0.643,2,-0.05,0.44179523,0
130,9,0.748,0,1.0,0.43019176,0
130,10,0.679,1,-0.05,3.898036,0
130,11,0.644,0,1.0,3.1545305,0
130,12,0.614,2,-0.05,1.949896,0
130,13,0.543,0,1.0,0.8523499,0
130,14,0.498,2,-0.05,1.9649583,0
130,15,0.399,0,1.0,2.874052,0
130,16,0.323,2,-0.05,-0.4997611,0
130,17,0.206,0,1.0,-15.570418,0
130,18,0.137,2,-100.0,-33.268394,0
131,0,0.672,0,1.0,1.7895423,0
131,1,0.680,2,-0.05,2.630887,0
131,2,0.732,2,-0.05,0.84173894,0
131,3,0.677,0,1.0,1.5984323,0
131,4,0.599,0,1.0,1.1973904,0
131,5,0.572,2,-0.05,-0.17453277,0
131,6,0.547,1,-0.05,1.8482338,0
131,7,0.545,1,-0.05,1.2797818,0
131,8,0.528,2,-0.05,1.0274305,0
131,9,0.537,2,-0.05,-0.42387652,0
131,10,0.502,1,-0.05,-0.2628225,0
131,11,0.504,2,-0.05,0.11097044,0
131,12,0.482,1,-0.05,0.1218355,0
131,13,0.454,0,1.0,0.6124655,0
131,14,0.410,2,-0.05,2.1980422,0
131,15,0.404,2,-0.05,1.8386436,0
131,16,0.396,1,-0.05,0.3368569,0
131,17,0.368,2,-0.05,-0.45966136,0
131,18,0.356,1,-0.05,-0.58159053,0
131,19,0.334,2,-0.05,-1.6135607,0
131,20,0.259,0,1.0,-3.4900396,0
131,21,0.145,0,-100.0,-18.657219,0
132,0,0.667,0,1.0,1.1674852,0
132,1,0.662,0,1.0,0.78542185,0
132,2,0.663,0,1.0,-0.89287114,0
132,3,0.676,0,1.0,0.76168597,0
132,4,0.659,0,1.0,1.537765,0
132,5,0.666,0,1.0,1.4392154,0
132,6,0.671,2,-0.05,-0.66315556,0
132,7,0.710,0,1.0,0.7202271,0
132,8,0.685,2,-0.05,1.8333508,0
132,9,0.637,0,1.0,5.0964003,0
132,10,0.535,0,1.0,1.8216327,0
132,11,0.507,2,-0.05,0.7099601,0
132,12,0.490,2,-0.05,-0.099074244,0
132,13,0.476,1,-0.05,1.6088927,0
132,14,0.442,1,-0.05,0.0068678856,0
132,15,0.439,2,-0.05,1.4404545,0
132,16,0.423,2,-0.05,1.6649183,0
132,17,0.399,2,-0.05,1.203902,0
132,18,0.238,0,1.0,0.58762074,0
132,19,0.183,2,-100.0,-22.628725,0
133,0,0.671,0,1.0,1.2414708,0
133,1,0.669,2,-0.05,0.94272196,0
133,2,0.730,2,-0.05,0.37374014,0
133,3,0.720,1,-0.05,2.8255017,0
133,4,0.708,0,1.0,0.30689287,0
133,5,0.670,0,1.0,-1.0178459,0
133,6,0.674,2,-0.05,0.63878405,0
133,7,0.623,0,1.0,0.36507988,0
133,8,0.606,1,-0.05,0.9517616,0
133,9,0.577,0,1.0,0.23532864,0
133,10,0.567,0,1.0,1.1330585,0
133,11,0.551,1,-0.05,1.5152789,0
133,12,0.566,1,-0.05,1.1601477,0
133,13,0.624,0,1.0,-0.4187379,0
133,14,0.675,1,-0.05,0.00037136674,0
133,15,0.680,2,-0.05,-2.331556,0
133,16,0.643,2,-0.05,-0.7201916,0
133,17,0.641,2,-0.05,-1.0437454,0
133,18,0.620,0,1.0,1.2979078,0
133,19,0.559,0,1.0,1.9601665,0
133,20,0.539,2,-0.05,2.8510222,0
133,21,0.528,1,-0.05,2.281022,0
133,22,0.494,0,1.0,3.0877724,0
133,23,0.499,2,-0.05,-0.596369,0
133,24,0.493,1,-0.05,1.4034448,0
133,25,0.493,0,1.0,0.50025046,0
133,26,0.486,2,-0.05,-0.8298832,0
133,27,0.488,1,-0.05,-0.5399733,0
133,28,0.512,1,-0.05,-0.16751003,0
133,29,0.556,0,1.0,1.6053716,0
133,30,0.830,0,1.0,2.5800562,0
133,31,0.786,2,-0.05,-0.6266291,0
133,32,0.770,1,-0.05,0.3863423,0
133,33,0.763,1,-0.05,0.023240209,0
133,34,0.763,1,-0.05,-0.48451877,0
133,35,0.733,1,-0.05,-0.8736162,0
133,36,0.720,1,-0.05,0.005468726,0
133,37,0.688,1,-0.05,1.1343384,0
133,38,0.637,1,-0.05,2.387633,0
133,39,0.613,1,-0.05,1.1086116,0
133,40,0.586,1,-0.05,0.7078748,0
133,41,0.497,0,1.0,3.991675,0
133,42,0.269,0,1.0,3.6348991,0
133,43,0.203,1,-0.05,-31.83211,0
133,44,0.194,2,-100.0,-41.954628,0
134,0,0.671,0,1.0,0.78216887,0
134,1,0.669,0,1.0,0.14755562,0
134,2,0.685,0,1.0,0.8428285,0
134,3,0.682,2,-0.05,2.407663,0
134,4,0.698,0,1.0,1.3962034,0
134,5,0.643,0,1.0,2.55453,0
134,6,0.647,2,-0.05,2.056171,0
134,7,0.589,0,1.0,1.5692186,0
134,8,0.556,0,1.0,2.3198323,0
134,9,0.531,2,-0.05,0.20301329,0
134,10,0.484,0,1.0,0.4369352,0
134,11,0.322,0,1.0,2.4637098,0
134,12,0.295,2,-0.05,-10.408855,0
134,13,0.277,2,-0.05,-15.921858,0
134,14,0.255,2,-0.05,-23.637808,0
134,15,0.221,2,-0.05,-31.763924,0
134,16,0.199,1,-100.0,-38.721195,0
135,0,0.660,1,-0.05,1.0659361,0
135,1,0.632,0,1.0,1.1463578,0
135,2,0.602,2,-0.05,-0.78909147,0
135,3,0.592,0,1.0,0.4579345,0
135,4,0.572,0,1.0,0.5718021,0
135,5,0.574,1,-0.05,-0.2882713,0
135,6,0.576,1,-0.05,1.005346,0
135,7,0.566,1,-0.05,-1.3161881,0
135,8,0.498,0,1.0,-1.8310852,0
135,9,0.420,1,-0.05,-1.745481,0
135,10,0.403,1,-0.05,-3.5987463,0
135,11,0.379,1,-0.05,-11.404954,0
135,12,0.353,2,-0.05,-29.724579,0
135,13,0.330,2,-0.05,-22.14856,0
135,14,0.304,2,-0.05,-15.653949,0
135,15,0.278,2,-0.05,-11.034833,0
135,16,0.275,1,-0.05,-3.915329,0
135,17,0.254,2,-0.05,-11.186726,0
135,18,0.237,1,-0.05,-4.599168,0
135,19,0.219,2,-0.05,-9.127057,0
135,20,0.212,1,-0.05,-4.907103,0
135,21,0.131,0,-100.0,-12.019901,0
136,0,0.666,0,1.0,1.1991391,0
136,1,0.665,0,1.0,2.2382665,0
136,2,0.663,0,1.0,2.125724,0
136,3,0.657,0,1.0,0.91381425,0
136,4,0.658,1,-0.05,1.3173666,0
136,5,0.611,0,1.0,-0.22484636,0
136,6,0.606,1,-0.05,-1.8497248,0
136,7,0.541,0,1.0,-0.6030395,0
136,8,0.427,0,1.0,-1.161829,0
136,9,0.386,1,-0.05,-1.4679022,0
136,10,0.376,2,-0.05,-1.6003599,0
136,11,0.357,2,-0.05,-2.3821144,0
136,12,0.337,0,1.0,-3.8437548,0
136,13,0.320,1,-0.05,-0.41797173,0
136,14,0.314,1,-0.05,-3.5987744,0
136,15,0.303,1,-0.05,-3.3996782,0
136,16,0.274,2,-0.05,-5.810891,0
136,17,0.251,2,-0.05,-6.284401,0
136,18,0.251,1,-0.05,-3.7505178,0
136,19,0.228,2,-0.05,-7.998228,0
136,20,0.210,1,-0.05,-3.5905385,0
136,21,0.198,2,-100.0,-12.577955,0
137,0,0.660,0,1.0,0.57543385,0
137,1,0.675,0,1.0,1.1958442,0
137,2,0.686,2,-0.05,0.5930661,0
137,3,0.701,0,1.0,0.8523153,0
137,4,0.655,0,1.0,1.5781369,0
137,5,0.633,2,-0.05,-0.41137803,0
137,6,0.611,1,-0.05,0.33624643,0
137,7,0.622,2,-0.05,0.598623,0
137,8,0.595,2,-0.05,-0.49553013,0
137,9,0.524,0,1.0,3.3748298,0
137,10,0.380,0,1.0,3.3709388,0
137,11,0.311,2,-0.05,-2.251862,0
137,12,0.314,2,-0.05,-12.898431,0
137,13,0.123,0,-100.0,-15.757977,0
138,0,0.666,0,1.0,2.9367127,0
138,1,0.669,1,-0.05,0.24846295,0
138,2,0.661,2,-0.05,0.038022637,0
138,3,0.650,1,-0.05,1.2102247,0
138,4,0.640,0,1.0,0.5124098,0
138,5,0.597,0,1.0,0.69383985,0
138,6,0.564,0,1.0,-0.09598851,0
138,7,0.534,0,1.0,-0.1968733,0
138,8,0.482,0,1.0,-1.0436785,0
138,9,0.470,2,-0.05,0.7754745,0
138,10,0.473,1,-0.05,1.370322,0
138,11,0.414,0,1.0,-0.03505075,0
138,12,0.394,1,-0.05,-3.6344705,0
138,13,0.338,0,1.0,-2.662055,0
138,14,0.292,1,-0.05,-5.9478364,0
138,15,0.270,1,-0.05,-13.357764,0
138,16,0.256,1,-0.05,-37.97483,0
138,17,0.206,2,-0.05,-35.859932,0
138,18,0.194,1,-100.0,-41.270454,0
139,0,0.668,2,-0.05,0.7904187,0
139,1,0.707,0,1.0,0.6237708,0
139,2,0.694,2,-0.05,0.80633855,0
139,3,0.627,0,1.0,0.6438407,0
139,4,0.598,1,-0.05,0.5543551,0
139,5,0.574,0,1.0,1.3807949,0
139,6,0.559,2,-0.05,0.6373285,0
139,7,0.513,0,1.0,1.4516532,0
139,8,0.481,1,-0.05,-0.10498083,0
139,9,0.454,0,1.0,0.29284453,0
139,10,0.425,2,-0.05,1.0848451,0
139,11,0.414,2,-0.05,0.8049967,0
139,12,0.400,2,-0.05,0.50246906,0
139,13,0.393,2,-0.05,-0.23898387,0
139,14,0.362,2,-0.05,-3.0020885,0
139,15,0.223,0,1.0,-17.997828,0
139,16,0.150,2,-100.0,-56.506332,0
140,0,0.672,0,1.0,2.1611743,0
140,1,0.675,0,1.0,1.0362489,0
140,2,0.672,0,1.0,1.714787,0
140,3,0.680,0,1.0,2.7854567,0
140,4,0.697,0,1.0,2.637298,0
140,5,0.683,0,1.0,1.4123672,0
140,6,0.691,0,1.0,0.4089998,0
140,7,0.706,2,-0.05,-1.3442886,0
140,8,0.684,0,1.0,1.4007405,0
140,9,0.664,2,-0.05,0.40741676,0
140,10,0.613,0,1.0,2.1264284,0
140,11,0.534,0,1.0,1.8979682,0
140,12,0.492,1,-0.05,0.8700857,0
140,13,0.489,2,-0.05,-0.13563007,0
140,14,0.461,1,-0.05,1.0231509,0
140,15,0.455,2,-0.05,0.58106077,0
140,16,0.441,2,-0.05,1.2102729,0
140,17,0.428,2,-0.05,-0.36605954,0
140,18,0.396,1,-0.05,1.7382331,0
140,19,0.376,2,-0.05,1.4921322,0
140,20,0.350,1,-0.05,0.2783239,0
140,21,0.327,2,-0.05,-1.9995923,0
140,22,0.218,0,1.0,-7.488658,0
140,23,0.148,2,-100.0,-32.41964,0
141,0,0.661,1,-0.05,0.2663703,0
141,1,0.667,2,-0.05,-0.5800134,0
141,2,0.674,2,-0.05,0.8312137,0
141,3,0.726,2,-0.05,-0.5001265,0
141,4,0.679,0,1.0,0.8573914,0
141,5,0.598,0,1.0,4.1867547,0
141,6,0.515,0,1.0,2.631252,0
141,7,0.455,1,-0.05,1.7570952,0
141,8,0.441,2,-0.05,0.8656466,0
141,9,0.431,2,-0.05,-0.51521987,0
141,10,0.404,2,-0.05,0.62558705,0
141,11,0.374,2,-0.05,-3.1544123,0
141,12,0.349,2,-0.05,-8.5798235,0
141,13,0.315,2,-0.05,-20.364971,0
141,14,0.281,1,-0.05,-26.39191,0
141,15,0.243,1,-0.05,-27.990692,0
141,16,0.209,2,-0.05,-51.73858,0
141,17,0.186,2,-100.0,-47.004387,0
142,0,0.665,1,-0.05,1.020025,0
142,1,0.633,0,1.0,0.49115872,0
142,2,0.583,0,1.0,0.5369204,0
142,3,0.547,1,-0.05,0.8901632,0
142,4,0.493,0,1.0,0.4494365,0
142,5,0.406,0,1.0,-1.9860225,0
142,6,0.373,1,-0.05,-3.2896187,0
142,7,0.336,2,-0.05,-4.116922,0
142,8,0.329,1,-0.05,-3.3219614,0
142,9,0.306,2,-0.05,-9.706169,0
142,10,0.250,0,1.0,-5.3866096,0
142,11,0.215,1,-0.05,-4.8240924,0
142,12,0.198,1,-100.0,-10.948544,0
143,0,0.666,0,1.0,-0.06798494,0
143,1,0.657,2,-0.05,-0.16940314,0
143,2,0.670,2,-0.05,0.34431037,0
143,3,0.735,2,-0.05,0.7809704,0
143,4,0.670,0,1.0,1.5827341,0
143,5,0.628,1,-0.05,1.1974788,0
143,6,0.587,0,1.0,-0.5484173,0
143,7,0.553,2,-0.05,0.43632853,0
143,8,0.524,1,-0.05,2.091341,0
143,9,0.504,0,1.0,0.960041,0
143,10,0.489,2,-0.05,-1.1339948,0
143,11,0.477,1,-0.05,-0.3432445,0
143,12,0.453,0,1.0,0.50603473,0
143,13,0.456,2,-0.05,-0.17619818,0
143,14,0.447,1,-0.05,0.020792246,0
143,15,0.453,0,1.0,0.6332185,0
143,16,0.475,2,-0.05,0.48685953,0
143,17,0.483,1,-0.05,1.6273022,0
143,18,0.503,1,-0.05,0.31650248,0
143,19,0.585,0,1.0,0.5671986,0
143,20,0.696,1,-0.05,-0.25055504,0
143,21,0.818,1,-0.05,1.7571512,0
143,22,0.735,0,1.0,3.1372094,0
143,23,0.612,0,1.0,1.7760679,0
143,24,0.537,1,-0.05,0.3916551,0
143,25,0.492,2,-0.05,-2.6723223,0
143,26,0.469,2,-0.05,-2.098424,0
143,27,0.399,0,1.0,-1.6163442,0
143,28,0.360,1,-0.05,-3.1255014,0
143,29,0.339,2,-0.05,-7.6904583,0
143,30,0.322,2,-0.05,-9.401484,0
143,31,0.276,0,1.0,-3.5164664,0
143,32,0.255,1,-0.05,-4.9150105,0
143,33,0.230,2,-0.05,-9.062316,0
143,34,0.224,1,-0.05,-4.259044,0
143,35,0.229,1,-0.05,-12.990321,0
143,36,0.215,1,-0.05,-39.09098,0
143,37,0.187,2,-100.0,-32.778866,0
144,0,0.686,2,-0.05,1.6262404,0
144,1,0.718,0,1.0,1.2268884,0
144,2,0.684,1,-0.05,0.28406078,0
144,3,0.680,0,1.0,1.0550792,0
144,4,0.659,0,1.0,1.2668438,0
144,5,0.657,0,1.0,0.92093766,0
144,6,0.635,0,1.0,0.8882062,0
144,7,0.636,2,-0.05,0.19845362,0
144,8,0.642,2,-0.05,-0.056349695,0
144,9,0.583,0,1.0,0.58729786,0
144,10,0.541,1,-0.05,1.128658,0
144,11,0.532,1,-0.05,1.3054752,0
144,12,0.534,1,-0.05,-0.036708653,0
144,13,0.529,2,-0.05,1.122641,0
144,14,0.515,2,-0.05,0.14607297,0
144,15,0.510,2,-0.05,0.706993,0
144,16,0.503,2,-0.05,0.3890599,0
144,17,0.422,0,1.0,2.5919795,0
144,18,0.328,2,-0.05,2.1198277,0
144,19,0.206,0,1.0,-11.47423,0
144,20,0.138,2,-100.0,-38.716297,0
145,0,0.671,0,1.0,2.1495545,0
145,1,0.685,0,1.0,1.4430581,0
145,2,0.665,1,-0.05,2.9253244,0
145,3,0.685,2,-0.05,0.9651749,0
145,4,0.696,2,-0.05,0.9742415,0
145,5,0.686,0,1.0,0.91562235,0
145,6,0.619,0,1.0,1.4171691,0
145,7,0.572,1,-0.05,-0.51243114,0
145,8,0.573,1,-0.05,-0.027574956,0
145,9,0.556,2,-0.05,0.6323232,0
145,10,0.534,0,1.0,0.87008417,0
145,11,0.502,2,-0.05,-0.26000482,0
145,12,0.480,2,-0.05,1.0097985,0
145,13,0.392,0,1.0,1.22466,0
145,14,0.336,2,-0.05,0.4872346,0
145,15,0.207,0,1.0,-5.606391,0
145,16,0.134,1,-100.0,-35.83463,0
146,0,0.690,2,-0.05,0.72871137,0
146,1,0.729,2,-0.05,-0.15574455,0
146,2,0.663,0,1.0,1.8937811,0
146,3,0.635,2,-0.05,1.9288404,0
146,4,0.538,0,1.0,3.5163121,0
146,5,0.417,0,1.0,4.4086585,0
146,6,0.359,2,-0.05,1.8126292,0
146,7,0.336,2,-0.05,-3.696701,0
146,8,0.189,0,-100.0,-5.468258,0
147,0,0.665,1,-0.05,-0.2852441,0
147,1,0.660,2,-0.05,-1.2556796,0
147,2,0.670,0,1.0,0.3227838,0
147,3,0.694,0,1.0,0.77021295,0
147,4,0.703,0,1.0,1.109331,0
147,5,0.689,0,1.0,1.373328,0
147,6,0.675,0,1.0,1.9377676,0
147,7,0.653,0,1.0,1.5797788,0
147,8,0.647,0,1.0,0.09155533,0
147,9,0.611,0,1.0,0.3751182,0
147,10,0.616,1,-0.05,0.78723645,0
147,11,0.626,1,-0.05,-1.0950625,0
147,12,0.687,0,1.0,1.0465178,0
147,13,0.684,0,1.0,-0.57993793,0
147,14,0.645,0,1.0,-0.1430937,0
147,15,0.611,2,-0.05,2.0014985,0
147,16,0.593,2,-0.05,0.6254314,0
147,17,0.609,0,1.0,-0.08858758,0
147,18,0.631,0,1.0,0.40072542,0
147,19,0.645,0,1.0,3.0463223,0
147,20,0.671,0,1.0,5.7153826,0
147,21,0.680,0,1.0,4.193365,0
147,22,0.689,2,-0.05,-0.24581063,0
147,23,0.763,0,1.0,0.37072983,0
147,24,0.823,0,1.0,1.6508595,0
147,25,0.653,0,1.0,0.7231747,0
147,26,0.557,2,-0.05,1.0961838,0
147,27,0.535,2,-0.05,2.6518843,0
147,28,0.507,2,-0.05,3.951296,0
147,29,0.491,1,-0.05,1.5033805,0
147,30,0.384,0,1.0,2.4440937,0
147,31,0.350,1,-0.05,-6.286293,0
147,32,0.282,2,-0.05,-17.596478,0
147,33,0.265,1,-0.05,-26.320969,0
147,34,0.165,0,-100.0,-30.79193,0
148,0,0.661,0,1.0,1.742552,0
148,1,0.658,2,-0.05,1.858252,0
148,2,0.688,0,1.0,0.4266457,0
148,3,0.694,1,-0.05,0.4005241,0
148,4,0.708,0,1.0,0.77637446,0
148,5,0.695,2,-0.05,-0.22219992,0
148,6,0.682,0,1.0,-0.4311812,0
148,7,0.663,2,-0.05,-0.3670751,0
148,8,0.647,1,-0.05,-0.28019917,0
148,9,0.645,2,-0.05,-1.497489,0
148,10,0.588,0,1.0,-0.9710121,0
148,11,0.550,1,-0.05,-0.28923357,0
148,12,0.546,2,-0.05,1.1473873,0
148,13,0.456,0,1.0,0.2619226,0
148,14,0.423,2,-0.05,1.7199215,0
148,15,0.303,0,1.0,0.41910964,0
148,16,0.260,2,-0.05,-7.2355433,0
148,17,0.226,1,-0.05,-19.20929,0
148,18,0.212,1,-0.05,-18.551468,0
148,19,0.186,2,-100.0,-27.540565,0
149,0,0.686,2,-0.05,-0.22047377,0
149,1,0.720,2,-0.05,-0.98589647,0
149,2,0.682,0,1.0,-0.900738,0
149,3,0.563,0,1.0,2.8215923,0
149,4,0.525,1,-0.05,-0.37939143,0
149,5,0.503,2,-0.05,0.30321217,0
149,6,0.393,0,1.0,2.2342827,0
149,7,0.359,2,-0.05,-0.35076797,0
149,8,0.241,0,1.0,-1.2260308,0
149,9,0.171,2,-100.0,-33.617867,0
150,0,0.686,2,-0.05,2.8263092,0
150,1,0.705,0,1.0,0.5051745,0
150,2,0.670,1,-0.05,0.4422276,0
150,3,0.674,2,-0.05,0.5130059,0
150,4,0.654,1,-0.05,1.4623793,0
150,5,0.650,2,-0.05,0.5890786,0
150,6,0.591,0,1.0,0.96804047,0
150,7,0.496,0,1.0,2.357919,0
150,8,0.467,2,-0.05,0.77638334,0
150,9,0.455,2,-0.05,0.8604801,0
150,10,0.419,2,-0.05,2.1071918,0
150,11,0.400,1,-0.05,1.1172967,0
150,12,0.365,1,-0.05,-1.2818213,0
150,13,0.333,2,-0.05,-1.3385091,0
150,14,0.331,2,-0.05,-4.0670404,0
150,15,0.293,2,-0.05,-13.693489,0
150,16,0.120,0,-100.0,-33.026432,0
151,0,0.667,0,1.0,1.4586644,0
151,1,0.666,1,-0.05,1.489382,0
151,2,0.640,0,1.0,-0.011503845,0
151,3,0.588,0,1.0,-0.34046328,0
151,4,0.559,0,1.0,1.3674829,0
151,5,0.545,1,-0.05,3.0556655,0
151,6,0.480,0,1.0,1.7204139,0
151,7,0.454,1,-0.05,-1.5488105,0
151,8,0.353,0,1.0,-1.8231199,0
151,9,0.258,0,1.0,-7.598258,0
151,10,0.197,2,-100.0,-18.415493,0
152,0,0.672,0,1.0,2.5318482,0
152,1,0.675,0,1.0,-0.24338803,0
152,2,0.677,2,-0.05,-0.3854152,0
152,3,0.676,1,-0.05,-0.52822167,0
152,4,0.660,0,1.0,1.2709684,0
152,5,0.648,0,1.0,-0.3226294,0
152,6,0.616,0,1.0,-0.32270896,0
152,7,0.604,2,-0.05,0.7249648,0
152,8,0.615,2,-0.05,-0.9084314,0
152,9,0.647,0,1.0,-0.7141185,0
152,10,0.711,0,1.0,-0.7552264,0
152,11,0.660,0,1.0,-1.1895702,0
152,12,0.621,0,1.0,-0.7708138,0
152,13,0.569,0,1.0,0.7903902,0
152,14,0.539,1,-0.05,1.0212917,0
152,15,0.525,0,1.0,2.704816,0
152,16,0.506,0,1.0,1.4470553,0
152,17,0.497,2,-0.05,1.8653164,0
152,18,0.462,0,1.0,0.043904424,0
152,19,0.410,0,1.0,1.1898532,0
152,20,0.375,0,1.0,1.5270178,0
152,21,0.319,0,1.0,-1.590312,0
152,22,0.693,1,-0.05,4.2469044,0
152,23,1.155,0,1.0,3.8789797,0
152,24,1.103,1,-0.05,-0.014629364,0
152,25,1.078,1,-0.05,-0.3977723,0
152,26,0.971,0,1.0,-0.622504,0
152,27,0.748,0,1.0,-0.8064308,0
152,28,0.704,1,-0.05,-1.2219129,0
152,29,0.660,2,-0.05,-1.2222192,0
152,30,0.623,1,-0.05,-1.1256421,0
152,31,0.515,0,1.0,-0.7817085,0
152,32,0.353,0,1.0,-0.8958478,0
152,33,0.254,1,-0.05,-1.1797209,0
152,34,0.120,0,-100.0,-0.47102666,0
153,0,0.661,0,1.0,0.38625246,0
153,1,0.645,0,1.0,0.40650707,0
153,2,0.653,0,1.0,0.09304784,0
153,3,0.664,1,-0.05,1.2237201,0
153,4,0.653,2,-0.05,-0.85309446,0
153,5,0.675,0,1.0,-0.33114254,0
153,6,0.702,2,-0.05,-0.24504244,0
153,7,0.718,2,-0.05,-0.7882786,0
153,8,0.646,0,1.0,1.0362461,0
153,9,0.566,0,1.0,2.2791734,0
153,10,0.434,0,1.0,0.29380816,0
153,11,0.406,2,-0.05,0.97786975,0
153,12,0.384,2,-0.05,-0.59839845,0
153,13,0.261,0,1.0,0.07915354,0
153,14,0.166,1,-100.0,-26.061653,0
154,0,0.669,0,1.0,1.0430648,0
154,1,0.656,2,-0.05,0.48517695,0
154,2,0.696,2,-0.05,0.66964215,0
154,3,0.749,2,-0.05,0.4153799,0
154,4,0.671,0,1.0,1.1391077,0
154,5,0.622,1,-0.05,5.8218412,0
154,6,0.611,2,-0.05,3.7425432,0
154,7,0.588,2,-0.05,7.824193,0
154,8,0.457,0,1.0,4.516603,0
154,9,0.309,0,1.0,4.845583,0
154,10,0.214,2,-0.05,-10.1284075,0
154,11,0.181,1,-100.0,-44.77466,0
155,0,0.659,0,1.0,1.806866,0
155,1,0.654,0,1.0,1.9519916,0
155,2,0.651,0,1.0,0.7216008,0
155,3,0.642,0,1.0,0.54177934,0
155,4,0.634,0,1.0,0.48595315,0
155,5,0.615,0,1.0,-0.4550199,0
155,6,0.626,1,-0.05,1.1702738,0
155,7,0.580,0,1.0,0.23715264,0
155,8,0.538,0,1.0,0.8401135,0
155,9,0.487,0,1.0,1.551528,0
155,10,0.466,2,-0.05,0.647594,0
155,11,0.462,0,1.0,0.4858845,0
155,12,0.450,0,1.0,0.7410528,0
155,13,0.447,0,1.0,2.2039902,0
155,14,0.440,2,-0.05,2.4290102,0
155,15,0.465,0,1.0,2.8979292,0
155,16,0.500,0,1.0,3.8043137,0
155,17,0.505,1,-0.05,2.9678347,0
155,18,0.531,2,-0.05,7.202753,0
155,19,0.588,0,1.0,4.81185,0
155,20,0.661,0,1.0,7.876659,0
155,21,0.661,1,-0.05,7.692358,0
155,22,0.671,0,1.0,4.8382435,0
155,23,0.686,2,-0.05,0.13906574,0
155,24,0.677,1,-0.05,-0.16730309,0
155,25,0.680,1,-0.05,-0.7464955,0
155,26,0.641,0,1.0,-1.2340529,0
155,27,0.631,1,-0.05,-1.782335,0
155,28,0.621,1,-0.05,-2.0546324,0
155,29,0.591,1,-0.05,-1.2152933,0
155,30,0.577,1,-0.05,-1.0461279,0
155,31,0.551,1,-0.05,-1.573098,0
155,32,0.535,1,-0.05,-1.4901397,0
155,33,0.487,1,-0.05,0.010846376,0
155,34,0.467,1,-0.05,-2.1310177,0
155,35,0.432,2,-0.05,-6.8572655,0
155,36,0.330,0,1.0,-7.7704763,0
155,37,0.227,2,-0.05,-6.744999,0
155,38,0.189,1,-100.0,-6.460462,0
156,0,0.659,0,1.0,0.84873337,0
156,1,0.659,2,-0.05,1.2396426,0
156,2,0.688,0,1.0,0.42942068,0
156,3,0.717,2,-0.05,-0.34804547,0
156,4,0.701,1,-0.05,0.6977994,0
156,5,0.703,0,1.0,1.7508177,0
156,6,0.707,2,-0.05,0.89969736,0
156,7,0.700,1,-0.05,0.75488424,0
156,8,0.690,0,1.0,1.3282505,0
156,9,0.670,0,1.0,0.12153876,0
156,10,0.665,2,-0.05,-0.6963639,0
156,11,0.690,2,-0.05,-0.33284974,0
156,12,0.670,1,-0.05,0.5298501,0
156,13,0.667,0,1.0,1.1369792,0
156,14,0.649,0,1.0,1.0859864,0
156,15,0.642,0,1.0,0.054380074,0
156,16,0.627,0,1.0,1.6501751,0
156,17,0.616,0,1.0,1.1471802,0
156,18,0.614,2,-0.05,0.825715,0
156,19,0.623,2,-0.05,-0.453587,0
156,20,0.685,0,1.0,-1.8614717,0
156,21,0.731,0,1.0,0.60142773,0
156,22,0.674,0,1.0,-0.85257006,0
156,23,0.595,0,1.0,0.032559276,0
156,24,0.565,1,-0.05,-1.2077513,0
156,25,0.561,2,-0.05,1.6249878,0
156,26,0.509,0,1.0,0.049930662,0
156,27,0.440,0,1.0,2.5132728,0
156,28,0.616,0,1.0,7.923951,0
156,29,1.051,1,-0.05,7.841628,0
156,30,0.930,0,1.0,4.213579,0
156,31,0.819,1,-0.05,3.1138484,0
156,32,0.661,0,1.0,3.0795012,0
156,33,0.578,1,-0.05,1.3300648,0
156,34,0.550,1,-0.05,0.7262697,0
156,35,0.529,1,-0.05,-0.55352736,0
156,36,0.494,2,-0.05,-0.26788092,0
156,37,0.464,1,-0.05,-0.093027115,0
156,38,0.439,1,-0.05,-0.58570576,0
156,39,0.391,1,-0.05,-0.055419683,0
156,40,0.379,2,-0.05,0.07021594,0
156,41,0.348,2,-0.05,0.25193644,0
156,42,0.318,1,-0.05,0.2475555,0
156,43,0.292,1,-0.05,0.13821816,0
156,44,0.271,2,-0.05,-0.14418983,0
156,45,0.235,1,-0.05,-0.10309315,0
156,46,0.213,1,-0.05,-1.3417325,0
156,47,0.194,2,-100.0,-9.710737,0
157,0,0.671,0,1.0,1.6339116,0
157,1,0.675,0,1.0,1.4693952,0
157,2,0.685,0,1.0,1.6787057,0
157,3,0.683,1,-0.05,1.9526249,0
157,4,0.662,0,1.0,-1.1529094,0
157,5,0.636,2,-0.05,-2.114476,0
157,6,0.641,2,-0.05,-0.071259856,0
157,7,0.642,1,-0.05,2.0288136,0
157,8,0.624,0,1.0,1.3171759,0
157,9,0.588,0,1.0,0.19833696,0
157,10,0.570,0,1.0,2.0605125,0
157,11,0.525,0,1.0,1.9372476,0
157,12,0.522,1,-0.05,0.20770884,0
157,13,0.512,1,-0.05,0.77525425,0
157,14,0.505,1,-0.05,0.25400603,0
157,15,0.468,2,-0.05,1.6115227,0
157,16,0.457,1,-0.05,1.7261319,0
157,17,0.445,1,-0.05,2.3958359,0
157,18,0.409,1,-0.05,-7.421488,0
157,19,0.378,1,-0.05,-2.4511724,0
157,20,0.356,1,-0.05,-1.1243939,0
157,21,0.306,1,-0.05,-12.202987,0
157,22,0.280,1,-0.05,-21.37128,0
157,23,0.242,1,-0.05,-39.11209,0
157,24,0.221,2,-0.05,-33.688454,0
157,25,0.183,2,-100.0,-59.17231,0
158,0,0.671,0,1.0,1.031693,0
158,1,0.687,2,-0.05,-0.53570414,0
158,2,0.706,0,1.0,-0.20190263,0
158,3,0.682,2,-0.05,0.39292836,0
158,4,0.624,0,1.0,0.074127376,0
158,5,0.529,0,1.0,-0.9942075,0
158,6,0.443,0,1.0,-0.15761447,0
158,7,0.417,1,-0.05,0.2443533,0
158,8,0.403,2,-0.05,1.4523635,0
158,9,0.389,1,-0.05,-0.09990597,0
158,10,0.373,2,-0.05,1.9031628,0
158,11,0.355,1,-0.05,-1.8405147,0
158,12,0.357,2,-0.05,0.9742253,0
158,13,0.334,1,-0.05,-4.7486467,0
158,14,0.322,2,-0.05,0.70750785,0
158,15,0.318,2,-0.05,-9.219839,0
158,16,0.288,2,-0.05,-23.695751,0
158,17,0.271,2,-0.05,-31.733368,0
158,18,0.245,2,-0.05,-37.776688,0
158,19,0.217,1,-0.05,-53.81646,0
158,20,0.182,1,-100.0,-60.165676,0
159,0,0.659,0,1.0,0.920869,0
159,1,0.658,1,-0.05,2.2815077,0
159,2,0.661,1,-0.05,-0.41768146,0
159,3,0.591,0,1.0,0.69219035,0
159,4,0.524,0,1.0,-0.13714075,0
159,5,0.482,1,-0.05,-0.51259387,0
159,6,0.472,1,-0.05,0.44906062,0
159,7,0.443,2,-0.05,2.3617163,0
159,8,0.416,1,-0.05,0.6668886,0
159,9,0.391,2,-0.05,2.0656796,0
159,10,0.378,2,-0.05,-0.5202279,0
159,11,0.363,2,-0.05,-1.5047014,0
159,12,0.345,0,1.0,0.034375906,0
159,13,0.313,0,1.0,-0.15586543,0
159,14,0.308,1,-0.05,0.634158,0
159,15,0.305,2,-0.05,-3.1979213,0
159,16,0.302,0,1.0,1.0557365,0
159,17,0.288,1,-0.05,0.993526,0
159,18,0.284,0,1.0,0.68105924,0
159,19,0.264,1,-0.05,-3.5493808,0
159,20,0.249,1,-0.05,-3.3978796,0
159,21,0.238,2,-0.05,-18.712238,0
159,22,0.197,0,-100.0,-8.5731945,0
160,0,0.671,2,-0.05,-1.421289,0
160,1,0.716,2,-0.05,-0.06784856,0
160,2,0.706,0,1.0,0.50718135,0
160,3,0.659,2,-0.05,0.4927287,0
160,4,0.565,0,1.0,2.6409695,0
160,5,0.509,1,-0.05,3.67022,0
160,6,0.439,0,1.0,4.5244665,0
160,7,0.396,1,-0.05,1.1546495,0
160,8,0.397,2,-0.05,0.8517518,0
160,9,0.381,2,-0.05,0.4736817,0
160,10,0.350,1,-0.05,-0.34692955,0
160,11,0.328,1,-0.05,-0.638566,0
160,12,0.315,1,-0.05,-0.5570569,0
160,13,0.331,2,-0.05,1.126723,0
160,14,0.317,2,-0.05,2.2558758,0
160,15,0.296,2,-0.05,-6.806634,0
160,16,0.282,2,-0.05,-13.129216,0
160,17,0.253,2,-0.05,-17.159664,0
160,18,0.234,2,-0.05,-39.93822,0
160,19,0.190,2,-100.0,-63.24671,0
161,0,0.671,0,1.0,-0.16479826,0
161,1,0.675,0,1.0,1.5582755,0
161,2,0.685,0,1.0,1.0104198,0
161,3,0.678,0,1.0,0.6395005,0
161,4,0.682,1,-0.05,0.7856719,0
161,5,0.678,2,-0.05,0.722552,0
161,6,0.717,2,-0.05,2.8874035,0
161,7,0.667,0,1.0,1.2929761,0
161,8,0.595,0,1.0,1.933975,0
161,9,0.573,1,-0.05,2.5456386,0
161,10,0.571,2,-0.05,1.9058597,0
161,11,0.492,0,1.0,0.05166751,0
161,12,0.458,2,-0.05,0.09891009,0
161,13,0.370,0,1.0,0.37156305,0
161,14,0.278,2,-0.05,1.259548,0
161,15,0.262,2,-0.05,-16.500965,0
161,16,0.126,0,-100.0,-31.721773,0
162,0,0.666,0,1.0,1.7213268,0
162,1,0.662,0,1.0,2.4105575,0
162,2,0.672,0,1.0,2.1808362,0
162,3,0.662,0,1.0,0.91178066,0
162,4,0.664,0,1.0,-0.38868886,0
162,5,0.660,0,1.0,-0.09006721,0
162,6,0.669,2,-0.05,-0.9555075,0
162,7,0.712,0,1.0,0.64275426,0
162,8,0.674,0,1.0,1.2078075,0
162,9,0.616,0,1.0,0.9276751,0
162,10,0.599,2,-0.05,2.2068374,0
162,11,0.541,0,1.0,1.9039923,0
162,12,0.488,1,-0.05,0.7680769,0
162,13,0.488,2,-0.05,0.76013845,0
162,14,0.472,1,-0.05,-0.85745835,0
162,15,0.425,0,1.0,1.0522155,0
162,16,0.364,0,1.0,4.3625226,0
162,17,0.362,2,-0.05,2.753274,0
162,18,0.294,0,1.0,3.5234964,0
162,19,0.254,1,-0.05,0.6204964,0
162,20,0.233,1,-0.05,-0.90397036,0
162,21,0.222,0,1.0,1.5877634,0
162,22,1.192,0,1.0,4.654065,0
162,23,1.193,1,-0.05,-1.2383937,0
162,24,1.211,2,-0.05,-0.3878069,0
162,25,1.056,0,1.0,-0.04930806,0
162,26,1.000,1,-0.05,0.22657633,0
162,27,0.972,1,-0.05,0.73849124,0
162,28,0.870,0,1.0,-0.87915325,0
162,29,0.737,2,-0.05,-0.4315498,0
162,30,0.704,1,-0.05,-0.21793818,0
162,31,0.556,0,1.0,-0.5468607,0
162,32,0.483,1,-0.05,-1.231108,0
162,33,0.432,1,-0.05,-0.660589,0
162,34,0.408,1,-0.05,0.12034249,0
162,35,0.392,1,-0.05,0.7539942,0
162,36,0.376,2,-0.05,0.76667356,0
162,37,0.354,1,-0.05,0.08758998,0
162,38,0.341,1,-0.05,0.9292364,0
162,39,0.319,1,-0.05,1.1531501,0
162,40,0.316,1,-0.05,0.13558769,0
162,41,0.319,1,-0.05,5.1294084,0
162,42,0.359,1,-0.05,8.790926,0
162,43,0.493,0,1.0,5.4479446,0
162,44,0.587,1,-0.05,3.3922582,0
162,45,0.548,2,-0.05,3.858623,0
162,46,0.587,1,-0.05,4.4896784,0
162,47,0.481,0,1.0,2.2296948,0
162,48,0.428,1,-0.05,0.9577573,0
162,49,0.399,2,-0.05,1.2037048,0
162,50,0.372,1,-0.05,1.3182855,0
162,51,0.364,2,-0.05,0.4334761,0
162,52,0.326,2,-0.05,1.9740441,0
162,53,0.306,2,-0.05,1.9033623,0
162,54,0.276,2,-0.05,-28.132824,0
162,55,0.256,2,-0.05,-26.745274,0
162,56,0.207,1,-0.05,-16.961151,0
162,57,0.177,2,-100.0,-40.82085,0
163,0,0.669,0,1.0,1.8399322,0
163,1,0.675,0,1.0,1.8336977,0
163,2,0.685,2,-0.05,-0.18709928,0
163,3,0.723,2,-0.05,-0.44076633,0
163,4,0.719,2,-0.05,1.0133337,0
163,5,0.640,0,1.0,2.4702551,0
163,6,0.592,2,-0.05,2.5878904,0
163,7,0.475,0,1.0,2.1746635,0
163,8,0.404,2,-0.05,1.8212517,0
163,9,0.304,0,1.0,2.481134,0
163,10,0.120,0,-100.0,-25.884996,0
164,0,0.661,1,-0.05,1.8790463,0
164,1,0.624,0,1.0,0.33209735,0
164,2,0.568,0,1.0,2.0757124,0
164,3,0.513,0,1.0,0.36193323,0
164,4,0.513,1,-0.05,-0.68289983,0
164,5,0.501,1,-0.05,-0.7337103,0
164,6,0.490,1,-0.05,-1.1253307,0
164,7,0.461,1,-0.05,1.8922315,0
164,8,0.421,2,-0.05,1.4450665,0
164,9,0.398,2,-0.05,3.2422612,0
164,10,0.341,0,1.0,-1.5445614,0
164,11,0.297,1,-0.05,-7.645458,0
164,12,0.275,2,-0.05,-15.484012,0
164,13,0.255,1,-0.05,-9.688866,0
164,14,0.173,0,-100.0,-21.54826,0
165,0,0.666,0,1.0,-0.25176418,0
165,1,0.663,1,-0.05,2.5067763,0
165,2,0.622,0,1.0,0.5565746,0
165,3,0.580,0,1.0,0.5049501,0
165,4,0.575,1,-0.05,1.505177,0
165,5,0.512,0,1.0,0.3306079,0
165,6,0.489,1,-0.05,-3.4907823,0
165,7,0.459,1,-0.05,-2.9514208,0
165,8,0.435,2,-0.05,0.59379745,0
165,9,0.388,0,1.0,-2.333592,0
165,10,0.333,1,-0.05,-3.8314643,0
165,11,0.296,2,-0.05,-9.933344,0
165,12,0.296,1,-0.05,-6.345538,0
165,13,0.267,2,-0.05,-18.454197,0
165,14,0.257,1,-0.05,-9.998345,0
165,15,0.241,1,-0.05,-22.38451,0
165,16,0.223,2,-0.05,-25.69611,0
165,17,0.198,2,-100.0,-30.334295,0
166,0,0.685,2,-0.05,-0.14874792,0
166,1,0.736,2,-0.05,-0.486498,0
166,2,0.677,0,1.0,1.2089202,0
166,3,0.599,0,1.0,0.8002549,0
166,4,0.552,2,-0.05,2.749519,0
166,5,0.528,1,-0.05,4.919847,0
166,6,0.477,0,1.0,2.5765367,0
166,7,0.436,1,-0.05,0.81981266,0
166,8,0.425,1,-0.05,-0.26333737,0
166,9,0.437,1,-0.05,-0.64254117,0
166,10,0.483,0,1.0,0.962691,0
166,11,0.493,2,-0.05,-1.1187943,0
166,12,0.504,0,1.0,-0.46023065,0
166,13,0.511,0,1.0,1.3514378,0
166,14,0.522,0,1.0,0.42767215,0
166,15,0.522,0,1.0,0.09720172,0
166,16,0.541,0,1.0,-0.067881405,0
166,17,0.553,0,1.0,0.07840556,0
166,18,0.555,0,1.0,-0.23069781,0
166,19,0.563,2,-0.05,0.12461892,0
166,20,0.547,0,1.0,1.8406565,0
166,21,0.528,0,1.0,0.20312554,0
166,22,0.492,0,1.0,2.7176962,0
166,23,0.461,0,1.0,0.4900478,0
166,24,0.513,0,1.0,10.25202,0
166,25,1.029,0,1.0,3.0057893,0
166,26,1.033,1,-0.05,0.52104783,0
166,27,1.004,1,-0.05,0.430036,0
166,28,0.968,2,-0.05,-1.0843735,0
166,29,0.941,2,-0.05,-1.283062,0
166,30,0.895,1,-0.05,-1.0586064,0
166,31,0.772,0,1.0,-0.99508595,0
166,32,0.670,1,-0.05,-1.3189659,0
166,33,0.631,1,-0.05,-1.6008224,0
166,34,0.590,1,-0.05,-1.7053485,0
166,35,0.581,2,-0.05,-1.421992,0
166,36,0.551,1,-0.05,-1.2785285,0
166,37,0.517,1,-0.05,-1.7512592,0
166,38,0.429,0,1.0,-0.447675,0
166,39,0.387,2,-0.05,-0.70108366,0
166,40,0.355,1,-0.05,-1.4751639,0
166,41,0.330,1,-0.05,-0.59983325,0
166,42,0.322,1,-0.05,0.16809464,0
166,43,0.318,2,-0.05,-1.6048546,0
166,44,0.306,1,-0.05,-0.34296465,0
166,45,0.305,1,-0.05,-3.7799273,0
166,46,0.329,0,1.0,-7.429076,0
166,47,0.312,2,-0.05,-24.252186,0
166,48,0.278,2,-0.05,-31.485592,0
166,49,0.244,2,-0.05,-8.777521,0
166,50,0.216,1,-0.05,-1.5859361,0
166,51,0.123,0,-100.0,-0.8555727,0
167,0,0.667,0,1.0,1.405879,0
167,1,0.666,2,-0.05,0.3488618,0
167,2,0.721,2,-0.05,-0.5824095,0
167,3,0.674,0,1.0,2.6173258,0
167,4,0.605,0,1.0,2.969133,0
167,5,0.561,1,-0.05,-0.024507046,0
167,6,0.552,2,-0.05,0.7326734,0
167,7,0.549,2,-0.05,2.1405406,0
167,8,0.436,0,1.0,4.109753,0
167,9,0.397,2,-0.05,0.35162008,0
167,10,0.246,0,1.0,2.1180792,0
167,11,0.120,0,-100.0,-43.41333,0
168,0,0.666,0,1.0,-0.030875146,0
168,1,0.675,0,1.0,1.7197084,0
168,2,0.672,0,1.0,1.435339,0
168,3,0.662,0,1.0,0.2203263,0
168,4,0.669,2,-0.05,-0.8234105,0
168,5,0.710,2,-0.05,0.59558594,0
168,6,0.742,2,-0.05,0.6799677,0
168,7,0.679,0,1.0,2.4876957,0
168,8,0.547,0,1.0,4.450924,0
168,9,0.441,0,1.0,3.987528,0
168,10,0.389,2,-0.05,2.4069433,0
168,11,0.372,2,-0.05,2.2642603,0
168,12,0.345,2,-0.05,2.701621,0
168,13,0.304,2,-0.05,-6.891515,0
168,14,0.284,2,-0.05,-15.716002,0
168,15,0.238,1,-0.05,-21.173597,0
168,16,0.203,2,-0.05,-28.488537,0
168,17,0.182,1,-100.0,-27.179585,0
169,0,0.689,2,-0.05,-0.07751024,0
169,1,0.671,1,-0.05,0.184223,0
169,2,0.663,1,-0.05,1.1232518,0
169,3,0.666,1,-0.05,0.9074553,0
169,4,0.651,1,-0.05,-0.5553188,0
169,5,0.629,1,-0.05,1.1570429,0
169,6,0.620,1,-0.05,1.726266,0
169,7,0.481,0,1.0,2.5715947,0
169,8,0.417,2,-0.05,0.055627823,0
169,9,0.394,1,-0.05,-6.334194,0
169,10,0.363,1,-0.05,-17.96471,0
169,11,0.333,1,-0.05,-17.28643,0
169,12,0.312,2,-0.05,-20.219162,0
169,13,0.140,0,-100.0,-25.114355,0
170,0,0.667,0,1.0,2.3432744,0
170,1,0.669,1,-0.05,3.0383098,0
170,2,0.644,0,1.0,-0.36503088,0
170,3,0.632,1,-0.05,0.61918694,0
170,4,0.565,0,1.0,0.10491556,0
170,5,0.500,0,1.0,1.8438438,0
170,6,0.436,0,1.0,-2.1256022,0
170,7,0.347,0,1.0,-1.7093067,0
170,8,0.259,0,1.0,-2.8984776,0
170,9,0.232,1,-0.05,-4.751515,0
170,10,0.222,2,-0.05,-27.984886,0
170,11,0.202,2,-0.05,-13.646763,0
170,12,0.201,1,-0.05,-4.0264254,0
170,13,0.186,1,-100.0,-4.8182306,0
171,0,0.668,2,-0.05,-0.25563276,0
171,1,0.707,0,1.0,1.3418694,0
171,2,0.665,0,1.0,0.21079229,0
171,3,0.654,2,-0.05,0.9905732,0
171,4,0.636,1,-0.05,0.31145698,0
171,5,0.620,0,1.0,0.55174863,0
171,6,0.621,0,1.0,-0.26281214,0
171,7,0.607,2,-0.05,0.8418452,0
171,8,0.576,0,1.0,0.9039197,0
171,9,0.555,2,-0.05,-0.8447666,0
171,10,0.535,1,-0.05,-0.63939357,0
171,11,0.532,2,-0.05,2.112301,0
171,12,0.465,0,1.0,1.8204354,0
171,13,0.428,2,-0.05,-0.35665548,0
171,14,0.328,0,1.0,1.2961199,0
171,15,0.278,2,-0.05,-6.50873,0
171,16,0.245,1,-0.05,-18.56095,0
171,17,0.226,2,-0.05,-34.727245,0
171,18,0.199,2,-100.0,-39.326702,0
172,0,0.671,0,1.0,1.7386274,0
172,1,0.675,0,1.0,2.241709,0
172,2,0.669,1,-0.05,0.64706737,0
172,3,0.642,0,1.0,0.9087622,0
172,4,0.642,2,-0.05,-0.3857466,0
172,5,0.652,2,-0.05,-0.44852912,0
172,6,0.678,2,-0.05,-1.3791959,0
172,7,0.755,2,-0.05,0.46045387,0
172,8,0.671,0,1.0,2.549872,0
172,9,0.634,1,-0.05,5.138133,0
172,10,0.554,0,1.0,5.0715094,0
172,11,0.516,2,-0.05,1.3423245,0
172,12,0.489,2,-0.05,-0.21848497,0
172,13,0.387,0,1.0,3.6377337,0
172,14,0.337,2,-0.05,2.980752,0
172,15,0.305,2,-0.05,-2.147211,0
172,16,0.157,0,-100.0,-13.536482,0
173,0,0.662,0,1.0,0.8894743,0
173,1,0.658,2,-0.05,0.95959616,0
173,2,0.705,0,1.0,0.22082067,0
173,3,0.701,2,-0.05,-0.4202972,0
173,4,0.684,1,-0.05,0.14225246,0
173,5,0.687,0,1.0,0.72310466,0
173,6,0.682,0,1.0,2.7392986,0
173,7,0.681,1,-0.05,3.5275156,0
173,8,0.718,1,-0.05,-0.24565756,0
173,9,0.672,0,1.0,0.38932347,0
173,10,0.596,0,1.0,0.36954844,0
173,11,0.536,0,1.0,2.0367458,0
173,12,0.482,2,-0.05,1.1159271,0
173,13,0.457,0,1.0,0.84680307,0
173,14,0.448,2,-0.05,0.87939286,0
173,15,0.433,0,1.0,0.35445243,0
173,16,0.434,1,-0.05,1.7645646,0
173,17,0.420,0,1.0,0.9294811,0
173,18,0.376,0,1.0,0.9850445,0
173,19,0.352,2,-0.05,0.2284739,0
173,20,0.342,0,1.0,-1.5810153,0
173,21,0.334,2,-0.05,0.7317424,0
173,22,0.376,0,1.0,2.1562037,0
173,23,0.399,2,-0.05,3.582683,0
173,24,0.463,0,1.0,4.8898125,0
173,25,0.550,0,1.0,3.210467,0
173,26,0.641,0,1.0,7.730152,0
173,27,0.690,0,1.0,6.4775476,0
173,28,0.768,0,1.0,5.042501,0
173,29,0.687,1,-0.05,1.6028875,0
173,30,0.638,1,-0.05,1.508362,0
173,31,0.629,1,-0.05,-0.82192326,0
173,32,0.584,1,-0.05,-1.4933465,0
173,33,0.560,1,-0.05,-1.9764152,0
173,34,0.532,1,-0.05,-1.2110329,0
173,35,0.506,2,-0.05,-0.9167018,0
173,36,0.466,2,-0.05,-1.5010419,0
173,37,0.338,0,1.0,-2.1595669,0
173,38,0.274,1,-0.05,-1.96381,0
173,39,0.229,1,-0.05,-2.2026036,0
173,40,0.211,1,-0.05,-2.0713062,0
173,41,0.120,0,-100.0,-1.6868312,0
174,0,0.662,0,1.0,0.2717079,0
174,1,0.647,0,1.0,1.2398951,0
174,2,0.668,0,1.0,1.8492785,0
174,3,0.654,0,1.0,1.3029194,0
174,4,0.665,0,1.0,0.685326,0
174,5,0.664,1,-0.05,0.49160925,0
174,6,0.643,0,1.0,-0.77441335,0
174,7,0.616,2,-0.05,-0.07123345,0
174,8,0.609,2,-0.05,0.15599781,0
174,9,0.626,1,-0.05,0.9505792,0
174,10,0.631,2,-0.05,0.59600973,0
174,11,0.632,1,-0.05,0.46666622,0
174,12,0.628,2,-0.05,0.0047002435,0
174,13,0.653,2,-0.05,-0.39730054,0
174,14,0.727,2,-0.05,3.5319827,0
174,15,0.707,0,1.0,3.02514,0
174,16,0.614,0,1.0,1.4846668,0
174,17,0.529,1,-0.05,0.60593057,0
174,18,0.531,1,-0.05,0.96439713,0
174,19,0.510,1,-0.05,-1.8217523,0
174,20,0.521,0,1.0,-0.6907784,0
174,21,0.506,2,-0.05,0.578792,0
174,22,0.491,0,1.0,-0.11659968,0
174,23,0.459,0,1.0,0.50638497,0
174,24,0.412,0,1.0,-1.6938999,0
174,25,0.378,0,1.0,0.56433594,0
174,26,0.349,1,-0.05,-2.239201,0
174,27,1.061,0,1.0,8.907512,0
174,28,1.055,1,-0.05,-0.6588236,0
174,29,1.051,1,-0.05,-0.7069268,0
174,30,1.050,1,-0.05,-2.2839043,0
174,31,1.036,1,-0.05,-1.131786,0
174,32,1.016,1,-0.05,-1.6641421,0
174,33,0.993,1,-0.05,-2.011322,0
174,34,0.957,1,-0.05,-1.11444,0
174,35,0.926,1,-0.05,1.6866837,0
174,36,0.805,0,1.0,2.8496697,0
174,37,0.686,1,-0.05,3.8335664,0
174,38,0.664,1,-0.05,4.1063995,0
174,39,0.621,1,-0.05,4.8723545,0
174,40,0.583,2,-0.05,2.4746041,0
174,41,0.575,1,-0.05,4.3337593,0
174,42,0.538,1,-0.05,3.3504143,0
174,43,0.419,0,1.0,1.1933067,0
174,44,0.387,1,-0.05,1.7979615,0
174,45,0.372,2,-0.05,0.62840176,0
174,46,0.345,2,-0.05,-0.20005608,0
174,47,0.311,2,-0.05,-1.2431011,0
174,48,0.284,2,-0.05,-14.613632,0
174,49,0.259,2,-0.05,-28.065228,0
174,50,0.229,1,-0.05,-20.470837,0
174,51,0.192,2,-100.0,-38.637516,0
175,0,0.681,0,1.0,-0.42764783,0
175,1,0.676,0,1.0,0.83796,0
175,2,0.679,0,1.0,0.30816817,0
175,3,0.680,0,1.0,0.9724848,0
175,4,0.683,0,1.0,2.3110118,0
175,5,0.694,1,-0.05,2.4884498,0
175,6,0.670,0,1.0,0.5934317,0
175,7,0.638,0,1.0,-0.8857204,0
175,8,0.590,0,1.0,1.1575383,0
175,9,0.559,0,1.0,1.6945424,0
175,10,0.538,1,-0.05,1.0056348,0
175,11,0.497,0,1.0,-0.28841197,0
175,12,0.470,1,-0.05,-0.04791951,0
175,13,0.457,2,-0.05,-2.488869,0
175,14,0.440,1,-0.05,-3.0933602,0
175,15,0.429,1,-0.05,-0.45107985,0
175,16,0.312,0,1.0,-1.5593328,0
175,17,0.257,1,-0.05,-28.943401,0
175,18,0.228,1,-0.05,-31.523808,0
175,19,0.201,1,-0.05,-24.397131,0
175,20,0.179,1,-100.0,-18.352745,0
176,0,0.665,0,1.0,0.91906345,0
176,1,0.655,1,-0.05,1.2080454,0
176,2,0.652,2,-0.05,0.32257277,0
176,3,0.669,2,-0.05,0.9263539,0
176,4,0.730,2,-0.05,-0.049989134,0
176,5,0.714,1,-0.05,1.9852046,0
176,6,0.732,2,-0.05,-0.6205667,0
176,7,0.645,0,1.0,1.045681,0
176,8,0.568,0,1.0,0.78465414,0
176,9,0.522,1,-0.05,-0.92356336,0
176,10,0.507,1,-0.05,0.5499356,0
176,11,0.505,2,-0.05,-1.0597669,0
176,12,0.484,1,-0.05,0.11836651,0
176,13,0.481,2,-0.05,-0.45952868,0
176,14,0.473,1,-0.05,-0.5114993,0
176,15,0.466,2,-0.05,-0.92040896,0
176,16,0.461,2,-0.05,0.4408042,0
176,17,0.442,2,-0.05,0.6873558,0
176,18,0.413,1,-0.05,0.6238346,0
176,19,0.347,0,1.0,-1.3902651,0
176,20,0.234,0,1.0,-1.2847748,0
176,21,0.201,2,-0.05,-44.751137,0
176,22,0.120,0,-100.0,-57.31788,0
177,0,0.662,0,1.0,-0.3647864,0
177,1,0.661,1,-0.05,1.3766928,0
177,2,0.662,2,-0.05,0.48257774,0
177,3,0.695,0,1.0,0.934217,0
177,4,0.716,2,-0.05,0.584998,0
177,5,0.666,0,1.0,0.38292336,0
177,6,0.631,2,-0.05,1.2966588,0
177,7,0.629,1,-0.05,-0.26317212,0
177,8,0.613,2,-0.05,0.45102593,0
177,9,0.604,2,-0.05,0.7373749,0
177,10,0.577,1,-0.05,4.7735786,0
177,11,0.508,0,1.0,0.43163726,0
177,12,0.472,1,-0.05,-0.2165972,0
177,13,0.458,1,-0.05,1.5735655,0
177,14,0.465,1,-0.05,-0.3544525,0
177,15,0.502,1,-0.05,-0.14619744,0
177,16,0.526,1,-0.05,0.9579937,0
177,17,0.670,1,-0.05,-0.58628464,0
177,18,0.816,0,1.0,4.708336,0
177,19,0.694,0,1.0,4.946452,0
177,20,0.529,0,1.0,4.3919625,0
177,21,0.480,1,-0.05,2.2162414,0
177,22,0.452,2,-0.05,3.2985985,0
177,23,0.418,2,-0.05,3.4788322,0
177,24,0.340,0,1.0,0.7746452,0
177,25,0.320,1,-0.05,-2.6192918,0
177,26,0.307,1,-0.05,-5.3484364,0
177,27,0.270,1,-0.05,-14.590845,0
177,28,0.155,0,-100.0,-29.355375,0
178,0,0.688,2,-0.05,1.0363578,0
178,1,0.705,0,1.0,0.66352487,0
178,2,0.687,2,-0.05,0.28404883,0
178,3,0.613,0,1.0,1.9875225,0
178,4,0.531,0,1.0,0.67495,0
178,5,0.493,2,-0.05,0.4286691,0
178,6,0.484,2,-0.05,-0.68663025,0
178,7,0.452,1,-0.05,0.7940302,0
178,8,0.365,0,1.0,1.6378156,0
178,9,0.330,2,-0.05,-3.396793,0
178,10,0.316,2,-0.05,-10.919273,0
178,11,0.292,2,-0.05,-19.136303,0
178,12,0.262,2,-0.05,-27.662266,0
178,13,0.230,2,-0.05,-44.398052,0
178,14,0.120,0,-100.0,-37.259583,0
179,0,0.662,0,1.0,0.0058403015,0
179,1,0.646,0,1.0,-0.6229048,0
179,2,0.656,0,1.0,0.994417,0
179,3,0.643,0,1.0,0.3955897,0
179,4,0.662,0,1.0,0.6220642,0
179,5,0.655,0,1.0,-0.24067211,0
179,6,0.667,0,1.0,-1.8963053,0
179,7,0.662,0,1.0,0.004742503,0
179,8,0.662,0,1.0,0.6488452,0
179,9,0.665,2,-0.05,-0.27057612,0
179,10,0.710,0,1.0,-0.65570325,0
179,11,0.698,0,1.0,0.19036084,0
179,12,0.650,0,1.0,0.52128816,0
179,13,0.615,0,1.0,0.18256044,0
179,14,0.575,0,1.0,0.626424,0
179,15,0.539,0,1.0,0.26085705,0
179,16,0.495,0,1.0,2.962722,0
179,17,0.995,0,1.0,1.5841695,0
179,18,1.011,0,1.0,3.6604085,0
179,19,0.804,0,1.0,1.725432,0
179,20,0.737,1,-0.05,3.4965398,0
179,21,0.714,1,-0.05,1.8872569,0
179,22,0.688,1,-0.05,0.38506007,0
179,23,0.641,1,-0.05,-1.3953848,0
179,24,0.605,1,-0.05,-1.89237,0
179,25,0.511,0,1.0,-1.5672376,0
179,26,0.431,1,-0.05,-1.439471,0
179,27,0.423,1,-0.05,-1.5834563,0
179,28,0.394,1,-0.05,0.08154082,0
179,29,0.392,1,-0.05,-0.0136199,0
179,30,0.400,1,-0.05,1.1315274,0
179,31,0.411,1,-0.05,4.533181,0
179,32,0.465,1,-0.05,7.0191793,0
179,33,0.561,1,-0.05,4.400077,0
179,34,0.565,0,1.0,2.755409,0
179,35,0.422,0,1.0,0.4761138,0
179,36,0.390,1,-0.05,1.6526662,0
179,37,0.351,2,-0.05,0.16123343,0
179,38,0.240,0,1.0,0.39565706,0
179,39,0.182,2,-100.0,-39.27691,0
180,0,0.685,2,-0.05,-0.12882018,0
180,1,0.702,0,1.0,1.4751798,0
180,2,0.678,1,-0.05,3.3879392,0
180,3,0.660,0,1.0,2.7369277,0
180,4,0.642,0,1.0,1.1721499,0
180,5,0.627,0,1.0,0.76320547,0
180,6,0.600,0,1.0,0.74989295,0
180,7,0.578,0,1.0,0.07877952,0
180,8,0.567,0,1.0,0.36065042,0
180,9,0.536,0,1.0,-1.3505452,0
180,10,0.546,1,-0.05,2.2637005,0
180,11,0.561,0,1.0,-0.08225584,0
180,12,0.563,2,-0.05,2.5212095,0
180,13,0.561,0,1.0,-0.04174149,0
180,14,0.541,1,-0.05,0.41675216,0
180,15,0.560,0,1.0,1.1398404,0
180,16,0.588,0,1.0,4.234241,0
180,17,0.610,1,-0.05,-0.21082675,0
180,18,0.649,0,1.0,0.96072376,0
180,19,0.715,0,1.0,2.5241609,0
180,20,0.662,0,1.0,1.2468631,0
180,21,0.630,1,-0.05,-0.07071328,0
180,22,0.629,1,-0.05,-2.119501,0
180,23,0.606,2,-0.05,-2.1323757,0
180,24,0.528,0,1.0,-2.4354506,0
180,25,0.505,1,-0.05,-1.7332277,0
180,26,0.425,0,1.0,-1.8205047,0
180,27,0.392,1,-0.05,-2.198618,0
180,28,0.367,2,-0.05,-2.7785516,0
180,29,0.301,0,1.0,-2.5276272,0
180,30,0.267,1,-0.05,-1.8184259,0
180,31,0.257,1,-0.05,-2.291564,0
180,32,0.239,1,-0.05,-2.8514786,0
180,33,0.134,0,-100.0,-2.7745018,0
181,0,0.687,2,-0.05,1.6405511,0
181,1,0.680,0,1.0,0.97201574,0
181,2,0.712,2,-0.05,0.40118986,0
181,3,0.664,0,1.0,1.4589363,0
181,4,0.574,0,1.0,2.44732,0
181,5,0.482,0,1.0,2.0880177,0
181,6,0.367,0,1.0,1.9794588,0
181,7,0.273,0,1.0,-1.5797143,0
181,8,0.228,2,-0.05,-26.52649,0
181,9,0.220,2,-0.05,-51.94541,0
181,10,0.193,2,-100.0,-53.927345,0
182,0,0.661,1,-0.05,2.0740676,0
182,1,0.661,1,-0.05,-1.174412,0
182,2,0.622,0,1.0,0.96574676,0
182,3,0.520,0,1.0,-0.25680125,0
182,4,0.492,1,-0.05,-0.9333885,0
182,5,0.400,0,1.0,-0.8130237,0
182,6,0.360,2,-0.05,1.3281226,0
182,7,0.296,0,1.0,-3.7276344,0
182,8,0.248,2,-0.05,-7.1852074,0
182,9,0.238,1,-0.05,-6.452449,0
182,10,0.225,2,-0.05,-26.511078,0
182,11,0.192,2,-100.0,-17.595608,0
183,0,0.671,0,1.0,1.6232829,0
183,1,0.675,0,1.0,-0.20018059,0
183,2,0.685,0,1.0,0.8379748,0
183,3,0.685,2,-0.05,2.3715682,0
183,4,0.705,0,1.0,-0.39140695,0
183,5,0.674,2,-0.05,0.8948971,0
183,6,0.674,1,-0.05,0.6594218,0
183,7,0.649,1,-0.05,0.249483,0
183,8,0.680,0,1.0,0.75939316,0
183,9,0.696,2,-0.05,0.1910497,0
183,10,0.669,2,-0.05,-0.49627793,0
183,11,0.685,2,-0.05,-0.9040748,0
183,12,0.628,0,1.0,1.3288589,0
183,13,0.513,0,1.0,1.5547647,0
183,14,0.434,0,1.0,1.5979677,0
183,15,0.399,1,-0.05,-1.5021789,0
183,16,0.381,1,-0.05,0.79852426,0
183,17,0.373,0,1.0,0.25290215,0
183,18,0.359,0,1.0,1.471792,0
183,19,0.343,0,1.0,0.6697974,0
183,20,0.339,0,1.0,-2.1794524,0
183,21,0.335,2,-0.05,-0.44526553,0
183,22,0.311,0,1.0,0.71520483,0
183,23,0.277,1,-0.05,-1.7489161,0
183,24,0.284,1,-0.05,0.7295275,0
183,25,0.286,1,-0.05,0.6913561,0
183,26,0.293,2,-0.05,1.1133184,0
183,27,0.298,0,1.0,3.2126038,0
183,28,1.116,0,1.0,3.174286,0
183,29,1.122,0,1.0,1.4500029,0
183,30,1.042,1,-0.05,0.21383196,0
183,31,1.012,1,-0.05,-1.469377,0
183,32,0.973,1,-0.05,-2.357792,0
183,33,0.956,1,-0.05,-1.8588305,0
183,34,0.872,0,1.0,-0.7720914,0
183,35,0.790,1,-0.05,-1.4698856,0
183,36,0.763,1,-0.05,-2.0224593,0
183,37,0.711,0,1.0,-1.180846,0
183,38,0.680,2,-0.05,-1.5345974,0
183,39,0.653,1,-0.05,-1.8662384,0
183,40,0.631,1,-0.05,-1.4193602,0
183,41,0.601,2,-0.05,0.57879734,0
183,42,0.565,1,-0.05,-0.8203962,0
183,43,0.523,1,-0.05,0.6953716,0
183,44,0.494,1,-0.05,0.54588985,0
183,45,0.470,2,-0.05,5.3829303,0
183,46,0.291,0,1.0,2.0291815,0
183,47,0.232,2,-0.05,-16.53363,0
183,48,0.188,2,-100.0,-17.98798,0
184,0,0.668,0,1.0,1.045664,0
184,1,0.678,0,1.0,0.58092684,0
184,2,0.666,0,1.0,-0.415807,0
184,3,0.680,1,-0.05,1.0565631,0
184,4,0.682,1,-0.05,-0.5666519,0
184,5,0.668,2,-0.05,-0.8096359,0
184,6,0.665,0,1.0,0.21576491,0
184,7,0.669,2,-0.05,0.04698232,0
184,8,0.701,0,1.0,1.2539814,0
184,9,0.696,0,1.0,0.6270984,0
184,10,0.657,0,1.0,1.203342,0
184,11,0.628,0,1.0,1.2333851,0
184,12,0.623,2,-0.05,0.596896,0
184,13,0.613,1,-0.05,2.4756942,0
184,14,0.607,0,1.0,0.6261023,0
184,15,0.589,0,1.0,1.0605676,0
184,16,0.594,0,1.0,-0.53590965,0
184,17,0.564,0,1.0,2.0429718,0
184,18,0.564,0,1.0,3.9049244,0
184,19,0.549,0,1.0,-0.26038408,0
184,20,0.560,1,-0.05,4.766895,0
184,21,0.560,1,-0.05,2.8317823,0
184,22,0.836,0,1.0,2.366211,0
184,23,0.794,1,-0.05,-3.049304,0
184,24,0.798,1,-0.05,-2.1954942,0
184,25,0.783,1,-0.05,-3.093141,0
184,26,0.675,0,1.0,-3.2252169,0
184,27,0.529,0,1.0,-3.5810525,0
184,28,0.354,0,1.0,-2.686501,0
184,29,0.307,1,-0.05,-2.7202737,0
184,30,0.156,0,-100.0,-2.4470165,0
185,0,0.668,0,1.0,-0.8225292,0
185,1,0.662,0,1.0,0.41060936,0
185,2,0.662,2,-0.05,-0.29009798,0
185,3,0.707,0,1.0,-0.64605534,0
185,4,0.690,0,1.0,0.71158767,0
185,5,0.657,0,1.0,2.4269342,0
185,6,0.647,2,-0.05,-0.40060723,0
185,7,0.627,2,-0.05,0.09868419,0
185,8,0.559,0,1.0,1.5624563,0
185,9,0.460,0,1.0,3.3992577,0
185,10,0.315,0,1.0,0.525871,0
185,11,0.269,2,-0.05,-11.168452,0
185,12,0.251,2,-0.05,-11.442533,0
185,13,0.229,2,-0.05,-34.17805,0
185,14,0.217,1,-0.05,-44.471077,0
185,15,0.174,2,-100.0,-62.815323,0
186,0,0.671,0,1.0,1.8844911,0
186,1,0.669,2,-0.05,0.80486494,0
186,2,0.701,2,-0.05,-0.103857756,0
186,3,0.689,0,1.0,0.27055812,0
186,4,0.590,0,1.0,2.6253548,0
186,5,0.517,0,1.0,0.6302836,0
186,6,0.492,2,-0.05,1.5187078,0
186,7,0.469,2,-0.05,2.2838838,0
186,8,0.448,1,-0.05,0.58535826,0
186,9,0.383,0,1.0,1.1448686,0
186,10,0.328,2,-0.05,1.1359582,0
186,11,0.319,2,-0.05,-8.440325,0
186,12,0.304,1,-0.05,-8.221807,0
186,13,0.270,2,-0.05,-24.470993,0
186,14,0.254,1,-0.05,-33.710327,0
186,15,0.228,1,-0.05,-48.658894,0
186,16,0.205,1,-0.05,-42.110985,0
186,17,0.200,2,-100.0,-20.970083,0
187,0,0.665,1,-0.05,1.4380788,0
187,1,0.662,2,-0.05,-0.9389682,0
187,2,0.650,1,-0.05,0.19163525,0
187,3,0.654,2,-0.05,-1.0315789,0
187,4,0.675,0,1.0,1.63534,0
187,5,0.695,2,-0.05,1.2439666,0
187,6,0.730,2,-0.05,-0.22826755,0
187,7,0.714,1,-0.05,0.12755957,0
187,8,0.705,2,-0.05,-0.18952638,0
187,9,0.654,0,1.0,0.04742068,0
187,10,0.533,0,1.0,2.5375156,0
187,11,0.439,0,1.0,2.1974978,0
187,12,0.399,2,-0.05,2.3125997,0
187,13,0.388,2,-0.05,0.26148307,0
187,14,0.360,1,-0.05,3.877913,0
187,15,0.333,1,-0.05,-0.20723772,0
187,16,0.265,0,1.0,-1.4137869,0
187,17,0.241,2,-0.05,-13.266781,0
187,18,0.234,2,-0.05,-25.09319,0
187,19,0.207,1,-0.05,-43.46685,0
187,20,0.198,2,-100.0,-51.18956,0
188,0,0.685,2,-0.05,-0.49248672,0
188,1,0.717,2,-0.05,0.67896926,0
188,2,0.726,2,-0.05,0.029938638,0
188,3,0.655,0,1.0,2.1877017,0
188,4,0.496,0,1.0,2.9410803,0
188,5,0.381,0,1.0,0.49953285,0
188,6,0.338,1,-0.05,1.0417144,0
188,7,0.314,1,-0.05,-1.6066408,0
188,8,0.295,2,-0.05,1.582017,0
188,9,0.279,2,-0.05,-7.204646,0
188,10,0.269,2,-0.05,-8.190736,0
188,11,0.155,0,-100.0,-29.402708,0
189,0,0.683,2,-0.05,0.34790933,0
189,1,0.677,1,-0.05,-2.3483117,0
189,2,0.666,0,1.0,0.43776706,0
189,3,0.657,2,-0.05,-0.7158239,0
189,4,0.678,0,1.0,1.6788782,0
189,5,0.696,0,1.0,-0.9724548,0
189,6,0.704,0,1.0,1.1425571,0
189,7,0.675,0,1.0,-0.61936724,0
189,8,0.651,0,1.0,1.0671539,0
189,9,0.640,0,1.0,-0.55223227,0
189,10,0.619,1,-0.05,2.1284728,0
189,11,0.629,0,1.0,1.2288722,0
189,12,0.640,1,-0.05,0.17131484,0
189,13,0.706,1,-0.05,-1.2120963,0
189,14,0.737,0,1.0,-1.4702439,0
189,15,0.619,0,1.0,0.5548761,0
189,16,0.588,1,-0.05,-1.5060759,0
189,17,0.476,0,1.0,1.5132154,0
189,18,0.431,2,-0.05,2.1132936,0
189,19,0.421,1,-0.05,-0.9372997,0
189,20,0.394,1,-0.05,0.15259552,0
189,21,0.267,0,1.0,0.31509018,0
189,22,0.198,2,-100.0,-12.570847,0
190,0,0.665,1,-0.05,0.84270704,0
190,1,0.633,0,1.0,0.10333857,0
190,2,0.613,2,-0.05,0.19815052,0
190,3,0.604,0,1.0,0.25756645,0
190,4,0.588,0,1.0,0.58235157,0
190,5,0.588,0,1.0,1.2655548,0
190,6,0.580,1,-0.05,0.7167753,0
190,7,0.572,1,-0.05,-1.4835017,0
190,8,0.510,0,1.0,-2.003281,0
190,9,0.485,1,-0.05,0.017575622,0
190,10,0.380,0,1.0,-0.28254628,0
190,11,0.271,0,1.0,-0.6729584,0
190,12,0.215,2,-0.05,-21.552135,0
190,13,0.173,2,-100.0,-43.919434,0
191,0,0.672,0,1.0,2.6332612,0
191,1,0.671,2,-0.05,2.4046898,0
191,2,0.710,0,1.0,1.4539366,0
191,3,0.669,0,1.0,1.643956,0
191,4,0.613,0,1.0,3.4640074,0
191,5,0.611,2,-0.05,3.2902334,0
191,6,0.570,0,1.0,0.9910073,0
191,7,0.458,0,1.0,2.1040955,0
191,8,0.383,0,1.0,1.5597152,0
191,9,0.370,2,-0.05,0.90494454,0
191,10,0.346,2,-0.05,1.4885526,0
191,11,0.334,2,-0.05,0.5992031,0
191,12,0.296,1,-0.05,2.3773699,0
191,13,0.274,1,-0.05,-1.4391012,0
191,14,0.258,2,-0.05,-20.95996,0
191,15,0.240,2,-0.05,-10.002568,0
191,16,0.120,0,-100.0,-36.63967,0
192,0,0.667,0,1.0,-0.14836746,0
192,1,0.667,2,-0.05,-0.33922887,0
192,2,0.709,0,1.0,1.5489995,0
192,3,0.671,0,1.0,1.1495422,0
192,4,0.617,0,1.0,2.4637218,0
192,5,0.611,2,-0.05,1.1538564,0
192,6,0.610,2,-0.05,0.39476848,0
192,7,0.512,0,1.0,-1.6625495,0
192,8,0.412,0,1.0,3.3846676,0
192,9,0.367,2,-0.05,-0.00965035,0
192,10,0.246,0,1.0,-0.02633667,0
192,11,0.188,2,-100.0,-42.041,0
193,0,0.661,1,-0.05,1.4422839,0
193,1,0.627,0,1.0,-1.6815109,0
193,2,0.585,0,1.0,1.3535042,0
193,3,0.566,2,-0.05,2.2685666,0
193,4,0.555,1,-0.05,1.5453092,0
193,5,0.549,1,-0.05,0.6581464,0
193,6,0.487,0,1.0,-1.0504286,0
193,7,0.432,1,-0.05,0.7565599,0
193,8,0.398,1,-0.05,2.46976,0
193,9,0.305,0,1.0,1.5277681,0
193,10,0.222,2,-0.05,-27.675148,0
193,11,0.186,1,-100.0,-51.72313,0
194,0,0.659,0,1.0,1.2755083,0
194,1,0.638,0,1.0,0.83234453,0
194,2,0.651,0,1.0,2.5608068,0
194,3,0.647,1,-0.05,0.72646654,0
194,4,0.615,0,1.0,-0.13046628,0
194,5,0.598,1,-0.05,0.20523639,0
194,6,0.530,0,1.0,1.6449296,0
194,7,0.485,2,-0.05,0.61463463,0
194,8,0.447,0,1.0,2.367571,0
194,9,0.405,0,1.0,1.0688922,0
194,10,0.376,0,1.0,1.4284823,0
194,11,0.319,0,1.0,-1.5308344,0
194,12,0.279,0,1.0,-3.0460525,0
194,13,0.218,0,1.0,-2.7462664,0
194,14,0.203,1,-0.05,-4.4210215,0
194,15,0.203,1,-0.05,-10.128629,0
194,16,0.120,0,-100.0,-37.76468,0
195,0,0.662,0,1.0,0.36603537,0
195,1,0.673,2,-0.05,-1.0467998,0
195,2,0.696,0,1.0,0.7957326,0
195,3,0.679,0,1.0,0.81419146,0
195,4,0.648,0,1.0,-0.0046934485,0
195,5,0.623,1,-0.05,0.31644693,0
195,6,0.647,1,-0.05,-0.921734,0
195,7,0.636,2,-0.05,-0.85923815,0
195,8,0.621,0,1.0,-0.510474,0
195,9,0.624,2,-0.05,0.14299414,0
195,10,0.618,2,-0.05,-0.80171156,0
195,11,0.593,1,-0.05,-0.5143751,0
195,12,0.588,2,-0.05,-0.1275146,0
195,13,0.522,0,1.0,1.3337142,0
195,14,0.474,1,-0.05,1.6414106,0
195,15,0.453,1,-0.05,1.4032669,0
195,16,0.423,0,1.0,-0.1807301,0
195,17,0.402,1,-0.05,-1.5077089,0
195,18,0.407,0,1.0,1.2829907,0
195,19,0.420,1,-0.05,-0.7855097,0
195,20,0.441,1,-0.05,-0.630926,0
195,21,0.521,0,1.0,1.7625057,0
195,22,0.600,0,1.0,-3.2403026,0
195,23,0.712,0,1.0,-1.6870966,0
195,24,0.705,0,1.0,0.8751339,0
195,25,0.609,0,1.0,1.7775985,0
195,26,0.533,0,1.0,-1.1439798,0
195,27,0.501,1,-0.05,-1.9871995,0
195,28,0.481,2,-0.05,-1.5930347,0
195,29,0.469,2,-0.05,-2.0465887,0
195,30,0.467,1,-0.05,-1.4544284,0
195,31,0.456,1,-0.05,-2.3222492,0
195,32,0.372,0,1.0,-2.6641514,0
195,33,0.327,1,-0.05,-2.4479494,0
195,34,0.294,2,-0.05,-2.6892185,0
195,35,0.285,1,-0.05,-2.5875778,0
195,36,0.180,0,-100.0,-2.3413992,0
196,0,0.666,0,1.0,1.3873547,0
196,1,0.659,0,1.0,2.3174722,0
196,2,0.663,2,-0.05,1.1343011,0
196,3,0.658,1,-0.05,0.33719277,0
196,4,0.640,0,1.0,1.0794957,0
196,5,0.635,2,-0.05,0.9213842,0
196,6,0.632,1,-0.05,0.33392766,0
196,7,0.624,2,-0.05,0.026085615,0
196,8,0.617,1,-0.05,0.6861072,0
196,9,0.582,0,1.0,0.4602242,0
196,10,0.532,0,1.0,3.4787385,0
196,11,0.489,1,-0.05,1.78091,0
196,12,0.445,0,1.0,-2.8983972,0
196,13,0.350,0,1.0,-0.7083049,0
196,14,0.299,1,-0.05,-3.8076458,0
196,15,0.274,2,-0.05,-7.634,0
196,16,0.260,1,-0.05,-12.45051,0
196,17,0.235,1,-0.05,-23.473911,0
196,18,0.226,1,-0.05,-40.48095,0
196,19,0.199,1,-100.0,-52.296562,0
197,0,0.665,1,-0.05,1.2043996,0
197,1,0.622,0,1.0,0.30752993,0
197,2,0.572,0,1.0,-0.12796491,0
197,3,0.500,0,1.0,-0.58329874,0
197,4,0.444,0,1.0,0.9241485,0
197,5,0.395,0,1.0,0.21475375,0
197,6,0.346,0,1.0,-2.333845,0
197,7,0.323,1,-0.05,-2.5894861,0
197,8,0.239,0,1.0,-1.8488221,0
197,9,0.214,1,-0.05,-24.437813,0
197,10,0.191,2,-100.0,-34.889816,0
198,0,0.670,0,1.0,1.3254507,0
198,1,0.674,1,-0.05,-1.5781624,0
198,2,0.648,0,1.0,-0.9336628,0
198,3,0.611,0,1.0,-0.09920454,0
198,4,0.586,0,1.0,1.0426955,0
198,5,0.552,0,1.0,0.25160068,0
198,6,0.517,0,1.0,2.4858465,0
198,7,0.484,0,1.0,0.43146572,0
198,8,0.447,0,1.0,1.3815463,0
198,9,0.405,0,1.0,2.954302,0
198,10,0.394,2,-0.05,0.22205195,0
198,11,0.401,2,-0.05,0.43003386,0
198,12,0.420,2,-0.05,-1.409027,0
198,13,0.486,0,1.0,0.90138227,0
198,14,0.568,0,1.0,3.3824317,0
198,15,0.667,2,-0.05,1.6182134,0
198,16,0.784,0,1.0,5.1563263,0
198,17,0.645,0,1.0,1.7741163,0
198,18,0.533,0,1.0,3.023147,0
198,19,0.434,0,1.0,3.6564872,0
198,20,0.374,2,-0.05,0.010536313,0
198,21,0.341,1,-0.05,-0.8269737,0
198,22,0.331,1,-0.05,-1.6378567,0
198,23,0.314,2,-0.05,4.300271,0
198,24,0.231,0,1.0,3.1767874,0
198,25,0.194,1,-100.0,0.47142267,0
199,0,0.690,2,-0.05,-1.4327781,0
199,1,0.728,2,-0.05,-0.032108337,0
199,2,0.687,0,1.0,-0.34465414,0
199,3,0.595,0,1.0,-0.32467544,0
199,4,0.557,2,-0.05,-0.39174378,0
199,5,0.485,0,1.0,4.827816,0
199,6,0.431,2,-0.05,2.910153,0
199,7,0.312,0,1.0,1.7651658,0
199,8,0.250,2,-0.05,-16.736517,0
199,9,0.120,0,-100.0,-45.18821,0
200,0,0.667,2,-0.05,0.6306757,0
200,1,0.709,0,1.0,-0.08898497,0
200,2,0.694,2,-0.05,-0.015051886,0
200,3,0.638,0,1.0,0.98656833,0
200,4,0.545,0,1.0,-1.9846895,0
200,5,0.490,1,-0.05,-0.4850732,0
200,6,0.491,1,-0.05,-0.8954431,0
200,7,0.474,1,-0.05,0.2867626,0
200,8,0.489,2,-0.05,-0.009372175,0
200,9,0.483,2,-0.05,0.39386344,0
200,10,0.456,1,-0.05,0.6334257,0
200,11,0.476,2,-0.05,0.07983959,0
200,12,0.458,1,-0.05,0.7176937,0
200,13,0.457,2,-0.05,0.3071996,0
200,14,0.435,2,-0.05,-0.90313053,0
200,15,0.433,2,-0.05,1.662639,0
200,16,0.400,1,-0.05,1.7668971,0
200,17,0.387,2,-0.05,0.5396929,0
200,18,0.269,0,1.0,0.58965147,0
200,19,0.218,2,-0.05,-28.727638,0
200,20,0.205,2,-0.05,-63.45056,0
200,21,0.120,0,-100.0,-69.97589,0
201,0,0.666,0,1.0,0.6577023,0
201,1,0.667,2,-0.05,2.2404573,0
201,2,0.703,0,1.0,0.91528493,0
201,3,0.678,0,1.0,0.27960038,0
201,4,0.665,2,-0.05,0.2106651,0
201,5,0.660,2,-0.05,0.79069686,0
201,6,0.586,0,1.0,3.2947598,0
201,7,0.438,0,1.0,3.2856784,0
201,8,0.336,0,1.0,2.357884,0
201,9,0.230,0,1.0,-0.6605692,0
201,10,0.170,2,-100.0,-44.433647,0
202,0,0.668,0,1.0,0.65584826,0
202,1,0.670,0,1.0,0.51468813,0
202,2,0.666,0,1.0,0.40333658,0
202,3,0.693,2,-0.05,2.764396,0
202,4,0.710,0,1.0,0.7509581,0
202,5,0.655,0,1.0,1.8522595,0
202,6,0.616,0,1.0,1.4479405,0
202,7,0.593,2,-0.05,0.41098335,0
202,8,0.587,2,-0.05,-0.18253517,0
202,9,0.511,0,1.0,-1.088917,0
202,10,0.405,0,1.0,1.2550286,0
202,11,0.333,1,-0.05,0.46600926,0
202,12,0.324,2,-0.05,0.9972403,0
202,13,0.310,2,-0.05,0.26842594,0
202,14,0.287,2,-0.05,3.8921046,0
202,15,0.249,2,-0.05,-12.537666,0
202,16,0.226,2,-0.05,-22.662527,0
202,17,0.203,1,-0.05,-20.323286,0
202,18,0.171,2,-100.0,-56.723328,0
203,0,0.686,2,-0.05,1.4914227,0
203,1,0.704,0,1.0,1.8176868,0
203,2,0.684,2,-0.05,-0.21373731,0
203,3,0.629,0,1.0,-0.74396336,0
203,4,0.572,1,-0.05,0.27675825,0
203,5,0.535,0,1.0,-0.7696512,0
203,6,0.512,2,-0.05,-1.8844392,0
203,7,0.494,2,-0.05,-1.1972055,0
203,8,0.484,2,-0.05,-1.1595906,0
203,9,0.451,1,-0.05,0.67203474,0
203,10,0.360,0,1.0,2.4679532,0
203,11,0.329,1,-0.05,-2.2452455,0
203,12,0.308,2,-0.05,-10.789611,0
203,13,0.296,2,-0.05,-15.441493,0
203,14,0.270,2,-0.05,-27.871962,0
203,15,0.248,2,-0.05,-38.145416,0
203,16,0.202,2,-0.05,-66.46041,0
203,17,0.181,1,-100.0,-52.301258,0
204,0,0.659,0,1.0,2.735692,0
204,1,0.654,0,1.0,1.3596654,0
204,2,0.651,0,1.0,0.4549815,0
204,3,0.628,1,-0.05,0.8167932,0
204,4,0.607,0,1.0,0.65594876,0
204,5,0.573,0,1.0,1.0494748,0
204,6,0.526,0,1.0,-0.7874503,0
204,7,0.465,0,1.0,0.9135909,0
204,8,0.428,0,1.0,3.2813146,0
204,9,0.364,0,1.0,0.28230816,0
204,10,0.327,0,1.0,0.10840249,0
204,11,0.277,0,1.0,0.58200705,0
204,12,0.244,0,1.0,-3.4977527,0
204,13,0.223,1,-0.05,-4.808469,0
204,14,0.206,1,-0.05,-15.3457575,0
204,15,0.204,1,-0.05,-58.609398,0
204,16,0.165,1,-100.0,-51.950325,0
205,0,0.690,2,-0.05,-0.10122323,0
205,1,0.712,2,-0.05,-0.40888655,0
205,2,0.736,2,-0.05,-0.7579502,0
205,3,0.645,0,1.0,-0.7717289,0
205,4,0.539,0,1.0,4.2714825,0
205,5,0.400,0,1.0,0.45570183,0
205,6,0.367,1,-0.05,2.2804527,0
205,7,0.362,2,-0.05,-1.3815806,0
205,8,0.322,1,-0.05,-0.13991523,0
205,9,0.268,0,1.0,0.09335327,0
205,10,0.229,2,-0.05,-7.1099186,0
205,11,0.149,0,-100.0,-24.343796,0
206,0,0.662,0,1.0,1.7403677,0
206,1,0.646,0,1.0,1.2741861,0
206,2,0.656,0,1.0,0.12522918,0
206,3,0.643,0,1.0,1.6481632,0
206,4,0.668,2,-0.05,-1.3112844,0
206,5,0.694,0,1.0,-0.61720157,0
206,6,0.694,0,1.0,-0.33716834,0
206,7,0.635,0,1.0,0.5856255,0
206,8,0.619,1,-0.05,-0.23554385,0
206,9,0.631,0,1.0,0.5769924,0
206,10,0.642,2,-0.05,0.64866084,0
206,11,0.608,0,1.0,-0.4352765,0
206,12,0.561,0,1.0,3.8245616,0
206,13,0.550,2,-0.05,2.177689,0
206,14,0.549,2,-0.05,4.197276,0
206,15,0.461,0,1.0,2.6897633,0
206,16,0.416,1,-0.05,-0.44325566,0
206,17,0.398,1,-0.05,-1.3204691,0
206,18,0.365,0,1.0,2.0037057,0
206,19,0.352,1,-0.05,-2.217875,0
206,20,0.351,0,1.0,-0.74507904,0
206,21,0.366,0,1.0,-0.96996,0
206,22,0.373,0,1.0,-1.0134699,0
206,23,1.040,0,1.0,-2.5970488,0
206,24,1.020,1,-0.05,-0.6436013,0
206,25,1.008,0,1.0,0.48616704,0
206,26,0.896,1,-0.05,-0.8096068,0
206,27,0.879,1,-0.05,-2.085098,0
206,28,0.771,0,1.0,-1.9998589,0
206,29,0.693,1,-0.05,-1.9663527,0
206,30,0.663,1,-0.05,-1.839957,0
206,31,0.638,1,-0.05,-1.2075651,0
206,32,0.640,1,-0.05,-1.2501125,0
206,33,0.612,1,-0.05,0.45777392,0
206,34,0.620,2,-0.05,2.965085,0
206,35,0.604,1,-0.05,0.8777566,0
206,36,0.621,2,-0.05,2.0467172,0
206,37,0.607,2,-0.05,0.27967834,0
206,38,0.602,1,-0.05,-1.5805767,0
206,39,0.578,1,-0.05,-0.375494,0
206,40,0.535,1,-0.05,0.8196869,0
206,41,0.495,1,-0.05,2.428278,0
206,42,0.477,1,-0.05,5.212269,0
206,43,0.452,1,-0.05,6.7537756,0
206,44,0.322,0,1.0,4.275153,0
206,45,0.273,2,-0.05,1.5380497,0
206,46,0.248,2,-0.05,-20.396822,0
206,47,0.215,2,-0.05,-36.050865,0
206,48,0.120,0,-100.0,-62.34234,0
207,0,0.662,0,1.0,2.3041008,0
207,1,0.646,0,1.0,-0.78366137,0
207,2,0.653,2,-0.05,-0.21348369,0
207,3,0.666,1,-0.05,1.006923,0
207,4,0.654,0,1.0,0.2746961,0
207,5,0.640,2,-0.05,0.008761883,0
207,6,0.637,1,-0.05,0.26068568,0
207,7,0.632,1,-0.05,0.78228843,0
207,8,0.584,0,1.0,2.4493656,0
207,9,0.534,2,-0.05,1.1760759,0
207,10,0.492,0,1.0,-0.1775173,0
207,11,0.427,0,1.0,2.2544792,0
207,12,0.359,0,1.0,1.0386776,0
207,13,0.310,0,1.0,-2.3934531,0
207,14,0.287,2,-0.05,-4.174348,0
207,15,0.267,0,1.0,0.15072274,0
207,16,0.257,0,1.0,-0.07623088,0
207,17,0.247,0,1.0,1.1521769,0
207,18,0.221,0,1.0,-1.0859778,0
207,19,0.219,0,1.0,-0.5884721,0
207,20,0.209,0,1.0,-0.06764281,0
207,21,0.205,1,-0.05,-0.1482408,0
207,22,0.189,1,-100.0,-3.6060638,0
208,0,0.689,2,-0.05,2.012773,0
208,1,0.708,2,-0.05,-0.55503154,0
208,2,0.686,0,1.0,0.5893177,0
208,3,0.651,2,-0.05,1.1467656,0
208,4,0.550,0,1.0,2.5968983,0
208,5,0.445,0,1.0,2.2521772,0
208,6,0.337,0,1.0,1.8630152,0
208,7,0.280,2,-0.05,-0.8089738,0
208,8,0.254,2,-0.05,-18.586927,0
208,9,0.235,2,-0.05,-32.481396,0
208,10,0.192,2,-100.0,-70.956955,0
209,0,0.668,0,1.0,0.28326792,0
209,1,0.681,2,-0.05,-0.5690193,0
209,2,0.727,2,-0.05,-0.6419382,0
209,3,0.738,2,-0.05,0.33291668,0
209,4,0.705,1,-0.05,1.4197087,0
209,5,0.670,0,1.0,0.86596346,0
209,6,0.597,0,1.0,-0.597968,0
209,7,0.579,2,-0.05,-1.1775315,0
209,8,0.541,0,1.0,0.6133077,0
209,9,0.486,2,-0.05,-1.2625117,0
209,10,0.413,0,1.0,4.27848,0
209,11,0.347,1,-0.05,0.056682408,0
209,12,0.333,2,-0.05,-5.038397,0
209,13,0.241,0,1.0,-2.8270607,0
209,14,0.167,2,-100.0,-43.7287,0
210,0,0.668,0,1.0,2.7716844,0
210,1,0.672,2,-0.05,2.2777388,0
210,2,0.707,0,1.0,2.4891834,0
210,3,0.663,0,1.0,0.3486563,0
210,4,0.627,0,1.0,0.28149045,0
210,5,0.606,2,-0.05,0.02737546,0
210,6,0.555,0,1.0,2.0195415,0
210,7,0.508,2,-0.05,0.86448467,0
210,8,0.488,2,-0.05,1.3239396,0
210,9,0.394,0,1.0,2.9940872,0
210,10,0.313,1,-0.05,3.5301416,0
210,11,0.295,2,-0.05,-1.0591807,0
210,12,0.270,2,-0.05,-16.18094,0
210,13,0.134,0,-100.0,-36.466682,0
211,0,0.667,2,-0.05,-0.33479106,0
211,1,0.738,2,-0.05,0.50877786,0
211,2,0.678,0,1.0,0.9714731,0
211,3,0.601,0,1.0,2.6486492,0
211,4,0.506,0,1.0,0.07816923,0
211,5,0.393,0,1.0,1.104348,0
211,6,0.361,1,-0.05,2.9656549,0
211,7,0.333,2,-0.05,3.041104,0
211,8,0.330,2,-0.05,1.1997917,0
211,9,0.319,2,-0.05,1.2736433,0
211,10,0.296,2,-0.05,-4.9810057,0
211,11,0.137,0,-100.0,-12.391718,0
212,0,0.662,1,-0.05,-0.66945326,0
212,1,0.660,2,-0.05,-0.18613839,0
212,2,0.678,0,1.0,-0.010396481,0
212,3,0.682,0,1.0,1.0604964,0
212,4,0.694,1,-0.05,0.88359576,0
212,5,0.711,2,-0.05,0.057940125,0
212,6,0.680,0,1.0,0.55675817,0
212,7,0.662,2,-0.05,-0.653852,0
212,8,0.588,0,1.0,1.4746822,0
212,9,0.569,2,-0.05,-0.44001275,0
212,10,0.555,2,-0.05,2.9267495,0
212,11,0.441,0,1.0,4.367671,0
212,12,0.282,0,1.0,2.8771791,0
212,13,0.234,2,-0.05,-2.509511,0
212,14,0.202,2,-0.05,-37.258423,0
212,15,0.185,2,-100.0,-62.77353,0
213,0,0.686,2,-0.05,1.1991576,0
213,1,0.719,0,1.0,0.844424,0
213,2,0.659,0,1.0,0.8753146,0
213,3,0.600,0,1.0,1.7169288,0
213,4,0.542,0,1.0,0.08785665,0
213,5,0.515,2,-0.05,0.17819929,0
213,6,0.459,0,1.0,-0.56007123,0
213,7,0.432,2,-0.05,1.109992,0
213,8,0.396,2,-0.05,2.2080135,0
213,9,0.389,1,-0.05,2.285939,0
213,10,0.353,1,-0.05,2.6817484,0
213,11,0.347,2,-0.05,2.0208023,0
213,12,0.328,2,-0.05,-2.729762,0
213,13,0.176,0,-100.0,2.8312936,0
214,0,0.667,0,1.0,0.7435373,0
214,1,0.669,0,1.0,1.3391294,0
214,2,0.659,0,1.0,2.1150107,0
214,3,0.676,0,1.0,2.2312834,0
214,4,0.663,1,-0.05,2.3720107,0
214,5,0.662,2,-0.05,-1.7785165,0
214,6,0.681,0,1.0,2.8401294,0
214,7,0.696,0,1.0,0.27798963,0
214,8,0.677,0,1.0,1.0364597,0
214,9,0.648,0,1.0,1.4680195,0
214,10,0.618,0,1.0,3.0934353,0
214,11,0.596,0,1.0,2.6478999,0
214,12,0.593,2,-0.05,2.4950976,0
214,13,0.551,0,1.0,2.670403,0
214,14,0.453,0,1.0,1.6869068,0
214,15,0.402,0,1.0,3.056058,0
214,16,0.331,0,1.0,3.8052511,0
214,17,0.263,0,1.0,-1.343106,0
214,18,0.222,1,-0.05,-2.4347017,0
214,19,0.212,1,-0.05,-0.07638514,0
214,20,0.220,0,1.0,-0.8293636,0
214,21,1.190,0,1.0,-0.3367027,0
214,22,1.112,1,-0.05,0.6509086,0
214,23,1.064,1,-0.05,-0.8039701,0
214,24,0.952,0,1.0,-1.938776,0
214,25,0.850,2,-0.05,-1.4818323,0
214,26,0.824,1,-0.05,-1.5763533,0
214,27,0.786,2,-0.05,-1.8291881,0
214,28,0.680,0,1.0,-1.2703977,0
214,29,0.445,0,1.0,-1.9356897,0
214,30,0.387,1,-0.05,-2.2154098,0
214,31,0.342,1,-0.05,-2.0798893,0
214,32,0.307,1,-0.05,-1.5183115,0
214,33,0.296,1,-0.05,-1.45313,0
214,34,0.277,2,-0.05,-0.5954666,0
214,35,0.248,1,-0.05,-1.2185798,0
214,36,0.233,1,-0.05,-1.5607176,0
214,37,0.218,2,-0.05,-0.15256786,0
214,38,0.204,1,-0.05,-1.0371356,0
214,39,0.192,2,-100.0,-2.0768652,0
215,0,0.671,0,1.0,3.0330153,0
215,1,0.666,1,-0.05,-0.06672156,0
215,2,0.671,2,-0.05,-0.9611542,0
215,3,0.682,0,1.0,-0.34426075,0
215,4,0.704,0,1.0,0.30510655,0
215,5,0.682,0,1.0,0.72311795,0
215,6,0.641,0,1.0,-1.5124531,0
215,7,0.645,2,-0.05,0.41777653,0
215,8,0.600,0,1.0,1.7317215,0
215,9,0.566,1,-0.05,1.1649151,0
215,10,0.549,2,-0.05,-0.49334913,0
215,11,0.541,1,-0.05,0.7484335,0
215,12,0.539,2,-0.05,-1.6042768,0
215,13,0.472,0,1.0,-1.5181849,0
215,14,0.417,1,-0.05,-1.2214346,0
215,15,0.383,0,1.0,-0.9016092,0
215,16,0.362,2,-0.05,-1.4902823,0
215,17,0.352,1,-0.05,-0.4564917,0
215,18,0.349,2,-0.05,0.507252,0
215,19,0.329,1,-0.05,-0.012465954,0
215,20,0.322,1,-0.05,0.18249202,0
215,21,0.322,2,-0.05,-0.6491438,0
215,22,0.318,1,-0.05,-0.86045563,0
215,23,0.319,0,1.0,0.63408875,0
215,24,0.335,0,1.0,-0.43764973,0
215,25,0.336,0,1.0,-1.0449257,0
215,26,0.361,0,1.0,2.4304574,0
215,27,0.378,0,1.0,2.85467,0
215,28,1.028,0,1.0,-0.59563565,0
215,29,1.031,0,1.0,-1.088762,0
215,30,1.010,0,1.0,-0.90074193,0
215,31,0.949,2,-0.05,-1.9535096,0
215,32,0.896,2,-0.05,-0.42794383,0
215,33,0.774,0,1.0,1.0331073,0
215,34,0.666,1,-0.05,1.5798018,0
215,35,0.640,1,-0.05,3.388744,0
215,36,0.606,1,-0.05,1.2085474,0
215,37,0.572,1,-0.05,-1.801578,0
215,38,0.544,2,-0.05,-2.2914767,0
215,39,0.503,1,-0.05,-1.4205108,0
215,40,0.471,1,-0.05,-2.0247324,0
215,41,0.436,1,-0.05,-2.2747457,0
215,42,0.421,1,-0.05,-1.6535382,0
215,43,0.391,1,-0.05,-1.1994,0
215,44,0.372,1,-0.05,0.36544704,0
215,45,0.371,0,1.0,1.8213282,0
215,46,0.361,1,-0.05,1.5347271,0
215,47,0.385,1,-0.05,3.5881715,0
215,48,0.424,1,-0.05,7.182681,0
215,49,0.531,0,1.0,2.2150357,0
215,50,0.464,1,-0.05,0.5139743,0
215,51,0.443,1,-0.05,-0.24754143,0
215,52,0.380,0,1.0,2.887023,0
215,53,0.307,2,-0.05,-1.1415443,0
215,54,0.290,2,-0.05,-4.0962696,0
215,55,0.269,2,-0.05,-24.912838,0
215,56,0.236,1,-0.05,-32.07081,0
215,57,0.212,2,-0.05,-51.58145,0
215,58,0.188,2,-100.0,-67.87266,0
216,0,0.661,1,-0.05,1.3530068,0
216,1,0.668,2,-0.05,1.0399358,0
216,2,0.680,0,1.0,2.1720538,0
216,3,0.684,0,1.0,0.6187426,0
216,4,0.699,0,1.0,1.050626,0
216,5,0.679,0,1.0,0.5275368,0
216,6,0.690,2,-0.05,-1.2158872,0
216,7,0.666,1,-0.05,1.7880402,0
216,8,0.667,2,-0.05,-0.55278367,0
216,9,0.646,0,1.0,1.8864269,0
216,10,0.591,0,1.0,1.8413013,0
216,11,0.563,2,-0.05,0.7322834,0
216,12,0.497,0,1.0,1.3573773,0
216,13,0.449,1,-0.05,0.3333542,0
216,14,0.430,2,-0.05,0.49307317,0
216,15,0.414,1,-0.05,-0.74717236,0
216,16,0.408,1,-0.05,-0.7173228,0
216,17,0.390,2,-0.05,-0.71101296,0
216,18,0.382,1,-0.05,0.46002442,0
216,19,0.344,0,1.0,0.56444955,0
216,20,0.333,2,-0.05,-1.2325788,0
216,21,0.331,2,-0.05,1.1036425,0
216,22,0.328,2,-0.05,0.7811904,0
216,23,0.315,2,-0.05,-0.033120155,0
216,24,0.278,2,-0.05,2.4711995,0
216,25,0.237,1,-0.05,-15.393702,0
216,26,0.223,1,-0.05,-31.51211,0
216,27,0.200,2,-0.05,-33.92034,0
216,28,0.176,2,-100.0,-47.16918,0
217,0,0.671,0,1.0,1.5500982,0
217,1,0.675,0,1.0,1.2995155,0
217,2,0.685,0,1.0,0.63516074,0
217,3,0.686,0,1.0,0.008021116,0
217,4,0.697,2,-0.05,0.56840056,0
217,5,0.717,2,-0.05,-0.9016352,0
217,6,0.664,0,1.0,2.7247028,0
217,7,0.594,0,1.0,1.1987184,0
217,8,0.483,0,1.0,1.4725866,0
217,9,0.410,0,1.0,0.6833397,0
217,10,0.385,2,-0.05,0.12649798,0
217,11,0.362,2,-0.05,2.097394,0
217,12,0.332,1,-0.05,3.142877,0
217,13,0.318,2,-0.05,1.0244994,0
217,14,0.312,2,-0.05,2.1892416,0
217,15,0.281,2,-0.05,-3.0982027,0
217,16,0.254,2,-0.05,-15.629532,0
217,17,0.228,2,-0.05,-25.070135,0
217,18,0.179,2,-100.0,-24.414822,0
218,0,0.685,2,-0.05,-0.007778287,0
218,1,0.717,2,-0.05,0.6400305,0
218,2,0.700,1,-0.05,-0.13232398,0
218,3,0.693,0,1.0,1.6716937,0
218,4,0.689,2,-0.05,-0.8907386,0
218,5,0.653,0,1.0,0.38099968,0
218,6,0.595,0,1.0,0.5978234,0
218,7,0.528,0,1.0,2.7182171,0
218,8,0.490,2,-0.05,0.36779773,0
218,9,0.470,1,-0.05,0.25780314,0
218,10,0.445,0,1.0,0.38401097,0
218,11,0.426,0,1.0,2.4901342,0
218,12,0.400,2,-0.05,-0.31177795,0
218,13,0.396,1,-0.05,2.240613,0
218,14,0.386,1,-0.05,-0.92788374,0
218,15,0.415,0,1.0,-0.707778,0
218,16,0.441,1,-0.05,-0.51264465,0
218,17,0.477,1,-0.05,-1.365174,0
218,18,0.647,0,1.0,-1.1571822,0
218,19,0.770,0,1.0,2.1801558,0
218,20,0.753,2,-0.05,0.96069384,0
218,21,0.716,2,-0.05,0.7472501,0
218,22,0.706,0,1.0,-0.20196176,0
218,23,0.688,1,-0.05,-2.155616,0
218,24,0.639,0,1.0,-0.48609877,0
218,25,0.573,0,1.0,2.1923547,0
218,26,0.478,0,1.0,0.73243296,0
218,27,0.455,1,-0.05,-1.1902649,0
218,28,0.438,1,-0.05,-1.3274269,0
218,29,0.347,0,1.0,-2.4585907,0
218,30,0.281,1,-0.05,-0.06840515,0
218,31,0.251,1,-0.05,-0.7466984,0
218,32,0.226,1,-0.05,-1.400383,0
218,33,0.183,1,-100.0,-2.3100443,0
219,0,0.666,0,1.0,-0.12042898,0
219,1,0.656,0,1.0,1.6077724,0
219,2,0.647,0,1.0,-0.5057441,0
219,3,0.639,0,1.0,0.53882825,0
219,4,0.633,1,-0.05,0.1280058,0
219,5,0.626,1,-0.05,-0.711838,0
219,6,0.626,1,-0.05,0.9345735,0
219,7,0.529,0,1.0,-1.0891488,0
219,8,0.432,0,1.0,3.5333877,0
219,9,0.324,0,1.0,3.2459474,0
219,10,0.272,1,-0.05,-3.9109564,0
219,11,0.155,0,-100.0,-13.04465,0
220,0,0.662,0,1.0,0.20203829,0
220,1,0.661,1,-0.05,-1.7648573,0
220,2,0.653,1,-0.05,-1.4316406,0
220,3,0.602,0,1.0,-0.01122874,0
220,4,0.542,0,1.0,-0.16674006,0
220,5,0.443,0,1.0,0.9531759,0
220,6,0.424,1,-0.05,-0.6184108,0
220,7,0.323,0,1.0,1.9522843,0
220,8,0.282,2,-0.05,1.825645,0
220,9,0.274,1,-0.05,-7.669964,0
220,10,0.274,1,-0.05,-13.185967,0
220,11,0.231,1,-0.05,-14.372811,0
220,12,0.212,1,-0.05,-52.143806,0
220,13,0.176,1,-100.0,-63.946575,0
221,0,0.668,2,-0.05,-1.223336,0
221,1,0.709,0,1.0,0.12167472,0
221,2,0.697,2,-0.05,0.010504782,0
221,3,0.614,0,1.0,1.2098854,0
221,4,0.586,1,-0.05,-0.49328804,0
221,5,0.579,1,-0.05,-1.8318384,0
221,6,0.567,2,-0.05,-0.18652856,0
221,7,0.552,1,-0.05,0.21186021,0
221,8,0.567,2,-0.05,-1.447063,0
221,9,0.548,1,-0.05,0.5907451,0
221,10,0.521,0,1.0,0.7467629,0
221,11,0.523,0,1.0,-0.58091927,0
221,12,0.506,0,1.0,-0.24094611,0
221,13,0.519,2,-0.05,-1.9811583,0
221,14,0.510,1,-0.05,-1.1528107,0
221,15,0.524,0,1.0,0.9242028,0
221,16,0.537,0,1.0,-0.55197775,0
221,17,0.568,0,1.0,-0.15010813,0
221,18,0.600,0,1.0,1.2608042,0
221,19,0.597,0,1.0,3.9656408,0
221,20,0.617,0,1.0,1.393661,0
221,21,0.639,0,1.0,-0.030287564,0
221,22,0.668,0,1.0,2.0378544,0
221,23,0.673,1,-0.05,-2.0481074,0
221,24,0.713,0,1.0,3.0574558,0
221,25,0.680,2,-0.05,0.25328153,0
221,26,0.676,0,1.0,0.5277564,0
221,27,0.674,1,-0.05,-1.0887644,0
221,28,0.661,2,-0.05,-0.17699015,0
221,29,0.682,0,1.0,-0.30449307,0
221,30,0.697,0,1.0,1.7681427,0
221,31,0.696,1,-0.05,1.3707606,0
221,32,0.691,1,-0.05,0.011289358,0
221,33,0.688,1,-0.05,-1.741637,0
221,34,0.681,1,-0.05,-2.5561798,0
221,35,0.659,1,-0.05,-2.4563837,0
221,36,0.623,2,-0.05,-1.960238,0
221,37,0.510,0,1.0,-1.7262237,0
221,38,0.441,1,-0.05,-2.8117938,0
221,39,0.393,1,-0.05,-2.505823,0
221,40,0.379,1,-0.05,-2.6818619,0
221,41,0.368,1,-0.05,-2.5274558,0
221,42,0.357,2,-0.05,-2.1581619,0
221,43,0.334,1,-0.05,-2.903294,0
221,44,0.253,0,1.0,-2.2563448,0
221,45,0.141,1,-100.0,-2.471404,0
222,0,0.665,1,-0.05,2.0362706,0
222,1,0.628,0,1.0,0.2627036,0
222,2,0.562,0,1.0,0.6908339,0
222,3,0.502,0,1.0,-0.6072371,0
222,4,0.453,0,1.0,3.194971,0
222,5,0.391,0,1.0,1.09496,0
222,6,0.379,1,-0.05,-2.508645,0
222,7,0.350,1,-0.05,-1.8394079,0
222,8,0.354,1,-0.05,-0.5778351,0
222,9,0.242,0,1.0,-1.7475624,0
222,10,0.172,1,-100.0,-56.876324,0
223,0,0.665,1,-0.05,3.0572276,0
223,1,0.626,0,1.0,1.3523122,0
223,2,0.608,1,-0.05,1.1984196,0
223,3,0.543,0,1.0,2.6265593,0
223,4,0.493,1,-0.05,0.018800735,0
223,5,0.396,0,1.0,5.78283,0
223,6,0.363,1,-0.05,4.503183,0
223,7,0.336,1,-0.05,2.5583467,0
223,8,0.305,1,-0.05,-18.262058,0
223,9,0.283,1,-0.05,-26.172997,0
223,10,0.120,0,-100.0,-31.187899,0
224,0,0.688,2,-0.05,1.6247737,0
224,1,0.715,0,1.0,0.5897829,0
224,2,0.659,0,1.0,-0.1830523,0
224,3,0.643,2,-0.05,-0.44488275,0
224,4,0.588,0,1.0,1.4066417,0
224,5,0.520,0,1.0,2.959918,0
224,6,0.406,0,1.0,0.8948631,0
224,7,0.376,2,-0.05,-0.7748611,0
224,8,0.368,2,-0.05,0.45240498,0
224,9,0.347,1,-0.05,0.96498466,0
224,10,0.316,2,-0.05,1.0861757,0
224,11,0.305,2,-0.05,3.0534172,0
224,12,0.264,2,-0.05,-9.63879,0
224,13,0.236,2,-0.05,-36.235912,0
224,14,0.200,1,-0.05,-36.515533,0
224,15,0.120,0,-100.0,-83.526825,0
225,0,0.666,0,1.0,1.8204615,0
225,1,0.665,0,1.0,1.7904849,0
225,2,0.663,0,1.0,-0.9172108,0
225,3,0.662,0,1.0,0.018791437,0
225,4,0.653,0,1.0,0.03409046,0
225,5,0.659,0,1.0,0.51119435,0
225,6,0.657,2,-0.05,0.5080308,0
225,7,0.691,0,1.0,1.3546605,0
225,8,0.703,0,1.0,-0.18891937,0
225,9,0.668,0,1.0,1.1271551,0
225,10,0.629,0,1.0,2.371715,0
225,11,0.603,0,1.0,3.0882518,0
225,12,0.542,0,1.0,1.943353,0
225,13,0.541,1,-0.05,0.38087022,0
225,14,0.530,0,1.0,0.3230374,0
225,15,0.539,2,-0.05,4.726993,0
225,16,0.531,2,-0.05,4.0537825,0
225,17,0.482,0,1.0,-0.6010511,0
225,18,0.409,0,1.0,0.23212242,0
225,19,0.339,0,1.0,2.399009,0
225,20,0.347,0,1.0,3.4474916,0
225,21,0.799,0,1.0,6.6448097,0
225,22,0.908,0,1.0,1.5299821,0
225,23,0.830,1,-0.05,1.8544164,0
225,24,0.801,2,-0.05,0.28967,0
225,25,0.656,0,1.0,1.689296,0
225,26,0.494,0,1.0,1.0751629,0
225,27,0.455,1,-0.05,3.1141243,0
225,28,0.309,0,1.0,0.22733974,0
225,29,0.214,1,-0.05,-22.956404,0
225,30,0.120,0,-100.0,-43.464104,0
226,0,0.665,1,-0.05,0.79239535,0
226,1,0.660,2,-0.05,0.09739363,0
226,2,0.670,0,1.0,1.6291983,0
226,3,0.689,1,-0.05,0.29113996,0
226,4,0.656,0,1.0,1.1884053,0
226,5,0.643,2,-0.05,0.95510924,0
226,6,0.653,0,1.0,1.9867418,0
226,7,0.669,2,-0.05,-0.060553297,0
226,8,0.716,0,1.0,0.23105814,0
226,9,0.668,0,1.0,1.7294703,0
226,10,0.641,2,-0.05,0.6722939,0
226,11,0.626,1,-0.05,0.27079752,0
226,12,0.612,0,1.0,3.3805957,0
226,13,0.611,2,-0.05,2.0657125,0
226,14,0.547,0,1.0,1.3875014,0
226,15,0.492,0,1.0,0.2406801,0
226,16,0.435,0,1.0,1.2118132,0
226,17,0.405,2,-0.05,1.4919524,0
226,18,0.388,1,-0.05,-0.20773983,0
226,19,0.377,1,-0.05,-0.4670899,0
226,20,0.371,0,1.0,0.6738405,0
226,21,0.365,0,1.0,-2.014067,0
226,22,0.378,0,1.0,1.5753461,0
226,23,0.369,2,-0.05,2.5802908,0
226,24,0.355,0,1.0,0.36904877,0
226,25,0.324,0,1.0,-1.4673219,0
226,26,0.326,2,-0.05,0.34762615,0
226,27,0.552,0,1.0,1.1147183,0
226,28,0.989,0,1.0,-0.20542705,0
226,29,0.828,0,1.0,1.1638097,0
226,30,0.667,0,1.0,2.1776166,0
226,31,0.571,1,-0.05,1.4636148,0
226,32,0.538,1,-0.05,1.5317512,0
226,33,0.502,1,-0.05,0.68287086,0
226,34,0.469,1,-0.05,-1.5551372,0
226,35,0.441,1,-0.05,-2.978035,0
226,36,0.410,1,-0.05,-2.1622677,0
226,37,0.282,0,1.0,-1.7657418,0
226,38,0.145,0,-100.0,-2.2668982,0
227,0,0.662,0,1.0,2.2680764,0
227,1,0.667,0,1.0,1.1791553,0
227,2,0.668,0,1.0,-0.014370561,0
227,3,0.665,0,1.0,1.6301382,0
227,4,0.671,2,-0.05,2.429269,0
227,5,0.699,0,1.0,-1.3375258,0
227,6,0.690,0,1.0,-0.43021154,0
227,7,0.652,2,-0.05,-0.68626714,0
227,8,0.673,2,-0.05,0.41681063,0
227,9,0.604,0,1.0,0.3955766,0
227,10,0.550,2,-0.05,0.05642879,0
227,11,0.475,0,1.0,-0.3482178,0
227,12,0.390,2,-0.05,0.85541654,0
227,13,0.368,2,-0.05,4.028699,0
227,14,0.333,2,-0.05,4.7254386,0
227,15,0.303,2,-0.05,0.75395775,0
227,16,0.266,1,-0.05,-13.565643,0
227,17,0.240,2,-0.05,-11.342651,0
227,18,0.120,0,-100.0,-26.13094,0
228,0,0.667,2,-0.05,2.4753036,0
228,1,0.704,0,1.0,-0.21438846,0
228,2,0.653,0,1.0,2.167854,0
228,3,0.636,2,-0.05,0.2365031,0
228,4,0.590,0,1.0,2.1844254,0
228,5,0.479,0,1.0,1.498125,0
228,6,0.432,2,-0.05,0.5373474,0
228,7,0.428,2,-0.05,0.56678176,0
228,8,0.405,1,-0.05,0.9115014,0
228,9,0.374,1,-0.05,2.1098967,0
228,10,0.362,2,-0.05,2.4361591,0
228,11,0.347,2,-0.05,-1.561544,0
228,12,0.314,2,-0.05,0.7780862,0
228,13,0.301,2,-0.05,-6.5858574,0
228,14,0.259,2,-0.05,-20.113932,0
228,15,0.233,2,-0.05,-24.311352,0
228,16,0.208,1,-0.05,-32.623238,0
228,17,0.164,1,-100.0,-39.705727,0
229,0,0.659,0,1.0,-0.5423397,0
229,1,0.657,1,-0.05,-0.8412231,0
229,2,0.630,0,1.0,-0.21907791,0
229,3,0.594,2,-0.05,-2.5986106,0
229,4,0.613,2,-0.05,-0.67916846,0
229,5,0.634,0,1.0,1.2037647,0
229,6,0.669,0,1.0,1.5211378,0
229,7,0.712,0,1.0,1.6915292,0
229,8,0.685,0,1.0,1.1970596,0
229,9,0.644,0,1.0,-0.78539085,0
229,10,0.615,0,1.0,-0.291039,0
229,11,0.569,0,1.0,0.26526374,0
229,12,0.555,2,-0.05,1.2761071,0
229,13,0.510,0,1.0,0.80529916,0
229,14,0.468,1,-0.05,1.6939305,0
229,15,0.432,0,1.0,0.6068784,0
229,16,0.418,1,-0.05,2.0664792,0
229,17,0.440,0,1.0,-1.4387877,0
229,18,0.438,0,1.0,2.0348232,0
229,19,0.448,0,1.0,1.9993575,0
229,20,0.452,2,-0.05,-1.0201938,0
229,21,0.432,0,1.0,0.7341779,0
229,22,0.822,0,1.0,-0.20203787,0
229,23,0.985,2,-0.05,0.04151559,0
229,24,0.644,2,-0.05,0.24691117,0
229,25,1.053,1,-0.05,0.7080397,0
229,26,0.750,2,-0.05,0.54391575,0
229,27,0.829,0,1.0,2.238406,0
229,28,0.766,0,1.0,1.7478826,0
229,29,0.722,2,-0.05,-0.67566323,0
229,30,0.687,2,-0.05,0.40489644,0
229,31,0.614,0,1.0,3.1074038,0
229,32,0.499,0,1.0,2.4541998,0
229,33,0.407,0,1.0,1.2103844,0
229,34,0.352,1,-0.05,1.348201,0
229,35,0.328,1,-0.05,2.9561267,0
229,36,0.301,1,-0.05,-7.245923,0
229,37,0.274,1,-0.05,-36.163086,0
229,38,0.248,1,-0.05,-26.380938,0
229,39,0.141,0,-100.0,-25.048359,0
230,0,0.671,2,-0.05,-0.6345377,0
230,1,0.710,0,1.0,0.03199196,0
230,2,0.694,2,-0.05,1.8092377,0
230,3,0.673,1,-0.05,2.0169413,0
230,4,0.667,2,-0.05,1.4452257,0
230,5,0.596,0,1.0,2.827429,0
230,6,0.574,1,-0.05,0.21322894,0
230,7,0.566,2,-0.05,0.16156682,0
230,8,0.476,0,1.0,4.4050655,0
230,9,0.377,0,1.0,1.4783225,0
230,10,0.307,2,-0.05,0.5883275,0
230,11,0.285,2,-0.05,-0.40628433,0
230,12,0.267,2,-0.05,-17.089025,0
230,13,0.242,2,-0.05,-20.215765,0
230,14,0.203,2,-0.05,-42.892696,0
230,15,0.168,1,-100.0,-44.855995,0
231,0,0.670,2,-0.05,0.011767924,0
231,1,0.707,0,1.0,2.226152,0
231,2,0.666,0,1.0,1.8300836,0
231,3,0.630,0,1.0,0.4338542,0
231,4,0.597,0,1.0,1.9659631,0
231,5,0.541,1,-0.05,0.02018267,0
231,6,0.558,0,1.0,1.1378834,0
231,7,0.557,0,1.0,-0.8754536,0
231,8,0.532,0,1.0,3.3285193,0
231,9,0.540,2,-0.05,1.209135,0
231,10,0.512,0,1.0,-0.91197455,0
231,11,0.494,2,-0.05,-1.1315677,0
231,12,0.472,2,-0.05,0.7105268,0
231,13,0.466,2,-0.05,-1.3924751,0
231,14,0.430,2,-0.05,-1.3997924,0
231,15,0.405,1,-0.05,3.1593006,0
231,16,0.386,1,-0.05,2.6196113,0
231,17,0.356,2,-0.05,1.5639226,0
231,18,0.341,1,-0.05,2.611747,0
231,19,0.324,2,-0.05,1.2551498,0
231,20,0.312,2,-0.05,3.3649187,0
231,21,0.167,0,-100.0,0.09080219,0
232,0,0.667,0,1.0,0.9908236,0
232,1,0.670,1,-0.05,-0.1702038,0
232,2,0.671,2,-0.05,-0.5419117,0
232,3,0.692,0,1.0,0.9304499,0
232,4,0.698,2,-0.05,-1.1678108,0
232,5,0.699,0,1.0,1.9135934,0
232,6,0.611,0,1.0,3.5134983,0
232,7,0.552,0,1.0,1.5247287,0
232,8,0.467,0,1.0,1.7941072,0
232,9,0.455,2,-0.05,0.6309221,0
232,10,0.431,1,-0.05,1.5305407,0
232,11,0.398,0,1.0,0.5043141,0
232,12,0.375,1,-0.05,0.10791147,0
232,13,0.371,1,-0.05,-2.4219322,0
232,14,0.391,0,1.0,0.124007225,0
232,15,0.417,1,-0.05,-0.9625939,0
232,16,0.511,0,1.0,-0.26735282,0
232,17,0.573,1,-0.05,-3.3397546,0
232,18,0.721,0,1.0,-3.706209,0
232,19,0.726,0,1.0,-0.80807805,0
232,20,0.633,0,1.0,1.0038662,0
232,21,0.573,2,-0.05,-1.3466192,0
232,22,0.504,0,1.0,0.8894934,0
232,23,0.439,0,1.0,3.1471498,0
232,24,0.418,1,-0.05,-0.80416274,0
232,25,0.383,1,-0.05,-1.7369785,0
232,26,0.370,1,-0.05,-1.9698439,0
232,27,0.344,2,-0.05,-0.6747997,0
232,28,0.332,1,-0.05,-0.9679251,0
232,29,0.294,2,-0.05,-0.3769579,0
232,30,0.283,1,-0.05,-2.016901,0
232,31,0.256,1,-0.05,-2.3369646,0
232,32,0.217,1,-0.05,-2.1975212,0
232,33,0.120,0,-100.0,-4.064763,0
233,0,0.666,0,1.0,1.5951915,0
233,1,0.662,1,-0.05,0.04422772,0
233,2,0.625,0,1.0,0.69956386,0
233,3,0.572,0,1.0,-0.09599739,0
233,4,0.531,0,1.0,1.5201988,0
233,5,0.490,0,1.0,0.5641314,0
233,6,0.469,2,-0.05,0.7014691,0
233,7,0.460,0,1.0,0.526165,0
233,8,0.447,0,1.0,0.12996837,0
233,9,0.445,0,1.0,1.64972,0
233,10,0.447,2,-0.05,-0.39831436,0
233,11,0.461,0,1.0,0.9282212,0
233,12,0.504,0,1.0,1.2791235,0
233,13,0.520,1,-0.05,1.6894097,0
233,14,0.511,0,1.0,1.432637,0
233,15,0.509,1,-0.05,0.78743917,0
233,16,0.482,0,1.0,-0.6970172,0
233,17,0.422,0,1.0,4.2912736,0
233,18,0.368,0,1.0,3.7366724,0
233,19,0.367,1,-0.05,-0.50812316,0
233,20,0.352,1,-0.05,-1.3408713,0
233,21,0.343,1,-0.05,-2.467886,0
233,22,0.312,1,-0.05,-1.4334025,0
233,23,0.289,1,-0.05,-0.42875624,0
233,24,0.268,1,-0.05,-1.7117825,0
233,25,0.233,1,-0.05,-3.974472,0
233,26,0.196,1,-100.0,-31.198582,0
234,0,0.666,0,1.0,2.1357193,0
234,1,0.655,0,1.0,1.8556912,0
234,2,0.657,2,-0.05,-0.4306894,0
234,3,0.684,2,-0.05,-0.40953225,0
234,4,0.699,0,1.0,-1.2846696,0
234,5,0.677,2,-0.05,1.0225703,0
234,6,0.618,0,1.0,1.6943889,0
234,7,0.485,0,1.0,4.3577356,0
234,8,0.451,1,-0.05,5.5901833,0
234,9,0.444,2,-0.05,1.1813419,0
234,10,0.337,0,1.0,5.6304846,0
234,11,0.293,1,-0.05,2.0439823,0
234,12,0.266,1,-0.05,-9.939158,0
234,13,0.268,2,-0.05,-15.774719,0
234,14,0.196,0,-100.0,-30.592037,0
235,0,0.684,2,-0.05,0.3683824,0
235,1,0.709,0,1.0,0.23825361,0
235,2,0.694,2,-0.05,0.21207063,0
235,3,0.625,0,1.0,0.8961835,0
235,4,0.545,0,1.0,1.2283859,0
235,5,0.504,1,-0.05,-0.41568828,0
235,6,0.488,2,-0.05,0.1141094,0
235,7,0.478,2,-0.05,0.7988328,0
235,8,0.373,0,1.0,3.807581,0
235,9,0.329,2,-0.05,1.6466231,0
235,10,0.295,2,-0.05,-3.6913338,0
235,11,0.259,2,-0.05,-5.9355736,0
235,12,0.246,2,-0.05,-32.608032,0
235,13,0.214,1,-0.05,-34.02867,0
235,14,0.168,2,-100.0,-52.58084,0
236,0,0.671,0,1.0,1.3884449,0
236,1,0.679,2,-0.05,0.59585965,0
236,2,0.703,0,1.0,-0.8727324,0
236,3,0.658,0,1.0,-0.07561946,0
236,4,0.639,1,-0.05,-0.6571311,0
236,5,0.629,0,1.0,-0.3293956,0
236,6,0.647,0,1.0,2.7379887,0
236,7,0.630,0,1.0,2.073411,0
236,8,0.637,0,1.0,1.228724,0
236,9,0.629,0,1.0,0.17514801,0
236,10,0.628,2,-0.05,-0.897527,0
236,11,0.583,0,1.0,4.0161066,0
236,12,0.570,0,1.0,2.5502815,0
236,13,0.549,2,-0.05,0.29125446,0
236,14,0.480,0,1.0,1.4985871,0
236,15,0.413,0,1.0,1.1268729,0
236,16,0.355,1,-0.05,-0.7377204,0
236,17,0.356,1,-0.05,-4.158729,0
236,18,0.350,0,1.0,-2.0596998,0
236,19,0.348,0,1.0,1.1733308,0
236,20,0.360,0,1.0,2.0908997,0
236,21,0.364,1,-0.05,-0.76102424,0
236,22,0.363,2,-0.05,0.16045582,0
236,23,0.915,0,1.0,2.0598364,0
236,24,1.106,0,1.0,1.3430157,0
236,25,1.015,2,-0.05,-1.1913195,0
236,26,0.980,1,-0.05,-1.4539902,0
236,27,0.944,1,-0.05,-0.5334321,0
236,28,0.905,1,-0.05,-0.9200382,0
236,29,0.892,1,-0.05,-2.358215,0
236,30,0.866,2,-0.05,-1.0507705,0
236,31,0.830,2,-0.05,-1.740021,0
236,32,0.797,1,-0.05,-2.48833,0
236,33,0.764,1,-0.05,-2.5657454,0
236,34,0.660,0,1.0,-2.007524,0
236,35,0.579,1,-0.05,-2.058459,0
236,36,0.551,1,-0.05,-2.1255066,0
236,37,0.477,0,1.0,-1.5778689,0
236,38,0.434,1,-0.05,-1.2032835,0
236,39,0.431,2,-0.05,-1.4482646,0
236,40,0.419,1,-0.05,-2.1820846,0
236,41,0.409,2,-0.05,-2.3492148,0
236,42,0.388,1,-0.05,-2.641912,0
236,43,0.381,1,-0.05,-2.4292505,0
236,44,0.304,0,1.0,-2.3778448,0
236,45,0.213,2,-0.05,-20.02363,0
236,46,0.185,1,-100.0,-9.516529,0
237,0,0.664,1,-0.05,0.28975755,0
237,1,0.654,2,-0.05,0.5657354,0
237,2,0.665,2,-0.05,-0.033744752,0
237,3,0.719,0,1.0,2.1068826,0
237,4,0.696,1,-0.05,0.2683534,0
237,5,0.694,2,-0.05,-1.4403801,0
237,6,0.690,2,-0.05,0.2909186,0
237,7,0.620,0,1.0,-1.099181,0
237,8,0.560,2,-0.05,1.4262558,0
237,9,0.461,0,1.0,2.52943,0
237,10,0.397,1,-0.05,0.72981447,0
237,11,0.361,2,-0.05,1.0886551,0
237,12,0.343,2,-0.05,3.1585588,0
237,13,0.325,2,-0.05,6.4961615,0
237,14,0.298,2,-0.05,-0.32713127,0
237,15,0.126,0,-100.0,-11.189823,0
238,0,0.667,0,1.0,1.5160002,0
238,1,0.664,0,1.0,2.6741524,0
238,2,0.666,0,1.0,2.5232716,0
238,3,0.671,0,1.0,-0.3956262,0
238,4,0.671,1,-0.05,0.24779475,0
238,5,0.649,0,1.0,1.6620063,0
238,6,0.628,2,-0.05,1.220897,0
238,7,0.643,0,1.0,-0.4874347,0
238,8,0.626,0,1.0,0.53768337,0
238,9,0.632,0,1.0,-0.35711694,0
238,10,0.618,0,1.0,-0.59522915,0
238,11,0.633,2,-0.05,1.3928488,0
238,12,0.664,0,1.0,2.3484569,0
238,13,0.702,0,1.0,4.048428,0
238,14,0.681,0,1.0,2.17832,0
238,15,0.640,0,1.0,3.423809,0
238,16,0.628,1,-0.05,0.66293275,0
238,17,0.604,2,-0.05,-2.3056538,0
238,18,0.586,0,1.0,1.0609654,0
238,19,0.542,1,-0.05,2.0893588,0
238,20,0.528,0,1.0,2.4083066,0
238,21,0.940,0,1.0,3.814292,0
238,22,0.980,0,1.0,2.3835344,0
238,23,0.943,1,-0.05,-0.20702839,0
238,24,0.828,0,1.0,1.5551716,0
238,25,0.736,1,-0.05,-1.2251532,0
238,26,0.584,0,1.0,-1.9240022,0
238,27,0.494,1,-0.05,-2.1169622,0
238,28,0.463,1,-0.05,-2.2310834,0
238,29,0.437,2,-0.05,-2.1364684,0
238,30,0.402,1,-0.05,-3.0633657,0
238,31,0.371,1,-0.05,-3.2550302,0
238,32,0.335,1,-0.05,-2.3481617,0
238,33,0.321,1,-0.05,-1.818079,0
238,34,0.284,0,1.0,-1.5457716,0
238,35,0.235,1,-0.05,-1.3217368,0
238,36,0.239,1,-0.05,-1.8379164,0
238,37,0.237,2,-0.05,-8.858103,0
238,38,0.238,1,-0.05,-7.264165,0
238,39,0.237,2,-0.05,-10.338869,0
238,40,0.231,2,-0.05,-6.081603,0
238,41,0.215,1,-0.05,-2.0506155,0
238,42,0.203,1,-0.05,-1.8190265,0
238,43,0.194,0,-100.0,-31.568588,0
239,0,0.666,0,1.0,1.7666824,0
239,1,0.665,0,1.0,1.7166677,0
239,2,0.651,2,-0.05,-0.41461962,0
239,3,0.695,0,1.0,1.440606,0
239,4,0.698,0,1.0,0.67143035,0
239,5,0.672,2,-0.05,-1.22226,0
239,6,0.662,2,-0.05,-0.4185149,0
239,7,0.586,0,1.0,2.6796155,0
239,8,0.484,0,1.0,4.4548197,0
239,9,0.404,0,1.0,1.080024,0
239,10,0.259,0,1.0,1.0894582,0
239,11,0.197,1,-100.0,-30.068842,0
240,0,0.666,0,1.0,0.6469239,0
240,1,0.655,0,1.0,-0.9061301,0
240,2,0.653,0,1.0,0.44440305,0
240,3,0.645,0,1.0,-0.30420625,0
240,4,0.640,0,1.0,1.3062162,0
240,5,0.628,1,-0.05,-0.9793904,0
240,6,0.602,0,1.0,-0.8618653,0
240,7,0.565,2,-0.05,-0.26079518,0
240,8,0.559,0,1.0,-0.11957872,0
240,9,0.555,0,1.0,0.6247598,0
240,10,0.540,0,1.0,1.5565977,0
240,11,0.537,0,1.0,3.4149363,0
240,12,0.538,0,1.0,0.38348544,0
240,13,0.528,0,1.0,0.5921463,0
240,14,0.504,0,1.0,-1.702049,0
240,15,0.519,0,1.0,-0.094679356,0
240,16,0.510,2,-0.05,0.5476862,0
240,17,0.534,2,-0.05,-1.9803674,0
240,18,0.608,0,1.0,0.6348578,0
240,19,0.695,0,1.0,4.2014475,0
240,20,0.785,0,1.0,1.4404628,0
240,21,0.773,0,1.0,1.6902494,0
240,22,0.609,0,1.0,0.66350406,0
240,23,0.521,1,-0.05,0.50532603,0
240,24,0.488,1,-0.05,2.0146732,0
240,25,0.469,1,-0.05,-1.0551524,0
240,26,0.406,1,-0.05,-2.6151252,0
240,27,0.385,1,-0.05,-3.3477328,0
240,28,0.277,0,1.0,-3.4498909,0
240,29,0.196,1,-100.0,-3.5760903,0
241,0,0.666,0,1.0,1.1971295,0
241,1,0.655,0,1.0,1.0858614,0
241,2,0.647,0,1.0,0.38213015,0
241,3,0.652,1,-0.05,-0.8480301,0
241,4,0.620,0,1.0,0.4376064,0
241,5,0.593,2,-0.05,0.59236676,0
241,6,0.587,2,-0.05,-0.510532,0
241,7,0.622,0,1.0,0.51045287,0
241,8,0.645,0,1.0,2.8144124,0
241,9,0.695,2,-0.05,3.1369257,0
241,10,0.708,0,1.0,1.8785173,0
241,11,0.699,2,-0.05,3.5592346,0
241,12,0.666,2,-0.05,-0.21596348,0
241,13,0.575,0,1.0,0.710305,0
241,14,0.444,0,1.0,-0.57341063,0
241,15,0.382,2,-0.05,-0.65014625,0
241,16,0.361,2,-0.05,4.229517,0
241,17,0.328,1,-0.05,3.514183,0
241,18,0.297,1,-0.05,1.6491122,0
241,19,0.277,2,-0.05,-2.2731762,0
241,20,0.250,2,-0.05,-0.91483974,0
241,21,0.220,2,-0.05,-29.590254,0
241,22,0.195,2,-100.0,-14.693287,0
242,0,0.681,0,1.0,0.776578,0
242,1,0.686,0,1.0,0.36790627,0
242,2,0.683,2,-0.05,-0.018144518,0
242,3,0.717,2,-0.05,0.7858595,0
242,4,0.660,0,1.0,3.0014272,0
242,5,0.595,0,1.0,1.6699209,0
242,6,0.553,2,-0.05,-0.5339232,0
242,7,0.458,0,1.0,3.7628756,0
242,8,0.426,1,-0.05,2.087617,0
242,9,0.340,0,1.0,3.1341677,0
242,10,0.316,2,-0.05,1.8877225,0
242,11,0.310,2,-0.05,-0.8776674,0
242,12,0.277,2,-0.05,1.6863089,0
242,13,0.243,2,-0.05,-14.093111,0
242,14,0.228,2,-0.05,-21.505577,0
242,15,0.207,2,-0.05,-50.2677,0
242,16,0.164,1,-100.0,-37.8975,0
243,0,0.659,0,1.0,-0.062377274,0
243,1,0.638,0,1.0,-0.8128735,0
243,2,0.647,0,1.0,0.079562485,0
243,3,0.644,2,-0.05,0.26216385,0
243,4,0.665,2,-0.05,3.3218288,0
243,5,0.658,1,-0.05,3.4566445,0
243,6,0.651,0,1.0,-1.263104,0
243,7,0.658,0,1.0,0.8041863,0
243,8,0.672,0,1.0,1.1459436,0
243,9,0.680,2,-0.05,-0.7104045,0
243,10,0.695,0,1.0,2.2370749,0
243,11,0.667,0,1.0,1.0714389,0
243,12,0.632,0,1.0,3.4860346,0
243,13,0.581,0,1.0,4.365328,0
243,14,0.546,0,1.0,2.068607,0
243,15,0.504,0,1.0,1.1444638,0
243,16,0.447,0,1.0,0.7302501,0
243,17,0.411,0,1.0,1.012815,0
243,18,0.364,0,1.0,1.0108306,0
243,19,0.326,0,1.0,1.4237776,0
243,20,0.855,0,1.0,1.5816615,0
243,21,1.155,1,-0.05,1.8107831,0
243,22,0.987,0,1.0,2.5108523,0
243,23,0.822,0,1.0,1.1441078,0
243,24,0.706,1,-0.05,-0.08221364,0
243,25,0.563,0,1.0,-1.8115001,0
243,26,0.480,1,-0.05,-3.1429946,0
243,27,0.454,1,-0.05,-2.9570358,0
243,28,0.425,1,-0.05,-3.0245638,0
243,29,0.317,0,1.0,-3.398316,0
243,30,0.242,1,-0.05,-2.9424715,0
243,31,0.224,2,-0.05,-2.2423525,0
243,32,0.204,1,-0.05,-2.409706,0
243,33,0.170,2,-100.0,-3.4850998,0
244,0,0.681,0,1.0,1.1149608,0
244,1,0.676,0,1.0,3.089305,0
244,2,0.682,2,-0.05,1.9173094,0
244,3,0.679,1,-0.05,1.5816839,0
244,4,0.664,0,1.0,-0.124979556,0
244,5,0.657,2,-0.05,-1.1457698,0
244,6,0.685,0,1.0,1.805493,0
244,7,0.681,1,-0.05,-0.30870783,0
244,8,0.677,1,-0.05,1.4280176,0
244,9,0.642,0,1.0,2.0040061,0
244,10,0.583,0,1.0,3.2930746,0
244,11,0.534,0,1.0,0.65956914,0
244,12,0.446,0,1.0,0.6520725,0
244,13,0.401,0,1.0,-1.4484556,0
244,14,0.312,0,1.0,1.2994502,0
244,15,0.291,2,-0.05,-4.158268,0
244,16,0.277,0,1.0,-1.7431381,0
244,17,0.255,0,1.0,-1.0275223,0
244,18,0.245,2,-0.05,-3.4287562,0
244,19,0.272,0,1.0,-0.5481508,0
244,20,0.286,0,1.0,1.1373018,0
244,21,0.303,0,1.0,2.9341776,0
244,22,0.339,2,-0.05,-1.9626672,0
244,23,0.403,0,1.0,0.4095732,0
244,24,0.456,0,1.0,2.615548,0
244,25,0.522,2,-0.05,1.946143,0
244,26,0.505,1,-0.05,1.8465853,0
244,27,0.528,0,1.0,3.4542994,0
244,28,0.530,1,-0.05,-1.4634562,0
244,29,0.544,1,-0.05,-2.3704553,0
244,30,0.532,1,-0.05,-3.2139282,0
244,31,0.460,0,1.0,-2.9351394,0
244,32,0.370,2,-0.05,-2.8050804,0
244,33,0.339,2,-0.05,-3.7965403,0
244,34,0.298,1,-0.05,-3.6066988,0
244,35,0.275,2,-0.05,-4.286152,0
244,36,0.251,2,-0.05,-4.073592,0
244,37,0.215,1,-0.05,-8.721078,0
244,38,0.170,1,-100.0,-3.5223346,0
245,0,0.659,0,1.0,1.6144401,0
245,1,0.654,0,1.0,-0.7509253,0
245,2,0.653,1,-0.05,0.49219072,0
245,3,0.647,2,-0.05,0.50423336,0
245,4,0.641,1,-0.05,0.21373393,0
245,5,0.641,2,-0.05,-0.16477525,0
245,6,0.656,2,-0.05,-0.645252,0
245,7,0.664,0,1.0,1.4629982,0
245,8,0.684,0,1.0,2.4382906,0
245,9,0.648,1,-0.05,0.30867854,0
245,10,0.645,0,1.0,2.4642284,0
245,11,0.629,0,1.0,1.1510777,0
245,12,0.620,0,1.0,2.1921577,0
245,13,0.611,0,1.0,-0.05499184,0
245,14,0.604,0,1.0,0.87454844,0
245,15,0.591,2,-0.05,-0.31912547,0
245,16,0.555,0,1.0,2.0769124,0
245,17,0.513,0,1.0,3.5127215,0
245,18,0.451,0,1.0,4.208727,0
245,19,0.436,2,-0.05,0.76304984,0
245,20,0.423,2,-0.05,3.4761505,0
245,21,0.331,0,1.0,0.19632414,0
245,22,0.283,2,-0.05,-12.693594,0
245,23,0.258,2,-0.05,-12.515015,0
245,24,0.223,1,-0.05,-42.912655,0
245,25,0.196,2,-100.0,-56.385963,0
246,0,0.671,0,1.0,1.0019851,0
246,1,0.669,0,1.0,1.5480449,0
246,2,0.679,0,1.0,1.773474,0
246,3,0.686,0,1.0,0.3953359,0
246,4,0.681,0,1.0,0.721073,0
246,5,0.686,0,1.0,1.7825531,0
246,6,0.706,2,-0.05,0.73494065,0
246,7,0.720,2,-0.05,-0.75432634,0
246,8,0.652,0,1.0,2.4554038,0
246,9,0.575,0,1.0,2.9980893,0
246,10,0.500,0,1.0,3.0171742,0
246,11,0.450,2,-0.05,1.7909611,0
246,12,0.433,1,-0.05,-1.3161588,0
246,13,0.423,2,-0.05,0.79966724,0
246,14,0.406,2,-0.05,-2.5594769,0
246,15,0.334,0,1.0,2.3026757,0
246,16,0.241,1,-0.05,2.4110763,0
246,17,0.212,2,-0.05,-33.658993,0
246,18,0.120,0,-100.0,-48.717667,0
247,0,0.667,0,1.0,1.5384862,0
247,1,0.676,2,-0.05,-0.74114597,0
247,2,0.706,2,-0.05,-0.12519675,0
247,3,0.679,0,1.0,2.4784052,0
247,4,0.644,2,-0.05,0.57867014,0
247,5,0.623,2,-0.05,-0.4213528,0
247,6,0.481,0,1.0,0.4858806,0
247,7,0.353,0,1.0,2.8261895,0
247,8,0.289,2,-0.05,1.0547953,0
247,9,0.258,2,-0.05,-12.803247,0
247,10,0.226,2,-0.05,-49.828323,0
247,11,0.190,2,-100.0,-38.08692,0
248,0,0.668,0,1.0,1.4845755,0
248,1,0.678,0,1.0,1.113126,0
248,2,0.687,0,1.0,0.7455111,0
248,3,0.691,0,1.0,1.1771783,0
248,4,0.704,0,1.0,1.8209159,0
248,5,0.710,0,1.0,3.0749378,0
248,6,0.678,0,1.0,-0.289424,0
248,7,0.709,2,-0.05,-0.9535196,0
248,8,0.682,0,1.0,0.27079546,0
248,9,0.652,2,-0.05,-0.1671344,0
248,10,0.577,0,1.0,1.7953923,0
248,11,0.549,2,-0.05,-1.1998622,0
248,12,0.528,1,-0.05,-1.0537125,0
248,13,0.483,0,1.0,2.3920362,0
248,14,0.431,0,1.0,0.7498176,0
248,15,0.373,0,1.0,0.66833746,0
248,16,0.297,0,1.0,-0.09984553,0
248,17,0.275,1,-0.05,-0.578261,0
248,18,0.266,0,1.0,1.2285678,0
248,19,0.242,0,1.0,-0.5693152,0
248,20,1.174,1,-0.05,-2.7116117,0
248,21,1.164,0,1.0,2.0390713,0
248,22,1.088,2,-0.05,0.64688873,0
248,23,0.939,0,1.0,0.5396652,0
248,24,0.755,0,1.0,0.48442227,0
248,25,0.665,1,-0.05,-3.06705,0
248,26,0.624,1,-0.05,-3.0527453,0
248,27,0.595,1,-0.05,-3.145392,0
248,28,0.575,2,-0.05,-3.5728788,0
248,29,0.525,1,-0.05,-3.5847552,0
248,30,0.492,1,-0.05,-3.562815,0
248,31,0.469,1,-0.05,-3.3543167,0
248,32,0.449,1,-0.05,-2.2939682,0
248,33,0.422,2,-0.05,-1.2915187,0
248,34,0.418,1,-0.05,-2.8244357,0
248,35,0.379,1,-0.05,-1.7607667,0
248,36,0.360,1,-0.05,-0.96782017,0
248,37,0.354,0,1.0,0.61222553,0
248,38,0.354,1,-0.05,1.111608,0
248,39,0.377,0,1.0,3.859285,0
248,40,0.395,2,-0.05,4.2489724,0
248,41,0.387,1,-0.05,0.039316177,0
248,42,0.399,2,-0.05,3.3220901,0
248,43,0.402,2,-0.05,-1.9550352,0
248,44,0.393,2,-0.05,-2.5042477,0
248,45,0.371,2,-0.05,-2.8588574,0
248,46,0.335,2,-0.05,-3.211556,0
248,47,0.314,2,-0.05,-3.197772,0
248,48,0.286,2,-0.05,-3.2697694,0
248,49,0.266,2,-0.05,-3.0798564,0
248,50,0.252,2,-0.05,-3.5552988,0
248,51,0.245,2,-0.05,-3.8896399,0
248,52,0.210,1,-0.05,-17.888771,0
248,53,0.186,1,-100.0,-3.8666005,0
249,0,0.659,0,1.0,2.790821,0
249,1,0.638,0,1.0,-0.72046614,0
249,2,0.647,0,1.0,1.9252999,0
249,3,0.641,0,1.0,-0.5051122,0
249,4,0.638,1,-0.05,-0.9915265,0
249,5,0.595,0,1.0,0.15715969,0
249,6,0.596,1,-0.05,-0.929546,0
249,7,0.538,0,1.0,1.3733634,0
249,8,0.441,0,1.0,1.7290643,0
249,9,0.414,1,-0.05,-1.6291006,0
249,10,0.309,0,1.0,-1.0861974,0
249,11,0.277,1,-0.05,-16.984262,0
249,12,0.259,1,-0.05,-23.686138,0
249,13,0.228,1,-0.05,-57.301903,0
249,14,0.205,1,-0.05,-46.752792,0
249,15,0.166,1,-100.0,-35.524773,0
250,0,0.666,0,1.0,-0.22291261,0
250,1,0.656,0,1.0,0.7140576,0
250,2,0.655,2,-0.05,1.1312174,0
250,3,0.675,2,-0.05,0.58919466,0
250,4,0.708,0,1.0,1.4443401,0
250,5,0.674,2,-0.05,2.0683513,0
250,6,0.666,2,-0.05,-0.15827048,0
250,7,0.592,0,1.0,1.5562882,0
250,8,0.414,0,1.0,-0.61374307,0
250,9,0.346,1,-0.05,0.38068312,0
250,10,0.339,2,-0.05,-2.0205498,0
250,11,0.307,2,-0.05,-4.201745,0
250,12,0.278,2,-0.05,-5.559862,0
250,13,0.237,2,-0.05,-32.51448,0
250,14,0.200,1,-0.05,-33.282143,0
250,15,0.174,2,-100.0,-84.329605,0
251,0,0.671,0,1.0,-0.7422124,0
251,1,0.675,0,1.0,0.55996656,0
251,2,0.685,0,1.0,1.3843397,0
251,3,0.686,1,-0.05,1.0381606,0
251,4,0.683,2,-0.05,-0.23400176,0
251,5,0.681,1,-0.05,-0.7923467,0
251,6,0.659,0,1.0,-0.60282946,0
251,7,0.656,2,-0.05,-0.40793782,0
251,8,0.643,2,-0.05,-0.15428308,0
251,9,0.695,2,-0.05,2.4096344,0
251,10,0.744,2,-0.05,1.0449594,0
251,11,0.656,0,1.0,3.9880013,0
251,12,0.545,0,1.0,3.0414746,0
251,13,0.392,0,1.0,2.799191,0
251,14,0.355,2,-0.05,0.13350168,0
251,15,0.342,2,-0.05,0.01610732,0
251,16,0.203,0,1.0,-0.4402027,0
251,17,0.145,2,-100.0,-69.64536,0
252,0,0.671,0,1.0,0.8791443,0
252,1,0.685,0,1.0,-0.66734934,0
252,2,0.677,0,1.0,1.4127927,0
252,3,0.671,0,1.0,0.3832514,0
252,4,0.712,2,-0.05,-0.29156104,0
252,5,0.676,1,-0.05,1.8473991,0
252,6,0.687,1,-0.05,-0.41570497,0
252,7,0.640,0,1.0,-0.014950156,0
252,8,0.585,0,1.0,0.6003617,0
252,9,0.532,0,1.0,-0.16693807,0
252,10,0.460,0,1.0,1.7516731,0
252,11,0.396,0,1.0,-0.9565277,0
252,12,0.361,2,-0.05,3.001733,0
252,13,0.336,0,1.0,2.3222363,0
252,14,0.309,0,1.0,1.1287608,0
252,15,0.280,0,1.0,-1.436224,0
252,16,0.241,0,1.0,-0.22810364,0
252,17,0.220,0,1.0,0.722199,0
252,18,0.216,1,-0.05,0.009870768,0
252,19,0.208,1,-0.05,-4.8188133,0
252,20,0.199,1,-100.0,-35.256096,0
253,0,0.666,0,1.0,0.5476455,0
253,1,0.656,0,1.0,1.9935476,0
253,2,0.647,0,1.0,0.27539912,0
253,3,0.639,0,1.0,0.23871325,0
253,4,0.644,2,-0.05,0.07250729,0
253,5,0.639,1,-0.05,0.78973585,0
253,6,0.644,2,-0.05,0.3188941,0
253,7,0.684,0,1.0,1.0467042,0
253,8,0.690,1,-0.05,1.2661235,0
253,9,0.678,1,-0.05,1.8707508,0
253,10,0.665,0,1.0,0.03299004,0
253,11,0.629,0,1.0,1.9116318,0
253,12,0.607,1,-0.05,-0.95029557,0
253,13,0.562,0,1.0,0.05819398,0
253,14,0.531,0,1.0,2.5056224,0
253,15,0.511,2,-0.05,3.8670788,0
253,16,0.507,1,-0.05,-1.0264437,0
253,17,0.450,0,1.0,-0.41903782,0
253,18,0.407,1,-0.05,-0.1754551,0
253,19,0.279,0,1.0,0.6816957,0
253,20,0.251,1,-0.05,-10.13698,0
253,21,0.216,2,-0.05,-47.044014,0
253,22,0.201,1,-0.05,-55.711197,0
253,23,0.179,2,-100.0,-57.985676,0
254,0,0.671,0,1.0,0.72289866,0
254,1,0.669,0,1.0,2.3123035,0
254,2,0.678,1,-0.05,0.89793956,0
254,3,0.656,0,1.0,0.28088307,0
254,4,0.641,2,-0.05,-1.3773136,0
254,5,0.645,2,-0.05,-0.5157119,0
254,6,0.701,0,1.0,0.7444449,0
254,7,0.688,0,1.0,3.7506864,0
254,8,0.649,0,1.0,2.180099,0
254,9,0.594,0,1.0,4.306332,0
254,10,0.548,0,1.0,2.489694,0
254,11,0.530,2,-0.05,-1.0775381,0
254,12,0.506,1,-0.05,-0.45180154,0
254,13,0.488,0,1.0,-1.8622792,0
254,14,0.461,0,1.0,2.8021312,0
254,15,0.451,2,-0.05,1.598438,0
254,16,0.407,0,1.0,4.1577415,0
254,17,0.396,1,-0.05,-1.8163984,0
254,18,0.357,0,1.0,2.436581,0
254,19,0.328,0,1.0,-0.37824416,0
254,20,0.308,0,1.0,3.6557567,0
254,21,0.290,0,1.0,0.8607778,0
254,22,0.436,2,-0.05,-1.5042944,0
254,23,0.310,2,-0.05,1.4118979,0
254,24,0.530,0,1.0,6.0082397,0
254,25,0.835,0,1.0,4.020199,0
254,26,0.798,0,1.0,2.549734,0
254,27,0.725,1,-0.05,-3.1406617,0
254,28,0.684,1,-0.05,-0.4308834,0
254,29,0.655,1,-0.05,-0.6779418,0
254,30,0.610,1,-0.05,-0.81750894,0
254,31,0.593,1,-0.05,-3.124822,0
254,32,0.427,0,1.0,-2.5748596,0
254,33,0.367,1,-0.05,-2.8624222,0
254,34,0.338,1,-0.05,-2.6271043,0
254,35,0.317,1,-0.05,-1.5348711,0
254,36,0.284,2,-0.05,-3.0740395,0
254,37,0.263,1,-0.05,-2.5107622,0
254,38,0.236,1,-0.05,-9.174745,0
254,39,0.234,2,-0.05,-32.521847,0
254,40,0.226,2,-0.05,-20.20058,0
254,41,0.198,2,-100.0,-9.995425,0
255,0,0.661,1,-0.05,1.7181569,0
255,1,0.668,2,-0.05,-0.75548625,0
255,2,0.661,2,-0.05,-0.226152,0
255,3,0.730,2,-0.05,0.18808667,0
255,4,0.685,0,1.0,0.44175845,0
255,5,0.567,0,1.0,1.7331371,0
255,6,0.527,1,-0.05,2.4296837,0
255,7,0.528,2,-0.05,1.3435167,0
255,8,0.423,0,1.0,4.7112923,0
255,9,0.373,1,-0.05,3.4146423,0
255,10,0.342,1,-0.05,2.2726765,0
255,11,0.340,2,-0.05,3.0995014,0
255,12,0.316,2,-0.05,1.921896,0
255,13,0.301,2,-0.05,0.81583595,0
255,14,0.272,2,-0.05,-5.9303226,0
255,15,0.240,2,-0.05,-16.585794,0
255,16,0.219,2,-0.05,-25.947618,0
255,17,0.181,1,-100.0,-49.795322,0
256,0,0.668,1,-0.05,-1.1552113,0
256,1,0.666,2,-0.05,-1.069275,0
256,2,0.668,0,1.0,-0.8602717,0
256,3,0.667,0,1.0,-0.22310436,0
256,4,0.675,0,1.0,1.1905391,0
256,5,0.697,0,1.0,2.2084496,0
256,6,0.712,0,1.0,2.4993713,0
256,7,0.689,0,1.0,2.1430593,0
256,8,0.695,0,1.0,1.5037525,0
256,9,0.672,2,-0.05,-1.974309,0
256,10,0.675,2,-0.05,-1.8967638,0
256,11,0.654,2,-0.05,-0.18673033,0
256,12,0.669,2,-0.05,-0.42407656,0
256,13,0.548,0,1.0,-1.0529733,0
256,14,0.481,1,-0.05,-2.6981544,0
256,15,0.470,1,-0.05,-2.48237,0
256,16,0.441,2,-0.05,-3.4767685,0
256,17,0.419,1,-0.05,-1.323616,0
256,18,0.410,1,-0.05,-0.9492922,0
256,19,0.382,1,-0.05,-0.45115376,0
256,20,0.384,2,-0.05,-1.7421935,0
256,21,0.366,1,-0.05,0.30575275,0
256,22,0.362,0,1.0,-1.7149267,0
256,23,0.352,0,1.0,3.7786746,0
256,24,0.335,0,1.0,2.3426235,0
256,25,0.315,0,1.0,-0.7615237,0
256,26,0.310,2,-0.05,-0.028177977,0
256,27,0.284,0,1.0,-1.5470173,0
256,28,0.235,0,1.0,0.847286,0
256,29,0.191,0,-100.0,2.969585,0
257,0,0.662,0,1.0,1.7053192,0
257,1,0.646,0,1.0,1.7704762,0
257,2,0.656,0,1.0,1.2152694,0
257,3,0.643,0,1.0,1.3194187,0
257,4,0.664,2,-0.05,-0.6919255,0
257,5,0.667,1,-0.05,1.6406767,0
257,6,0.651,0,1.0,-0.68120694,0
257,7,0.634,2,-0.05,0.3768258,0
257,8,0.641,0,1.0,-0.1849165,0
257,9,0.648,0,1.0,-0.0077949464,0
257,10,0.672,2,-0.05,-1.1682914,0
257,11,0.710,0,1.0,1.0811741,0
257,12,0.707,1,-0.05,0.17273253,0
257,13,0.712,0,1.0,1.3496007,0
257,14,0.681,0,1.0,1.2892132,0
257,15,0.687,0,1.0,0.57804066,0
257,16,0.688,1,-0.05,1.3576481,0
257,17,0.693,2,-0.05,-2.5870247,0
257,18,0.670,0,1.0,3.110963,0
257,19,0.637,0,1.0,4.7775393,0
257,20,0.592,0,1.0,1.156812,0
257,21,0.580,2,-0.05,0.17143416,0
257,22,0.537,0,1.0,1.0914216,0
257,23,0.505,0,1.0,-2.522968,0
257,24,1.000,0,1.0,1.9956207,0
257,25,0.881,0,1.0,-1.3607428,0
257,26,0.785,2,-0.05,-0.48559314,0
257,27,0.756,1,-0.05,-1.7703786,0
257,28,0.731,2,-0.05,0.17551422,0
257,29,0.601,0,1.0,-0.81391597,0
257,30,0.540,1,-0.05,-0.3407836,0
257,31,0.516,1,-0.05,1.2484055,0
257,32,0.366,0,1.0,-2.999199,0
257,33,0.281,1,-0.05,-9.389854,0
257,34,0.236,1,-0.05,-17.439762,0
257,35,0.225,2,-0.05,-4.4948626,0
257,36,0.188,1,-100.0,-22.150969,0
258,0,0.689,2,-0.05,1.8231072,0
258,1,0.711,0,1.0,2.0096045,0
258,2,0.696,2,-0.05,-0.15952313,0
258,3,0.628,0,1.0,3.3317552,0
258,4,0.582,2,-0.05,3.300443,0
258,5,0.571,2,-0.05,6.12876,0
258,6,0.452,0,1.0,3.995438,0
258,7,0.386,1,-0.05,1.3327036,0
258,8,0.358,1,-0.05,-0.7343719,0
258,9,0.352,2,-0.05,0.12690401,0
258,10,0.315,1,-0.05,-0.45381665,0
258,11,0.298,2,-0.05,-3.6841555,0
258,12,0.278,2,-0.05,-0.56081486,0
258,13,0.255,2,-0.05,-11.346815,0
258,14,0.205,2,-0.05,-30.668917,0
258,15,0.187,1,-100.0,-51.450356,0
259,0,0.668,2,-0.05,-0.80043197,0
259,1,0.672,1,-0.05,0.036295533,0
259,2,0.652,0,1.0,1.2925987,0
259,3,0.656,2,-0.05,-0.8073157,0
259,4,0.671,0,1.0,-0.066844404,0
259,5,0.712,2,-0.05,2.5559402,0
259,6,0.696,0,1.0,2.696731,0
259,7,0.606,0,1.0,1.5099804,0
259,8,0.590,2,-0.05,0.6760903,0
259,9,0.539,0,1.0,2.714475,0
259,10,0.419,0,1.0,3.4884713,0
259,11,0.326,0,1.0,3.8247209,0
259,12,0.283,2,-0.05,3.2497401,0
259,13,0.271,2,-0.05,-9.059208,0
259,14,0.249,2,-0.05,-7.5273476,0
259,15,0.214,2,-0.05,-24.852924,0
259,16,0.190,1,-100.0,-56.07215,0
260,0,0.659,0,1.0,0.43494177,0
260,1,0.638,0,1.0,0.6584108,0
260,2,0.651,0,1.0,1.3428993,0
260,3,0.644,2,-0.05,-0.22960824,0
260,4,0.681,0,1.0,-0.35190564,0
260,5,0.679,1,-0.05,0.030998707,0
260,6,0.681,0,1.0,0.9866018,0
260,7,0.656,2,-0.05,-0.69067264,0
260,8,0.711,2,-0.05,0.39122438,0
260,9,0.677,0,1.0,3.941309,0
260,10,0.639,2,-0.05,0.49461612,0
260,11,0.584,0,1.0,1.4060864,0
260,12,0.485,0,1.0,1.6984855,0
260,13,0.415,1,-0.05,-1.748805,0
260,14,0.392,1,-0.05,-0.4765756,0
260,15,0.379,1,-0.05,0.47739458,0
260,16,0.384,0,1.0,-1.3069589,0
260,17,0.378,0,1.0,0.9030485,0
260,18,0.383,0,1.0,1.1868031,0
260,19,0.382,0,1.0,0.55084205,0
260,20,0.388,0,1.0,1.0463283,0
260,21,0.375,2,-0.05,4.7325325,0
260,22,0.366,0,1.0,2.0865092,0
260,23,0.321,0,1.0,3.3080041,0
260,24,0.316,2,-0.05,1.467437,0
260,25,0.279,0,1.0,0.2101245,0
260,26,0.736,0,1.0,4.7376823,0
260,27,0.835,2,-0.05,-1.6724992,0
260,28,0.916,0,1.0,-1.6091216,0
260,29,0.865,1,-0.05,2.2435393,0
260,30,0.835,2,-0.05,-2.6794906,0
260,31,0.797,1,-0.05,-0.35603166,0
260,32,0.783,1,-0.05,-2.3174214,0
260,33,0.760,1,-0.05,0.10289574,0
260,34,0.721,1,-0.05,-1.1033893,0
260,35,0.672,1,-0.05,-2.0730226,0
260,36,0.652,1,-0.05,-3.9471931,0
260,37,0.626,2,-0.05,-3.1267753,0
260,38,0.576,1,-0.05,-3.8880415,0
260,39,0.562,1,-0.05,-3.4910157,0
260,40,0.528,1,-0.05,-2.1651764,0
260,41,0.513,1,-0.05,-1.2005885,0
260,42,0.443,0,1.0,-0.5831857,0
260,43,0.415,1,-0.05,-0.21406794,0
260,44,0.382,0,1.0,1.064496,0
260,45,0.374,1,-0.05,1.7736921,0
260,46,0.370,1,-0.05,4.301695,0
260,47,0.400,1,-0.05,4.6561346,0
260,48,0.431,1,-0.05,1.5308156,0
260,49,0.592,0,1.0,3.6945055,0
260,50,0.567,0,1.0,2.0500073,0
260,51,0.477,1,-0.05,-0.5981766,0
260,52,0.467,2,-0.05,-1.4410055,0
260,53,0.430,1,-0.05,2.0082111,0
260,54,0.393,1,-0.05,0.050232172,0
260,55,0.385,2,-0.05,2.5796568,0
260,56,0.366,2,-0.05,0.15304613,0
260,57,0.341,2,-0.05,5.458575,0
260,58,0.318,2,-0.05,7.2855453,0
260,59,0.258,1,-0.05,-3.3116474,0
260,60,0.120,0,-100.0,-37.718018,0
261,0,0.666,0,1.0,-0.2664181,0
261,1,0.660,0,1.0,0.58115494,0
261,2,0.663,0,1.0,1.1639366,0
261,3,0.657,0,1.0,1.0919846,0
261,4,0.661,0,1.0,0.6952603,0
261,5,0.655,2,-0.05,-1.3818111,0
261,6,0.694,0,1.0,0.45746887,0
261,7,0.682,0,1.0,-1.1009195,0
261,8,0.633,0,1.0,1.0659401,0
261,9,0.642,2,-0.05,1.6107439,0
261,10,0.579,0,1.0,3.341981,0
261,11,0.474,0,1.0,0.24404788,0
261,12,0.456,2,-0.05,-2.439354,0
261,13,0.425,1,-0.05,0.6673395,0
261,14,0.374,0,1.0,1.2004225,0
261,15,0.355,1,-0.05,0.73341036,0
261,16,0.336,0,1.0,0.52705455,0
261,17,0.342,2,-0.05,2.229175,0
261,18,0.329,1,-0.05,-1.6095507,0
261,19,0.320,1,-0.05,1.1102754,0
261,20,0.372,0,1.0,-1.5559847,0
261,21,0.998,0,1.0,2.2876806,0
261,22,0.958,0,1.0,2.105021,0
261,23,0.911,0,1.0,-0.368281,0
261,24,0.891,1,-0.05,-2.8274229,0
261,25,0.890,1,-0.05,-1.6183248,0
261,26,0.864,1,-0.05,-1.8030097,0
261,27,0.850,1,-0.05,-1.4510024,0
261,28,0.695,0,1.0,-2.2401292,0
261,29,0.632,2,-0.05,-2.7449338,0
261,30,0.604,2,-0.05,-2.809994,0
261,31,0.586,2,-0.05,-1.5453825,0
261,32,0.564,2,-0.05,-2.3019292,0
261,33,0.542,2,-0.05,-2.4067383,0
261,34,0.538,1,-0.05,-3.329913,0
261,35,0.537,1,-0.05,-2.5526547,0
261,36,0.519,2,-0.05,-2.44376,0
261,37,0.509,1,-0.05,-2.4466217,0
261,38,0.490,2,-0.05,-2.6545856,0
261,39,0.479,1,-0.05,-3.1147063,0
261,40,0.459,2,-0.05,-3.2299683,0
261,41,0.316,0,1.0,-2.7786393,0
261,42,0.262,1,-0.05,-3.9703794,0
261,43,0.224,1,-0.05,-4.5812287,0
261,44,0.204,1,-0.05,-4.2115955,0
261,45,0.138,0,-100.0,-4.419611,0
262,0,0.662,0,1.0,1.1936431,0
262,1,0.647,0,1.0,0.39592636,0
262,2,0.654,1,-0.05,0.8528414,0
262,3,0.661,1,-0.05,-0.23946664,0
262,4,0.612,0,1.0,0.8269305,0
262,5,0.544,0,1.0,2.799128,0
262,6,0.514,1,-0.05,-1.4451743,0
262,7,0.441,0,1.0,0.22113776,0
262,8,0.384,2,-0.05,3.1647625,0
262,9,0.370,1,-0.05,1.4319794,0
262,10,0.340,1,-0.05,4.1372414,0
262,11,0.324,1,-0.05,4.043219,0
262,12,0.311,1,-0.05,-21.440754,0
262,13,0.258,1,-0.05,-24.00517,0
262,14,0.246,1,-0.05,-29.647074,0
262,15,0.202,1,-0.05,-43.560455,0
262,16,0.165,2,-100.0,-84.424706,0
263,0,0.671,0,1.0,1.0125805,0
263,1,0.675,0,1.0,0.74718124,0
263,2,0.680,2,-0.05,-1.0333487,0
263,3,0.701,0,1.0,0.6678601,0
263,4,0.651,0,1.0,0.19232576,0
263,5,0.596,0,1.0,0.9998988,0
263,6,0.569,2,-0.05,-0.15364063,0
263,7,0.566,2,-0.05,-0.97537184,0
263,8,0.553,2,-0.05,-0.013640672,0
263,9,0.517,1,-0.05,-2.66743,0
263,10,0.426,0,1.0,1.9764209,0
263,11,0.390,1,-0.05,0.5273924,0
263,12,0.372,1,-0.05,0.048374176,0
263,13,0.351,0,1.0,-0.09781206,0
263,14,0.336,1,-0.05,-2.4164176,0
263,15,0.353,0,1.0,0.84948224,0
263,16,0.383,0,1.0,0.7810806,0
263,17,0.375,2,-0.05,1.3930058,0
263,18,0.368,0,1.0,0.5564323,0
263,19,0.362,1,-0.05,0.8873999,0
263,20,0.377,0,1.0,0.090687275,0
263,21,0.388,0,1.0,2.51962,0
263,22,0.415,0,1.0,1.5673721,0
263,23,0.440,0,1.0,-2.6320314,0
263,24,0.983,2,-0.05,1.6143515,0
263,25,1.013,0,1.0,1.1457834,0
263,26,1.031,0,1.0,0.8629227,0
263,27,0.868,0,1.0,1.4891976,0
263,28,0.776,2,-0.05,-0.5062356,0
263,29,0.741,1,-0.05,1.8687887,0
263,30,0.710,1,-0.05,-0.8144882,0
263,31,0.679,1,-0.05,-3.0824225,0
263,32,0.634,1,-0.05,-3.1809523,0
263,33,0.528,0,1.0,-3.0673194,0
263,34,0.375,0,1.0,-2.8925526,0
263,35,0.273,1,-0.05,-3.9724276,0
263,36,0.258,1,-0.05,-3.854353,0
263,37,0.232,1,-0.05,-4.152629,0
263,38,0.217,1,-0.05,-3.131177,0
263,39,0.213,2,-0.05,-10.157341,0
263,40,0.184,1,-100.0,-4.688017,0
264,0,0.659,0,1.0,2.4543457,0
264,1,0.638,0,1.0,-0.16791296,0
264,2,0.651,0,1.0,2.8555062,0
264,3,0.641,0,1.0,0.28766185,0
264,4,0.644,2,-0.05,-1.4246746,0
264,5,0.654,0,1.0,1.0513128,0
264,6,0.704,0,1.0,0.88503486,0
264,7,0.703,2,-0.05,0.30915886,0
264,8,0.680,1,-0.05,3.0959353,0
264,9,0.695,2,-0.05,0.655563,0
264,10,0.657,0,1.0,1.2817954,0
264,11,0.606,2,-0.05,1.2214121,0
264,12,0.537,0,1.0,3.8551917,0
264,13,0.460,1,-0.05,-1.8658633,0
264,14,0.449,2,-0.05,-1.71083,0
264,15,0.439,1,-0.05,0.32866216,0
264,16,0.417,1,-0.05,-3.4508266,0
264,17,0.402,1,-0.05,-0.27763176,0
264,18,0.398,0,1.0,1.1858754,0
264,19,0.407,0,1.0,0.012437403,0
264,20,0.394,0,1.0,1.9280591,0
264,21,0.387,2,-0.05,-1.1872238,0
264,22,0.355,0,1.0,1.089815,0
264,23,0.342,2,-0.05,1.6235782,0
264,24,0.260,0,1.0,0.7882694,0
264,25,0.197,0,-100.0,2.6314719,0
265,0,0.671,2,-0.05,2.046443,0
265,1,0.705,0,1.0,0.93705666,0
265,2,0.656,0,1.0,1.2341807,0
265,3,0.628,2,-0.05,-1.0478154,0
265,4,0.565,0,1.0,0.3723119,0
265,5,0.534,2,-0.05,0.6810722,0
265,6,0.423,0,1.0,2.6542542,0
265,7,0.324,0,1.0,3.441031,0
265,8,0.268,2,-0.05,-1.6209364,0
265,9,0.245,2,-0.05,-19.63753,0
265,10,0.213,2,-0.05,-46.992546,0
265,11,0.188,2,-100.0,-77.9582,0
266,0,0.672,0,1.0,2.0173156,0
266,1,0.675,0,1.0,1.1921214,0
266,2,0.672,0,1.0,1.0483757,0
266,3,0.680,0,1.0,2.4665117,0
266,4,0.697,0,1.0,0.7270612,0
266,5,0.689,0,1.0,0.8928293,0
266,6,0.710,2,-0.05,0.22184335,0
266,7,0.697,1,-0.05,0.6498869,0
266,8,0.697,1,-0.05,0.34402117,0
266,9,0.688,2,-0.05,-0.16503352,0
266,10,0.696,2,-0.05,-0.56632376,0
266,11,0.706,1,-0.05,0.25164407,0
266,12,0.695,1,-0.05,-1.1510203,0
266,13,0.663,0,1.0,0.3130924,0
266,14,0.607,0,1.0,2.2416592,0
266,15,0.534,0,1.0,1.4597387,0
266,16,0.464,0,1.0,-0.009230256,0
266,17,0.422,0,1.0,1.5567143,0
266,18,0.354,0,1.0,4.045576,0
266,19,0.289,0,1.0,1.193345,0
266,20,0.266,1,-0.05,0.5677769,0
266,21,0.256,1,-0.05,-21.93654,0
266,22,0.219,1,-0.05,-34.370354,0
266,23,0.217,1,-0.05,-12.700594,0
266,24,0.185,2,-100.0,-15.135167,0
267,0,0.671,0,1.0,1.9644647,0
267,1,0.669,0,1.0,-0.5178933,0
267,2,0.668,2,-0.05,-0.5674971,0
267,3,0.700,0,1.0,1.9211158,0
267,4,0.657,0,1.0,0.7338744,0
267,5,0.606,0,1.0,-1.2540318,0
267,6,0.583,0,1.0,1.4098428,0
267,7,0.561,2,-0.05,-0.13740015,0
267,8,0.558,2,-0.05,-1.1306605,0
267,9,0.526,1,-0.05,-0.4634694,0
267,10,0.526,2,-0.05,-1.3011248,0
267,11,0.513,1,-0.05,0.5618132,0
267,12,0.489,2,-0.05,0.17618906,0
267,13,0.484,2,-0.05,-0.5034976,0
267,14,0.344,0,1.0,1.8398644,0
267,15,0.300,2,-0.05,3.5401168,0
267,16,0.272,1,-0.05,-4.8853483,0
267,17,0.258,2,-0.05,-11.52388,0
267,18,0.224,2,-0.05,-22.867445,0
267,19,0.200,2,-0.05,-42.023056,0
267,20,0.156,1,-100.0,-57.226364,0
268,0,0.657,0,1.0,0.32008713,0
268,1,0.651,0,1.0,0.35371614,0
268,2,0.660,2,-0.05,0.8577838,0
268,3,0.680,0,1.0,2.9407988,0
268,4,0.695,0,1.0,2.0416813,0
268,5,0.700,2,-0.05,-0.11440903,0
268,6,0.698,2,-0.05,-1.4723098,0
268,7,0.669,2,-0.05,0.55867124,0
268,8,0.569,0,1.0,2.7735877,0
268,9,0.447,0,1.0,-0.25627398,0
268,10,0.370,2,-0.05,-0.24911952,0
268,11,0.349,1,-0.05,1.9725165,0
268,12,0.322,1,-0.05,0.44698954,0
268,13,0.307,2,-0.05,-3.7096615,0
268,14,0.284,2,-0.05,-2.723113,0
268,15,0.261,1,-0.05,-12.164103,0
268,16,0.250,2,-0.05,-12.140993,0
268,17,0.223,1,-0.05,-46.627647,0
268,18,0.193,2,-100.0,-61.347458,0
269,0,0.671,0,1.0,-0.24499881,0
269,1,0.675,0,1.0,3.2429304,0
269,2,0.685,0,1.0,0.18607932,0
269,3,0.686,0,1.0,2.1866014,0
269,4,0.697,0,1.0,1.4752676,0
269,5,0.700,2,-0.05,-0.40532005,0
269,6,0.697,0,1.0,1.2619989,0
269,7,0.668,2,-0.05,3.162829,0
269,8,0.655,2,-0.05,0.43417296,0
269,9,0.604,0,1.0,1.6466774,0
269,10,0.542,2,-0.05,2.2732165,0
269,11,0.435,0,1.0,2.7283866,0
269,12,0.295,0,1.0,0.17938685,0
269,13,0.221,2,-0.05,1.6690187,0
269,14,0.202,2,-0.05,-39.933357,0
269,15,0.169,2,-100.0,-49.12568,0
270,0,0.671,0,1.0,-0.11190766,0
270,1,0.680,2,-0.05,-0.92484117,0
270,2,0.731,2,-0.05,-0.13606036,0
270,3,0.703,1,-0.05,0.9944987,0
270,4,0.715,2,-0.05,-0.60609484,0
270,5,0.716,2,-0.05,1.748042,0
270,6,0.628,0,1.0,2.3395376,0
270,7,0.526,0,1.0,3.22849,0
270,8,0.383,0,1.0,0.19769597,0
270,9,0.352,1,-0.05,1.8031641,0
270,10,0.331,2,-0.05,1.6699224,0
270,11,0.308,2,-0.05,0.40205574,0
270,12,0.280,1,-0.05,-0.6552067,0
270,13,0.272,1,-0.05,-4.9951944,0
270,14,0.245,2,-0.05,-36.163483,0
270,15,0.231,2,-0.05,-42.582962,0
270,16,0.203,2,-0.05,-57.657227,0
270,17,0.188,2,-100.0,-58.228092,0
271,0,0.661,1,-0.05,0.61045384,0
271,1,0.661,1,-0.05,-1.0750172,0
271,2,0.590,0,1.0,-0.012228876,0
271,3,0.514,0,1.0,1.612994,0
271,4,0.490,2,-0.05,0.08044565,0
271,5,0.434,0,1.0,0.81729674,0
271,6,0.428,1,-0.05,0.09303337,0
271,7,0.428,1,-0.05,0.402573,0
271,8,0.399,1,-0.05,4.3613615,0
271,9,0.377,1,-0.05,5.062667,0
271,10,0.362,1,-0.05,3.6008487,0
271,11,0.318,1,-0.05,-3.34939,0
271,12,0.292,1,-0.05,-11.888657,0
271,13,0.263,1,-0.05,-22.531267,0
271,14,0.228,2,-0.05,-19.25324,0
271,15,0.120,0,-100.0,-42.73963,0
272,0,0.683,2,-0.05,-0.21300176,0
272,1,0.713,2,-0.05,-0.14264286,0
272,2,0.681,0,1.0,1.7088826,0
272,3,0.597,0,1.0,1.0831269,0
272,4,0.537,1,-0.05,0.20719725,0
272,5,0.531,2,-0.05,1.0305053,0
272,6,0.469,0,1.0,1.3618016,0
272,7,0.319,0,1.0,0.58579886,0
272,8,0.293,2,-0.05,2.56705,0
272,9,0.276,2,-0.05,-2.6442022,0
272,10,0.242,1,-0.05,-19.248426,0
272,11,0.227,2,-0.05,-41.589188,0
272,12,0.188,2,-100.0,-65.59678,0
273,0,0.671,0,1.0,0.4370548,0
273,1,0.675,0,1.0,0.6272704,0
273,2,0.685,0,1.0,0.042078257,0
273,3,0.686,0,1.0,2.500676,0
273,4,0.697,0,1.0,2.611005,0
273,5,0.686,0,1.0,1.7367969,0
273,6,0.707,0,1.0,1.3412111,0
273,7,0.690,2,-0.05,-0.8518944,0
273,8,0.675,0,1.0,4.717368,0
273,9,0.620,0,1.0,1.318735,0
273,10,0.587,0,1.0,1.1300337,0
273,11,0.540,0,1.0,1.9171469,0
273,12,0.532,2,-0.05,1.801797,0
273,13,0.522,2,-0.05,0.6662518,0
273,14,0.507,2,-0.05,-1.6223319,0
273,15,0.488,1,-0.05,-1.5022109,0
273,16,0.469,2,-0.05,0.41914952,0
273,17,0.454,2,-0.05,-2.3598976,0
273,18,0.435,2,-0.05,-0.07701349,0
273,19,0.388,1,-0.05,-0.22589016,0
273,20,0.366,1,-0.05,0.4515016,0
273,21,0.346,2,-0.05,1.6545877,0
273,22,0.310,2,-0.05,0.36636734,0
273,23,0.278,1,-0.05,0.42550755,0
273,24,0.249,2,-0.05,-2.6316996,0
273,25,0.232,2,-0.05,-5.387003,0
273,26,0.185,2,-100.0,-0.9240427,0
274,0,0.686,2,-0.05,-1.2093713,0
274,1,0.714,0,1.0,0.5029787,0
274,2,0.651,0,1.0,1.0591596,0
274,3,0.583,0,1.0,2.2824752,0
274,4,0.559,2,-0.05,-0.21640986,0
274,5,0.551,2,-0.05,-1.3396163,0
274,6,0.518,1,-0.05,4.414974,0
274,7,0.450,0,1.0,1.5172772,0
274,8,0.439,2,-0.05,-0.055865288,0
274,9,0.420,2,-0.05,0.9558526,0
274,10,0.320,0,1.0,3.5993629,0
274,11,0.268,2,-0.05,0.3273983,0
274,12,0.236,2,-0.05,-14.025038,0
274,13,0.215,2,-0.05,-31.376688,0
274,14,0.180,2,-100.0,-75.8236,0
275,0,0.671,0,1.0,1.073976,0
275,1,0.685,0,1.0,0.9881932,0
275,2,0.677,0,1.0,1.2060505,0
275,3,0.680,0,1.0,1.6589776,0
275,4,0.679,0,1.0,0.82542884,0
275,5,0.685,0,1.0,0.0039238334,0
275,6,0.697,0,1.0,0.7584476,0
275,7,0.698,1,-0.05,-1.7724125,0
275,8,0.679,0,1.0,-0.07436426,0
275,9,0.635,0,1.0,0.9798117,0
275,10,0.620,1,-0.05,-2.5547945,0
275,11,0.573,0,1.0,-0.70482814,0
275,12,0.484,0,1.0,-1.0824313,0
275,13,0.417,0,1.0,-0.26882315,0
275,14,0.340,0,1.0,-0.20386386,0
275,15,0.300,1,-0.05,-0.30349016,0
275,16,0.291,1,-0.05,-6.3061066,0
275,17,0.282,1,-0.05,-6.321274,0
275,18,0.135,0,-100.0,-2.0625916,0
276,0,0.688,2,-0.05,-1.402836,0
276,1,0.676,1,-0.05,-0.8925271,0
276,2,0.649,0,1.0,0.23723352,0
276,3,0.655,2,-0.05,-0.34739593,0
276,4,0.678,0,1.0,1.6273689,0
276,5,0.693,1,-0.05,-1.049862,0
276,6,0.681,1,-0.05,-1.5040439,0
276,7,0.686,1,-0.05,-1.1579366,0
276,8,0.607,0,1.0,0.24581322,0
276,9,0.528,0,1.0,0.8953773,0
276,10,0.457,0,1.0,1.1034536,0
276,11,0.415,1,-0.05,2.1576657,0
276,12,0.353,0,1.0,3.9763,0
276,13,0.283,1,-0.05,6.5141306,0
276,14,0.267,1,-0.05,-7.6028137,0
276,15,0.245,1,-0.05,-35.25438,0
276,16,0.221,1,-0.05,-39.092136,0
276,17,0.173,1,-100.0,-31.348242,0
277,0,0.689,2,-0.05,-1.352307,0
277,1,0.706,0,1.0,2.658822,0
277,2,0.668,0,1.0,1.3074268,0
277,3,0.621,0,1.0,0.09388441,0
277,4,0.583,0,1.0,0.5398322,0
277,5,0.532,0,1.0,0.34055784,0
277,6,0.480,0,1.0,-0.87536,0
277,7,0.477,2,-0.05,-0.45159423,0
277,8,0.467,2,-0.05,0.80539775,0
277,9,0.418,0,1.0,2.8984764,0
277,10,0.264,0,1.0,-0.5232674,0
277,11,0.220,2,-0.05,-19.559801,0
277,12,0.200,2,-0.05,-38.74357,0
277,13,0.170,2,-100.0,-61.151062,0
278,0,0.671,0,1.0,0.9574702,0
278,1,0.685,0,1.0,0.4618541,0
278,2,0.677,0,1.0,-0.067610204,0
278,3,0.679,0,1.0,1.8051682,0
278,4,0.679,0,1.0,1.7034333,0
278,5,0.699,0,1.0,1.3743484,0
278,6,0.693,0,1.0,0.263604,0
278,7,0.699,2,-0.05,-0.7688447,0
278,8,0.700,1,-0.05,2.0560904,0
278,9,0.689,0,1.0,1.0095906,0
278,10,0.671,0,1.0,0.6328066,0
278,11,0.639,0,1.0,0.12709531,0
278,12,0.617,0,1.0,0.44838792,0
278,13,0.597,2,-0.05,-0.94773674,0
278,14,0.609,2,-0.05,-1.6459384,0
278,15,0.668,0,1.0,2.5161133,0
278,16,0.706,0,1.0,2.5145493,0
278,17,0.663,0,1.0,0.67542624,0
278,18,0.615,0,1.0,2.651818,0
278,19,0.569,0,1.0,-1.486115,0
278,20,0.572,2,-0.05,0.9256413,0
278,21,0.542,0,1.0,4.5235744,0
278,22,0.850,0,1.0,2.5449352,0
278,23,0.900,2,-0.05,-0.5067961,0
278,24,0.704,2,-0.05,-1.005515,0
278,25,0.865,1,-0.05,4.9133487,0
278,26,0.808,0,1.0,0.3552946,0
278,27,0.716,2,-0.05,-1.3604558,0
278,28,0.676,1,-0.05,1.5256474,0
278,29,0.652,1,-0.05,-0.5927322,0
278,30,0.628,1,-0.05,-1.8839011,0
278,31,0.583,1,-0.05,-2.4889512,0
278,32,0.568,1,-0.05,-4.301848,0
278,33,0.525,2,-0.05,-3.368848,0
278,34,0.490,2,-0.05,-4.253828,0
278,35,0.460,1,-0.05,-1.9997363,0
278,36,0.430,1,-0.05,-2.6318107,0
278,37,0.398,1,-0.05,-4.3341823,0
278,38,0.379,1,-0.05,-3.863598,0
278,39,0.345,2,-0.05,-4.5082927,0
278,40,0.311,1,-0.05,-4.0310736,0
278,41,0.294,1,-0.05,-2.768331,0
278,42,0.264,1,-0.05,-3.834816,0
278,43,0.245,2,-0.05,-7.2687855,0
278,44,0.139,0,-100.0,-5.313779,0
279,0,0.667,0,1.0,0.7956604,0
279,1,0.669,0,1.0,-0.36893487,0
279,2,0.666,0,1.0,2.4279814,0
279,3,0.678,2,-0.05,-0.22217166,0
279,4,0.703,0,1.0,1.0414655,0
279,5,0.701,2,-0.05,-0.73318636,0
279,6,0.698,2,-0.05,1.3125231,0
279,7,0.668,2,-0.05,0.88403416,0
279,8,0.575,0,1.0,2.8893197,0
279,9,0.443,0,1.0,2.036236,0
279,10,0.355,2,-0.05,-1.7657216,0
279,11,0.342,2,-0.05,2.2167273,0
279,12,0.302,2,-0.05,6.94973,0
279,13,0.269,2,-0.05,-5.2598343,0
279,14,0.242,1,-0.05,-35.585365,0
279,15,0.210,2,-0.05,-41.804665,0
279,16,0.172,1,-100.0,-57.123756,0
280,0,0.659,0,1.0,0.31821465,0
280,1,0.655,0,1.0,0.61305606,0
280,2,0.636,0,1.0,1.0560741,0
280,3,0.643,2,-0.05,-0.49455315,0
280,4,0.673,0,1.0,0.26219678,0
280,5,0.713,0,1.0,2.048968,0
280,6,0.679,0,1.0,2.2129412,0
280,7,0.614,0,1.0,-0.2846396,0
280,8,0.619,1,-0.05,2.0920272,0
280,9,0.635,0,1.0,0.6665994,0
280,10,0.642,0,1.0,-0.15090555,0
280,11,0.649,0,1.0,2.222849,0
280,12,0.664,0,1.0,1.8777964,0
280,13,0.657,0,1.0,0.7451797,0
280,14,0.651,0,1.0,1.7804517,0
280,15,0.671,0,1.0,-0.94518363,0
280,16,0.675,0,1.0,-0.58776116,0
280,17,0.682,2,-0.05,-0.3301382,0
280,18,0.675,2,-0.05,0.23255974,0
280,19,0.677,2,-0.05,-1.0226282,0
280,20,0.656,2,-0.05,3.6643872,0
280,21,0.578,0,1.0,-1.6016526,0
280,22,0.492,0,1.0,-0.04560256,0
280,23,0.545,0,1.0,3.6373627,0
280,24,0.684,1,-0.05,7.074768,0
280,25,0.959,1,-0.05,2.78636,0
280,26,0.861,2,-0.05,-2.4077573,0
280,27,0.824,0,1.0,2.7482765,0
280,28,0.694,0,1.0,2.5598826,0
280,29,0.515,0,1.0,1.8772588,0
280,30,0.456,2,-0.05,-1.3510723,0
280,31,0.451,1,-0.05,0.9741184,0
280,32,0.414,1,-0.05,0.544178,0
280,33,0.385,1,-0.05,3.2556531,0
280,34,0.353,2,-0.05,-4.7027435,0
280,35,0.328,1,-0.05,-8.3495655,0
280,36,0.299,1,-0.05,-8.061319,0
280,37,0.255,1,-0.05,-9.655365,0
280,38,0.245,1,-0.05,-4.416747,0
280,39,0.199,1,-100.0,-0.93216133,0
281,0,0.687,2,-0.05,-0.4421655,0
281,1,0.709,0,1.0,1.7175533,0
281,2,0.673,0,1.0,0.5510231,0
281,3,0.628,0,1.0,1.50119,0
281,4,0.605,2,-0.05,-0.16342139,0
281,5,0.598,2,-0.05,0.18996596,0
281,6,0.526,0,1.0,1.2326281,0
281,7,0.419,0,1.0,6.058538,0
281,8,0.296,0,1.0,6.914608,0
281,9,0.255,2,-0.05,-4.808543,0
281,10,0.230,2,-0.05,-16.715485,0
281,11,0.209,2,-0.05,-40.068657,0
281,12,0.184,2,-100.0,-71.90489,0
282,0,0.668,0,1.0,0.28684694,0
282,1,0.672,2,-0.05,-0.18352085,0
282,2,0.707,0,1.0,2.7610435,0
282,3,0.661,0,1.0,1.1763352,0
282,4,0.643,2,-0.05,1.0149988,0
282,5,0.643,2,-0.05,1.7743496,0
282,6,0.572,0,1.0,3.8817894,0
282,7,0.470,0,1.0,2.0910687,0
282,8,0.402,2,-0.05,5.46435,0
282,9,0.278,0,1.0,1.9481663,0
282,10,0.120,0,-100.0,-14.037905,0
283,0,0.656,0,1.0,1.2439342,0
283,1,0.664,0,1.0,-0.64015985,0
283,2,0.666,2,-0.05,-0.83013225,0
283,3,0.701,2,-0.05,-0.16367674,0
283,4,0.741,2,-0.05,0.9057275,0
283,5,0.723,2,-0.05,0.665004,0
283,6,0.705,1,-0.05,4.396298,0
283,7,0.641,0,1.0,0.6926704,0
283,8,0.594,2,-0.05,0.029309869,0
283,9,0.589,1,-0.05,-2.2208016,0
283,10,0.565,2,-0.05,-0.8579426,0
283,11,0.467,0,1.0,0.3350075,0
283,12,0.349,0,1.0,1.3490703,0
283,13,0.284,1,-0.05,-0.064469576,0
283,14,0.272,2,-0.05,-4.6127443,0
283,15,0.253,2,-0.05,-11.7272625,0
283,16,0.234,2,-0.05,-35.46209,0
283,17,0.189,2,-100.0,-57.502914,0
284,0,0.671,0,1.0,0.8470365,0
284,1,0.678,0,1.0,0.28962255,0
284,2,0.673,0,1.0,1.7361561,0
284,3,0.687,0,1.0,2.2405474,0
284,4,0.681,0,1.0,1.4256864,0
284,5,0.704,2,-0.05,2.1301665,0
284,6,0.695,0,1.0,1.3285214,0
284,7,0.668,2,-0.05,-1.0679973,0
284,8,0.660,2,-0.05,0.021288216,0
284,9,0.598,0,1.0,2.495166,0
284,10,0.450,0,1.0,2.3492246,0
284,11,0.419,2,-0.05,2.5542765,0
284,12,0.269,0,1.0,0.8206391,0
284,13,0.146,0,-100.0,-6.733738,0
285,0,0.662,0,1.0,1.6001136,0
285,1,0.664,0,1.0,-0.99936986,0
285,2,0.657,1,-0.05,-1.0581843,0
285,3,0.672,1,-0.05,-0.070375234,0
285,4,0.601,0,1.0,0.40897354,0
285,5,0.571,1,-0.05,0.030254245,0
285,6,0.480,0,1.0,1.0790555,0
285,7,0.382,0,1.0,4.317706,0
285,8,0.314,1,-0.05,2.93452,0
285,9,0.298,1,-0.05,-4.808549,0
285,10,0.195,0,-100.0,-28.149385,0
286,0,0.659,0,1.0,1.1050525,0
286,1,0.673,2,-0.05,-1.1056865,0
286,2,0.709,0,1.0,1.7615651,0
286,3,0.680,0,1.0,0.5076017,0
286,4,0.665,1,-0.05,-1.293989,0
286,5,0.657,0,1.0,0.45791662,0
286,6,0.660,1,-0.05,-0.29072404,0
286,7,0.700,0,1.0,-0.46355748,0
286,8,0.681,0,1.0,-0.6323868,0
286,9,0.638,0,1.0,2.43848,0
286,10,0.593,0,1.0,1.9162285,0
286,11,0.571,1,-0.05,-0.7778982,0
286,12,0.528,0,1.0,0.061906576,0
286,13,0.435,0,1.0,1.9215584,0
286,14,0.419,1,-0.05,2.6429093,0
286,15,0.389,1,-0.05,0.9012573,0
286,16,0.378,1,-0.05,4.2811766,0
286,17,0.365,1,-0.05,1.2330999,0
286,18,0.324,1,-0.05,-2.9720097,0
286,19,0.298,1,-0.05,-6.8350115,0
286,20,0.264,1,-0.05,-23.113512,0
286,21,0.221,1,-0.05,-38.482346,0
286,22,0.197,2,-100.0,-86.04704,0
287,0,0.671,0,1.0,1.1436636,0
287,1,0.669,0,1.0,-0.5327097,0
287,2,0.686,0,1.0,-0.27139384,0
287,3,0.684,0,1.0,1.1254163,0
287,4,0.679,0,1.0,2.0054522,0
287,5,0.703,0,1.0,0.39788204,0
287,6,0.687,0,1.0,0.39876607,0
287,7,0.702,0,1.0,-0.6849042,0
287,8,0.698,2,-0.05,-0.76100814,0
287,9,0.677,0,1.0,2.174585,0
287,10,0.641,2,-0.05,1.6463343,0
287,11,0.645,1,-0.05,0.7123463,0
287,12,0.631,0,1.0,-1.3814535,0
287,13,0.603,2,-0.05,2.6318,0
287,14,0.576,0,1.0,-0.11833441,0
287,15,0.527,0,1.0,0.57858634,0
287,16,0.465,0,1.0,-0.8526808,0
287,17,0.397,0,1.0,0.6242045,0
287,18,0.345,0,1.0,3.719307,0
287,19,0.303,0,1.0,-0.5816151,0
287,20,0.291,2,-0.05,3.2949688,0
287,21,0.488,0,1.0,5.381919,0
287,22,0.840,0,1.0,1.8369877,0
287,23,0.875,2,-0.05,-0.613356,0
287,24,0.825,0,1.0,0.7503842,0
287,25,0.767,1,-0.05,0.95245755,0
287,26,0.711,2,-0.05,-0.34112096,0
287,27,0.619,0,1.0,2.3360686,0
287,28,0.503,0,1.0,2.8326726,0
287,29,0.428,1,-0.05,3.1045,0
287,30,0.307,0,1.0,3.8200147,0
287,31,0.255,1,-0.05,-14.675417,0
287,32,0.224,1,-0.05,-62.07717,0
287,33,0.181,2,-100.0,-39.060978,0
288,0,0.671,0,1.0,-0.5221051,0
288,1,0.678,0,1.0,0.622544,0
288,2,0.673,0,1.0,0.79699975,0
288,3,0.687,0,1.0,1.9390279,0
288,4,0.698,2,-0.05,2.8210237,0
288,5,0.724,2,-0.05,-0.11836082,0
288,6,0.714,2,-0.05,0.68981004,0
288,7,0.652,0,1.0,1.7366561,0
288,8,0.513,0,1.0,5.2050714,0
288,9,0.403,0,1.0,3.0081415,0
288,10,0.344,1,-0.05,0.058229208,0
288,11,0.323,2,-0.05,0.88369083,0
288,12,0.315,2,-0.05,-0.6560688,0
288,13,0.277,2,-0.05,-2.806159,0
288,14,0.255,2,-0.05,-12.304966,0
288,15,0.227,2,-0.05,-26.735228,0
288,16,0.195,1,-100.0,-33.92242,0
289,0,0.659,0,1.0,2.6695232,0
289,1,0.638,0,1.0,0.93227124,0
289,2,0.635,0,1.0,0.31301218,0
289,3,0.636,0,1.0,-0.90561414,0
289,4,0.637,2,-0.05,-0.094626606,0
289,5,0.654,0,1.0,0.0067293644,0
289,6,0.699,0,1.0,2.102057,0
289,7,0.713,2,-0.05,-0.25168473,0
289,8,0.654,0,1.0,0.93842226,0
289,9,0.636,2,-0.05,-0.36973786,0
289,10,0.560,0,1.0,0.7977923,0
289,11,0.501,2,-0.05,0.35773998,0
289,12,0.409,0,1.0,0.9146962,0
289,13,0.275,0,1.0,-1.1317332,0
289,14,0.229,2,-0.05,-3.083108,0
289,15,0.197,2,-100.0,-39.51174,0
290,0,0.672,0,1.0,1.6036718,0
290,1,0.675,0,1.0,2.2370934,0
290,2,0.684,0,1.0,-1.1800808,0
290,3,0.693,2,-0.05,0.56927204,0
290,4,0.675,1,-0.05,0.8876064,0
290,5,0.667,0,1.0,0.4612764,0
290,6,0.666,1,-0.05,0.81448126,0
290,7,0.606,0,1.0,0.77884114,0
290,8,0.551,0,1.0,4.108938,0
290,9,0.487,0,1.0,1.0120969,0
290,10,0.436,0,1.0,0.112546325,0
290,11,0.352,0,1.0,-0.19888663,0
290,12,0.337,1,-0.05,-1.1071062,0
290,13,0.278,0,1.0,-2.562581,0
290,14,0.224,2,-0.05,-12.524363,0
290,15,0.219,1,-0.05,-28.488102,0
290,16,0.142,0,-100.0,-47.413475,0
291,0,0.671,2,-0.05,1.7141975,0
291,1,0.722,0,1.0,0.2864716,0
291,2,0.695,2,-0.05,-0.63300323,0
291,3,0.681,2,-0.05,0.9506999,0
291,4,0.659,1,-0.05,3.7370121,0
291,5,0.612,0,1.0,1.6680707,0
291,6,0.560,0,1.0,1.5153378,0
291,7,0.501,0,1.0,1.6252425,0
291,8,0.439,0,1.0,0.5020188,0
291,9,0.382,0,1.0,3.2435472,0
291,10,0.366,2,-0.05,1.5855489,0
291,11,0.354,1,-0.05,3.2329059,0
291,12,0.329,1,-0.05,0.61595035,0
291,13,0.349,1,-0.05,-2.4071503,0
291,14,0.370,0,1.0,1.3332045,0
291,15,0.425,0,1.0,0.89854693,0
291,16,0.476,0,1.0,1.9141715,0
291,17,0.540,0,1.0,1.423116,0
291,18,0.542,2,-0.05,-0.36824214,0
291,19,0.552,0,1.0,1.0007346,0
291,20,0.569,0,1.0,3.4177423,0
291,21,0.582,0,1.0,-0.74700356,0
291,22,0.590,2,-0.05,-3.0602794,0
291,23,0.572,0,1.0,-1.5480494,0
291,24,0.561,2,-0.05,-2.1759431,0
291,25,0.541,2,-0.05,-1.4044156,0
291,26,0.484,0,1.0,2.8830767,0
291,27,0.445,0,1.0,-0.4438796,0
291,28,0.737,0,1.0,3.9335003,0
291,29,0.979,1,-0.05,-0.05133021,0
291,30,0.931,2,-0.05,-2.2907913,0
291,31,0.831,0,1.0,0.008987069,0
291,32,0.638,0,1.0,-0.82568073,0
291,33,0.593,2,-0.05,-1.4282622,0
291,34,0.573,1,-0.05,-0.5937009,0
291,35,0.548,1,-0.05,-1.8139176,0
291,36,0.505,2,-0.05,2.9908109,0
291,37,0.373,0,1.0,1.6236477,0
291,38,0.321,1,-0.05,3.6059952,0
291,39,0.301,1,-0.05,-7.3365765,0
291,40,0.274,1,-0.05,-12.255768,0
291,41,0.232,1,-0.05,-22.073435,0
291,42,0.232,1,-0.05,-11.3464365,0
291,43,0.200,2,-0.05,-11.5303335,0
291,44,0.177,2,-100.0,-24.82117,0
292,0,0.671,0,1.0,1.0633932,0
292,1,0.669,0,1.0,-0.52022886,0
292,2,0.673,0,1.0,-0.82995486,0
292,3,0.686,0,1.0,0.3915664,0
292,4,0.681,0,1.0,2.8783689,0
292,5,0.683,0,1.0,1.1226662,0
292,6,0.706,0,1.0,-0.75497913,0
292,7,0.694,0,1.0,-1.6318994,0
292,8,0.690,2,-0.05,-1.1341693,0
292,9,0.688,0,1.0,3.230949,0
292,10,0.614,0,1.0,2.63196,0
292,11,0.569,0,1.0,-0.46246707,0
292,12,0.553,1,-0.05,4.268343,0
292,13,0.555,1,-0.05,-0.2469061,0
292,14,0.583,0,1.0,4.6877975,0
292,15,0.619,0,1.0,0.37785518,0
292,16,0.648,0,1.0,-0.4833994,0
292,17,0.652,2,-0.05,-1.3475645,0
292,18,0.643,2,-0.05,0.34118205,0
292,19,0.621,0,1.0,0.03121388,0
292,20,0.584,0,1.0,0.6005151,0
292,21,0.571,2,-0.05,0.91551113,0
292,22,0.570,2,-0.05,-1.0398235,0
292,23,0.537,0,1.0,2.079773,0
292,24,0.685,0,1.0,4.4209237,0
292,25,0.868,0,1.0,4.238282,0
292,26,0.677,0,1.0,0.619678,0
292,27,0.533,0,1.0,0.40348405,0
292,28,0.462,1,-0.05,-0.425251,0
292,29,0.436,1,-0.05,4.146516,0
292,30,0.411,1,-0.05,0.46918583,0
292,31,0.295,0,1.0,-2.166442,0
292,32,0.179,1,-100.0,-5.759388,0
293,0,0.666,0,1.0,0.69280595,0
293,1,0.656,0,1.0,1.8450067,0
293,2,0.647,0,1.0,-0.7030754,0
293,3,0.639,0,1.0,0.839885,0
293,4,0.644,2,-0.05,-0.75883126,0
293,5,0.675,0,1.0,1.6863248,0
293,6,0.699,0,1.0,0.53208363,0
293,7,0.675,0,1.0,2.1821911,0
293,8,0.666,1,-0.05,1.4859165,0
293,9,0.676,0,1.0,-0.22478968,0
293,10,0.679,0,1.0,1.1647961,0
293,11,0.679,2,-0.05,0.37732258,0
293,12,0.684,2,-0.05,-0.36945963,0
293,13,0.624,0,1.0,3.687387,0
293,14,0.562,0,1.0,-1.3598124,0
293,15,0.533,2,-0.05,0.10270667,0
293,16,0.452,0,1.0,1.7337036,0
293,17,0.399,1,-0.05,-1.8341184,0
293,18,0.334,0,1.0,1.4135413,0
293,19,0.277,0,1.0,2.6596024,0
293,20,0.215,0,1.0,-1.7228069,0
293,21,0.156,0,-100.0,1.9469583,0
294,0,0.674,2,-0.05,-1.4267309,0
294,1,0.708,0,1.0,-0.23650944,0
294,2,0.692,2,-0.05,-0.8174012,0
294,3,0.625,0,1.0,1.4933366,0
294,4,0.593,2,-0.05,0.3283267,0
294,5,0.490,0,1.0,1.2042662,0
294,6,0.391,0,1.0,0.72807705,0
294,7,0.338,1,-0.05,2.8009062,0
294,8,0.315,1,-0.05,-0.45947456,0
294,9,0.312,2,-0.05,3.0481772,0
294,10,0.291,2,-0.05,-1.2795124,0
294,11,0.278,2,-0.05,-5.1366224,0
294,12,0.245,2,-0.05,-13.732101,0
294,13,0.224,2,-0.05,-36.017715,0
294,14,0.188,2,-100.0,-84.21579,0
295,0,0.665,1,-0.05,1.4443266,0
295,1,0.662,2,-0.05,-1.0114045,0
295,2,0.650,1,-0.05,-1.3915402,0
295,3,0.654,2,-0.05,0.39816082,0
295,4,0.682,0,1.0,2.3375173,0
295,5,0.690,0,1.0,0.32281047,0
295,6,0.700,0,1.0,1.5362985,0
295,7,0.675,0,1.0,1.6632743,0
295,8,0.658,0,1.0,1.3310802,0
295,9,0.645,2,-0.05,-0.53097284,0
295,10,0.626,2,-0.05,-0.44377136,0
295,11,0.568,0,1.0,2.2471766,0
295,12,0.537,2,-0.05,0.3072561,0
295,13,0.526,2,-0.05,-0.24608934,0
295,14,0.391,0,1.0,-2.3127246,0
295,15,0.245,0,1.0,1.4418914,0
295,16,0.198,2,-100.0,-41.922707,0
296,0,0.671,0,1.0,3.0114768,0
296,1,0.685,0,1.0,0.8875122,0
296,2,0.677,0,1.0,1.4885409,0
296,3,0.679,0,1.0,1.4424167,0
296,4,0.679,0,1.0,3.0448158,0
296,5,0.682,0,1.0,0.7140516,0
296,6,0.701,0,1.0,-0.022688627,0
296,7,0.696,2,-0.05,-0.25423336,0
296,8,0.678,0,1.0,1.6927924,0
296,9,0.660,0,1.0,2.688594,0
296,10,0.602,0,1.0,1.3378069,0
296,11,0.552,0,1.0,0.4282289,0
296,12,0.513,0,1.0,0.96107334,0
296,13,0.470,0,1.0,0.52229553,0
296,14,0.420,0,1.0,1.613597,0
296,15,0.404,2,-0.05,0.6069877,0
296,16,0.350,0,1.0,2.6654396,0
296,17,0.269,0,1.0,2.0557115,0
296,18,0.310,0,1.0,-1.3728383,0
296,19,0.843,0,1.0,4.748844,0
296,20,1.029,1,-0.05,-0.47630763,0
296,21,0.998,1,-0.05,-0.023386717,0
296,22,0.969,2,-0.05,2.6261854,0
296,23,0.920,2,-0.05,-1.4090766,0
296,24,0.893,2,-0.05,-2.9301362,0
296,25,0.810,0,1.0,0.10803628,0
296,26,0.730,1,-0.05,4.7576222,0
296,27,0.613,0,1.0,0.35830754,0
296,28,0.539,1,-0.05,-0.8726871,0
296,29,0.499,1,-0.05,1.0038285,0
296,30,0.479,1,-0.05,-2.1376238,0
296,31,0.443,1,-0.05,-3.0551262,0
296,32,0.415,1,-0.05,-2.7881002,0
296,33,0.381,2,-0.05,-2.6787982,0
296,34,0.350,1,-0.05,-3.8696995,0
296,35,0.306,1,-0.05,-3.2819881,0
296,36,0.190,0,-100.0,-2.6436396,0
297,0,0.687,2,-0.05,0.46169704,0
297,1,0.706,0,1.0,0.29770195,0
297,2,0.663,0,1.0,1.9180768,0
297,3,0.629,2,-0.05,0.279616,0
297,4,0.571,0,1.0,0.6128317,0
297,5,0.546,2,-0.05,-0.7381873,0
297,6,0.523,1,-0.05,0.12754965,0
297,7,0.509,2,-0.05,-0.09308788,0
297,8,0.494,2,-0.05,0.23411036,0
297,9,0.379,0,1.0,2.0999532,0
297,10,0.305,1,-0.05,-0.37796092,0
297,11,0.285,2,-0.05,-0.15509224,0
297,12,0.265,2,-0.05,-8.600069,0
297,13,0.232,2,-0.05,-10.817026,0
297,14,0.199,2,-100.0,-37.194183,0
298,0,0.671,0,1.0,1.4324868,0
298,1,0.669,0,1.0,2.1854494,0
298,2,0.671,0,1.0,2.4287596,0
298,3,0.686,0,1.0,1.1027541,0
298,4,0.681,0,1.0,1.3006105,0
298,5,0.686,0,1.0,-0.5997472,0
298,6,0.707,0,1.0,-0.49282348,0
298,7,0.694,2,-0.05,-0.639815,0
298,8,0.687,0,1.0,1.3296314,0
298,9,0.640,0,1.0,0.055217147,0
298,10,0.614,2,-0.05,3.8373916,0
298,11,0.561,0,1.0,0.681201,0
298,12,0.479,0,1.0,0.170708,0
298,13,0.402,0,1.0,-0.8420321,0
298,14,0.365,1,-0.05,-1.3656235,0
298,15,0.343,1,-0.05,-1.5908606,0
298,16,0.326,0,1.0,-1.9912579,0
298,17,0.336,0,1.0,0.33117032,0
298,18,0.332,0,1.0,1.3369267,0
298,19,0.321,0,1.0,3.0540636,0
298,20,1.110,0,1.0,3.3906913,0
298,21,1.047,0,1.0,3.0870452,0
298,22,0.959,2,-0.05,0.7704357,0
298,23,0.771,0,1.0,3.7394135,0
298,24,0.711,1,-0.05,-1.1365864,0
298,25,0.686,1,-0.05,-1.8100758,0
298,26,0.651,1,-0.05,-3.1892047,0
298,27,0.612,1,-0.05,-3.2739584,0
298,28,0.591,1,-0.05,-3.9667985,0
298,29,0.555,2,-0.05,-4.4489985,0
298,30,0.534,2,-0.05,-3.5115051,0
298,31,0.499,1,-0.05,-3.4517012,0
298,32,0.459,1,-0.05,-4.291198,0
298,33,0.429,2,-0.05,-4.024704,0
298,34,0.409,1,-0.05,-3.5211344,0
298,35,0.384,1,-0.05,-3.7013893,0
298,36,0.371,2,-0.05,-2.6428208,0
298,37,0.333,1,-0.05,-4.718976,0
298,38,0.311,1,-0.05,-5.2501135,0
298,39,0.290,1,-0.05,-4.078162,0
298,40,0.277,1,-0.05,-3.5669928,0
298,41,0.281,1,-0.05,-4.452936,0
298,42,0.285,1,-0.05,1.8172226,0
298,43,0.322,1,-0.05,2.4921727,0
298,44,0.341,2,-0.05,1.0109552,0
298,45,0.358,1,-0.05,0.5239959,0
298,46,0.477,0,1.0,0.13085413,0
298,47,0.478,0,1.0,-0.8624244,0
298,48,0.314,0,1.0,-0.1594727,0
298,49,0.225,2,-0.05,-3.447363,0
298,50,0.187,2,-100.0,-60.409782,0
299,0,0.672,0,1.0,0.99558276,0
299,1,0.675,2,-0.05,-0.4617322,0
299,2,0.705,2,-0.05,0.024243802,0
299,3,0.722,2,-0.05,1.189401,0
299,4,0.651,0,1.0,2.9207377,0
299,5,0.515,0,1.0,3.5936646,0
299,6,0.409,0,1.0,4.2108946,0
299,7,0.312,0,1.0,3.1977477,0
299,8,0.241,2,-0.05,-2.9320898,0
299,9,0.225,2,-0.05,-20.371235,0
299,10,0.202,2,-0.05,-48.067997,0
299,11,0.178,2,-100.0,-71.34491,0
300,0,0.671,0,1.0,1.4121852,0
300,1,0.685,0,1.0,1.3933396,0
300,2,0.689,2,-0.05,1.721528,0
300,3,0.710,0,1.0,-0.05867821,0
300,4,0.678,1,-0.05,2.353264,0
300,5,0.675,0,1.0,-0.82048845,0
300,6,0.686,0,1.0,1.0911276,0
300,7,0.678,2,-0.05,0.52563363,0
300,8,0.637,0,1.0,0.07314247,0
300,9,0.607,0,1.0,2.3817387,0
300,10,0.563,0,1.0,2.511361,0
300,11,0.515,0,1.0,1.7268982,0
300,12,0.496,1,-0.05,-1.1084707,0
300,13,0.491,0,1.0,3.2815988,0
300,14,0.480,2,-0.05,1.8018801,0
300,15,0.480,2,-0.05,1.0931815,0
300,16,0.405,0,1.0,-0.68016326,0
300,17,0.344,0,1.0,-0.3534994,0
300,18,0.310,1,-0.05,-1.0896606,0
300,19,0.281,1,-0.05,-1.9322596,0
300,20,0.283,0,1.0,-1.0482486,0
300,21,0.276,0,1.0,-0.20613831,0
300,22,0.254,0,1.0,-1.5406249,0
300,23,0.369,2,-0.05,-1.2001557,0
300,24,0.289,2,-0.05,3.851798,0
300,25,0.288,2,-0.05,-1.4689391,0
300,26,0.447,0,1.0,3.671324,0
300,27,0.711,0,1.0,3.9224076,0
300,28,0.942,1,-0.05,-0.6363096,0
300,29,0.812,2,-0.05,-1.0964158,0
300,30,0.773,0,1.0,3.6597795,0
300,31,0.664,0,1.0,0.74758315,0
300,32,0.524,0,1.0,1.3336014,0
300,33,0.402,0,1.0,-0.35288143,0
300,34,0.222,0,1.0,2.6980906,0
300,35,0.169,1,-100.0,-37.70572,0
301,0,0.666,0,1.0,0.8035558,0
301,1,0.661,0,1.0,0.5811237,0
301,2,0.647,0,1.0,1.2853143,0
301,3,0.656,2,-0.05,-0.10583401,0
301,4,0.665,2,-0.05,0.23160376,0
301,5,0.700,0,1.0,1.3407592,0
301,6,0.649,0,1.0,1.7454886,0
301,7,0.574,0,1.0,2.8733354,0
301,8,0.488,0,1.0,3.122342,0
301,9,0.471,2,-0.05,-0.71996427,0
301,10,0.461,2,-0.05,0.84801924,0
301,11,0.388,0,1.0,5.2608023,0
301,12,0.296,2,-0.05,0.10895169,0
301,13,0.274,2,-0.05,-3.605936,0
301,14,0.246,2,-0.05,-15.96365,0
301,15,0.213,1,-0.05,-19.48376,0
301,16,0.182,2,-100.0,-46.48632,0
302,0,0.671,0,1.0,1.093857,0
302,1,0.669,0,1.0,-0.266899,0
302,2,0.685,0,1.0,0.6289526,0
302,3,0.686,0,1.0,2.9460788,0
302,4,0.683,1,-0.05,1.4629272,0
302,5,0.685,2,-0.05,0.6820734,0
302,6,0.715,0,1.0,1.3065951,0
302,7,0.688,2,-0.05,1.5008578,0
302,8,0.651,0,1.0,0.25051802,0
302,9,0.620,1,-0.05,0.45830536,0
302,10,0.622,2,-0.05,0.8424715,0
302,11,0.615,2,-0.05,1.6965008,0
302,12,0.585,2,-0.05,-0.016021132,0
302,13,0.577,2,-0.05,-2.1589534,0
302,14,0.456,0,1.0,4.687578,0
302,15,0.404,1,-0.05,2.4138706,0
302,16,0.357,1,-0.05,5.536697,0
302,17,0.319,2,-0.05,1.2922621,0
302,18,0.284,2,-0.05,-0.3797722,0
302,19,0.263,2,-0.05,-3.8018131,0
302,20,0.222,1,-0.05,-27.037912,0
302,21,0.199,2,-100.0,-18.099068,0
303,0,0.671,0,1.0,1.9113386,0
303,1,0.675,0,1.0,1.7613698,0
303,2,0.685,0,1.0,0.7520106,0
303,3,0.679,0,1.0,0.027866602,0
303,4,0.697,0,1.0,-0.18100286,0
303,5,0.686,0,1.0,1.730935,0
303,6,0.711,1,-0.05,1.9805527,0
303,7,0.678,0,1.0,0.8894542,0
303,8,0.642,0,1.0,2.4684312,0
303,9,0.624,2,-0.05,-0.32944453,0
303,10,0.620,2,-0.05,-1.07424,0
303,11,0.662,2,-0.05,-1.7476382,0
303,12,0.719,0,1.0,3.692864,0
303,13,0.647,0,1.0,2.2003543,0
303,14,0.587,0,1.0,-0.35259116,0
303,15,0.484,0,1.0,-0.91806626,0
303,16,0.422,0,1.0,0.025902152,0
303,17,0.382,1,-0.05,-1.3357294,0
303,18,0.347,0,1.0,0.5147662,0
303,19,0.309,0,1.0,0.55399793,0
303,20,0.274,0,1.0,0.58893955,0
303,21,1.100,0,1.0,1.277442,0
303,22,1.034,0,1.0,3.348576,0
303,23,0.842,0,1.0,2.1703002,0
303,24,0.746,1,-0.05,-1.6759517,0
303,25,0.729,1,-0.05,-0.61530876,0
303,26,0.695,1,-0.05,-3.237494,0
303,27,0.656,1,-0.05,-4.659322,0
303,28,0.627,2,-0.05,-4.8664904,0
303,29,0.596,1,-0.05,-4.804345,0
303,30,0.566,2,-0.05,-5.1308584,0
303,31,0.520,1,-0.05,-4.585819,0
303,32,0.501,1,-0.05,-5.078592,0
303,33,0.391,0,1.0,-4.4307485,0
303,34,0.351,1,-0.05,-4.504279,0
303,35,0.318,1,-0.05,-5.117964,0
303,36,0.307,1,-0.05,-2.990796,0
303,37,0.293,2,-0.05,-1.0719318,0
303,38,0.288,2,-0.05,-2.3788242,0
303,39,0.273,2,-0.05,-3.4394174,0
303,40,0.255,2,-0.05,-3.778522,0
303,41,0.222,2,-0.05,-4.506327,0
303,42,0.204,2,-0.05,-4.5869684,0
303,43,0.158,2,-100.0,-4.038661,0
304,0,0.671,0,1.0,0.3740594,0
304,1,0.669,0,1.0,0.119411826,0
304,2,0.673,0,1.0,-0.8274181,0
304,3,0.686,0,1.0,2.2687242,0
304,4,0.689,1,-0.05,-0.33994758,0
304,5,0.696,2,-0.05,-0.02184993,0
304,6,0.702,0,1.0,1.3903213,0
304,7,0.660,0,1.0,2.4345212,0
304,8,0.632,0,1.0,1.729908,0
304,9,0.584,0,1.0,1.176739,0
304,10,0.563,0,1.0,2.0427182,0
304,11,0.526,0,1.0,1.3901556,0
304,12,0.493,0,1.0,3.0080788,0
304,13,0.457,0,1.0,1.7396405,0
304,14,0.444,1,-0.05,1.4618318,0
304,15,0.435,2,-0.05,-1.5176932,0
304,16,0.408,0,1.0,-1.0095353,0
304,17,0.359,0,1.0,-1.4438248,0
304,18,0.336,2,-0.05,0.8132614,0
304,19,0.269,0,1.0,-1.500587,0
304,20,0.187,0,-100.0,1.2487842,0
305,0,0.666,0,1.0,1.9936665,0
305,1,0.661,0,1.0,0.30156785,0
305,2,0.672,0,1.0,0.18546295,0
305,3,0.675,0,1.0,0.013470113,0
305,4,0.661,1,-0.05,1.8810922,0
305,5,0.655,1,-0.05,-0.42303967,0
305,6,0.609,0,1.0,0.0131338835,0
305,7,0.522,0,1.0,-1.1617149,0
305,8,0.471,0,1.0,-0.989933,0
305,9,0.388,0,1.0,-0.19770932,0
305,10,0.345,1,-0.05,-4.84991,0
305,11,0.337,1,-0.05,-2.6990457,0
305,12,0.326,1,-0.05,-3.7975082,0
305,13,0.296,1,-0.05,-5.262807,0
305,14,0.271,1,-0.05,-20.33409,0
305,15,0.155,0,-100.0,-11.025438,0
306,0,0.688,2,-0.05,0.17674744,0
306,1,0.711,0,1.0,0.10393119,0
306,2,0.699,2,-0.05,-0.27191907,0
306,3,0.661,0,1.0,0.21512258,0
306,4,0.581,0,1.0,2.891779,0
306,5,0.473,0,1.0,1.7460531,0
306,6,0.460,2,-0.05,0.6537152,0
306,7,0.382,0,1.0,2.5452385,0
306,8,0.293,1,-0.05,2.6227193,0
306,9,0.293,2,-0.05,-1.2415018,0
306,10,0.268,2,-0.05,0.28503323,0
306,11,0.243,2,-0.05,-17.088459,0
306,12,0.215,2,-0.05,-29.68065,0
306,13,0.180,2,-100.0,-77.095825,0
307,0,0.685,2,-0.05,-0.70956683,0
307,1,0.717,2,-0.05,-0.29517835,0
307,2,0.726,2,-0.05,0.34959245,0
307,3,0.711,2,-0.05,4.7990284,0
307,4,0.621,0,1.0,2.6754613,0
307,5,0.440,0,1.0,5.39954,0
307,6,0.385,2,-0.05,2.100908,0
307,7,0.359,1,-0.05,4.405246,0
307,8,0.251,0,1.0,2.4456542,0
307,9,0.200,2,-100.0,-14.786766,0
308,0,0.671,0,1.0,0.3129605,0
308,1,0.675,0,1.0,1.2418005,0
308,2,0.677,0,1.0,0.36193997,0
308,3,0.679,0,1.0,1.9754759,0
308,4,0.678,0,1.0,0.77675384,0
308,5,0.690,2,-0.05,0.29429233,0
308,6,0.698,1,-0.05,-0.5683216,0
308,7,0.695,1,-0.05,-1.5155554,0
308,8,0.650,0,1.0,-0.8977599,0
308,9,0.591,0,1.0,1.6747441,0
308,10,0.552,0,1.0,3.0064967,0
308,11,0.473,0,1.0,0.70135283,0
308,12,0.451,2,-0.05,0.968055,0
308,13,0.430,2,-0.05,0.24057388,0
308,14,0.478,0,1.0,0.36331287,0
308,15,0.498,0,1.0,0.40617856,0
308,16,0.514,0,1.0,1.6770163,0
308,17,0.553,0,1.0,0.8901845,0
308,18,0.572,2,-0.05,-1.1037706,0
308,19,0.618,0,1.0,2.0389438,0
308,20,0.700,0,1.0,0.22259068,0
308,21,0.731,2,-0.05,-1.9270401,0
308,22,0.665,0,1.0,3.732004,0
308,23,0.605,0,1.0,3.4496467,0
308,24,0.810,0,1.0,3.7834406,0
308,25,0.859,0,1.0,2.889421,0
308,26,0.645,0,1.0,-2.028367,0
308,27,0.583,1,-0.05,-1.8617663,0
308,28,0.464,0,1.0,0.945523,0
308,29,0.247,0,1.0,1.5169792,0
308,30,0.181,1,-100.0,-35.864807,0
309,0,0.666,0,1.0,1.9924912,0
309,1,0.661,0,1.0,0.046146348,0
309,2,0.643,1,-0.05,-0.90812695,0
309,3,0.650,1,-0.05,-0.13275468,0
309,4,0.598,0,1.0,1.1041616,0
309,5,0.521,0,1.0,2.7116237,0
309,6,0.484,2,-0.05,0.7073372,0
309,7,0.446,0,1.0,2.2432806,0
309,8,0.389,0,1.0,-0.69762653,0
309,9,0.342,0,1.0,4.236682,0
309,10,0.308,0,1.0,0.18000126,0
309,11,0.251,0,1.0,-0.4809022,0
309,12,0.239,1,-0.05,-6.7656236,0
309,13,0.202,0,1.0,-6.2433586,0
309,14,0.143,1,-100.0,-36.41212,0
310,0,0.690,2,-0.05,-1.0830247,0
310,1,0.717,0,1.0,0.645512,0
310,2,0.676,0,1.0,0.58841854,0
310,3,0.653,2,-0.05,-1.459362,0
310,4,0.581,0,1.0,3.5118673,0
310,5,0.553,2,-0.05,0.5367565,0
310,6,0.487,0,1.0,2.612195,0
310,7,0.344,0,1.0,-0.008180618,0
310,8,0.300,2,-0.05,3.1886976,0
310,9,0.282,2,-0.05,1.8004446,0
310,10,0.253,2,-0.05,-6.72542,0
310,11,0.234,2,-0.05,-32.303123,0
310,12,0.203,2,-0.05,-57.655243,0
310,13,0.172,1,-100.0,-59.42601,0
311,0,0.660,1,-0.05,0.9624014,0
311,1,0.632,0,1.0,0.2749026,0
311,2,0.600,2,-0.05,-0.7915766,0
311,3,0.568,0,1.0,0.17937076,0
311,4,0.576,2,-0.05,-0.4359427,0
311,5,0.596,2,-0.05,-0.71728003,0
311,6,0.619,2,-0.05,-0.5293993,0
311,7,0.744,0,1.0,2.617714,0
311,8,0.726,2,-0.05,1.4036238,0
311,9,0.627,0,1.0,1.2627152,0
311,10,0.519,0,1.0,0.81821173,0
311,11,0.458,2,-0.05,-0.9231503,0
311,12,0.423,2,-0.05,-1.1533259,0
311,13,0.401,1,-0.05,3.2237792,0
311,14,0.369,1,-0.05,0.5680828,0
311,15,0.350,2,-0.05,2.1666074,0
311,16,0.327,2,-0.05,-0.65055656,0
311,17,0.291,2,-0.05,-3.9628925,0
311,18,0.269,2,-0.05,-17.564356,0
311,19,0.243,1,-0.05,-28.63267,0
311,20,0.194,2,-100.0,-63.312714,0
312,0,0.671,0,1.0,0.924065,0
312,1,0.669,0,1.0,1.774713,0
312,2,0.682,0,1.0,0.3151628,0
312,3,0.690,0,1.0,1.3056929,0
312,4,0.697,0,1.0,-0.15381539,0
312,5,0.707,2,-0.05,-0.4361651,0
312,6,0.685,0,1.0,-0.8387283,0
312,7,0.651,0,1.0,3.6137633,0
312,8,0.600,0,1.0,3.5274234,0
312,9,0.568,0,1.0,1.5314807,0
312,10,0.509,0,1.0,2.3378425,0
312,11,0.467,0,1.0,-0.72749305,0
312,12,0.416,0,1.0,-1.5665057,0
312,13,0.387,0,1.0,-1.6134386,0
312,14,0.343,0,1.0,-1.1795797,0
312,15,0.283,0,1.0,-2.8065257,0
312,16,0.280,1,-0.05,-1.031992,0
312,17,0.275,1,-0.05,0.77159375,0
312,18,1.119,0,1.0,0.09720361,0
312,19,1.082,0,1.0,0.18096638,0
312,20,1.026,0,1.0,0.843559,0
312,21,0.948,2,-0.05,-2.0492096,0
312,22,0.914,1,-0.05,-1.5068986,0
312,23,0.873,1,-0.05,-2.9455204,0
312,24,0.837,2,-0.05,-2.8190114,0
312,25,0.816,1,-0.05,-3.1207347,0
312,26,0.770,2,-0.05,-2.9137607,0
312,27,0.745,1,-0.05,-2.641094,0
312,28,0.712,1,-0.05,-2.2798638,0
312,29,0.697,2,-0.05,-2.624708,0
312,30,0.574,0,1.0,-2.678445,0
312,31,0.464,1,-0.05,-4.3110733,0
312,32,0.444,2,-0.05,-4.3102055,0
312,33,0.315,0,1.0,-4.0776324,0
312,34,0.211,1,-0.05,-4.883534,0
312,35,0.175,2,-100.0,-4.3719125,0
313,0,0.686,2,-0.05,0.31950325,0
313,1,0.717,2,-0.05,-0.535352,0
313,2,0.725,2,-0.05,-1.1294719,0
313,3,0.699,1,-0.05,3.5895014,0
313,4,0.703,2,-0.05,2.0293632,0
313,5,0.610,0,1.0,3.4630442,0
313,6,0.478,0,1.0,0.10740727,0
313,7,0.361,0,1.0,2.5517793,0
313,8,0.302,1,-0.05,0.13150191,0
313,9,0.306,2,-0.05,-0.21741343,0
313,10,0.178,0,-100.0,1.5075564,0
314,0,0.667,0,1.0,1.4182093,0
314,1,0.666,1,-0.05,-0.9317131,0
314,2,0.650,2,-0.05,-2.024973,0
314,3,0.648,1,-0.05,-1.4564142,0
314,4,0.660,1,-0.05,-1.9149215,0
314,5,0.653,1,-0.05,0.11736649,0
314,6,0.577,0,1.0,0.12749767,0
314,7,0.473,0,1.0,5.2844086,0
314,8,0.324,0,1.0,3.7752848,0
314,9,0.297,1,-0.05,-1.3822336,0
314,10,0.284,1,-0.05,-11.279673,0
314,11,0.240,1,-0.05,-41.05858,0
314,12,0.232,1,-0.05,-58.480797,0
314,13,0.188,1,-100.0,-50.1095,0
315,0,0.666,0,1.0,0.65032977,0
315,1,0.660,0,1.0,-0.80572695,0
315,2,0.648,0,1.0,-0.5946708,0
315,3,0.645,1,-0.05,0.149395,0
315,4,0.623,0,1.0,-0.2318705,0
315,5,0.594,2,-0.05,-1.1273922,0
315,6,0.594,2,-0.05,-0.41769505,0
315,7,0.618,2,-0.05,0.16115838,0
315,8,0.687,2,-0.05,-0.39129066,0
315,9,0.741,0,1.0,1.6168884,0
315,10,0.643,0,1.0,1.8161875,0
315,11,0.590,2,-0.05,0.29486135,0
315,12,0.574,2,-0.05,0.21204019,0
315,13,0.456,0,1.0,1.1525898,0
315,14,0.387,1,-0.05,1.5776248,0
315,15,0.271,0,1.0,1.8845525,0
315,16,0.228,2,-0.05,-6.519045,0
315,17,0.209,2,-0.05,-44.058334,0
315,18,0.174,2,-100.0,-63.185425,0
316,0,0.672,0,1.0,1.7761106,0
316,1,0.669,2,-0.05,-1.9191844,0
316,2,0.711,0,1.0,-0.36800033,0
316,3,0.666,0,1.0,-0.7144586,0
316,4,0.629,0,1.0,-1.1191758,0
316,5,0.574,0,1.0,0.79632425,0
316,6,0.569,2,-0.05,-1.2186601,0
316,7,0.545,2,-0.05,0.3443792,0
316,8,0.536,2,-0.05,-0.52994764,0
316,9,0.449,0,1.0,1.8423017,0
316,10,0.365,1,-0.05,0.8947463,0
316,11,0.353,1,-0.05,-0.02246046,0
316,12,0.338,2,-0.05,3.4577136,0
316,13,0.303,2,-0.05,-0.09455109,0
316,14,0.283,2,-0.05,-4.880018,0
316,15,0.262,2,-0.05,-6.0071907,0
316,16,0.222,2,-0.05,-25.491652,0
316,17,0.200,1,-100.0,-37.787697,0
317,0,0.659,0,1.0,-0.15256876,0
317,1,0.638,0,1.0,0.053988576,0
317,2,0.651,0,1.0,2.4052792,0
317,3,0.644,2,-0.05,-0.05490166,0
317,4,0.681,0,1.0,0.26971233,0
317,5,0.703,0,1.0,2.1482942,0
317,6,0.705,2,-0.05,-0.6641102,0
317,7,0.636,0,1.0,3.795331,0
317,8,0.613,2,-0.05,1.7654343,0
317,9,0.551,0,1.0,2.1350067,0
317,10,0.499,2,-0.05,0.6622351,0
317,11,0.401,0,1.0,3.6656864,0
317,12,0.350,2,-0.05,-0.59155,0
317,13,0.319,1,-0.05,0.9529929,0
317,14,0.293,2,-0.05,1.3832107,0
317,15,0.201,0,1.0,-4.0544977,0
317,16,0.120,2,-100.0,-68.58026,0
318,0,0.668,0,1.0,0.30395573,0
318,1,0.678,0,1.0,1.1072099,0
318,2,0.666,0,1.0,2.3445313,0
318,3,0.680,0,1.0,1.6146828,0
318,4,0.698,0,1.0,0.07224107,0
318,5,0.689,0,1.0,-0.37561488,0
318,6,0.705,0,1.0,3.565289,0
318,7,0.710,2,-0.05,0.02669558,0
318,8,0.679,0,1.0,-0.07375294,0
318,9,0.648,0,1.0,0.80979085,0
318,10,0.587,0,1.0,1.7540512,0
318,11,0.556,0,1.0,2.3966599,0
318,12,0.519,0,1.0,1.3072103,0
318,13,0.473,0,1.0,0.81204915,0
318,14,0.450,2,-0.05,0.43583864,0
318,15,0.448,2,-0.05,-2.7967827,0
318,16,0.422,1,-0.05,-3.9766617,0
318,17,0.411,1,-0.05,-2.4601827,0
318,18,0.395,0,1.0,1.685544,0
318,19,0.398,2,-0.05,-1.575683,0
318,20,0.380,1,-0.05,-2.8267777,0
318,21,1.034,0,1.0,2.468313,0
318,22,1.010,0,1.0,1.9417653,0
318,23,1.004,0,1.0,0.9831518,0
318,24,0.843,0,1.0,-0.7060826,0
318,25,0.784,1,-0.05,-2.0394387,0
318,26,0.743,1,-0.05,-3.4261878,0
318,27,0.721,2,-0.05,-3.0376558,0
318,28,0.693,1,-0.05,-3.1805294,0
318,29,0.659,2,-0.05,-3.641539,0
318,30,0.616,1,-0.05,-4.601537,0
318,31,0.594,2,-0.05,-2.6462774,0
318,32,0.561,1,-0.05,-4.113053,0
318,33,0.527,2,-0.05,-3.7114296,0
318,34,0.494,1,-0.05,-4.8316345,0
318,35,0.465,1,-0.05,-4.422783,0
318,36,0.438,2,-0.05,-4.402496,0
318,37,0.415,2,-0.05,-5.464841,0
318,38,0.250,0,1.0,-5.42711,0
318,39,0.183,1,-100.0,-5.3292,0
319,0,0.666,0,1.0,0.7563286,0
319,1,0.660,0,1.0,0.14165312,0
319,2,0.648,0,1.0,0.19299468,0
319,3,0.641,2,-0.05,-0.24510628,0
319,4,0.670,0,1.0,1.3659757,0
319,5,0.696,0,1.0,0.831806,0
319,6,0.686,0,1.0,0.3165298,0
319,7,0.662,2,-0.05,-0.74262846,0
319,8,0.608,0,1.0,2.2113943,0
319,9,0.546,0,1.0,1.3463893,0
319,10,0.509,2,-0.05,0.24556237,0
319,11,0.423,0,1.0,2.287329,0
319,12,0.371,1,-0.05,-1.2802215,0
319,13,0.323,0,1.0,0.5053589,0
319,14,0.298,1,-0.05,-0.524678,0
319,15,0.291,1,-0.05,-1.3210325,0
319,16,0.285,1,-0.05,-3.7851667,0
319,17,0.295,1,-0.05,-1.5653188,0
319,18,0.353,0,1.0,-0.43100893,0
319,19,0.420,0,1.0,0.34685117,0
319,20,0.433,2,-0.05,-2.5486221,0
319,21,0.461,0,1.0,-0.98123276,0
319,22,0.480,2,-0.05,-2.516484,0
319,23,0.450,0,1.0,0.4276352,0
319,24,0.447,0,1.0,0.55035377,0
319,25,0.440,2,-0.05,-0.4781096,0
319,26,0.695,0,1.0,5.152118,0
319,27,1.086,0,1.0,1.9960884,0
319,28,0.976,2,-0.05,4.130125,0
319,29,0.815,0,1.0,3.9665632,0
319,30,0.748,2,-0.05,-1.7418566,0
319,31,0.733,2,-0.05,-3.6448026,0
319,32,0.603,0,1.0,2.8084247,0
319,33,0.532,0,1.0,0.6831002,0
319,34,0.358,0,1.0,2.1255295,0
319,35,0.310,1,-0.05,6.0236692,0
319,36,0.290,1,-0.05,-5.0284977,0
319,37,0.244,1,-0.05,-47.560345,0
319,38,0.225,2,-0.05,-30.183168,0
319,39,0.184,1,-100.0,-66.90959,0
320,0,0.659,0,1.0,1.9179993,0
320,1,0.659,2,-0.05,-1.0821713,0
320,2,0.669,0,1.0,1.7325675,0
320,3,0.712,2,-0.05,-1.0050199,0
320,4,0.668,0,1.0,0.7490983,0
320,5,0.589,0,1.0,5.552142,0
320,6,0.527,0,1.0,1.5972035,0
320,7,0.461,0,1.0,-1.3988256,0
320,8,0.374,0,1.0,-1.1215249,0
320,9,0.310,0,1.0,1.3316193,0
320,10,0.285,2,-0.05,1.9698838,0
320,11,0.275,2,-0.05,-5.710294,0
320,12,0.247,2,-0.05,-8.95549,0
320,13,0.239,2,-0.05,-30.800713,0
320,14,0.196,2,-100.0,-35.176254,0
321,0,0.672,0,1.0,2.0464406,0
321,1,0.669,2,-0.05,-0.47458053,0
321,2,0.707,0,1.0,0.021682054,0
321,3,0.667,0,1.0,-0.5214002,0
321,4,0.648,2,-0.05,-0.3757348,0
321,5,0.595,0,1.0,1.7724705,0
321,6,0.566,2,-0.05,-0.30929983,0
321,7,0.525,2,-0.05,0.8237006,0
321,8,0.442,0,1.0,-2.316515,0
321,9,0.358,1,-0.05,-1.550991,0
321,10,0.339,2,-0.05,-0.2928579,0
321,11,0.310,1,-0.05,-0.65685177,0
321,12,0.285,1,-0.05,1.0959625,0
321,13,0.276,2,-0.05,-8.2013235,0
321,14,0.246,2,-0.05,-16.6032,0
321,15,0.232,2,-0.05,-51.036972,0
321,16,0.204,2,-0.05,-76.928314,0
321,17,0.165,1,-100.0,-105.17166,0
322,0,0.659,0,1.0,0.8336882,0
322,1,0.674,2,-0.05,0.8276042,0
322,2,0.689,0,1.0,1.9823991,0
322,3,0.717,2,-0.05,1.3972272,0
322,4,0.663,0,1.0,1.4957514,0
322,5,0.598,0,1.0,0.28037274,0
322,6,0.569,2,-0.05,-0.14682937,0
322,7,0.541,2,-0.05,1.0677056,0
322,8,0.459,0,1.0,2.183797,0
322,9,0.331,0,1.0,-0.32088923,0
322,10,0.252,1,-0.05,1.472372,0
322,11,0.248,2,-0.05,-22.806562,0
322,12,0.218,2,-0.05,-43.45967,0
322,13,0.178,2,-100.0,-66.06909,0
323,0,0.671,0,1.0,0.5730864,0
323,1,0.669,0,1.0,-0.6042942,0
323,2,0.673,0,1.0,0.04479128,0
323,3,0.686,0,1.0,2.679286,0
323,4,0.697,0,1.0,0.5212298,0
323,5,0.700,2,-0.05,0.42816463,0
323,6,0.679,0,1.0,1.9710864,0
323,7,0.673,2,-0.05,0.41531098,0
323,8,0.658,2,-0.05,0.7721702,0
323,9,0.573,0,1.0,2.0447845,0
323,10,0.464,0,1.0,3.8135173,0
323,11,0.312,0,1.0,2.9858067,0
323,12,0.266,2,-0.05,0.89103746,0
323,13,0.253,2,-0.05,0.45573902,0
323,14,0.129,0,-100.0,-26.92254,0
324,0,0.671,2,-0.05,-0.619425,0
324,1,0.723,2,-0.05,-0.5293486,0
324,2,0.684,0,1.0,4.7116556,0
324,3,0.645,2,-0.05,0.2509713,0
324,4,0.636,2,-0.05,5.1600904,0
324,5,0.490,0,1.0,-0.599777,0
324,6,0.374,0,1.0,-0.19549525,0
324,7,0.325,1,-0.05,-1.1490576,0
324,8,0.293,2,-0.05,-0.5361285,0
324,9,0.269,2,-0.05,-8.711214,0
324,10,0.240,2,-0.05,-14.720852,0
324,11,0.219,2,-0.05,-57.735268,0
324,12,0.174,1,-100.0,-59.83742,0
325,0,0.659,0,1.0,-0.17197523,0
325,1,0.659,2,-0.05,-0.11500427,0
325,2,0.696,0,1.0,1.3457023,0
325,3,0.712,2,-0.05,-0.18839753,0
325,4,0.707,2,-0.05,-0.2591071,0
325,5,0.659,0,1.0,2.0563526,0
325,6,0.601,2,-0.05,1.0981827,0
325,7,0.505,0,1.0,2.8432908,0
325,8,0.332,0,1.0,-0.20081747,0
325,9,0.286,1,-0.05,1.7223258,0
325,10,0.274,2,-0.05,2.2456765,0
325,11,0.250,2,-0.05,-7.2002296,0
325,12,0.230,2,-0.05,-19.736538,0
325,13,0.207,2,-0.05,-71.295425,0
325,14,0.155,1,-100.0,-73.94946,0
326,0,0.660,1,-0.05,-0.70527303,0
326,1,0.621,0,1.0,1.3502405,0
326,2,0.570,0,1.0,1.7050328,0
326,3,0.497,0,1.0,-0.028623134,0
326,4,0.485,1,-0.05,-0.7767695,0
326,5,0.414,0,1.0,1.3750169,0
326,6,0.299,0,1.0,4.010006,0
326,7,0.274,1,-0.05,-1.3168402,0
326,8,0.245,1,-0.05,-4.507328,0
326,9,0.235,1,-0.05,-32.34088,0
326,10,0.199,1,-100.0,-62.080116,0
327,0,0.654,0,1.0,1.5692675,0
327,1,0.657,1,-0.05,0.9332103,0
327,2,0.651,2,-0.05,-0.3615048,0
327,3,0.670,0,1.0,0.71223253,0
327,4,0.689,2,-0.05,0.08176112,0
327,5,0.703,0,1.0,1.9375013,0
327,6,0.685,2,-0.05,0.7927387,0
327,7,0.594,0,1.0,2.5479598,0
327,8,0.510,0,1.0,0.6076671,0
327,9,0.433,0,1.0,2.51602,0
327,10,0.300,0,1.0,2.7857606,0
327,11,0.271,2,-0.05,4.2082024,0
327,12,0.245,2,-0.05,-11.181702,0
327,13,0.225,1,-0.05,-15.028383,0
327,14,0.208,2,-0.05,-42.084072,0
327,15,0.175,2,-100.0,-62.564842,0
328,0,0.671,0,1.0,2.2503033,0
328,1,0.675,0,1.0,2.3336303,0
328,2,0.686,2,-0.05,-0.49094748,0
328,3,0.729,2,-0.05,-1.2895352,0
328,4,0.656,0,1.0,2.143845,0
328,5,0.633,2,-0.05,-0.4062357,0
328,6,0.525,0,1.0,3.3480897,0
328,7,0.423,0,1.0,1.3625399,0
328,8,0.264,0,1.0,1.696865,0
328,9,0.212,2,-0.05,-15.627817,0
328,10,0.185,2,-100.0,-84.13241,0
329,0,0.672,0,1.0,0.07845724,0
329,1,0.674,1,-0.05,-0.8230932,0
329,2,0.677,2,-0.05,-0.24676293,0
329,3,0.702,2,-0.05,1.2862812,0
329,4,0.727,2,-0.05,1.2101862,0
329,5,0.714,2,-0.05,5.502248,0
329,6,0.579,0,1.0,1.1181126,0
329,7,0.456,0,1.0,-2.6234393,0
329,8,0.281,0,1.0,-0.13071996,0
329,9,0.233,2,-0.05,-13.115078,0
329,10,0.206,2,-0.05,-47.24652,0
329,11,0.171,2,-100.0,-88.29647,0
330,0,0.668,0,1.0,-0.028975606,0
330,1,0.670,0,1.0,2.385572,0
330,2,0.670,0,1.0,1.6662197,0
330,3,0.680,0,1.0,0.17606038,0
330,4,0.679,0,1.0,2.105407,0
330,5,0.689,0,1.0,1.4609191,0
330,6,0.711,2,-0.05,-0.40102667,0
330,7,0.706,2,-0.05,1.7546915,0
330,8,0.654,0,1.0,2.7472832,0
330,9,0.633,2,-0.05,0.60194254,0
330,10,0.616,1,-0.05,1.3183174,0
330,11,0.576,0,1.0,1.4520074,0
330,12,0.535,2,-0.05,2.3472152,0
330,13,0.522,2,-0.05,1.5591854,0
330,14,0.508,2,-0.05,-2.018818,0
330,15,0.392,0,1.0,0.8566691,0
330,16,0.350,1,-0.05,0.8172033,0
330,17,0.326,1,-0.05,1.3968985,0
330,18,0.302,2,-0.05,1.9286442,0
330,19,0.289,2,-0.05,0.70863533,0
330,20,0.263,2,-0.05,-4.75185,0
330,21,0.211,2,-0.05,-4.0021477,0
330,22,0.183,1,-100.0,-21.007822,0
331,0,0.659,0,1.0,0.7709569,0
331,1,0.659,2,-0.05,0.91723585,0
331,2,0.696,0,1.0,2.259861,0
331,3,0.712,2,-0.05,-0.9671304,0
331,4,0.707,2,-0.05,-0.08080828,0
331,5,0.700,2,-0.05,0.7721939,0
331,6,0.601,0,1.0,3.539208,0
331,7,0.474,0,1.0,1.0443454,0
331,8,0.299,0,1.0,1.9963288,0
331,9,0.267,2,-0.05,-1.2539415,0
331,10,0.241,2,-0.05,-28.436317,0
331,11,0.206,2,-0.05,-39.39697,0
331,12,0.180,2,-100.0,-85.28195,0
332,0,0.670,0,1.0,0.48783377,0
332,1,0.684,0,1.0,0.59672165,0
332,2,0.683,0,1.0,4.129485,0
332,3,0.683,0,1.0,-0.55716634,0
332,4,0.683,2,-0.05,-2.147976,0
332,5,0.728,2,-0.05,1.463707,0
332,6,0.719,2,-0.05,-0.30969858,0
332,7,0.695,2,-0.05,-0.8413242,0
332,8,0.598,0,1.0,3.6689231,0
332,9,0.550,2,-0.05,0.65200436,0
332,10,0.403,0,1.0,3.2472296,0
332,11,0.356,1,-0.05,0.8621867,0
332,12,0.309,2,-0.05,0.4777794,0
332,13,0.291,1,-0.05,-0.06569481,0
332,14,0.266,2,-0.05,-13.642759,0
332,15,0.228,2,-0.05,-27.568731,0
332,16,0.201,2,-0.05,-59.554775,0
332,17,0.168,1,-100.0,-64.69885,0
333,0,0.689,2,-0.05,0.12940896,0
333,1,0.706,2,-0.05,-0.4365716,0
333,2,0.741,2,-0.05,1.768161,0
333,3,0.723,2,-0.05,1.7642592,0
333,4,0.624,0,1.0,2.9037442,0
333,5,0.469,0,1.0,0.37162673,0
333,6,0.327,0,1.0,3.97472,0
333,7,0.243,2,-0.05,0.19579601,0
333,8,0.222,2,-0.05,-22.304749,0
333,9,0.184,2,-100.0,-54.46016,0
334,0,0.668,0,1.0,1.777152,0
334,1,0.670,0,1.0,1.1491377,0
334,2,0.666,0,1.0,1.5032132,0
334,3,0.680,0,1.0,1.8758551,0
334,4,0.698,0,1.0,0.7999276,0
334,5,0.689,0,1.0,0.020407915,0
334,6,0.705,0,1.0,1.7661465,0
334,7,0.711,2,-0.05,-2.1574874,0
334,8,0.675,0,1.0,0.8029319,0
334,9,0.640,0,1.0,3.15133,0
334,10,0.593,0,1.0,2.3381176,0
334,11,0.562,0,1.0,2.655527,0
334,12,0.535,1,-0.05,-2.4996696,0
334,13,0.532,0,1.0,0.611688,0
334,14,0.531,0,1.0,2.547966,0
334,15,0.523,0,1.0,3.1744165,0
334,16,0.511,0,1.0,-1.5967952,0
334,17,0.527,2,-0.05,-1.0916121,0
334,18,0.531,2,-0.05,1.3451167,0
334,19,0.525,2,-0.05,-2.0489476,0
334,20,0.457,0,1.0,-2.0538332,0
334,21,0.407,2,-0.05,-1.0194184,0
334,22,0.367,0,1.0,1.6317794,0
334,23,0.436,0,1.0,-1.3373793,0
334,24,0.622,0,1.0,-0.1595647,0
334,25,0.642,2,-0.05,4.564751,0
334,26,0.692,0,1.0,-1.1596276,0
334,27,0.750,0,1.0,-0.1476283,0
334,28,0.650,0,1.0,0.796727,0
334,29,0.519,0,1.0,2.526085,0
334,30,0.503,2,-0.05,6.857227,0
334,31,0.445,0,1.0,4.2577477,0
334,32,0.376,0,1.0,3.8823073,0
334,33,0.313,0,1.0,1.0555853,0
334,34,0.265,1,-0.05,-1.6039891,0
334,35,0.259,1,-0.05,-10.721035,0
334,36,0.235,1,-0.05,-8.373011,0
334,37,0.218,1,-0.05,-45.834797,0
334,38,0.191,1,-100.0,-40.35061,0
335,0,0.665,1,-0.05,-0.9444413,0
335,1,0.670,1,-0.05,0.09506872,0
335,2,0.640,1,-0.05,-0.82065177,0
335,3,0.644,1,-0.05,4.423295,0
335,4,0.592,0,1.0,4.4730935,0
335,5,0.498,2,-0.05,0.67633224,0
335,6,0.418,0,1.0,1.5440607,0
335,7,0.258,0,1.0,3.4043946,0
335,8,0.202,1,-0.05,-6.1278305,0
335,9,0.120,0,-100.0,-40.23915,0
336,0,0.662,0,1.0,-1.266528,0
336,1,0.646,0,1.0,-0.83863425,0
336,2,0.656,0,1.0,-0.30838466,0
336,3,0.643,0,1.0,0.86079144,0
336,4,0.654,0,1.0,0.31641117,0
336,5,0.669,2,-0.05,-0.08120394,0
336,6,0.687,0,1.0,0.51857996,0
336,7,0.678,0,1.0,1.0477202,0
336,8,0.653,0,1.0,1.1406207,0
336,9,0.628,0,1.0,-0.47453558,0
336,10,0.575,0,1.0,4.622734,0
336,11,0.557,1,-0.05,-1.4151753,0
336,12,0.562,0,1.0,1.3089619,0
336,13,0.568,0,1.0,3.0783846,0
336,14,0.565,1,-0.05,2.2279096,0
336,15,0.603,0,1.0,-1.0602295,0
336,16,0.662,0,1.0,-0.7697625,0
336,17,0.743,0,1.0,1.290643,0
336,18,0.696,0,1.0,2.3606915,0
336,19,0.644,0,1.0,4.42587,0
336,20,0.601,0,1.0,1.2306633,0
336,21,0.576,1,-0.05,-0.7792039,0
336,22,0.576,2,-0.05,-2.0736701,0
336,23,0.573,1,-0.05,-0.99259734,0
336,24,0.547,2,-0.05,-2.8344502,0
336,25,0.551,1,-0.05,-2.5233147,0
336,26,0.539,2,-0.05,-2.610165,0
336,27,0.548,1,-0.05,-3.0659013,0
336,28,0.525,1,-0.05,-3.0544055,0
336,29,0.512,2,-0.05,-2.634644,0
336,30,0.502,2,-0.05,-3.290674,0
336,31,0.496,1,-0.05,-2.8183985,0
336,32,0.484,2,-0.05,-3.4425645,0
336,33,0.457,1,-0.05,-4.567398,0
336,34,0.419,2,-0.05,-3.9083033,0
336,35,0.379,1,-0.05,-4.316629,0
336,36,0.355,2,-0.05,-4.174817,0
336,37,0.326,1,-0.05,-4.725542,0
336,38,0.286,2,-0.05,-4.4171495,0
336,39,0.163,0,-100.0,-4.534719,0
337,0,0.667,0,1.0,-0.43260336,0
337,1,0.662,0,1.0,1.7673159,0
337,2,0.685,2,-0.05,-1.9463184,0
337,3,0.715,0,1.0,1.3920274,0
337,4,0.700,2,-0.05,-0.8711829,0
337,5,0.641,0,1.0,2.3096576,0
337,6,0.593,2,-0.05,-0.41503137,0
337,7,0.520,0,1.0,3.6394467,0
337,8,0.415,0,1.0,4.004228,0
337,9,0.246,0,1.0,7.0472355,0
337,10,0.210,2,-0.05,-14.009617,0
337,11,0.187,2,-100.0,-52.867615,0
338,0,0.668,0,1.0,2.2410245,0
338,1,0.678,0,1.0,3.0226357,0
338,2,0.666,0,1.0,-0.012654543,0
338,3,0.680,0,1.0,1.8252238,0
338,4,0.680,0,1.0,2.3865812,0
338,5,0.706,2,-0.05,2.1103845,0
338,6,0.681,0,1.0,0.38699737,0
338,7,0.639,0,1.0,2.3994632,0
338,8,0.602,0,1.0,2.0385733,0
338,9,0.581,2,-0.05,2.3740723,0
338,10,0.520,0,1.0,3.9470048,0
338,11,0.453,0,1.0,0.01286149,0
338,12,0.387,1,-0.05,-2.7737617,0
338,13,0.345,0,1.0,-1.2028401,0
338,14,0.342,1,-0.05,-2.0401573,0
338,15,0.321,1,-0.05,-2.2739816,0
338,16,0.352,1,-0.05,-0.5644398,0
338,17,0.400,0,1.0,1.5813065,0
338,18,0.491,0,1.0,-2.201277,0
338,19,0.571,0,1.0,-3.2035587,0
338,20,0.835,0,1.0,0.1357516,0
338,21,0.753,0,1.0,3.213045,0
338,22,0.695,0,1.0,0.20871478,0
338,23,0.662,2,-0.05,-1.783716,0
338,24,0.642,1,-0.05,-2.6901896,0
338,25,0.652,1,-0.05,-2.502619,0
338,26,0.630,2,-0.05,-2.4310143,0
338,27,0.601,1,-0.05,-1.9752536,0
338,28,0.594,1,-0.05,-2.0977354,0
338,29,0.574,2,-0.05,-2.856284,0
338,30,0.539,2,-0.05,-2.9686852,0
338,31,0.519,1,-0.05,-2.2179217,0
338,32,0.511,2,-0.05,-2.3582315,0
338,33,0.491,1,-0.05,-1.526093,0
338,34,0.472,2,-0.05,-2.2625682,0
338,35,0.446,2,-0.05,-2.5271318,0
338,36,0.425,2,-0.05,-3.0359478,0
338,37,0.434,0,1.0,-2.5821183,0
338,38,0.413,1,-0.05,-1.9240727,0
338,39,0.417,1,-0.05,-4.517513,0
338,40,0.428,1,-0.05,-3.9232657,0
338,41,0.400,2,-0.05,-3.6642997,0
338,42,0.389,2,-0.05,-3.7345257,0
338,43,0.367,1,-0.05,-5.8875856,0
338,44,0.329,2,-0.05,-5.3741007,0
338,45,0.302,1,-0.05,-5.944769,0
338,46,0.263,2,-0.05,-5.6319633,0
338,47,0.120,0,-100.0,-5.641529,0
339,0,0.684,2,-0.05,-1.605953,0
339,1,0.716,2,-0.05,-1.4498773,0
339,2,0.702,0,1.0,3.6720643,0
339,3,0.599,0,1.0,2.1084032,0
339,4,0.505,0,1.0,0.43311816,0
339,5,0.464,2,-0.05,0.051820755,0
339,6,0.449,1,-0.05,-0.6484755,0
339,7,0.420,2,-0.05,0.54930854,0
339,8,0.326,0,1.0,1.3373907,0
339,9,0.299,2,-0.05,1.7349854,0
339,10,0.285,2,-0.05,-0.9364033,0
339,11,0.253,2,-0.05,-12.835735,0
339,12,0.225,2,-0.05,-51.590965,0
339,13,0.184,2,-100.0,-62.946762,0
340,0,0.668,0,1.0,3.4496303,0
340,1,0.678,0,1.0,2.1273623,0
340,2,0.694,2,-0.05,0.8266679,0
340,3,0.698,0,1.0,3.7477145,0
340,4,0.687,2,-0.05,0.6197666,0
340,5,0.611,0,1.0,3.4485314,0
340,6,0.533,0,1.0,3.0663996,0
340,7,0.489,2,-0.05,1.1787567,0
340,8,0.410,0,1.0,1.1594776,0
340,9,0.260,0,1.0,4.980016,0
340,10,0.203,2,-0.05,-12.813168,0
340,11,0.188,2,-100.0,-48.209774,0
341,0,0.672,0,1.0,0.16533136,0
341,1,0.675,0,1.0,1.1537318,0
341,2,0.682,2,-0.05,-0.28175676,0
341,3,0.704,0,1.0,0.5580813,0
341,4,0.680,2,-0.05,-0.1817435,0
341,5,0.636,0,1.0,2.1420689,0
341,6,0.590,2,-0.05,1.3593173,0
341,7,0.505,0,1.0,3.798254,0
341,8,0.346,0,1.0,3.6071463,0
341,9,0.300,2,-0.05,4.0783377,0
341,10,0.284,2,-0.05,2.082726,0
341,11,0.259,2,-0.05,-7.2968044,0
341,12,0.232,2,-0.05,-30.543293,0
341,13,0.194,2,-100.0,-34.63625,0
342,0,0.672,0,1.0,-0.053187788,0
342,1,0.675,0,1.0,1.4650689,0
342,2,0.677,0,1.0,0.2319752,0
342,3,0.680,0,1.0,0.9479956,0
342,4,0.690,0,1.0,1.6691244,0
342,5,0.680,0,1.0,1.9955673,0
342,6,0.702,0,1.0,0.7530836,0
342,7,0.696,2,-0.05,-0.6003839,0
342,8,0.707,2,-0.05,-1.1892095,0
342,9,0.661,0,1.0,1.2456161,0
342,10,0.618,2,-0.05,0.3309106,0
342,11,0.522,0,1.0,-0.04509151,0
342,12,0.493,2,-0.05,-2.9638772,0
342,13,0.480,2,-0.05,-0.7206348,0
342,14,0.447,1,-0.05,-1.4667821,0
342,15,0.341,0,1.0,-0.39533246,0
342,16,0.310,2,-0.05,1.2182088,0
342,17,0.290,2,-0.05,2.4107199,0
342,18,0.265,2,-0.05,-4.1888294,0
342,19,0.212,2,-0.05,-14.76829,0
342,20,0.191,2,-100.0,-10.170774,0
343,0,0.672,0,1.0,1.6675224,0
343,1,0.685,0,1.0,1.6153023,0
343,2,0.677,0,1.0,-0.86774576,0
343,3,0.692,2,-0.05,-0.42051643,0
343,4,0.690,0,1.0,1.5730125,0
343,5,0.658,0,1.0,4.2089586,0
343,6,0.621,0,1.0,1.3978047,0
343,7,0.590,2,-0.05,1.0373355,0
343,8,0.540,0,1.0,2.572156,0
343,9,0.501,2,-0.05,3.1754875,0
343,10,0.485,2,-0.05,-0.5458207,0
343,11,0.388,0,1.0,3.2889383,0
343,12,0.316,1,-0.05,1.2652888,0
343,13,0.245,0,1.0,2.361247,0
343,14,0.164,2,-100.0,-22.418253,0
344,0,0.672,0,1.0,1.1839715,0
344,1,0.675,0,1.0,-0.4156041,0
344,2,0.677,0,1.0,0.47446212,0
344,3,0.680,0,1.0,1.3777639,0
344,4,0.702,2,-0.05,-1.2849766,0
344,5,0.725,2,-0.05,-0.56337005,0
344,6,0.675,0,1.0,2.7859645,0
344,7,0.590,0,1.0,1.2300286,0
344,8,0.517,0,1.0,1.7367939,0
344,9,0.447,0,1.0,1.3143272,0
344,10,0.399,1,-0.05,2.0276823,0
344,11,0.393,2,-0.05,1.9863969,0
344,12,0.387,2,-0.05,0.25695443,0
344,13,0.302,0,1.0,0.22757402,0
344,14,0.225,2,-0.05,1.0130339,0
344,15,0.120,0,-100.0,-24.431154,0
345,0,0.666,0,1.0,1.9079262,0
345,1,0.662,0,1.0,-0.1541729,0
345,2,0.672,2,-0.05,-1.0089028,0
345,3,0.710,0,1.0,0.25883564,0
345,4,0.690,0,1.0,1.1132731,0
345,5,0.637,0,1.0,0.20541245,0
345,6,0.624,2,-0.05,-0.07459521,0
345,7,0.616,2,-0.05,-0.0680325,0
345,8,0.608,2,-0.05,0.85437465,0
345,9,0.579,2,-0.05,3.2724738,0
345,10,0.479,0,1.0,2.7828617,0
345,11,0.278,0,1.0,4.4922175,0
345,12,0.206,2,-0.05,-8.8266735,0
345,13,0.170,2,-100.0,-56.297928,0
346,0,0.668,0,1.0,0.7464278,0
346,1,0.678,0,1.0,-0.15826976,0
346,2,0.670,0,1.0,2.9706545,0
346,3,0.690,0,1.0,0.8410752,0
346,4,0.689,2,-0.05,1.3733311,0
346,5,0.723,2,-0.05,-1.5782158,0
346,6,0.665,0,1.0,0.829494,0
346,7,0.570,0,1.0,1.7447916,0
346,8,0.546,1,-0.05,1.2297921,0
346,9,0.545,2,-0.05,0.0919168,0
346,10,0.533,2,-0.05,0.9356454,0
346,11,0.420,0,1.0,0.8966609,0
346,12,0.311,0,1.0,0.95445454,0
346,13,0.249,2,-0.05,1.4146838,0
346,14,0.120,0,-100.0,-34.794647,0
347,0,0.666,0,1.0,1.9090796,0
347,1,0.661,0,1.0,1.8674576,0
347,2,0.672,0,1.0,-0.14238298,0
347,3,0.675,0,1.0,0.61151576,0
347,4,0.657,0,1.0,0.5833564,0
347,5,0.665,0,1.0,0.8438618,0
347,6,0.677,0,1.0,1.2088659,0
347,7,0.675,2,-0.05,0.8035404,0
347,8,0.709,2,-0.05,0.85040915,0
347,9,0.690,0,1.0,1.963362,0
347,10,0.656,2,-0.05,-0.7904086,0
347,11,0.635,1,-0.05,0.72223127,0
347,12,0.621,2,-0.05,-1.958107,0
347,13,0.525,0,1.0,1.9055859,0
347,14,0.480,1,-0.05,-3.115159,0
347,15,0.456,2,-0.05,-1.4202744,0
347,16,0.451,2,-0.05,-1.1023631,0
347,17,0.418,1,-0.05,-1.5595493,0
347,18,0.337,0,1.0,-0.5007386,0
347,19,0.284,1,-0.05,-0.16678739,0
347,20,0.261,2,-0.05,-5.726329,0
347,21,0.244,2,-0.05,-12.5624695,0
347,22,0.157,0,-100.0,-8.682211,0
348,0,0.667,0,1.0,0.26166916,0
348,1,0.676,0,1.0,1.7336564,0
348,2,0.674,0,1.0,1.5665519,0
348,3,0.670,0,1.0,1.77775,0
348,4,0.670,1,-0.05,0.57961875,0
348,5,0.647,0,1.0,2.0139008,0
348,6,0.606,0,1.0,0.78214514,0
348,7,0.573,1,-0.05,-0.6544641,0
348,8,0.551,0,1.0,3.357934,0
348,9,0.465,0,1.0,1.0735813,0
348,10,0.391,0,1.0,3.6023037,0
348,11,0.331,0,1.0,-1.7212768,0
348,12,0.292,1,-0.05,-0.51316357,0
348,13,0.285,1,-0.05,-5.379895,0
348,14,0.264,1,-0.05,-13.498774,0
348,15,0.236,1,-0.05,-35.48879,0
348,16,0.210,1,-0.05,-20.805248,0
348,17,0.160,1,-100.0,-27.615164,0
349,0,0.666,0,1.0,1.768381,0
349,1,0.661,0,1.0,1.278868,0
349,2,0.647,0,1.0,0.5001093,0
349,3,0.639,0,1.0,-0.06356889,0
349,4,0.635,0,1.0,-0.0020305812,0
349,5,0.629,2,-0.05,-1.0007718,0
349,6,0.661,0,1.0,0.7836404,0
349,7,0.696,0,1.0,0.3488686,0
349,8,0.703,0,1.0,0.99391437,0
349,9,0.664,0,1.0,3.1774259,0
349,10,0.638,0,1.0,1.3575844,0
349,11,0.596,0,1.0,2.345313,0
349,12,0.587,2,-0.05,0.28611195,0
349,13,0.549,0,1.0,0.17137104,0
349,14,0.488,0,1.0,0.9562398,0
349,15,0.452,2,-0.05,-1.1990846,0
349,16,0.374,0,1.0,-1.242096,0
349,17,0.275,0,1.0,-0.83928394,0
349,18,0.235,1,-0.05,-3.727963,0
349,19,0.168,0,-100.0,-2.2582233,0
350,0,0.662,0,1.0,2.308411,0
350,1,0.647,0,1.0,0.27366224,0
350,2,0.668,0,1.0,0.2075611,0
350,3,0.669,0,1.0,2.3567219,0
350,4,0.664,0,1.0,0.086595595,0
350,5,0.663,0,1.0,-0.83151937,0
350,6,0.657,2,-0.05,-1.2253509,0
350,7,0.705,0,1.0,0.15626892,0
350,8,0.699,0,1.0,2.3333306,0
350,9,0.679,2,-0.05,-0.23365629,0
350,10,0.672,2,-0.05,0.690675,0
350,11,0.596,0,1.0,4.9789486,0
350,12,0.541,2,-0.05,-1.2466673,0
350,13,0.532,2,-0.05,-0.09449279,0
350,14,0.368,0,1.0,0.88380444,0
350,15,0.314,1,-0.05,2.172232,0
350,16,0.287,2,-0.05,0.08061123,0
350,17,0.254,2,-0.05,-9.138794,0
350,18,0.212,2,-0.05,-2.048439,0
350,19,0.202,2,-0.05,-10.142527,0
350,20,0.151,1,-100.0,-42.54811,0
351,0,0.689,2,-0.05,-0.5944648,0
351,1,0.712,0,1.0,1.1564277,0
351,2,0.675,0,1.0,-0.3281126,0
351,3,0.645,1,-0.05,-0.23312598,0
351,4,0.640,0,1.0,0.023617864,0
351,5,0.636,0,1.0,0.07994473,0
351,6,0.627,0,1.0,1.6750406,0
351,7,0.622,0,1.0,1.9343402,0
351,8,0.599,2,-0.05,-0.40744722,0
351,9,0.624,2,-0.05,-0.10645813,0
351,10,0.544,0,1.0,3.468546,0
351,11,0.474,0,1.0,-0.35562927,0
351,12,0.381,0,1.0,1.9818037,0
351,13,0.302,0,1.0,1.5052958,0
351,14,0.261,2,-0.05,-0.92112494,0
351,15,0.249,2,-0.05,-9.999092,0
351,16,0.206,2,-0.05,-25.704208,0
351,17,0.179,2,-100.0,-55.10572,0
352,0,0.651,1,-0.05,1.5713415,0
352,1,0.629,0,1.0,0.060257316,0
352,2,0.615,2,-0.05,-0.7391807,0
352,3,0.614,2,-0.05,-0.41548562,0
352,4,0.638,0,1.0,-0.04118237,0
352,5,0.633,1,-0.05,2.5559912,0
352,6,0.636,0,1.0,1.7480822,0
352,7,0.631,2,-0.05,-0.65078735,0
352,8,0.672,0,1.0,1.1847672,0
352,9,0.698,0,1.0,1.2440932,0
352,10,0.695,1,-0.05,1.9142973,0
352,11,0.704,0,1.0,0.28149202,0
352,12,0.675,0,1.0,-0.64341366,0
352,13,0.661,0,1.0,-0.6004826,0
352,14,0.646,0,1.0,0.7577995,0
352,15,0.636,0,1.0,0.40338406,0
352,16,0.615,0,1.0,0.26960766,0
352,17,0.614,2,-0.05,-2.3481128,0
352,18,0.631,2,-0.05,-1.7032983,0
352,19,0.627,1,-0.05,0.79177475,0
352,20,0.634,0,1.0,-1.9904909,0
352,21,0.624,0,1.0,-0.31199145,0
352,22,0.632,2,-0.05,2.5079687,0
352,23,0.628,1,-0.05,2.7640247,0
352,24,0.633,2,-0.05,-1.084609,0
352,25,0.649,2,-0.05,0.6856271,0
352,26,0.737,2,-0.05,2.2699168,0
352,27,0.720,0,1.0,-1.5242474,0
352,28,0.650,0,1.0,0.9994565,0
352,29,0.653,0,1.0,4.6176333,0
352,30,0.712,2,-0.05,0.16619265,0
352,31,0.756,0,1.0,3.612906,0
352,32,0.727,0,1.0,1.4563665,0
352,33,0.591,0,1.0,0.7071537,0
352,34,0.545,2,-0.05,-1.4068648,0
352,35,0.475,0,1.0,0.5455349,0
352,36,0.413,1,-0.05,1.7222979,0
352,37,0.395,1,-0.05,3.2498665,0
352,38,0.364,1,-0.05,3.1634567,0
352,39,0.337,1,-0.05,-2.38208,0
352,40,0.307,1,-0.05,-13.921135,0
352,41,0.277,1,-0.05,-7.365674,0
352,42,0.257,1,-0.05,-4.6362553,0
352,43,0.219,2,-0.05,-2.6408854,0
352,44,0.184,2,-100.0,-4.004096,0
353,0,0.671,0,1.0,-0.31009495,0
353,1,0.669,0,1.0,1.4085293,0
353,2,0.671,0,1.0,-0.16250026,0
353,3,0.688,0,1.0,1.0044581,0
353,4,0.706,2,-0.05,-1.8232021,0
353,5,0.703,0,1.0,1.0987794,0
353,6,0.649,0,1.0,1.4359319,0
353,7,0.606,0,1.0,2.4577272,0
353,8,0.539,0,1.0,0.64825374,0
353,9,0.531,0,1.0,-0.14246559,0
353,10,0.472,0,1.0,1.3836235,0
353,11,0.452,2,-0.05,-1.7848215,0
353,12,0.440,2,-0.05,-0.86379063,0
353,13,0.434,2,-0.05,-2.2405005,0
353,14,0.388,2,-0.05,-1.0730639,0
353,15,0.362,1,-0.05,2.3650136,0
353,16,0.354,2,-0.05,0.16554773,0
353,17,0.320,1,-0.05,1.1916652,0
353,18,0.298,2,-0.05,0.7731142,0
353,19,0.264,2,-0.05,-4.792124,0
353,20,0.238,2,-0.05,-8.794466,0
353,21,0.206,2,-0.05,-6.98596,0
353,22,0.184,1,-100.0,-40.13378,0
354,0,0.659,0,1.0,0.81963134,0
354,1,0.655,0,1.0,0.6230282,0
354,2,0.636,0,1.0,0.7280674,0
354,3,0.630,1,-0.05,-0.34179902,0
354,4,0.621,0,1.0,0.79765046,0
354,5,0.588,2,-0.05,0.26724038,0
354,6,0.582,0,1.0,1.1129894,0
354,7,0.556,2,-0.05,-0.12550783,0
354,8,0.608,2,-0.05,-1.2306893,0
354,9,0.649,2,-0.05,0.06564462,0
354,10,0.747,0,1.0,2.6862135,0
354,11,0.706,1,-0.05,0.9605123,0
354,12,0.645,0,1.0,3.2759805,0
354,13,0.620,2,-0.05,-0.96229553,0
354,14,0.529,0,1.0,1.2586243,0
354,15,0.478,1,-0.05,-0.53720605,0
354,16,0.443,1,-0.05,-0.20720673,0
354,17,0.432,0,1.0,-0.47655833,0
354,18,0.409,2,-0.05,-1.5500333,0
354,19,0.401,2,-0.05,1.3524287,0
354,20,0.387,2,-0.05,-3.0778303,0
354,21,0.372,2,-0.05,-1.0519055,0
354,22,0.335,1,-0.05,-0.54481626,0
354,23,0.308,2,-0.05,0.41694927,0
354,24,0.286,2,-0.05,-2.6331673,0
354,25,0.254,1,-0.05,-5.1526356,0
354,26,0.226,2,-0.05,-25.432493,0
354,27,0.178,2,-100.0,-26.44434,0
355,0,0.671,0,1.0,0.2325919,0
355,1,0.675,0,1.0,-0.61217344,0
355,2,0.685,0,1.0,2.1937346,0
355,3,0.679,0,1.0,-1.0593847,0
355,4,0.697,0,1.0,1.1963668,0
355,5,0.686,0,1.0,-0.22086549,0
355,6,0.713,2,-0.05,-0.4184754,0
355,7,0.673,0,1.0,-0.079627335,0
355,8,0.633,0,1.0,0.94406235,0
355,9,0.629,1,-0.05,-1.1473618,0
355,10,0.614,0,1.0,3.8509789,0
355,11,0.611,0,1.0,1.9285941,0
355,12,0.598,0,1.0,2.4152355,0
355,13,0.592,0,1.0,2.8106976,0
355,14,0.585,2,-0.05,-1.1972237,0
355,15,0.574,0,1.0,1.269206,0
355,16,0.520,0,1.0,1.4466951,0
355,17,0.476,0,1.0,1.1909537,0
355,18,0.425,0,1.0,-0.8196366,0
355,19,0.866,1,-0.05,2.2795842,0
355,20,1.018,0,1.0,7.6397586,0
355,21,0.944,0,1.0,1.8519107,0
355,22,0.763,0,1.0,0.47994256,0
355,23,0.573,0,1.0,-1.3604908,0
355,24,0.473,1,-0.05,-3.5901442,0
355,25,0.451,2,-0.05,-4.1252394,0
355,26,0.417,1,-0.05,-2.7179775,0
355,27,0.380,1,-0.05,-3.665162,0
355,28,0.356,2,-0.05,-6.0172496,0
355,29,0.328,1,-0.05,-5.9273763,0
355,30,0.282,2,-0.05,-6.231619,0
355,31,0.251,1,-0.05,-6.858293,0
355,32,0.225,2,-0.05,-6.326976,0
355,33,0.184,1,-100.0,-7.5533657,0
356,0,0.659,0,1.0,-0.71553195,0
356,1,0.638,0,1.0,-0.9886569,0
356,2,0.647,0,1.0,0.8872177,0
356,3,0.641,0,1.0,0.927228,0
356,4,0.649,2,-0.05,-0.21882606,0
356,5,0.672,0,1.0,0.76963985,0
356,6,0.670,1,-0.05,-2.1664603,0
356,7,0.666,0,1.0,0.17633158,0
356,8,0.685,2,-0.05,0.2258369,0
356,9,0.671,1,-0.05,2.3968713,0
356,10,0.635,0,1.0,1.6228704,0
356,11,0.644,2,-0.05,-0.085309654,0
356,12,0.641,1,-0.05,0.5849023,0
356,13,0.608,0,1.0,0.06771773,0
356,14,0.537,0,1.0,1.9054247,0
356,15,0.480,0,1.0,1.7864941,0
356,16,0.443,2,-0.05,-2.1818109,0
356,17,0.432,0,1.0,0.9212055,0
356,18,0.397,0,1.0,-0.7354226,0
356,19,0.372,0,1.0,1.1558795,0
356,20,0.351,2,-0.05,-1.1146128,0
356,21,0.353,2,-0.05,0.16567874,0
356,22,0.394,2,-0.05,-1.0562761,0
356,23,0.460,2,-0.05,0.5410867,0
356,24,0.618,0,1.0,1.0498676,0
356,25,0.709,2,-0.05,-1.4423301,0
356,26,0.788,0,1.0,1.6552039,0
356,27,0.642,0,1.0,1.6381058,0
356,28,0.555,1,-0.05,2.3782556,0
356,29,0.513,0,1.0,-3.268702,0
356,30,0.570,0,1.0,1.5827557,0
356,31,0.824,0,1.0,5.683685,0
356,32,0.735,0,1.0,1.9497049,0
356,33,0.657,2,-0.05,0.40823603,0
356,34,0.551,0,1.0,2.2567217,0
356,35,0.432,0,1.0,5.4917326,0
356,36,0.320,0,1.0,1.8999306,0
356,37,0.237,1,-0.05,-1.8102169,0
356,38,0.229,1,-0.05,-51.51329,0
356,39,0.194,1,-100.0,-77.314476,0
357,0,0.673,0,1.0,0.7473177,0
357,1,0.662,1,-0.05,-0.019844472,0
357,2,0.659,1,-0.05,0.13382396,0
357,3,0.646,2,-0.05,-0.9275061,0
357,4,0.621,0,1.0,0.10501853,0
357,5,0.616,2,-0.05,-0.40588075,0
357,6,0.630,0,1.0,2.8749607,0
357,7,0.651,1,-0.05,-0.3488676,0
357,8,0.640,2,-0.05,-1.4675373,0
357,9,0.712,0,1.0,0.29566398,0
357,10,0.678,0,1.0,1.223343,0
357,11,0.617,0,1.0,5.3455915,0
357,12,0.564,0,1.0,0.14546722,0
357,13,0.536,1,-0.05,-1.9128716,0
357,14,0.531,1,-0.05,-0.77133703,0
357,15,0.566,1,-0.05,-0.2984203,0
357,16,0.611,1,-0.05,-0.56106174,0
357,17,0.763,1,-0.05,-3.5428007,0
357,18,0.827,1,-0.05,-3.1417837,0
357,19,0.812,1,-0.05,-2.788514,0
357,20,0.782,1,-0.05,-1.0854614,0
357,21,0.743,1,-0.05,-2.0945067,0
357,22,0.700,1,-0.05,-2.848466,0
357,23,0.677,2,-0.05,2.035861,0
357,24,0.643,1,-0.05,-0.19016409,0
357,25,0.611,1,-0.05,0.98892736,0
357,26,0.566,1,-0.05,0.32282662,0
357,27,0.467,0,1.0,-0.42561865,0
357,28,0.398,1,-0.05,-2.0168629,0
357,29,0.369,1,-0.05,-2.9974916,0
357,30,0.361,1,-0.05,1.8467022,0
357,31,0.332,1,-0.05,1.2724404,0
357,32,0.334,1,-0.05,1.4231877,0
357,33,0.339,1,-0.05,-0.9211488,0
357,34,0.390,0,1.0,0.8562408,0
357,35,0.449,0,1.0,2.723128,0
357,36,0.509,1,-0.05,-0.18363571,0
357,37,0.583,1,-0.05,-0.95361805,0
357,38,0.754,0,1.0,-1.6391537,0
357,39,0.700,0,1.0,1.3140725,0
357,40,0.573,0,1.0,3.445289,0
357,41,0.459,0,1.0,1.8660502,0
357,42,0.342,0,1.0,1.6458089,0
357,43,0.270,2,-0.05,4.6024146,0
357,44,0.260,1,-0.05,-6.790756,0
357,45,0.241,1,-0.05,-38.99317,0
357,46,0.204,1,-0.05,-61.813118,0
357,47,0.180,2,-100.0,-76.738556,0
358,0,0.671,0,1.0,2.4581153,0
358,1,0.669,0,1.0,1.0981842,0
358,2,0.679,0,1.0,0.61963093,0
358,3,0.682,2,-0.05,-0.7240734,0
358,4,0.716,2,-0.05,0.35198644,0
358,5,0.721,2,-0.05,0.06657314,0
358,6,0.706,2,-0.05,1.326668,0
358,7,0.610,0,1.0,3.8263113,0
358,8,0.461,0,1.0,2.0324087,0
358,9,0.395,1,-0.05,-0.5518558,0
358,10,0.373,2,-0.05,0.7266166,0
358,11,0.262,0,1.0,1.6292293,0
358,12,0.184,2,-100.0,-17.27927,0
359,0,0.668,0,1.0,0.61910653,0
359,1,0.670,0,1.0,-0.6707412,0
359,2,0.670,0,1.0,1.1507369,0
359,3,0.671,0,1.0,2.2114468,0
359,4,0.688,0,1.0,0.813406,0
359,5,0.703,0,1.0,-1.3304402,0
359,6,0.698,0,1.0,1.7554141,0
359,7,0.695,0,1.0,0.09707713,0
359,8,0.708,2,-0.05,-0.022417843,0
359,9,0.679,0,1.0,-0.3828519,0
359,10,0.639,0,1.0,1.7015402,0
359,11,0.594,0,1.0,2.1459613,0
359,12,0.541,0,1.0,0.5397793,0
359,13,0.505,0,1.0,0.682734,0
359,14,0.478,1,-0.05,-1.2324033,0
359,15,0.476,1,-0.05,-0.40388644,0
359,16,0.496,0,1.0,0.0659816,0
359,17,0.561,0,1.0,-0.083509445,0
359,18,0.566,2,-0.05,-1.4438004,0
359,19,0.560,2,-0.05,3.1011434,0
359,20,0.553,2,-0.05,2.6515398,0
359,21,0.551,2,-0.05,-1.9856477,0
359,22,0.466,0,1.0,4.7968364,0
359,23,0.455,1,-0.05,-0.9908085,0
359,24,0.691,0,1.0,4.339002,0
359,25,0.751,2,-0.05,-0.34661174,0
359,26,0.889,0,1.0,0.62578976,0
359,27,0.771,0,1.0,1.5305918,0
359,28,0.662,2,-0.05,0.9713355,0
359,29,0.651,1,-0.05,2.0982316,0
359,30,0.620,1,-0.05,-1.5171328,0
359,31,0.595,1,-0.05,1.0351672,0
359,32,0.557,1,-0.05,-2.4168315,0
359,33,0.512,1,-0.05,-2.433045,0
359,34,0.484,1,-0.05,-4.9915504,0
359,35,0.464,2,-0.05,-5.4582086,0
359,36,0.413,2,-0.05,-6.113843,0
359,37,0.386,1,-0.05,-5.1532044,0
359,38,0.356,2,-0.05,-5.354879,0
359,39,0.327,2,-0.05,-5.062409,0
359,40,0.292,1,-0.05,-9.704457,0
359,41,0.266,1,-0.05,-7.700699,0
359,42,0.219,1,-0.05,-4.962339,0
359,43,0.207,2,-0.05,-5.5082817,0
359,44,0.158,2,-100.0,-4.0271187,0
360,0,0.671,0,1.0,1.4426464,0
360,1,0.675,0,1.0,1.1392561,0
360,2,0.680,2,-0.05,-1.4727495,0
360,3,0.707,0,1.0,0.68940556,0
360,4,0.648,0,1.0,0.9741511,0
360,5,0.629,2,-0.05,0.21948603,0
360,6,0.629,2,-0.05,2.453989,0
360,7,0.547,0,1.0,1.755722,0
360,8,0.434,0,1.0,2.2111669,0
360,9,0.286,0,1.0,3.2688835,0
360,10,0.233,2,-0.05,-0.1313858,0
360,11,0.215,2,-0.05,-21.049969,0
360,12,0.190,2,-100.0,-52.948036,0
361,0,0.672,0,1.0,0.17916495,0
361,1,0.675,0,1.0,-0.77896786,0
361,2,0.677,0,1.0,0.19441998,0
361,3,0.680,0,1.0,2.6026816,0
361,4,0.694,0,1.0,-0.053203464,0
361,5,0.689,0,1.0,2.0183012,0
361,6,0.696,0,1.0,2.04357,0
361,7,0.713,2,-0.05,-1.9090059,0
361,8,0.678,0,1.0,0.8465195,0
361,9,0.642,0,1.0,3.5733314,0
361,10,0.583,0,1.0,1.5311708,0
361,11,0.548,0,1.0,1.7378366,0
361,12,0.504,0,1.0,1.3134038,0
361,13,0.485,1,-0.05,-1.356827,0
361,14,0.466,0,1.0,0.5887959,0
361,15,0.476,1,-0.05,-0.3873111,0
361,16,0.507,0,1.0,-1.8654008,0
361,17,0.509,2,-0.05,-2.3688164,0
361,18,0.516,2,-0.05,-1.8680673,0
361,19,0.465,0,1.0,-1.4027569,0
361,20,0.449,0,1.0,-0.6980653,0
361,21,0.503,2,-0.05,2.1028113,0
361,22,0.456,2,-0.05,-0.5111413,0
361,23,0.482,0,1.0,4.337023,0
361,24,0.693,0,1.0,1.2337904,0
361,25,0.799,0,1.0,0.39138222,0
361,26,0.644,0,1.0,-0.39488184,0
361,27,0.464,0,1.0,-0.22616911,0
361,28,0.408,1,-0.05,1.7237298,0
361,29,0.379,1,-0.05,3.9930718,0
361,30,0.348,1,-0.05,-4.714039,0
361,31,0.318,1,-0.05,-15.025541,0
361,32,0.285,1,-0.05,-8.301721,0
361,33,0.258,2,-0.05,-5.132162,0
361,34,0.223,1,-0.05,-11.44444,0
361,35,0.202,2,-0.05,-5.674575,0
361,36,0.166,1,-100.0,-12.07666,0
362,0,0.659,0,1.0,1.7393638,0
362,1,0.655,0,1.0,-0.10333812,0
362,2,0.636,0,1.0,1.0204539,0
362,3,0.639,0,1.0,1.6001649,0
362,4,0.641,2,-0.05,-0.8858266,0
362,5,0.671,0,1.0,1.4789615,0
362,6,0.695,0,1.0,0.6435572,0
362,7,0.693,0,1.0,-0.18732718,0
362,8,0.683,2,-0.05,-0.07062566,0
362,9,0.667,1,-0.05,0.30775663,0
362,10,0.664,2,-0.05,-0.46894968,0
362,11,0.657,1,-0.05,-0.66387224,0
362,12,0.634,0,1.0,2.4391496,0
362,13,0.643,0,1.0,0.40410364,0
362,14,0.650,1,-0.05,0.9165827,0
362,15,0.676,0,1.0,1.3853008,0
362,16,0.720,1,-0.05,-1.6885943,0
362,17,0.658,0,1.0,-1.4971433,0
362,18,0.632,2,-0.05,-2.3011668,0
362,19,0.583,0,1.0,-1.8685479,0
362,20,0.566,2,-0.05,-2.4530168,0
362,21,0.547,0,1.0,-1.5263863,0
362,22,0.553,1,-0.05,0.33245873,0
362,23,0.533,0,1.0,4.1934996,0
362,24,0.485,0,1.0,3.92947,0
362,25,0.449,0,1.0,-1.1434531,0
362,26,0.392,0,1.0,-0.14757186,0
362,27,0.375,1,-0.05,-1.9017653,0
362,28,0.377,1,-0.05,-2.7359948,0
362,29,0.348,2,-0.05,-3.5400755,0
362,30,0.339,2,-0.05,-3.735448,0
362,31,0.335,1,-0.05,-3.368326,0
362,32,0.313,2,-0.05,-4.8164783,0
362,33,0.320,1,-0.05,-5.1988306,0
362,34,0.299,2,-0.05,-4.276992,0
362,35,0.291,1,-0.05,-5.5797367,0
362,36,0.282,2,-0.05,-4.075435,0
362,37,0.272,2,-0.05,-6.0428877,0
362,38,0.278,1,-0.05,-4.4732933,0
362,39,0.276,1,-0.05,-6.6210837,0
362,40,0.260,2,-0.05,-4.224013,0
362,41,0.242,2,-0.05,-5.64571,0
362,42,0.246,1,-0.05,-5.481551,0
362,43,0.244,1,-0.05,-6.7499514,0
362,44,0.230,2,-0.05,-5.318682,0
362,45,0.225,2,-0.05,-6.616436,0
362,46,0.221,1,-0.05,-23.538605,0
362,47,0.178,1,-100.0,-9.014632,0
363,0,0.659,0,1.0,1.8278701,0
363,1,0.670,2,-0.05,-0.1505065,0
363,2,0.689,0,1.0,-0.11815384,0
363,3,0.688,0,1.0,1.6889628,0
363,4,0.636,0,1.0,0.7504157,0
363,5,0.617,0,1.0,0.99231136,0
363,6,0.595,2,-0.05,-0.77512634,0
363,7,0.581,2,-0.05,-1.1142161,0
363,8,0.567,1,-0.05,-1.2486813,0
363,9,0.509,0,1.0,-1.0631068,0
363,10,0.493,2,-0.05,-1.4341896,0
363,11,0.481,1,-0.05,-2.464175,0
363,12,0.467,2,-0.05,-0.7554691,0
363,13,0.456,1,-0.05,-0.6425124,0
363,14,0.453,2,-0.05,-0.46343732,0
363,15,0.446,2,-0.05,-0.09891975,0
363,16,0.359,0,1.0,3.0892694,0
363,17,0.301,1,-0.05,2.7954903,0
363,18,0.284,2,-0.05,3.107315,0
363,19,0.260,2,-0.05,0.2936201,0
363,20,0.224,2,-0.05,-21.040293,0
363,21,0.193,2,-100.0,-25.924425,0
364,0,0.671,0,1.0,1.0349675,0
364,1,0.687,2,-0.05,1.4666047,0
364,2,0.709,0,1.0,0.6319734,0
364,3,0.663,0,1.0,1.8730918,0
364,4,0.609,0,1.0,1.2918916,0
364,5,0.587,2,-0.05,0.48046312,0
364,6,0.590,2,-0.05,-0.24411249,0
364,7,0.488,0,1.0,0.21543026,0
364,8,0.378,0,1.0,1.6809366,0
364,9,0.279,0,1.0,7.524889,0
364,10,0.201,2,-0.05,-1.681921,0
364,11,0.193,2,-100.0,-52.156654,0
365,0,0.665,1,-0.05,-1.3882488,0
365,1,0.665,2,-0.05,-0.7094281,0
365,2,0.677,0,1.0,1.3244913,0
365,3,0.675,0,1.0,2.1871262,0
365,4,0.696,0,1.0,0.07192278,0
365,5,0.688,0,1.0,2.597875,0
365,6,0.664,0,1.0,1.3300092,0
365,7,0.643,0,1.0,2.6544802,0
365,8,0.651,2,-0.05,-0.72770846,0
365,9,0.613,0,1.0,4.5184317,0
365,10,0.585,2,-0.05,-0.049904466,0
365,11,0.574,2,-0.05,0.024043828,0
365,12,0.559,2,-0.05,-0.5814191,0
365,13,0.465,0,1.0,1.7282047,0
365,14,0.286,0,1.0,3.4669251,0
365,15,0.238,2,-0.05,-0.5171871,0
365,16,0.198,1,-100.0,-46.431477,0
366,0,0.668,2,-0.05,-0.25183296,0
366,1,0.709,0,1.0,2.9186096,0
366,2,0.697,2,-0.05,0.11908278,0
366,3,0.646,0,1.0,1.5621413,0
366,4,0.599,2,-0.05,0.09522247,0
366,5,0.583,2,-0.05,-0.5232985,0
366,6,0.460,0,1.0,0.9696504,0
366,7,0.329,0,1.0,1.6022036,0
366,8,0.254,2,-0.05,2.3594713,0
366,9,0.224,1,-0.05,-20.167883,0
366,10,0.188,2,-100.0,-47.57286,0
367,0,0.686,2,-0.05,-0.16012889,0
367,1,0.698,0,1.0,0.6368748,0
367,2,0.684,2,-0.05,0.33747438,0
367,3,0.604,0,1.0,1.9233197,0
367,4,0.573,2,-0.05,-0.051687956,0
367,5,0.472,0,1.0,0.73789513,0
367,6,0.406,2,-0.05,-2.077908,0
367,7,0.380,1,-0.05,1.3075197,0
367,8,0.365,1,-0.05,1.0560279,0
367,9,0.336,1,-0.05,2.05895,0
367,10,0.328,2,-0.05,-0.35125327,0
367,11,0.315,2,-0.05,3.1380024,0
367,12,0.296,2,-0.05,2.1783538,0
367,13,0.270,2,-0.05,-3.4689903,0
367,14,0.234,2,-0.05,-3.87216,0
367,15,0.213,2,-0.05,-41.634674,0
367,16,0.170,1,-100.0,-61.010094,0
368,0,0.668,2,-0.05,-1.4521255,0
368,1,0.672,1,-0.05,-0.8591917,0
368,2,0.690,2,-0.05,-1.3070974,0
368,3,0.700,0,1.0,1.1858454,0
368,4,0.647,0,1.0,2.4626133,0
368,5,0.624,2,-0.05,-0.04928425,0
368,6,0.550,0,1.0,-0.4996258,0
368,7,0.452,0,1.0,1.3450737,0
368,8,0.345,0,1.0,4.394813,0
368,9,0.308,1,-0.05,4.5580797,0
368,10,0.295,2,-0.05,3.699977,0
368,11,0.279,1,-0.05,-0.8891516,0
368,12,0.262,2,-0.05,0.8696861,0
368,13,0.250,2,-0.05,-14.156292,0
368,14,0.215,1,-0.05,-12.379454,0
368,15,0.212,2,-0.05,-69.99871,0
368,16,0.186,2,-100.0,-73.74951,0
369,0,0.671,0,1.0,1.3281064,0
369,1,0.675,0,1.0,2.0039008,0
369,2,0.685,0,1.0,0.6066102,0
369,3,0.670,0,1.0,1.003392,0
369,4,0.684,1,-0.05,-0.46476614,0
369,5,0.686,2,-0.05,-0.26214492,0
369,6,0.707,2,-0.05,-2.011766,0
369,7,0.676,0,1.0,0.6578474,0
369,8,0.604,0,1.0,1.4698647,0
369,9,0.574,2,-0.05,0.50136983,0
369,10,0.526,0,1.0,4.2316775,0
369,11,0.386,0,1.0,1.5548987,0
369,12,0.343,1,-0.05,0.18050766,0
369,13,0.334,1,-0.05,0.68588245,0
369,14,0.337,2,-0.05,-0.51520467,0
369,15,0.317,1,-0.05,0.9513726,0
369,16,0.310,2,-0.05,1.4526174,0
369,17,0.241,0,1.0,-1.2485933,0
369,18,0.199,2,-100.0,-11.952856,0
370,0,0.668,0,1.0,3.006288,0
370,1,0.670,0,1.0,-0.18130183,0
370,2,0.666,0,1.0,-0.28741795,0
370,3,0.680,0,1.0,1.8264744,0
370,4,0.679,0,1.0,1.8323959,0
370,5,0.689,0,1.0,1.2112914,0
370,6,0.697,0,1.0,1.0585579,0
370,7,0.708,2,-0.05,-1.1987216,0
370,8,0.695,0,1.0,0.073096514,0
370,9,0.654,0,1.0,3.2195911,0
370,10,0.590,0,1.0,0.43421963,0
370,11,0.558,0,1.0,2.462667,0
370,12,0.518,0,1.0,-0.78548384,0
370,13,0.500,1,-0.05,-1.1090063,0
370,14,0.504,1,-0.05,-1.2819421,0
370,15,0.526,1,-0.05,-0.9727541,0
370,16,0.562,1,-0.05,-3.5615108,0
370,17,0.669,0,1.0,-3.6030946,0
370,18,0.698,2,-0.05,-2.9507065,0
370,19,0.711,0,1.0,-1.985095,0
370,20,0.720,2,-0.05,1.938526,0
370,21,0.689,0,1.0,4.92504,0
370,22,0.651,0,1.0,6.918996,0
370,23,0.598,0,1.0,3.1650562,0
370,24,0.575,0,1.0,2.870842,0
370,25,0.565,1,-0.05,-1.1052486,0
370,26,0.544,1,-0.05,-1.1501217,0
370,27,0.535,2,-0.05,-1.8534591,0
370,28,0.508,2,-0.05,-2.7328331,0
370,29,0.515,1,-0.05,-1.3314238,0
370,30,0.495,1,-0.05,-2.6659534,0
370,31,0.498,2,-0.05,-2.3788223,0
370,32,0.488,1,-0.05,-3.1952837,0
370,33,0.466,2,-0.05,-3.670807,0
370,34,0.455,2,-0.05,-3.1826956,0
370,35,0.450,1,-0.05,-3.677333,0
370,36,0.424,1,-0.05,-3.5116596,0
370,37,0.430,2,-0.05,-3.5350535,0
370,38,0.412,2,-0.05,-2.9442368,0
370,39,0.410,2,-0.05,-4.440427,0
370,40,0.395,1,-0.05,-1.3949571,0
370,41,0.393,1,-0.05,-3.0280018,0
370,42,0.387,1,-0.05,-4.2113,0
370,43,0.369,2,-0.05,-3.5562422,0
370,44,0.361,2,-0.05,-3.871338,0
370,45,0.351,1,-0.05,-6.203677,0
370,46,0.347,2,-0.05,-5.6587944,0
370,47,0.336,1,-0.05,-5.8587046,0
370,48,0.305,2,-0.05,-5.9141464,0
370,49,0.268,1,-0.05,-6.0908055,0
370,50,0.252,2,-0.05,-7.0837736,0
370,51,0.213,1,-0.05,-7.68642,0
370,52,0.178,1,-100.0,-8.190578,0
371,0,0.661,0,1.0,0.38512945,0
371,1,0.669,2,-0.05,-0.610891,0
371,2,0.681,0,1.0,1.390986,0
371,3,0.704,0,1.0,2.5867708,0
371,4,0.690,0,1.0,1.1726801,0
371,5,0.663,0,1.0,0.012066394,0
371,6,0.642,0,1.0,0.15779847,0
371,7,0.643,1,-0.05,-0.39209127,0
371,8,0.639,0,1.0,1.4140072,0
371,9,0.644,0,1.0,0.52252054,0
371,10,0.639,2,-0.05,-0.030807674,0
371,11,0.642,2,-0.05,0.11066908,0
371,12,0.650,2,-0.05,0.0046681166,0
371,13,0.624,2,-0.05,0.43589976,0
371,14,0.571,0,1.0,5.1247454,0
371,15,0.517,2,-0.05,0.019219816,0
371,16,0.440,0,1.0,2.69929,0
371,17,0.301,0,1.0,0.21823132,0
371,18,0.248,1,-0.05,2.1512766,0
371,19,0.233,2,-0.05,-8.317938,0
371,20,0.194,2,-100.0,-39.27501,0
372,0,0.671,0,1.0,0.7986423,0
372,1,0.678,0,1.0,3.7620883,0
372,2,0.673,0,1.0,1.0136554,0
372,3,0.686,0,1.0,0.6971601,0
372,4,0.682,1,-0.05,0.96388054,0
372,5,0.666,0,1.0,1.9930425,0
372,6,0.650,2,-0.05,-0.081374705,0
372,7,0.656,0,1.0,-0.40891707,0
372,8,0.667,0,1.0,2.3395228,0
372,9,0.689,2,-0.05,0.024883628,0
372,10,0.726,2,-0.05,-1.4201317,0
372,11,0.679,0,1.0,2.8713236,0
372,12,0.594,0,1.0,1.9329891,0
372,13,0.483,0,1.0,1.3819554,0
372,14,0.397,0,1.0,-0.72817373,0
372,15,0.352,1,-0.05,-1.4412075,0
372,16,0.343,1,-0.05,-2.2914395,0
372,17,0.341,2,-0.05,-2.1538477,0
372,18,0.331,1,-0.05,-1.6964521,0
372,19,0.322,2,-0.05,-2.41633,0
372,20,0.307,1,-0.05,-1.9615741,0
372,21,0.299,1,-0.05,-2.2882307,0
372,22,0.324,1,-0.05,-1.8133901,0
372,23,0.384,0,1.0,-0.27885342,0
372,24,0.473,0,1.0,1.1016445,0
372,25,0.484,2,-0.05,-4.459081,0
372,26,0.467,2,-0.05,1.3517232,0
372,27,0.469,2,-0.05,3.5170407,0
372,28,0.438,0,1.0,1.0929794,0
372,29,0.656,0,1.0,1.3993475,0
372,30,0.752,2,-0.05,-0.110738695,0
372,31,0.550,2,-0.05,-1.4488249,0
372,32,0.657,0,1.0,0.008946896,0
372,33,0.844,0,1.0,3.7830973,0
372,34,0.683,0,1.0,2.460429,0
372,35,0.540,0,1.0,1.2050145,0
372,36,0.481,1,-0.05,0.13466755,0
372,37,0.456,1,-0.05,0.9313719,0
372,38,0.428,1,-0.05,2.5798397,0
372,39,0.403,1,-0.05,-5.157978,0
372,40,0.340,1,-0.05,-3.2705612,0
372,41,0.327,1,-0.05,-5.353764,0
372,42,0.300,2,-0.05,-5.0648365,0
372,43,0.266,1,-0.05,-4.01927,0
372,44,0.231,1,-0.05,-5.5168467,0
372,45,0.208,2,-0.05,-20.128881,0
372,46,0.178,2,-100.0,-12.233635,0
373,0,0.671,0,1.0,1.6080669,0
373,1,0.675,0,1.0,1.0656375,0
373,2,0.685,0,1.0,1.2123749,0
373,3,0.678,0,1.0,0.09065938,0
373,4,0.697,0,1.0,0.26178277,0
373,5,0.697,0,1.0,1.5173687,0
373,6,0.713,2,-0.05,-0.31875992,0
373,7,0.674,0,1.0,0.50172675,0
373,8,0.623,0,1.0,1.2121084,0
373,9,0.603,1,-0.05,-1.1305047,0
373,10,0.595,0,1.0,-0.3224185,0
373,11,0.597,0,1.0,0.40814704,0
373,12,0.597,0,1.0,0.7908622,0
373,13,0.598,1,-0.05,-0.25321108,0
373,14,0.626,0,1.0,-0.2636422,0
373,15,0.667,0,1.0,0.62567985,0
373,16,0.708,0,1.0,-2.196426,0
373,17,0.687,0,1.0,-1.1037874,0
373,18,0.643,0,1.0,4.881325,0
373,19,0.598,0,1.0,5.8235283,0
373,20,0.556,0,1.0,5.10779,0
373,21,0.538,1,-0.05,-1.2519834,0
373,22,0.534,2,-0.05,-4.1117063,0
373,23,0.525,1,-0.05,-3.4486642,0
373,24,0.516,2,-0.05,-3.282352,0
373,25,0.509,0,1.0,-4.2239523,0
373,26,0.492,1,-0.05,-3.1751747,0
373,27,0.484,1,-0.05,-4.8016086,0
373,28,0.465,1,-0.05,-4.6912756,0
373,29,0.434,2,-0.05,-3.5260844,0
373,30,0.415,2,-0.05,-4.437404,0
373,31,0.385,1,-0.05,-6.0112014,0
373,32,0.359,2,-0.05,-5.2530537,0
373,33,0.321,2,-0.05,-6.725588,0
373,34,0.284,1,-0.05,-6.3179665,0
373,35,0.263,1,-0.05,-6.8191185,0
373,36,0.225,1,-0.05,-6.5227923,0
373,37,0.160,0,-100.0,-7.0749555,0
374,0,0.687,2,-0.05,3.1556578,0
374,1,0.708,2,-0.05,-0.41628408,0
374,2,0.694,0,1.0,2.000632,0
374,3,0.623,0,1.0,0.95558393,0
374,4,0.589,2,-0.05,0.2828883,0
374,5,0.563,2,-0.05,-1.405052,0
374,6,0.472,0,1.0,1.4648771,0
374,7,0.326,0,1.0,2.1271346,0
374,8,0.260,2,-0.05,1.9756927,0
374,9,0.228,2,-0.05,-15.289207,0
374,10,0.192,2,-100.0,-45.550835,0
375,0,0.665,2,-0.05,-0.8163619,0
375,1,0.713,0,1.0,-1.679645,0
375,2,0.655,0,1.0,1.7481235,0
375,3,0.592,0,1.0,1.403073,0
375,4,0.531,0,1.0,1.1894338,0
375,5,0.523,2,-0.05,0.23005497,0
375,6,0.439,0,1.0,-0.16171184,0
375,7,0.410,2,-0.05,0.4750399,0
375,8,0.379,1,-0.05,0.3750937,0
375,9,0.348,1,-0.05,1.1445231,0
375,10,0.351,2,-0.05,0.17647254,0
375,11,0.344,1,-0.05,0.10488701,0
375,12,0.329,0,1.0,0.4132971,0
375,13,0.331,1,-0.05,-2.1516078,0
375,14,0.309,2,-0.05,-0.70355695,0
375,15,0.294,0,1.0,-1.3322631,0
375,16,0.280,2,-0.05,0.5938759,0
375,17,0.271,1,-0.05,-1.3867834,0
375,18,0.271,2,-0.05,0.16073966,0
375,19,0.251,2,-0.05,2.6011357,0
375,20,0.230,1,-0.05,-27.826086,0
375,21,0.229,2,-0.05,-19.99227,0
375,22,0.206,2,-0.05,-56.828506,0
375,23,0.180,2,-100.0,-64.32999,0
376,0,0.671,0,1.0,0.66386425,0
376,1,0.691,2,-0.05,-0.6200113,0
376,2,0.713,2,-0.05,-0.03614056,0
376,3,0.669,0,1.0,2.9209433,0
376,4,0.637,2,-0.05,0.70955837,0
376,5,0.532,0,1.0,2.341401,0
376,6,0.430,0,1.0,4.2157726,0
376,7,0.316,0,1.0,2.092548,0
376,8,0.254,2,-0.05,2.125856,0
376,9,0.233,2,-0.05,-20.942616,0
376,10,0.200,2,-0.05,-54.711052,0
376,11,0.120,0,-100.0,-93.93709,0
377,0,0.668,0,1.0,2.3732448,0
377,1,0.665,0,1.0,-0.38360202,0
377,2,0.670,0,1.0,1.7160242,0
377,3,0.651,0,1.0,1.2448566,0
377,4,0.667,0,1.0,1.8992597,0
377,5,0.669,0,1.0,-1.4383317,0
377,6,0.664,0,1.0,-1.0442891,0
377,7,0.664,0,1.0,-1.1319556,0
377,8,0.655,2,-0.05,-0.82990646,0
377,9,0.705,2,-0.05,-0.83852637,0
377,10,0.709,0,1.0,2.0314136,0
377,11,0.636,0,1.0,-1.1109483,0
377,12,0.579,0,1.0,-1.3135204,0
377,13,0.481,0,1.0,3.645047,0
377,14,0.406,0,1.0,-1.2690681,0
377,15,0.341,0,1.0,-1.5095062,0
377,16,0.308,1,-0.05,-1.7163727,0
377,17,0.286,1,-0.05,-4.0642686,0
377,18,0.280,1,-0.05,-1.8329036,0
377,19,0.316,0,1.0,-1.4082022,0
377,20,0.323,2,-0.05,-1.7638617,0
377,21,0.334,2,-0.05,-1.3388137,0
377,22,0.330,0,1.0,0.49338126,0
377,23,0.526,2,-0.05,-0.45858288,0
377,24,0.379,2,-0.05,2.196544,0
377,25,0.332,2,-0.05,2.1671197,0
377,26,0.426,0,1.0,3.9725633,0
377,27,0.625,0,1.0,3.8985817,0
377,28,0.805,0,1.0,2.2206087,0
377,29,0.702,0,1.0,4.711756,0
377,30,0.562,0,1.0,1.6297433,0
377,31,0.435,0,1.0,3.77012,0
377,32,0.363,2,-0.05,2.4072568,0
377,33,0.345,1,-0.05,4.9227214,0
377,34,0.311,1,-0.05,6.438656,0
377,35,0.292,1,-0.05,-11.457298,0
377,36,0.249,1,-0.05,-14.133785,0
377,37,0.222,1,-0.05,-24.995146,0
377,38,0.202,1,-0.05,-15.927845,0
377,39,0.168,1,-100.0,-5.8679533,0
378,0,0.654,0,1.0,0.17108828,0
378,1,0.655,0,1.0,-0.47357893,0
378,2,0.641,0,1.0,1.9173639,0
378,3,0.640,0,1.0,0.82246435,0
378,4,0.628,2,-0.05,-0.7769172,0
378,5,0.648,0,1.0,0.1826734,0
378,6,0.695,2,-0.05,0.45797464,0
378,7,0.749,2,-0.05,-0.55431104,0
378,8,0.675,0,1.0,2.6770484,0
378,9,0.563,0,1.0,3.7026045,0
378,10,0.472,0,1.0,1.8117175,0
378,11,0.412,2,-0.05,1.0684832,0
378,12,0.335,0,1.0,3.460535,0
378,13,0.241,1,-0.05,2.5915484,0
378,14,0.233,2,-0.05,-17.335634,0
378,15,0.217,2,-0.05,-46.19094,0
378,16,0.197,2,-100.0,-64.960724,0
379,0,0.671,0,1.0,1.7648412,0
379,1,0.691,2,-0.05,-1.4762559,0
