epoch,step,min_lidar,action,reward,q_max,loss
1,0,0.657,1,-0.05,4.8497944,0
1,1,0.676,0,1.0,4.419463,0
1,2,0.653,1,-0.05,3.5751338,0
1,3,0.646,0,1.0,3.3864884,0
1,4,0.636,2,-0.05,3.3515606,0
1,5,0.633,0,1.0,3.4887676,0
1,6,0.620,2,-0.05,3.331462,0
1,7,0.625,0,1.0,3.3319192,0
1,8,0.617,2,-0.05,3.7322524,0
1,9,0.622,1,-0.05,5.242095,0
1,10,0.616,0,1.0,5.150584,0
1,11,0.612,0,1.0,3.3494792,0
1,12,0.614,2,-0.05,3.3492682,0
1,13,0.588,2,-0.05,3.403173,0
1,14,0.591,0,1.0,4.3697786,0
1,15,0.604,0,1.0,5.2771673,0
1,16,0.598,0,1.0,5.8808737,0
1,17,0.611,1,-0.05,5.865901,0
1,18,0.609,0,1.0,5.874523,0
1,19,0.604,0,1.0,4.5025563,0
1,20,0.599,1,-0.05,4.0302663,0
1,21,0.609,1,-0.05,4.015605,0
1,22,0.609,1,-0.05,3.2902327,0
1,23,0.607,1,-0.05,3.0898812,0
1,24,0.616,1,-0.05,2.5458376,0
1,25,0.582,0,1.0,3.056065,0
1,26,0.550,2,-0.05,3.8314993,0
1,27,0.554,1,-0.05,3.6949909,0
1,28,0.534,1,-0.05,3.305981,0
1,29,0.524,2,-0.05,2.071167,0
1,30,0.500,0,1.0,2.8987164,0
1,31,0.464,2,-0.05,3.18922,0
1,32,0.446,2,-0.05,3.104033,0
1,33,0.438,2,-0.05,3.1946168,0
1,34,0.433,2,-0.05,3.4633791,0
1,35,0.434,1,-0.05,3.1990542,0
1,36,0.422,0,1.0,3.1745503,0
1,37,0.345,0,1.0,3.7466369,0
1,38,0.356,2,-0.05,3.3991704,0
1,39,0.330,0,1.0,3.3111014,0
1,40,0.316,1,-0.05,3.805154,0
1,41,0.310,0,1.0,3.7893767,0
1,42,0.249,0,1.0,3.0436673,0
1,43,0.235,2,-0.05,2.8683937,0
1,44,0.233,2,-0.05,2.8845782,0
1,45,0.226,1,-0.05,3.254493,0
1,46,0.231,1,-0.05,3.3556137,0
1,47,0.218,2,-0.05,3.025164,0
1,48,0.208,1,-0.05,3.2668693,0
1,49,0.202,0,1.0,3.2531261,0
1,50,0.168,2,-100.0,2.6245718,0
2,0,0.661,1,-0.05,5.274804,0
2,1,0.659,2,-0.05,4.637864,0
2,2,0.663,1,-0.05,5.0125895,0
2,3,0.670,0,1.0,4.7191415,0
2,4,0.661,2,-0.05,3.834867,0
2,5,0.644,0,1.0,3.3140006,0
2,6,0.653,0,1.0,4.24837,0
2,7,0.647,1,-0.05,4.2594786,0
2,8,0.642,2,-0.05,4.0308857,0
2,9,0.639,2,-0.05,4.646035,0
2,10,0.624,1,-0.05,5.776816,0
2,11,0.643,1,-0.05,5.7123957,0
2,12,0.647,0,1.0,4.1311913,0
2,13,0.632,2,-0.05,3.2885387,0
2,14,0.635,0,1.0,3.272493,0
2,15,0.625,0,1.0,3.8166454,0
2,16,0.615,2,-0.05,4.1796837,0
2,17,0.615,1,-0.05,4.2918315,0
2,18,0.603,0,1.0,4.1854587,0
2,19,0.596,1,-0.05,3.5215085,0
2,20,0.596,2,-0.05,3.2453713,0
2,21,0.600,0,1.0,3.2036262,0
2,22,0.580,0,1.0,3.6880302,0
2,23,0.568,1,-0.05,3.8457875,0
2,24,0.568,2,-0.05,3.874711,0
2,25,0.577,2,-0.05,3.9975274,0
2,26,0.577,2,-0.05,6.0538154,0
2,27,0.578,0,1.0,5.746348,0
2,28,0.591,2,-0.05,5.017304,0
2,29,0.602,2,-0.05,5.1417017,0
2,30,0.591,1,-0.05,4.694643,0
2,31,0.612,2,-0.05,5.0056014,0
2,32,0.621,1,-0.05,5.066903,0
2,33,0.622,2,-0.05,5.12978,0
2,34,0.629,2,-0.05,5.1021495,0
2,35,0.657,0,1.0,5.5978756,0
2,36,0.702,0,1.0,5.756811,0
2,37,0.669,1,-0.05,5.7487955,0
2,38,0.658,2,-0.05,5.7589183,0
2,39,0.659,2,-0.05,5.5393796,0
2,40,0.633,1,-0.05,5.3334312,0
2,41,0.636,2,-0.05,5.3196774,0
2,42,0.624,0,1.0,5.3531904,0
2,43,0.553,2,-0.05,5.6528463,0
2,44,0.512,0,1.0,5.625104,0
2,45,0.469,2,-0.05,6.1632357,0
2,46,0.451,2,-0.05,6.162593,0
2,47,0.440,1,-0.05,5.6098485,0
2,48,0.420,1,-0.05,6.0540037,0
2,49,0.405,0,1.0,5.9231987,0
2,50,0.329,1,-0.05,5.5441837,0
2,51,0.334,1,-0.05,5.085088,0
2,52,0.310,0,1.0,5.360978,0
2,53,0.243,0,1.0,4.9760675,0
2,54,0.219,2,-0.05,4.8081856,0
2,55,0.212,2,-0.05,5.0550966,0
2,56,0.194,2,-100.0,4.92039,0
3,0,0.663,0,1.0,5.2742777,0
3,1,0.674,1,-0.05,5.32036,0
3,2,0.658,0,1.0,5.3873806,0
3,3,0.679,1,-0.05,4.5738277,0
3,4,0.664,0,1.0,4.1714,0
3,5,0.653,0,1.0,3.5329058,0
3,6,0.638,0,1.0,3.246501,0
3,7,0.640,2,-0.05,3.2902932,0
3,8,0.636,0,1.0,3.3276188,0
3,9,0.614,1,-0.05,3.7784705,0
3,10,0.616,1,-0.05,4.3118844,0
3,11,0.618,2,-0.05,3.4014444,0
3,12,0.620,0,1.0,3.3991675,0
3,13,0.616,2,-0.05,4.576701,0
3,14,0.606,0,1.0,5.3485527,0
3,15,0.625,2,-0.05,6.0375443,0
3,16,0.629,1,-0.05,5.9939575,0
3,17,0.625,1,-0.05,5.6620812,0
3,18,0.626,1,-0.05,5.1252832,0
3,19,0.633,1,-0.05,3.3545475,0
3,20,0.633,0,1.0,3.482592,0
3,21,0.599,1,-0.05,2.8077168,0
3,22,0.578,0,1.0,2.475546,0
3,23,0.577,0,1.0,2.57418,0
3,24,0.525,1,-0.05,2.9959679,0
3,25,0.508,0,1.0,2.8705187,0
3,26,0.472,0,1.0,3.6518788,0
3,27,0.458,1,-0.05,3.591721,0
3,28,0.423,0,1.0,3.2120233,0
3,29,0.396,0,1.0,2.3158188,0
3,30,0.320,0,1.0,2.2927604,0
3,31,0.294,1,-0.05,2.4824166,0
3,32,0.280,2,-0.05,2.4502487,0
3,33,0.279,2,-0.05,2.3741367,0
3,34,0.270,1,-0.05,2.102663,0
3,35,0.262,1,-0.05,2.140049,0
3,36,0.242,0,1.0,2.6095357,0
3,37,0.159,0,-100.0,2.3674328,0
4,0,0.667,0,1.0,4.79548,0
4,1,0.674,1,-0.05,4.7716236,0
4,2,0.675,1,-0.05,4.6319838,0
4,3,0.657,2,-0.05,3.1964645,0
4,4,0.650,2,-0.05,3.5261583,0
4,5,0.664,1,-0.05,5.1021585,0
4,6,0.658,2,-0.05,4.8284893,0
4,7,0.655,2,-0.05,5.4495993,0
4,8,0.650,0,1.0,5.8340597,0
4,9,0.670,1,-0.05,5.534726,0
4,10,0.687,2,-0.05,5.330948,0
4,11,0.701,0,1.0,5.204954,0
4,12,0.688,0,1.0,5.5171614,0
4,13,0.634,0,1.0,5.539545,0
4,14,0.605,2,-0.05,5.6549335,0
4,15,0.599,1,-0.05,5.5610723,0
4,16,0.580,1,-0.05,5.774026,0
4,17,0.597,2,-0.05,5.438583,0
4,18,0.600,2,-0.05,5.1907034,0
4,19,0.575,0,1.0,5.7321987,0
4,20,0.521,0,1.0,5.689328,0
4,21,0.474,1,-0.05,5.6872334,0
4,22,0.484,1,-0.05,5.684029,0
4,23,0.457,0,1.0,5.6735387,0
4,24,0.432,1,-0.05,5.291374,0
4,25,0.423,1,-0.05,5.2421837,0
4,26,0.420,0,1.0,5.407175,0
4,27,0.411,1,-0.05,4.361366,0
4,28,0.397,2,-0.05,4.209914,0
4,29,0.407,1,-0.05,4.8570666,0
4,30,0.409,1,-0.05,4.3661575,0
4,31,0.395,1,-0.05,3.3123016,0
4,32,0.388,1,-0.05,3.7926116,0
4,33,0.399,1,-0.05,4.4089355,0
4,34,0.414,2,-0.05,3.1091332,0
4,35,0.426,0,1.0,3.022189,0
4,36,0.433,0,1.0,3.8894613,0
4,37,0.439,1,-0.05,3.8687446,0
4,38,0.461,0,1.0,3.8398685,0
4,39,0.481,0,1.0,2.5271463,0
4,40,0.508,2,-0.05,2.4438283,0
4,41,0.510,1,-0.05,2.340117,0
4,42,0.512,2,-0.05,2.2231438,0
4,43,0.524,1,-0.05,2.337131,0
4,44,0.522,2,-0.05,2.279798,0
4,45,0.534,2,-0.05,2.2935853,0
4,46,0.541,2,-0.05,3.0438647,0
4,47,0.540,1,-0.05,3.2791119,0
4,48,0.546,2,-0.05,3.2885303,0
4,49,0.542,2,-0.05,3.4102275,0
4,50,0.542,0,1.0,3.6171412,0
4,51,0.540,1,-0.05,5.841214,0
4,52,0.540,0,1.0,5.751401,0
4,53,0.525,0,1.0,3.8256402,0
4,54,0.533,0,1.0,3.830904,0
4,55,0.528,0,1.0,3.823242,0
4,56,0.531,2,-0.05,3.3676944,0
4,57,0.533,0,1.0,3.356041,0
4,58,0.511,0,1.0,4.852813,0
4,59,0.510,1,-0.05,4.741464,0
4,60,0.500,1,-0.05,4.1888905,0
4,61,0.510,1,-0.05,3.6865897,0
4,62,0.491,1,-0.05,2.439893,0
4,63,0.501,1,-0.05,3.8193405,0
4,64,0.487,1,-0.05,2.9594533,0
4,65,0.510,0,1.0,2.5984616,0
4,66,0.558,0,1.0,2.4691155,0
4,67,0.596,0,1.0,2.6330957,0
4,68,0.641,0,1.0,2.551045,0
4,69,0.668,2,-0.05,2.109254,0
4,70,0.665,2,-0.05,2.3028398,0
4,71,0.684,2,-0.05,2.1102471,0
4,72,0.667,2,-0.05,2.5035634,0
4,73,0.673,2,-0.05,3.1861935,0
4,74,0.699,1,-0.05,3.5472987,0
4,75,0.705,2,-0.05,3.5225177,0
4,76,0.699,2,-0.05,3.5114622,0
4,77,0.704,2,-0.05,4.244455,0
4,78,0.707,2,-0.05,4.4557877,0
4,79,0.697,1,-0.05,4.491588,0
4,80,0.691,2,-0.05,4.4605365,0
4,81,0.684,1,-0.05,4.820896,0
4,82,0.688,2,-0.05,4.7148895,0
4,83,0.693,1,-0.05,4.779963,0
4,84,0.672,0,1.0,4.7127466,0
4,85,0.689,1,-0.05,4.5119863,0
4,86,0.701,0,1.0,4.1609793,0
4,87,0.720,2,-0.05,3.5974474,0
4,88,0.732,0,1.0,3.575667,0
4,89,0.776,0,1.0,4.178215,0
4,90,0.792,0,1.0,4.1172857,0
4,91,0.794,1,-0.05,4.079027,0
4,92,0.789,2,-0.05,3.9033155,0
4,93,0.803,1,-0.05,4.33291,0
4,94,0.803,1,-0.05,3.8174539,0
4,95,0.801,1,-0.05,3.585864,0
4,96,0.748,0,1.0,3.1532502,0
4,97,0.671,0,1.0,2.3739178,0
4,98,0.582,1,-0.05,2.357198,0
4,99,0.562,1,-0.05,2.5017726,0
4,100,0.547,2,-0.05,1.6662691,0
4,101,0.525,0,1.0,2.3508747,0
4,102,0.415,0,1.0,2.60129,0
4,103,0.278,0,1.0,2.7833874,0
4,104,0.250,2,-0.05,2.791503,0
4,105,0.200,1,-0.05,2.6554246,0
4,106,0.181,1,-100.0,2.6822243,0
5,0,0.668,1,-0.05,4.6443663,0
5,1,0.674,1,-0.05,3.9457924,0
5,2,0.663,1,-0.05,3.3096044,0
5,3,0.673,1,-0.05,2.780241,0
5,4,0.667,2,-0.05,2.5086868,0
5,5,0.656,2,-0.05,2.5340261,0
5,6,0.650,0,1.0,3.469246,0
5,7,0.633,0,1.0,3.3329844,0
5,8,0.611,0,1.0,3.3401747,0
5,9,0.593,1,-0.05,3.3985672,0
5,10,0.597,1,-0.05,3.476791,0
5,11,0.590,1,-0.05,3.4529133,0
5,12,0.572,0,1.0,2.5613155,0
5,13,0.545,0,1.0,2.8225517,0
5,14,0.513,2,-0.05,2.73964,0
5,15,0.482,0,1.0,2.9655485,0
5,16,0.464,1,-0.05,2.800753,0
5,17,0.455,1,-0.05,2.9492645,0
5,18,0.438,2,-0.05,2.969337,0
5,19,0.442,1,-0.05,2.9623253,0
5,20,0.438,0,1.0,3.1684382,0
5,21,0.388,2,-0.05,3.5040808,0
5,22,0.383,2,-0.05,3.271432,0
5,23,0.372,1,-0.05,3.2714415,0
5,24,0.360,2,-0.05,3.3728838,0
5,25,0.346,2,-0.05,3.11627,0
5,26,0.336,0,1.0,3.5060236,0
5,27,0.310,2,-0.05,3.344501,0
5,28,0.310,2,-0.05,3.4134102,0
5,29,0.310,1,-0.05,3.890574,0
5,30,0.304,2,-0.05,3.6512747,0
5,31,0.292,2,-0.05,3.9301763,0
5,32,0.297,0,1.0,4.6055756,0
5,33,0.306,1,-0.05,5.03007,0
5,34,0.299,2,-0.05,5.1967106,0
5,35,0.311,1,-0.05,5.260591,0
5,36,0.294,1,-0.05,5.321305,0
5,37,0.305,0,1.0,4.756378,0
5,38,0.286,0,1.0,3.9066074,0
5,39,0.276,0,1.0,4.1378875,0
5,40,0.269,2,-0.05,4.118165,0
5,41,0.252,0,1.0,4.092921,0
5,42,0.249,1,-0.05,4.3437552,0
5,43,0.253,1,-0.05,4.5387297,0
5,44,0.250,2,-0.05,4.291236,0
5,45,0.251,0,1.0,4.4960637,0
5,46,0.223,2,-0.05,4.686181,0
5,47,0.245,1,-0.05,4.7492876,0
5,48,0.253,1,-0.05,4.606468,0
5,49,0.253,0,1.0,4.380786,0
5,50,0.217,0,1.0,4.402623,0
5,51,0.212,2,-0.05,4.396943,0
5,52,0.205,1,-0.05,3.998718,0
5,53,0.190,1,-100.0,3.574308,0
6,0,0.668,1,-0.05,4.6410346,0
6,1,0.671,2,-0.05,3.9400792,0
6,2,0.662,0,1.0,4.5371695,0
6,3,0.663,0,1.0,5.3413672,0
6,4,0.673,0,1.0,5.58144,0
6,5,0.679,0,1.0,5.69765,0
6,6,0.679,0,1.0,5.691902,0
6,7,0.692,0,1.0,5.6686487,0
6,8,0.684,2,-0.05,5.5860395,0
6,9,0.691,1,-0.05,5.601715,0
6,10,0.706,1,-0.05,5.119976,0
6,11,0.691,2,-0.05,3.479124,0
6,12,0.686,2,-0.05,3.8214202,0
6,13,0.700,0,1.0,5.4865265,0
6,14,0.698,0,1.0,5.9127607,0
6,15,0.683,0,1.0,5.9233828,0
6,16,0.686,2,-0.05,5.9921722,0
6,17,0.668,1,-0.05,5.8749647,0
6,18,0.678,1,-0.05,5.992902,0
6,19,0.684,2,-0.05,5.2205367,0
6,20,0.673,2,-0.05,5.513468,0
6,21,0.680,2,-0.05,6.0190973,0
6,22,0.664,0,1.0,5.642872,0
6,23,0.639,2,-0.05,5.432621,0
6,24,0.631,2,-0.05,5.5444593,0
6,25,0.616,0,1.0,5.992893,0
6,26,0.570,2,-0.05,6.094283,0
6,27,0.565,2,-0.05,5.9352694,0
6,28,0.559,1,-0.05,5.372221,0
6,29,0.529,0,1.0,5.4488726,0
6,30,0.498,2,-0.05,5.7772226,0
6,31,0.452,0,1.0,5.7193236,0
6,32,0.433,2,-0.05,5.412443,0
6,33,0.414,1,-0.05,5.39349,0
6,34,0.384,1,-0.05,5.3667617,0
6,35,0.398,2,-0.05,5.6378965,0
6,36,0.373,0,1.0,5.4768534,0
6,37,0.330,2,-0.05,5.2807016,0
6,38,0.317,2,-0.05,5.3943124,0
6,39,0.311,0,1.0,5.506706,0
6,40,0.252,1,-0.05,5.629863,0
6,41,0.227,1,-0.05,5.391238,0
6,42,0.218,2,-0.05,5.0735054,0
6,43,0.206,1,-0.05,5.1732225,0
6,44,0.180,0,-100.0,5.0603576,0
7,0,0.667,2,-0.05,4.8360405,0
7,1,0.657,0,1.0,5.443609,0
7,2,0.684,0,1.0,5.910245,0
7,3,0.694,0,1.0,5.8913383,0
7,4,0.704,2,-0.05,5.89215,0
7,5,0.707,2,-0.05,5.9542027,0
7,6,0.684,0,1.0,5.3343687,0
7,7,0.668,0,1.0,5.341318,0
7,8,0.626,1,-0.05,5.3550076,0
7,9,0.622,1,-0.05,5.3903675,0
7,10,0.613,2,-0.05,5.793721,0
7,11,0.621,2,-0.05,5.626011,0
7,12,0.602,2,-0.05,5.452978,0
7,13,0.600,2,-0.05,5.6777177,0
7,14,0.585,1,-0.05,5.947537,0
7,15,0.593,2,-0.05,5.8437204,0
7,16,0.584,2,-0.05,5.826963,0
7,17,0.562,1,-0.05,5.5967026,0
7,18,0.575,2,-0.05,5.69355,0
7,19,0.537,0,1.0,5.640875,0
7,20,0.512,2,-0.05,6.2330875,0
7,21,0.471,0,1.0,6.382624,0
7,22,0.412,1,-0.05,6.560097,0
7,23,0.392,1,-0.05,6.4993763,0
7,24,0.365,0,1.0,6.4790726,0
7,25,0.326,2,-0.05,6.006269,0
7,26,0.300,0,1.0,6.0248632,0
7,27,0.245,1,-0.05,6.1673155,0
7,28,0.238,2,-0.05,6.0704083,0
7,29,0.232,1,-0.05,5.9943733,0
7,30,0.211,0,1.0,5.9003134,0
7,31,0.160,2,-100.0,5.94656,0
8,0,0.661,1,-0.05,5.2744327,0
8,1,0.659,0,1.0,4.637122,0
8,2,0.657,0,1.0,3.3241334,0
8,3,0.641,1,-0.05,3.3592448,0
8,4,0.652,1,-0.05,3.3600147,0
8,5,0.641,2,-0.05,3.2734323,0
8,6,0.641,1,-0.05,3.5067487,0
8,7,0.629,0,1.0,3.315948,0
8,8,0.610,1,-0.05,2.883823,0
8,9,0.600,0,1.0,2.5736492,0
8,10,0.566,2,-0.05,2.5273023,0
8,11,0.561,1,-0.05,2.77339,0
8,12,0.559,1,-0.05,3.06109,0
8,13,0.534,1,-0.05,3.3104901,0
8,14,0.544,2,-0.05,3.007739,0
8,15,0.519,0,1.0,3.2452738,0
8,16,0.490,2,-0.05,3.2416391,0
8,17,0.473,2,-0.05,3.2634888,0
8,18,0.450,2,-0.05,2.956463,0
8,19,0.469,1,-0.05,2.7488225,0
8,20,0.447,1,-0.05,2.8357105,0
8,21,0.432,0,1.0,2.9369867,0
8,22,0.351,0,1.0,3.5464907,0
8,23,0.344,1,-0.05,3.2144833,0
8,24,0.345,1,-0.05,3.1791668,0
8,25,0.322,2,-0.05,2.5623255,0
8,26,0.301,0,1.0,2.9050605,0
8,27,0.258,2,-0.05,2.9402194,0
8,28,0.252,2,-0.05,2.7700188,0
8,29,0.246,2,-0.05,3.456091,0
8,30,0.230,2,-0.05,3.6304593,0
8,31,0.226,2,-0.05,4.331008,0
8,32,0.227,1,-0.05,4.882,0
8,33,0.228,2,-0.05,4.8632994,0
8,34,0.230,0,1.0,4.850999,0
8,35,0.222,0,1.0,5.005569,0
8,36,0.225,2,-0.05,4.697424,0
8,37,0.223,2,-0.05,4.706953,0
8,38,0.224,0,1.0,4.843189,0
8,39,0.252,1,-0.05,6.1752954,0
8,40,0.248,0,1.0,5.563807,0
8,41,0.266,0,1.0,4.9256744,0
8,42,0.281,2,-0.05,5.252591,0
8,43,0.272,2,-0.05,5.3933554,0
8,44,0.288,1,-0.05,5.4499316,0
8,45,0.294,0,1.0,5.4110374,0
8,46,0.298,1,-0.05,4.5940986,0
8,47,0.287,2,-0.05,4.780052,0
8,48,0.301,2,-0.05,4.6706114,0
8,49,0.310,0,1.0,6.086069,0
8,50,0.333,0,1.0,5.994796,0
8,51,0.356,2,-0.05,5.3150826,0
8,52,0.367,2,-0.05,5.3447657,0
8,53,0.396,0,1.0,5.2568026,0
8,54,0.424,1,-0.05,5.0025845,0
8,55,0.459,0,1.0,4.9778237,0
8,56,0.505,0,1.0,5.658752,0
8,57,0.530,2,-0.05,6.3975153,0
8,58,0.540,1,-0.05,6.463972,0
8,59,0.559,0,1.0,5.714163,0
8,60,0.585,1,-0.05,5.3161325,0
8,61,0.600,0,1.0,5.33599,0
8,62,0.618,2,-0.05,4.353167,0
8,63,0.638,0,1.0,3.9650571,0
8,64,0.638,1,-0.05,4.5497828,0
8,65,0.659,1,-0.05,4.4165506,0
8,66,0.654,2,-0.05,4.934142,0
8,67,0.656,2,-0.05,4.4199963,0
8,68,0.664,1,-0.05,4.9212832,0
8,69,0.663,2,-0.05,4.837043,0
8,70,0.669,2,-0.05,5.0703144,0
8,71,0.697,0,1.0,4.7457204,0
8,72,0.691,0,1.0,4.666045,0
8,73,0.628,0,1.0,4.2706394,0
8,74,0.611,1,-0.05,4.907492,0
8,75,0.610,1,-0.05,5.554679,0
8,76,0.583,0,1.0,5.7389746,0
8,77,0.553,1,-0.05,4.278756,0
8,78,0.557,1,-0.05,4.6232233,0
8,79,0.559,1,-0.05,4.347604,0
8,80,0.549,2,-0.05,4.4240866,0
8,81,0.542,1,-0.05,4.5035663,0
8,82,0.556,0,1.0,4.391991,0
8,83,0.561,1,-0.05,3.7542818,0
8,84,0.571,2,-0.05,3.7675333,0
8,85,0.572,1,-0.05,3.826003,0
8,86,0.573,1,-0.05,3.80839,0
8,87,0.591,1,-0.05,3.2062514,0
8,88,0.585,1,-0.05,2.6657817,0
8,89,0.613,0,1.0,2.4164083,0
8,90,0.673,0,1.0,2.2341447,0
8,91,0.734,1,-0.05,2.1583583,0
8,92,0.749,1,-0.05,1.9164989,0
8,93,0.796,0,1.0,1.6266724,0
8,94,0.769,0,1.0,1.3106748,0
8,95,0.752,0,1.0,1.4048707,0
8,96,0.701,1,-0.05,1.5021577,0
8,97,0.686,1,-0.05,1.7504959,0
8,98,0.656,1,-0.05,1.5384879,0
8,99,0.600,0,1.0,2.0181992,0
8,100,0.590,1,-0.05,3.339332,0
8,101,0.576,2,-0.05,3.358372,0
8,102,0.570,1,-0.05,3.0694475,0
8,103,0.558,2,-0.05,3.1929708,0
8,104,0.530,2,-0.05,3.1542645,0
8,105,0.537,2,-0.05,2.0192208,0
8,106,0.490,0,1.0,1.7901392,0
8,107,0.385,0,1.0,1.8130524,0
8,108,0.348,1,-0.05,1.9579201,0
8,109,0.311,2,-0.05,2.064013,0
8,110,0.297,2,-0.05,2.2789922,0
8,111,0.225,0,1.0,3.5046077,0
8,112,0.194,1,-100.0,3.6566288,0
9,0,0.668,1,-0.05,4.6538887,0
9,1,0.660,2,-0.05,3.9620872,0
9,2,0.660,1,-0.05,4.119542,0
9,3,0.660,2,-0.05,3.5636249,0
9,4,0.664,0,1.0,3.7985246,0
9,5,0.664,1,-0.05,5.5545845,0
9,6,0.673,1,-0.05,5.3872156,0
9,7,0.671,2,-0.05,4.46724,0
9,8,0.668,0,1.0,4.200606,0
9,9,0.675,2,-0.05,5.6588926,0
9,10,0.662,2,-0.05,5.804138,0
9,11,0.667,2,-0.05,5.8617525,0
9,12,0.675,0,1.0,5.2046185,0
9,13,0.698,1,-0.05,5.2617335,0
9,14,0.700,2,-0.05,5.310322,0
9,15,0.692,0,1.0,5.5540147,0
9,16,0.644,1,-0.05,5.6053295,0
9,17,0.629,0,1.0,5.70049,0
9,18,0.581,0,1.0,5.6843605,0
9,19,0.562,1,-0.05,5.8217254,0
9,20,0.540,1,-0.05,5.890274,0
9,21,0.525,0,1.0,5.166732,0
9,22,0.525,0,1.0,5.6015897,0
9,23,0.495,0,1.0,5.563299,0
9,24,0.471,0,1.0,5.51499,0
9,25,0.468,0,1.0,5.4561515,0
9,26,0.450,2,-0.05,5.3514977,0
9,27,0.439,1,-0.05,5.24999,0
9,28,0.425,1,-0.05,4.748684,0
9,29,0.434,1,-0.05,3.7891958,0
9,30,0.434,1,-0.05,3.303163,0
9,31,0.431,2,-0.05,4.4013796,0
9,32,0.436,0,1.0,4.2915626,0
9,33,0.434,0,1.0,3.5699687,0
9,34,0.442,2,-0.05,3.6915314,0
9,35,0.440,1,-0.05,3.745359,0
9,36,0.444,0,1.0,3.521994,0
9,37,0.447,2,-0.05,3.4207666,0
9,38,0.458,1,-0.05,3.563911,0
9,39,0.447,2,-0.05,3.5945203,0
9,40,0.461,0,1.0,3.8170252,0
9,41,0.470,2,-0.05,3.8120675,0
9,42,0.470,2,-0.05,3.8099937,0
9,43,0.463,2,-0.05,4.664298,0
9,44,0.464,2,-0.05,5.188364,0
9,45,0.464,2,-0.05,5.2060204,0
9,46,0.459,1,-0.05,5.2194777,0
9,47,0.453,1,-0.05,5.220886,0
9,48,0.460,2,-0.05,5.212756,0
9,49,0.432,0,1.0,5.4151793,0
9,50,0.421,1,-0.05,5.1125126,0
9,51,0.404,1,-0.05,5.0556827,0
9,52,0.410,2,-0.05,5.0605335,0
9,53,0.395,1,-0.05,5.193573,0
9,54,0.383,2,-0.05,5.0853395,0
9,55,0.388,2,-0.05,5.1215277,0
9,56,0.390,2,-0.05,4.9331813,0
9,57,0.389,1,-0.05,5.3294015,0
9,58,0.366,0,1.0,5.1815195,0
9,59,0.342,2,-0.05,4.8217053,0
9,60,0.328,2,-0.05,4.782696,0
9,61,0.313,0,1.0,4.7988386,0
9,62,0.282,0,1.0,5.423234,0
9,63,0.227,0,1.0,5.358035,0
9,64,0.207,1,-0.05,5.2530107,0
9,65,0.179,1,-100.0,4.7529697,0
10,0,0.663,0,1.0,4.6540623,0
10,1,0.653,0,1.0,4.5860834,0
10,2,0.659,0,1.0,4.5830526,0
10,3,0.670,0,1.0,4.48604,0
10,4,0.671,1,-0.05,4.4930058,0
10,5,0.644,1,-0.05,4.483853,0
10,6,0.641,2,-0.05,3.449422,0
10,7,0.635,0,1.0,3.765496,0
10,8,0.659,0,1.0,4.681161,0
10,9,0.646,0,1.0,5.1104555,0
10,10,0.652,2,-0.05,5.0699096,0
10,11,0.648,0,1.0,5.161388,0
10,12,0.652,2,-0.05,6.0516753,0
10,13,0.652,1,-0.05,5.9395328,0
10,14,0.664,2,-0.05,5.7736387,0
10,15,0.667,0,1.0,6.042993,0
10,16,0.688,2,-0.05,5.35417,0
10,17,0.698,0,1.0,5.430149,0
10,18,0.691,2,-0.05,5.365324,0
10,19,0.693,1,-0.05,5.427158,0
10,20,0.674,0,1.0,5.1355376,0
10,21,0.659,0,1.0,5.6432104,0
10,22,0.626,1,-0.05,5.633779,0
10,23,0.623,2,-0.05,5.6339154,0
10,24,0.618,1,-0.05,5.4815645,0
10,25,0.622,2,-0.05,5.6122866,0
10,26,0.611,0,1.0,5.606162,0
10,27,0.583,2,-0.05,5.4073796,0
10,28,0.579,2,-0.05,5.5215683,0
10,29,0.565,0,1.0,5.8546433,0
10,30,0.504,0,1.0,5.8500504,0
10,31,0.456,2,-0.05,5.6307926,0
10,32,0.433,0,1.0,5.675705,0
10,33,0.394,1,-0.05,5.2200484,0
10,34,0.350,0,1.0,5.3732314,0
10,35,0.327,1,-0.05,5.2476826,0
10,36,0.315,0,1.0,5.0507765,0
10,37,0.263,1,-0.05,5.073624,0
10,38,0.259,1,-0.05,4.828408,0
10,39,0.236,1,-0.05,5.1224604,0
10,40,0.233,0,1.0,4.6176453,0
10,41,0.229,2,-0.05,3.6235194,0
10,42,0.218,1,-0.05,3.69096,0
10,43,0.212,1,-0.05,3.5201776,0
10,44,0.215,2,-0.05,2.7124987,0
10,45,0.211,0,1.0,3.0122602,0
10,46,0.189,0,-100.0,3.4978447,0
11,0,0.659,2,-0.05,4.9023905,0
11,1,0.656,2,-0.05,5.5742702,0
11,2,0.676,0,1.0,5.7141714,0
11,3,0.688,1,-0.05,5.2325497,0
11,4,0.701,1,-0.05,5.2794952,0
11,5,0.701,1,-0.05,5.761212,0
11,6,0.700,1,-0.05,5.5868473,0
11,7,0.702,0,1.0,4.759244,0
11,8,0.697,2,-0.05,3.336564,0
11,9,0.696,1,-0.05,3.4520154,0
11,10,0.688,1,-0.05,3.1555128,0
11,11,0.708,1,-0.05,3.2413688,0
11,12,0.687,1,-0.05,2.6359072,0
11,13,0.688,2,-0.05,2.6986957,0
11,14,0.671,1,-0.05,2.5817022,0
11,15,0.687,1,-0.05,2.730036,0
11,16,0.655,2,-0.05,3.012416,0
11,17,0.658,1,-0.05,3.2759395,0
11,18,0.642,0,1.0,3.0021057,0
11,19,0.594,1,-0.05,3.570252,0
11,20,0.593,2,-0.05,3.215832,0
11,21,0.560,0,1.0,3.443862,0
11,22,0.542,2,-0.05,3.0147767,0
11,23,0.537,1,-0.05,2.9924417,0
11,24,0.517,1,-0.05,3.262755,0
11,25,0.514,1,-0.05,3.490668,0
11,26,0.512,2,-0.05,2.200732,0
11,27,0.489,2,-0.05,2.1794572,0
11,28,0.477,0,1.0,3.3966174,0
11,29,0.432,1,-0.05,3.5905771,0
11,30,0.431,0,1.0,3.1852405,0
11,31,0.372,1,-0.05,3.53152,0
11,32,0.362,2,-0.05,3.2005017,0
11,33,0.368,2,-0.05,3.1880057,0
11,34,0.361,1,-0.05,3.3482585,0
11,35,0.356,2,-0.05,3.1833758,0
11,36,0.340,1,-0.05,3.3415184,0
11,37,0.325,1,-0.05,3.4285436,0
11,38,0.321,0,1.0,3.128806,0
11,39,0.291,1,-0.05,2.589284,0
11,40,0.281,2,-0.05,2.5365987,0
11,41,0.273,2,-0.05,2.6447043,0
11,42,0.253,2,-0.05,2.4639559,0
11,43,0.260,1,-0.05,2.83174,0
11,44,0.250,0,1.0,2.759424,0
11,45,0.194,0,-100.0,2.6074555,0
12,0,0.669,1,-0.05,4.835787,0
12,1,0.671,0,1.0,4.201915,0
12,2,0.653,1,-0.05,3.477532,0
12,3,0.645,0,1.0,3.2209778,0
12,4,0.635,1,-0.05,3.2907913,0
12,5,0.643,2,-0.05,3.3005238,0
12,6,0.624,0,1.0,3.304595,0
12,7,0.631,0,1.0,4.8267756,0
12,8,0.628,2,-0.05,4.768364,0
12,9,0.619,2,-0.05,4.764392,0
12,10,0.630,0,1.0,5.724071,0
12,11,0.637,0,1.0,5.7125273,0
12,12,0.657,1,-0.05,5.507881,0
12,13,0.660,2,-0.05,5.5652843,0
12,14,0.643,2,-0.05,5.3804183,0
12,15,0.657,1,-0.05,5.158396,0
12,16,0.674,2,-0.05,5.307807,0
12,17,0.674,0,1.0,5.2196064,0
12,18,0.693,1,-0.05,5.2777724,0
12,19,0.679,0,1.0,5.7037354,0
12,20,0.649,0,1.0,5.352702,0
12,21,0.607,0,1.0,5.407096,0
12,22,0.583,0,1.0,5.448699,0
12,23,0.558,0,1.0,5.4381976,0
12,24,0.524,2,-0.05,5.459775,0
12,25,0.518,1,-0.05,5.467872,0
12,26,0.515,2,-0.05,5.3696017,0
12,27,0.513,2,-0.05,5.3128977,0
12,28,0.501,1,-0.05,5.9320817,0
12,29,0.491,0,1.0,5.5064845,0
12,30,0.456,2,-0.05,5.372425,0
12,31,0.458,1,-0.05,5.100974,0
12,32,0.448,2,-0.05,5.2924347,0
12,33,0.423,0,1.0,5.394292,0
12,34,0.413,2,-0.05,5.344697,0
12,35,0.419,1,-0.05,5.421131,0
12,36,0.402,1,-0.05,5.226657,0
12,37,0.397,2,-0.05,5.1712875,0
12,38,0.391,2,-0.05,5.1403184,0
12,39,0.378,0,1.0,5.0788045,0
12,40,0.339,0,1.0,5.49627,0
12,41,0.301,0,1.0,5.425762,0
12,42,0.246,0,1.0,5.401726,0
12,43,0.216,0,1.0,4.762204,0
12,44,0.180,2,-100.0,4.6644278,0
13,0,0.666,2,-0.05,5.2785254,0
13,1,0.662,0,1.0,5.605796,0
13,2,0.667,0,1.0,5.6794534,0
13,3,0.689,1,-0.05,5.76606,0
13,4,0.706,1,-0.05,5.819251,0
13,5,0.700,0,1.0,5.642666,0
13,6,0.706,0,1.0,4.956828,0
13,7,0.709,1,-0.05,4.5812597,0
13,8,0.706,2,-0.05,4.4726515,0
13,9,0.695,2,-0.05,4.6609015,0
13,10,0.709,1,-0.05,5.9535604,0
13,11,0.698,0,1.0,5.9467344,0
13,12,0.703,0,1.0,4.742981,0
13,13,0.700,0,1.0,4.618938,0
13,14,0.700,1,-0.05,4.6864147,0
13,15,0.702,2,-0.05,4.5556164,0
13,16,0.695,1,-0.05,4.4763365,0
13,17,0.703,0,1.0,4.614834,0
13,18,0.687,0,1.0,3.8362637,0
13,19,0.683,0,1.0,3.1863813,0
13,20,0.671,0,1.0,3.5201802,0
13,21,0.663,0,1.0,3.5279083,0
13,22,0.655,1,-0.05,3.5391479,0
13,23,0.644,0,1.0,3.5050187,0
13,24,0.639,1,-0.05,2.9752755,0
13,25,0.641,1,-0.05,2.5672154,0
13,26,0.620,0,1.0,2.5559502,0
13,27,0.590,2,-0.05,3.3086612,0
13,28,0.590,2,-0.05,3.2583299,0
13,29,0.578,2,-0.05,2.9593577,0
13,30,0.558,0,1.0,2.762091,0
13,31,0.548,0,1.0,3.4574857,0
13,32,0.539,1,-0.05,2.964744,0
13,33,0.531,2,-0.05,2.9586341,0
13,34,0.536,2,-0.05,3.0063396,0
13,35,0.519,1,-0.05,4.565995,0
13,36,0.526,0,1.0,4.575569,0
13,37,0.506,0,1.0,2.895903,0
13,38,0.501,1,-0.05,3.4989622,0
13,39,0.492,0,1.0,3.437698,0
13,40,0.462,0,1.0,3.72084,0
13,41,0.462,0,1.0,3.499131,0
13,42,0.436,1,-0.05,2.9760165,0
13,43,0.419,2,-0.05,2.883214,0
13,44,0.428,0,1.0,2.9993463,0
13,45,0.407,0,1.0,3.738647,0
13,46,0.389,0,1.0,3.301655,0
13,47,0.378,1,-0.05,3.7642055,0
13,48,0.378,1,-0.05,4.046888,0
13,49,0.391,1,-0.05,3.9774842,0
13,50,0.385,2,-0.05,3.4578528,0
13,51,0.371,1,-0.05,3.4941072,0
13,52,0.353,0,1.0,3.5582695,0
13,53,0.339,1,-0.05,2.9185538,0
13,54,0.332,1,-0.05,3.480309,0
13,55,0.309,2,-0.05,2.460717,0
13,56,0.297,0,1.0,2.9850976,0
13,57,0.275,2,-0.05,3.9861684,0
13,58,0.252,1,-0.05,4.154373,0
13,59,0.261,0,1.0,3.8903606,0
13,60,0.221,1,-0.05,3.4718068,0
13,61,0.187,0,-100.0,3.1615992,0
14,0,0.661,0,1.0,4.8497066,0
14,1,0.656,1,-0.05,4.821611,0
14,2,0.662,0,1.0,4.7611446,0
14,3,0.647,0,1.0,3.37748,0
14,4,0.648,2,-0.05,3.4271083,0
14,5,0.639,1,-0.05,3.4585552,0
14,6,0.635,2,-0.05,3.3046994,0
14,7,0.640,0,1.0,3.3078182,0
14,8,0.627,2,-0.05,4.642254,0
14,9,0.623,1,-0.05,4.9681373,0
14,10,0.626,2,-0.05,4.222673,0
14,11,0.631,2,-0.05,4.6007404,0
14,12,0.639,1,-0.05,5.907628,0
14,13,0.625,0,1.0,5.5730186,0
14,14,0.636,2,-0.05,4.8750987,0
14,15,0.632,2,-0.05,4.3704214,0
14,16,0.633,0,1.0,5.7081943,0
14,17,0.649,0,1.0,5.7633657,0
14,18,0.661,1,-0.05,5.779236,0
14,19,0.672,2,-0.05,5.8434215,0
14,20,0.677,0,1.0,5.485195,0
14,21,0.702,1,-0.05,5.3147707,0
14,22,0.710,2,-0.05,5.3629556,0
14,23,0.709,2,-0.05,5.392957,0
14,24,0.687,0,1.0,5.538208,0
14,25,0.648,1,-0.05,6.1493464,0
14,26,0.649,0,1.0,6.0040746,0
14,27,0.601,1,-0.05,5.889206,0
14,28,0.595,0,1.0,5.6753216,0
14,29,0.574,2,-0.05,5.4396324,0
14,30,0.572,2,-0.05,5.4815674,0
14,31,0.557,0,1.0,5.6020374,0
14,32,0.520,2,-0.05,5.8186502,0
14,33,0.501,0,1.0,5.684437,0
14,34,0.458,1,-0.05,5.727008,0
14,35,0.443,1,-0.05,5.3636065,0
14,36,0.420,0,1.0,5.5090156,0
14,37,0.385,0,1.0,5.962626,0
14,38,0.358,2,-0.05,5.4594507,0
14,39,0.342,0,1.0,5.392144,0
14,40,0.308,1,-0.05,5.320513,0
14,41,0.281,1,-0.05,5.125601,0
14,42,0.280,2,-0.05,5.293734,0
14,43,0.279,1,-0.05,5.351903,0
14,44,0.261,0,1.0,5.340791,0
14,45,0.222,1,-0.05,4.968397,0
14,46,0.216,1,-0.05,5.076147,0
14,47,0.224,1,-0.05,4.5465746,0
14,48,0.202,2,-0.05,3.6862154,0
14,49,0.222,2,-0.05,3.7377,0
14,50,0.202,0,1.0,4.312618,0
14,51,0.178,1,-100.0,4.7031693,0
15,0,0.663,0,1.0,4.6539783,0
15,1,0.653,0,1.0,4.5854244,0
15,2,0.659,1,-0.05,4.5818157,0
15,3,0.653,0,1.0,4.482769,0
15,4,0.652,0,1.0,3.432444,0
15,5,0.630,0,1.0,3.3991556,0
15,6,0.616,1,-0.05,3.3017612,0
15,7,0.607,0,1.0,3.3246052,0
15,8,0.602,0,1.0,3.4735756,0
15,9,0.580,1,-0.05,3.2408292,0
15,10,0.569,2,-0.05,3.2356968,0
15,11,0.578,1,-0.05,3.504383,0
15,12,0.574,2,-0.05,3.1003027,0
15,13,0.563,1,-0.05,3.23154,0
15,14,0.564,2,-0.05,3.2460146,0
15,15,0.565,0,1.0,3.5675454,0
15,16,0.554,1,-0.05,3.4469986,0
15,17,0.547,0,1.0,3.6845741,0
15,18,0.535,0,1.0,3.3615985,0
15,19,0.517,2,-0.05,3.3628817,0
15,20,0.519,2,-0.05,3.3373375,0
15,21,0.501,2,-0.05,4.396062,0
15,22,0.507,0,1.0,5.917508,0
15,23,0.522,1,-0.05,6.094921,0
15,24,0.532,1,-0.05,6.2398615,0
15,25,0.532,2,-0.05,5.079034,0
15,26,0.530,0,1.0,5.192824,0
15,27,0.546,1,-0.05,6.2068057,0
15,28,0.540,2,-0.05,6.2706184,0
15,29,0.546,1,-0.05,5.652301,0
15,30,0.556,2,-0.05,5.530836,0
15,31,0.552,1,-0.05,5.5299897,0
15,32,0.560,2,-0.05,6.2651505,0
15,33,0.567,2,-0.05,6.224939,0
15,34,0.569,1,-0.05,5.425864,0
15,35,0.583,0,1.0,5.417358,0
15,36,0.595,1,-0.05,6.3559637,0
15,37,0.604,2,-0.05,6.3141556,0
15,38,0.601,2,-0.05,6.282636,0
15,39,0.615,2,-0.05,5.475027,0
15,40,0.608,0,1.0,5.0296073,0
15,41,0.663,1,-0.05,5.4863005,0
15,42,0.697,0,1.0,5.571555,0
15,43,0.703,0,1.0,5.179064,0
15,44,0.639,0,1.0,5.234624,0
15,45,0.621,2,-0.05,5.4758368,0
15,46,0.610,2,-0.05,5.374075,0
15,47,0.609,2,-0.05,5.5120163,0
15,48,0.594,1,-0.05,5.257082,0
15,49,0.578,0,1.0,5.363955,0
15,50,0.526,1,-0.05,5.3735776,0
15,51,0.519,2,-0.05,5.289068,0
15,52,0.501,2,-0.05,5.241755,0
15,53,0.493,0,1.0,5.4227457,0
15,54,0.426,1,-0.05,4.994687,0
15,55,0.441,1,-0.05,4.913916,0
15,56,0.418,1,-0.05,5.5615387,0
15,57,0.395,2,-0.05,5.0855117,0
15,58,0.399,2,-0.05,5.370998,0
15,59,0.371,0,1.0,5.593652,0
15,60,0.340,1,-0.05,5.0072913,0
15,61,0.300,0,1.0,4.947083,0
15,62,0.249,0,1.0,4.4872785,0
15,63,0.177,0,-100.0,4.3638716,0
16,0,0.661,2,-0.05,4.8726377,0
16,1,0.663,0,1.0,5.493877,0
16,2,0.665,0,1.0,5.892584,0
16,3,0.691,2,-0.05,5.90465,0
16,4,0.700,1,-0.05,5.912203,0
16,5,0.691,0,1.0,5.7157974,0
16,6,0.701,0,1.0,5.1104136,0
16,7,0.701,2,-0.05,4.745322,0
16,8,0.708,0,1.0,4.639494,0
16,9,0.699,1,-0.05,5.773177,0
16,10,0.711,2,-0.05,5.78784,0
16,11,0.706,1,-0.05,5.9632044,0
16,12,0.703,0,1.0,5.682073,0
16,13,0.706,0,1.0,4.942548,0
16,14,0.700,0,1.0,4.646138,0
16,15,0.698,1,-0.05,4.6301775,0
16,16,0.706,0,1.0,4.5269213,0
16,17,0.698,0,1.0,3.2070765,0
16,18,0.691,1,-0.05,3.238648,0
16,19,0.685,1,-0.05,3.2092185,0
16,20,0.672,0,1.0,3.465489,0
16,21,0.650,0,1.0,2.3551931,0
16,22,0.625,0,1.0,2.3520346,0
16,23,0.597,0,1.0,2.536219,0
16,24,0.571,0,1.0,2.569597,0
16,25,0.552,1,-0.05,3.1153305,0
16,26,0.549,2,-0.05,3.071221,0
16,27,0.533,0,1.0,2.6107874,0
16,28,0.524,1,-0.05,2.8291812,0
16,29,0.520,1,-0.05,2.8846645,0
16,30,0.512,0,1.0,3.5114052,0
16,31,0.478,2,-0.05,3.4591272,0
16,32,0.467,1,-0.05,3.2094507,0
16,33,0.464,1,-0.05,2.2163937,0
16,34,0.456,2,-0.05,2.011006,0
16,35,0.448,2,-0.05,1.9806283,0
16,36,0.439,2,-0.05,3.1767583,0
16,37,0.431,1,-0.05,3.7923548,0
16,38,0.414,0,1.0,3.6555722,0
16,39,0.391,1,-0.05,2.277673,0
16,40,0.384,1,-0.05,2.5163145,0
16,41,0.370,0,1.0,2.506891,0
16,42,0.311,1,-0.05,2.6853871,0
16,43,0.294,0,1.0,2.5930614,0
16,44,0.247,2,-0.05,2.3820107,0
16,45,0.232,1,-0.05,2.2855117,0
16,46,0.211,2,-0.05,2.1162076,0
16,47,0.213,2,-0.05,2.4255948,0
16,48,0.180,0,-100.0,2.6397285,0
17,0,0.664,1,-0.05,4.902694,0
17,1,0.658,0,1.0,4.492132,0
17,2,0.651,2,-0.05,3.2357707,0
17,3,0.651,2,-0.05,3.2348094,0
17,4,0.643,2,-0.05,3.7798445,0
17,5,0.632,0,1.0,5.4530354,0
17,6,0.660,0,1.0,5.780368,0
17,7,0.682,2,-0.05,5.835844,0
17,8,0.675,1,-0.05,5.83925,0
17,9,0.674,2,-0.05,5.8432207,0
17,10,0.674,1,-0.05,5.8707037,0
17,11,0.683,0,1.0,5.938165,0
17,12,0.689,2,-0.05,5.269125,0
17,13,0.682,0,1.0,5.041519,0
17,14,0.698,2,-0.05,5.8607206,0
17,15,0.691,1,-0.05,5.9192057,0
17,16,0.702,2,-0.05,5.915765,0
17,17,0.702,1,-0.05,5.92498,0
17,18,0.707,1,-0.05,5.903624,0
17,19,0.709,0,1.0,4.600496,0
17,20,0.702,2,-0.05,3.1523232,0
17,21,0.698,1,-0.05,3.181057,0
17,22,0.676,0,1.0,3.4402838,0
17,23,0.677,1,-0.05,2.7662554,0
17,24,0.643,1,-0.05,2.8116286,0
17,25,0.670,2,-0.05,2.5431256,0
17,26,0.660,2,-0.05,2.482944,0
17,27,0.640,0,1.0,2.97617,0
17,28,0.643,1,-0.05,3.52722,0
17,29,0.634,1,-0.05,3.540368,0
17,30,0.625,1,-0.05,3.0081003,0
17,31,0.622,2,-0.05,2.4710798,0
17,32,0.629,1,-0.05,2.4729314,0
17,33,0.606,0,1.0,2.4949417,0
17,34,0.583,1,-0.05,3.0903225,0
17,35,0.576,1,-0.05,3.4079704,0
17,36,0.557,0,1.0,3.870355,0
17,37,0.518,2,-0.05,2.728441,0
17,38,0.491,0,1.0,2.2826297,0
17,39,0.459,1,-0.05,2.649533,0
17,40,0.437,0,1.0,2.4704018,0
17,41,0.392,2,-0.05,2.1814542,0
17,42,0.382,2,-0.05,2.4699812,0
17,43,0.367,2,-0.05,2.4652922,0
17,44,0.363,2,-0.05,2.3591766,0
17,45,0.343,1,-0.05,3.798379,0
17,46,0.351,1,-0.05,3.7050905,0
17,47,0.340,0,1.0,2.1859338,0
17,48,0.299,2,-0.05,2.2823503,0
17,49,0.274,1,-0.05,2.6025743,0
17,50,0.271,1,-0.05,2.5730174,0
17,51,0.232,0,1.0,2.5997605,0
17,52,0.201,2,-0.05,1.5757315,0
17,53,0.161,0,-100.0,1.7082301,0
18,0,0.662,0,1.0,4.874116,0
18,1,0.672,1,-0.05,4.8565154,0
18,2,0.665,2,-0.05,4.8279057,0
18,3,0.663,1,-0.05,5.048914,0
18,4,0.672,1,-0.05,5.093427,0
18,5,0.672,1,-0.05,3.5232573,0
18,6,0.673,1,-0.05,3.1893768,0
18,7,0.661,1,-0.05,3.0191638,0
18,8,0.653,1,-0.05,2.5637617,0
18,9,0.635,0,1.0,2.8767793,0
18,10,0.600,2,-0.05,3.4004078,0
18,11,0.595,2,-0.05,3.2562625,0
18,12,0.570,0,1.0,3.073414,0
18,13,0.517,0,1.0,2.5212781,0
18,14,0.499,2,-0.05,2.6113725,0
18,15,0.502,1,-0.05,2.6976843,0
18,16,0.467,0,1.0,2.7267084,0
18,17,0.456,2,-0.05,3.336412,0
18,18,0.440,1,-0.05,3.5615945,0
18,19,0.414,0,1.0,3.5364354,0
18,20,0.373,2,-0.05,2.0984597,0
18,21,0.367,1,-0.05,2.6875381,0
18,22,0.339,0,1.0,2.4601343,0
18,23,0.288,1,-0.05,1.6777511,0
18,24,0.265,0,1.0,1.6247234,0
18,25,0.204,1,-0.05,1.7617855,0
18,26,0.168,2,-100.0,1.5826867,0
19,0,0.661,1,-0.05,5.8256693,0
19,1,0.662,1,-0.05,4.5987988,0
19,2,0.668,2,-0.05,2.7608733,0
19,3,0.657,2,-0.05,3.3705494,0
19,4,0.669,1,-0.05,4.126742,0
19,5,0.654,1,-0.05,3.725944,0
19,6,0.665,2,-0.05,2.6277995,0
19,7,0.666,2,-0.05,2.7002072,0
19,8,0.646,2,-0.05,4.5943027,0
19,9,0.647,1,-0.05,5.388605,0
19,10,0.648,0,1.0,5.4473624,0
19,11,0.650,0,1.0,3.7125537,0
19,12,0.640,0,1.0,3.8635852,0
19,13,0.645,1,-0.05,3.9817817,0
19,14,0.634,2,-0.05,3.9029756,0
19,15,0.643,1,-0.05,4.1822615,0
19,16,0.633,1,-0.05,4.107673,0
19,17,0.632,1,-0.05,3.5207152,0
19,18,0.629,2,-0.05,2.7042935,0
19,19,0.626,2,-0.05,3.0185199,0
19,20,0.628,2,-0.05,3.6806226,0
19,21,0.621,0,1.0,4.7076025,0
19,22,0.629,1,-0.05,6.1415963,0
19,23,0.623,0,1.0,6.2736206,0
19,24,0.624,0,1.0,5.8212485,0
19,25,0.607,2,-0.05,5.188134,0
19,26,0.624,1,-0.05,5.6394563,0
19,27,0.606,1,-0.05,4.9756765,0
19,28,0.609,2,-0.05,4.480836,0
19,29,0.618,0,1.0,4.3636374,0
19,30,0.608,0,1.0,4.4392633,0
19,31,0.613,2,-0.05,4.7309213,0
19,32,0.609,1,-0.05,4.9718633,0
19,33,0.605,1,-0.05,5.0378046,0
19,34,0.590,2,-0.05,4.63909,0
19,35,0.590,0,1.0,4.511013,0
19,36,0.591,0,1.0,5.177713,0
19,37,0.587,1,-0.05,5.482918,0
19,38,0.595,0,1.0,5.941959,0
19,39,0.587,2,-0.05,4.4335513,0
19,40,0.562,0,1.0,4.014823,0
19,41,0.566,2,-0.05,5.1327605,0
19,42,0.576,0,1.0,5.696652,0
19,43,0.557,2,-0.05,6.4694395,0
19,44,0.577,2,-0.05,5.990276,0
19,45,0.585,1,-0.05,6.8855343,0
19,46,0.581,1,-0.05,6.013273,0
19,47,0.592,1,-0.05,5.8381166,0
19,48,0.587,2,-0.05,4.827801,0
19,49,0.586,0,1.0,5.015098,0
19,50,0.585,1,-0.05,5.3133745,0
19,51,0.591,1,-0.05,4.8089523,0
19,52,0.599,1,-0.05,5.1760383,0
19,53,0.592,2,-0.05,3.4741962,0
19,54,0.585,1,-0.05,4.1530647,0
19,55,0.596,0,1.0,3.7444687,0
19,56,0.575,2,-0.05,3.5074165,0
19,57,0.561,0,1.0,2.969467,0
19,58,0.549,2,-0.05,2.9552207,0
19,59,0.570,1,-0.05,3.4976025,0
19,60,0.550,0,1.0,3.9966931,0
19,61,0.508,0,1.0,3.5101116,0
19,62,0.515,0,1.0,1.7125216,0
19,63,0.486,2,-0.05,1.7220073,0
19,64,0.464,1,-0.05,2.4135475,0
19,65,0.470,0,1.0,2.3757982,0
19,66,0.432,0,1.0,2.089937,0
19,67,0.409,0,1.0,0.3991037,0
19,68,0.377,2,-0.05,0.3566792,0
19,69,0.363,0,1.0,0.68913263,0
19,70,0.344,2,-0.05,1.0322926,0
19,71,0.341,1,-0.05,1.5133154,0
19,72,0.338,1,-0.05,1.3486898,0
19,73,0.326,1,-0.05,-1.3776658,0
19,74,0.318,0,1.0,-1.1378735,0
19,75,0.239,0,1.0,-1.6760991,0
19,76,0.198,2,-100.0,-1.5502001,0
20,0,0.663,0,1.0,6.034263,0
20,1,0.674,1,-0.05,5.550265,0
20,2,0.669,1,-0.05,5.5047646,0
20,3,0.659,0,1.0,4.645215,0
20,4,0.647,0,1.0,4.080034,0
20,5,0.638,1,-0.05,4.220219,0
20,6,0.639,1,-0.05,4.6562243,0
20,7,0.621,0,1.0,4.33254,0
20,8,0.580,0,1.0,3.099881,0
20,9,0.555,1,-0.05,2.8789349,0
20,10,0.558,1,-0.05,2.9531453,0
20,11,0.540,2,-0.05,3.52641,0
20,12,0.535,0,1.0,2.677351,0
20,13,0.504,0,1.0,2.225284,0
20,14,0.479,1,-0.05,2.2932467,0
20,15,0.462,2,-0.05,2.1194339,0
20,16,0.445,0,1.0,2.6492434,0
20,17,0.443,2,-0.05,4.51633,0
20,18,0.430,2,-0.05,3.9205577,0
20,19,0.433,1,-0.05,4.449491,0
20,20,0.416,0,1.0,4.5401087,0
20,21,0.407,1,-0.05,3.1695225,0
20,22,0.399,2,-0.05,2.7510095,0
20,23,0.398,1,-0.05,2.936931,0
20,24,0.394,0,1.0,3.002302,0
20,25,0.368,0,1.0,1.6048982,0
20,26,0.332,2,-0.05,1.4640809,0
20,27,0.301,0,1.0,1.7180667,0
20,28,0.296,0,1.0,3.6820903,0
20,29,0.271,2,-0.05,3.9943726,0
20,30,0.268,1,-0.05,3.9468079,0
20,31,0.260,1,-0.05,2.93097,0
20,32,0.266,1,-0.05,2.5436249,0
20,33,0.253,2,-0.05,-1.1372044,0
20,34,0.247,0,1.0,-0.38538498,0
20,35,0.207,0,1.0,1.4982777,0
20,36,0.178,2,-100.0,1.8502338,0
21,0,0.661,1,-0.05,6.6838694,0
21,1,0.677,2,-0.05,5.456659,0
21,2,0.661,0,1.0,5.157859,0
21,3,0.663,2,-0.05,5.7087297,0
21,4,0.685,1,-0.05,5.7918124,0
21,5,0.660,2,-0.05,5.7210584,0
21,6,0.681,1,-0.05,5.5492153,0
21,7,0.677,1,-0.05,5.824946,0
21,8,0.681,0,1.0,5.8139343,0
21,9,0.662,0,1.0,4.3955584,0
21,10,0.655,0,1.0,4.407222,0
21,11,0.652,2,-0.05,4.838537,0
21,12,0.654,1,-0.05,4.7234397,0
21,13,0.657,2,-0.05,4.4811997,0
21,14,0.637,1,-0.05,4.2757688,0
21,15,0.649,1,-0.05,4.148777,0
21,16,0.650,2,-0.05,3.8488717,0
21,17,0.651,1,-0.05,4.167266,0
21,18,0.644,2,-0.05,3.4300945,0
21,19,0.625,0,1.0,3.2971268,0
21,20,0.612,0,1.0,4.0463047,0
21,21,0.614,0,1.0,3.9813607,0
21,22,0.583,0,1.0,3.9828222,0
21,23,0.593,0,1.0,4.3495183,0
21,24,0.586,2,-0.05,4.9292774,0
21,25,0.573,1,-0.05,4.7105227,0
21,26,0.580,2,-0.05,3.9147394,0
21,27,0.572,0,1.0,4.944308,0
21,28,0.574,1,-0.05,4.90489,0
21,29,0.573,2,-0.05,4.3683643,0
21,30,0.574,1,-0.05,5.0723424,0
21,31,0.583,1,-0.05,4.413101,0
21,32,0.573,1,-0.05,2.8839169,0
21,33,0.578,1,-0.05,1.8795187,0
21,34,0.572,2,-0.05,1.5997442,0
21,35,0.558,2,-0.05,1.9376245,0
21,36,0.556,1,-0.05,2.0965834,0
21,37,0.551,0,1.0,1.864187,0
21,38,0.544,2,-0.05,1.8413306,0
21,39,0.539,1,-0.05,1.7479193,0
21,40,0.534,1,-0.05,1.8523005,0
21,41,0.500,0,1.0,2.0842605,0
21,42,0.484,2,-0.05,0.15248495,0
21,43,0.455,0,1.0,-0.029168785,0
21,44,0.410,0,1.0,-0.073093444,0
21,45,0.398,2,-0.05,-0.39765775,0
21,46,0.386,2,-0.05,-0.3556847,0
21,47,0.381,2,-0.05,1.7107743,0
21,48,0.359,2,-0.05,2.162553,0
21,49,0.355,1,-0.05,2.301022,0
21,50,0.359,2,-0.05,2.234932,0
21,51,0.348,0,1.0,2.295709,0
21,52,0.354,1,-0.05,2.2298768,0
21,53,0.347,2,-0.05,2.5440648,0
21,54,0.334,0,1.0,2.3685174,0
21,55,0.348,1,-0.05,2.6228871,0
21,56,0.357,1,-0.05,2.464214,0
21,57,0.355,0,1.0,2.940786,0
21,58,0.356,1,-0.05,1.9876676,0
21,59,0.345,2,-0.05,1.7099233,0
21,60,0.345,0,1.0,3.166716,0
21,61,0.354,0,1.0,3.831839,0
21,62,0.354,2,-0.05,3.9402175,0
21,63,0.353,0,1.0,4.359723,0
21,64,0.362,1,-0.05,4.427122,0
21,65,0.386,0,1.0,4.534841,0
21,66,0.366,1,-0.05,1.6793593,0
21,67,0.372,1,-0.05,1.5528591,0
21,68,0.375,2,-0.05,1.0091718,0
21,69,0.382,0,1.0,1.462655,0
21,70,0.373,2,-0.05,1.8296785,0
21,71,0.392,1,-0.05,1.9535997,0
21,72,0.402,0,1.0,2.0976777,0
21,73,0.393,1,-0.05,2.194935,0
21,74,0.386,1,-0.05,2.6166377,0
21,75,0.395,2,-0.05,1.790836,0
21,76,0.399,1,-0.05,1.7452998,0
21,77,0.384,0,1.0,1.513466,0
21,78,0.382,2,-0.05,0.76317996,0
21,79,0.365,0,1.0,-0.17085171,0
21,80,0.366,1,-0.05,0.71821487,0
21,81,0.362,1,-0.05,0.6659163,0
21,82,0.355,2,-0.05,-0.7955413,0
21,83,0.350,0,1.0,-0.51368177,0
21,84,0.343,1,-0.05,1.4744449,0
21,85,0.356,0,1.0,1.5601535,0
21,86,0.325,2,-0.05,-1.9386795,0
21,87,0.330,1,-0.05,-2.1597662,0
21,88,0.324,0,1.0,-2.9096775,0
21,89,0.310,1,-0.05,-4.8972015,0
21,90,0.306,0,1.0,-5.2092495,0
21,91,0.258,2,-0.05,-6.543736,0
21,92,0.244,2,-0.05,-6.748709,0
21,93,0.235,2,-0.05,-7.201606,0
21,94,0.243,1,-0.05,-5.395017,0
21,95,0.235,0,1.0,-5.5606346,0
21,96,0.219,2,-0.05,-7.395896,0
21,97,0.213,2,-0.05,-7.459419,0
21,98,0.187,0,-100.0,-6.9763203,0
22,0,0.661,2,-0.05,3.3723938,0
22,1,0.655,0,1.0,3.7732992,0
22,2,0.672,2,-0.05,4.3050323,0
22,3,0.672,2,-0.05,4.49539,0
22,4,0.677,0,1.0,4.9686723,0
22,5,0.694,0,1.0,4.584223,0
22,6,0.648,0,1.0,4.3894024,0
22,7,0.643,0,1.0,3.4294,0
22,8,0.598,1,-0.05,3.0659711,0
22,9,0.575,0,1.0,2.9299436,0
22,10,0.576,0,1.0,2.5381665,0
22,11,0.545,0,1.0,2.24852,0
22,12,0.518,0,1.0,1.8013306,0
22,13,0.476,0,1.0,1.4364209,0
22,14,0.463,0,1.0,1.9071268,0
22,15,0.444,0,1.0,1.4296398,0
22,16,0.432,1,-0.05,1.7207416,0
22,17,0.421,0,1.0,1.8635007,0
22,18,0.411,2,-0.05,2.2081456,0
22,19,0.407,2,-0.05,1.580915,0
22,20,0.410,0,1.0,0.6711118,0
22,21,0.383,1,-0.05,1.5844705,0
22,22,0.378,2,-0.05,0.5252975,0
22,23,0.379,2,-0.05,-0.358189,0
22,24,0.355,2,-0.05,-1.4226199,0
22,25,0.350,2,-0.05,-2.7852626,0
22,26,0.345,2,-0.05,-4.553301,0
22,27,0.311,0,1.0,-4.9891243,0
22,28,0.222,0,1.0,-4.053751,0
22,29,0.186,2,-100.0,-5.254132,0
23,0,0.666,2,-0.05,2.698799,0
23,1,0.657,1,-0.05,3.2099185,0
23,2,0.669,1,-0.05,2.8970315,0
23,3,0.665,1,-0.05,2.1657207,0
23,4,0.670,0,1.0,1.6789683,0
23,5,0.638,2,-0.05,2.7287688,0
23,6,0.628,1,-0.05,2.5811496,0
23,7,0.642,2,-0.05,2.617876,0
23,8,0.628,2,-0.05,2.960286,0
23,9,0.616,1,-0.05,2.7691445,0
23,10,0.621,2,-0.05,2.4295542,0
23,11,0.621,1,-0.05,2.689197,0
23,12,0.617,0,1.0,2.3082364,0
23,13,0.585,1,-0.05,2.598461,0
23,14,0.582,2,-0.05,2.869734,0
23,15,0.572,1,-0.05,3.2075016,0
23,16,0.568,0,1.0,2.427405,0
23,17,0.536,1,-0.05,1.6689838,0
23,18,0.547,1,-0.05,1.1279614,0
23,19,0.519,1,-0.05,1.5596012,0
23,20,0.512,2,-0.05,0.3759817,0
23,21,0.512,2,-0.05,0.8570406,0
23,22,0.479,1,-0.05,0.96665984,0
23,23,0.497,1,-0.05,0.8898845,0
23,24,0.476,2,-0.05,-1.0479932,0
23,25,0.469,1,-0.05,-0.4563132,0
23,26,0.476,1,-0.05,-0.43243563,0
23,27,0.454,2,-0.05,-0.9654075,0
23,28,0.428,2,-0.05,-1.8058527,0
23,29,0.438,1,-0.05,0.06370658,0
23,30,0.419,2,-0.05,-0.22616005,0
23,31,0.419,0,1.0,-0.3301459,0
23,32,0.365,0,1.0,0.6935682,0
23,33,0.316,1,-0.05,0.8239904,0
23,34,0.318,2,-0.05,0.5634016,0
23,35,0.311,1,-0.05,0.55932003,0
23,36,0.275,0,1.0,0.29745972,0
23,37,0.245,0,1.0,-2.0849483,0
23,38,0.193,1,-100.0,-2.1134143,0
24,0,0.663,0,1.0,5.587199,0
24,1,0.653,0,1.0,5.190306,0
24,2,0.655,1,-0.05,5.781282,0
24,3,0.656,1,-0.05,4.9975147,0
24,4,0.666,2,-0.05,3.613011,0
24,5,0.658,0,1.0,4.203283,0
24,6,0.642,0,1.0,6.2773085,0
24,7,0.664,2,-0.05,6.037837,0
24,8,0.646,2,-0.05,6.0813594,0
24,9,0.655,0,1.0,6.9306917,0
24,10,0.683,0,1.0,5.6851683,0
24,11,0.688,1,-0.05,5.596013,0
24,12,0.698,0,1.0,5.686302,0
24,13,0.698,0,1.0,6.800382,0
24,14,0.682,0,1.0,5.900371,0
24,15,0.688,2,-0.05,5.7406425,0
24,16,0.686,2,-0.05,6.04977,0
24,17,0.677,0,1.0,5.477038,0
24,18,0.660,1,-0.05,5.179373,0
24,19,0.653,2,-0.05,4.423791,0
24,20,0.648,1,-0.05,4.6850095,0
24,21,0.633,1,-0.05,4.6875944,0
24,22,0.626,1,-0.05,5.07186,0
24,23,0.614,2,-0.05,5.5908437,0
24,24,0.635,2,-0.05,6.0096464,0
24,25,0.631,1,-0.05,5.1937056,0
24,26,0.627,1,-0.05,4.80266,0
24,27,0.615,2,-0.05,5.807623,0
24,28,0.604,1,-0.05,6.452491,0
24,29,0.615,0,1.0,6.2996216,0
24,30,0.620,0,1.0,6.1696186,0
24,31,0.616,2,-0.05,6.045459,0
24,32,0.624,1,-0.05,5.153743,0
24,33,0.627,2,-0.05,5.077676,0
24,34,0.618,1,-0.05,5.3658543,0
24,35,0.623,0,1.0,5.312756,0
24,36,0.634,2,-0.05,5.569056,0
24,37,0.630,1,-0.05,4.8008776,0
24,38,0.642,2,-0.05,4.847028,0
24,39,0.643,0,1.0,4.359629,0
24,40,0.647,0,1.0,4.948865,0
24,41,0.648,2,-0.05,5.247122,0
24,42,0.655,0,1.0,5.436001,0
24,43,0.648,2,-0.05,5.4947186,0
24,44,0.658,0,1.0,5.8277216,0
24,45,0.645,2,-0.05,6.264167,0
24,46,0.647,2,-0.05,6.8457885,0
24,47,0.630,2,-0.05,6.6016393,0
24,48,0.620,0,1.0,5.6040573,0
24,49,0.579,1,-0.05,2.6369147,0
24,50,0.587,1,-0.05,1.4869974,0
24,51,0.593,1,-0.05,5.106583,0
24,52,0.572,0,1.0,5.6146812,0
24,53,0.563,0,1.0,3.987814,0
24,54,0.537,1,-0.05,3.9857194,0
24,55,0.549,2,-0.05,4.3143578,0
24,56,0.523,0,1.0,4.36823,0
24,57,0.509,1,-0.05,4.534357,0
24,58,0.513,0,1.0,3.2936707,0
24,59,0.502,1,-0.05,3.808456,0
24,60,0.493,2,-0.05,4.9221225,0
24,61,0.477,0,1.0,4.737612,0
24,62,0.474,1,-0.05,4.04488,0
24,63,0.462,2,-0.05,4.863453,0
24,64,0.454,2,-0.05,5.5523496,0
24,65,0.454,1,-0.05,3.1127183,0
24,66,0.447,2,-0.05,4.2097425,0
24,67,0.429,2,-0.05,4.4885397,0
24,68,0.429,2,-0.05,0.76410836,0
24,69,0.413,2,-0.05,-0.57216763,0
24,70,0.405,2,-0.05,-2.0955386,0
24,71,0.398,1,-0.05,0.13818777,0
24,72,0.386,2,-0.05,0.36807165,0
24,73,0.351,0,1.0,-0.4986375,0
24,74,0.295,1,-0.05,-2.9918575,0
24,75,0.278,0,1.0,-1.8382826,0
24,76,0.203,1,-0.05,-1.6035672,0
24,77,0.199,1,-100.0,0.56499577,0
25,0,0.668,1,-0.05,5.5365143,0
25,1,0.663,1,-0.05,5.361745,0
25,2,0.662,2,-0.05,4.5648417,0
25,3,0.651,2,-0.05,4.054615,0
25,4,0.660,2,-0.05,4.1651397,0
25,5,0.668,0,1.0,4.9529896,0
25,6,0.676,0,1.0,5.8281107,0
25,7,0.697,0,1.0,6.779527,0
25,8,0.707,2,-0.05,6.5400376,0
25,9,0.704,2,-0.05,7.0159035,0
25,10,0.708,2,-0.05,7.0837793,0
25,11,0.670,0,1.0,5.8536253,0
25,12,0.662,2,-0.05,4.2201333,0
25,13,0.627,0,1.0,4.1980877,0
25,14,0.590,1,-0.05,2.752763,0
25,15,0.578,2,-0.05,2.8634558,0
25,16,0.586,2,-0.05,3.0750158,0
25,17,0.571,2,-0.05,1.6152364,0
25,18,0.576,2,-0.05,0.12048912,0
25,19,0.560,2,-0.05,-1.3499972,0
25,20,0.533,1,-0.05,-5.333827,0
25,21,0.518,2,-0.05,-3.9732068,0
25,22,0.517,1,-0.05,-4.5884743,0
25,23,0.440,0,1.0,-4.640787,0
25,24,0.413,2,-0.05,-3.4979439,0
25,25,0.386,1,-0.05,-3.56519,0
25,26,0.387,1,-0.05,-3.1959426,0
25,27,0.368,0,1.0,-2.643189,0
25,28,0.295,0,1.0,-3.0096316,0
25,29,0.260,1,-0.05,-5.432187,0
25,30,0.241,1,-0.05,-6.335696,0
25,31,0.222,2,-0.05,-3.7177992,0
25,32,0.216,2,-0.05,-5.141814,0
25,33,0.192,0,-100.0,-6.3915763,0
26,0,0.659,2,-0.05,6.485986,0
26,1,0.656,2,-0.05,6.9543686,0
26,2,0.671,0,1.0,7.834699,0
26,3,0.688,2,-0.05,7.573584,0
26,4,0.702,0,1.0,7.3935966,0
26,5,0.656,0,1.0,6.9918475,0
26,6,0.641,0,1.0,6.733865,0
26,7,0.615,0,1.0,6.785531,0
26,8,0.578,2,-0.05,6.793514,0
26,9,0.571,2,-0.05,6.6724305,0
26,10,0.558,0,1.0,5.712778,0
26,11,0.517,1,-0.05,3.520842,0
26,12,0.504,1,-0.05,3.4902287,0
26,13,0.487,1,-0.05,4.1545753,0
26,14,0.495,0,1.0,6.837375,0
26,15,0.472,0,1.0,6.9917183,0
26,16,0.439,2,-0.05,6.5984287,0
26,17,0.438,1,-0.05,5.7070665,0
26,18,0.434,2,-0.05,4.1231737,0
26,19,0.416,0,1.0,4.446562,0
26,20,0.397,1,-0.05,3.7199223,0
26,21,0.392,1,-0.05,3.87155,0
26,22,0.373,0,1.0,4.8666377,0
26,23,0.351,1,-0.05,3.3766203,0
26,24,0.363,2,-0.05,3.3979626,0
26,25,0.351,0,1.0,2.6455598,0
26,26,0.333,2,-0.05,2.6965115,0
26,27,0.318,1,-0.05,2.1521196,0
26,28,0.313,0,1.0,3.797812,0
26,29,0.299,1,-0.05,2.4288478,0
26,30,0.299,1,-0.05,2.3324895,0
26,31,0.294,2,-0.05,2.5521412,0
26,32,0.298,1,-0.05,2.5357132,0
26,33,0.285,1,-0.05,2.905821,0
26,34,0.294,0,1.0,3.59728,0
26,35,0.303,2,-0.05,4.1803346,0
26,36,0.297,1,-0.05,4.110632,0
26,37,0.308,0,1.0,4.2149215,0
26,38,0.324,1,-0.05,5.035288,0
26,39,0.339,0,1.0,4.5092735,0
26,40,0.364,1,-0.05,5.0902643,0
26,41,0.369,1,-0.05,5.0854893,0
26,42,0.381,1,-0.05,5.6296086,0
26,43,0.391,0,1.0,6.8599653,0
26,44,0.438,0,1.0,6.809187,0
26,45,0.499,0,1.0,4.8655763,0
26,46,0.560,2,-0.05,3.9682894,0
26,47,0.597,0,1.0,2.7759824,0
26,48,0.627,2,-0.05,4.723503,0
26,49,0.628,1,-0.05,3.593975,0
26,50,0.676,0,1.0,2.7738528,0
26,51,0.703,2,-0.05,0.3855451,0
26,52,0.689,0,1.0,-0.9714995,0
26,53,0.610,0,1.0,0.8524371,0
26,54,0.581,0,1.0,-0.15739399,0
26,55,0.521,1,-0.05,-1.2159399,0
26,56,0.506,2,-0.05,-3.732582,0
26,57,0.507,1,-0.05,-2.5872025,0
26,58,0.497,1,-0.05,-2.872879,0
26,59,0.482,1,-0.05,-7.167031,0
26,60,0.469,0,1.0,-10.129767,0
26,61,0.382,2,-0.05,-9.784952,0
26,62,0.377,1,-0.05,-11.729695,0
26,63,0.352,0,1.0,-11.9514065,0
26,64,0.274,2,-0.05,-11.93474,0
26,65,0.257,1,-0.05,-12.402711,0
26,66,0.251,2,-0.05,-10.705231,0
26,67,0.237,2,-0.05,-11.279134,0
26,68,0.222,1,-0.05,-12.472959,0
26,69,0.197,0,-100.0,-12.295225,0
27,0,0.667,2,-0.05,6.0006943,0
27,1,0.657,1,-0.05,6.294244,0
27,2,0.665,0,1.0,5.9539733,0
27,3,0.651,0,1.0,4.3673477,0
27,4,0.651,2,-0.05,4.176744,0
27,5,0.658,1,-0.05,4.1756473,0
27,6,0.651,0,1.0,2.9130259,0
27,7,0.632,2,-0.05,3.3883631,0
27,8,0.624,1,-0.05,4.2812243,0
27,9,0.611,0,1.0,5.461831,0
27,10,0.582,2,-0.05,4.149042,0
27,11,0.561,0,1.0,3.8699923,0
27,12,0.551,0,1.0,4.948507,0
27,13,0.509,0,1.0,4.4830303,0
27,14,0.493,1,-0.05,3.7859216,0
27,15,0.480,2,-0.05,3.335274,0
27,16,0.482,2,-0.05,3.6486168,0
27,17,0.481,2,-0.05,3.0416856,0
27,18,0.462,2,-0.05,4.0859127,0
27,19,0.473,0,1.0,5.1125693,0
27,20,0.464,1,-0.05,5.577993,0
27,21,0.489,1,-0.05,5.113892,0
27,22,0.487,1,-0.05,4.741178,0
27,23,0.488,2,-0.05,3.3323736,0
27,24,0.492,0,1.0,3.5909085,0
27,25,0.501,0,1.0,4.926382,0
27,26,0.511,0,1.0,5.0227666,0
27,27,0.522,1,-0.05,5.677994,0
27,28,0.527,1,-0.05,5.5172863,0
27,29,0.525,2,-0.05,4.6953506,0
27,30,0.534,0,1.0,4.1075087,0
27,31,0.518,1,-0.05,5.3043942,0
27,32,0.533,2,-0.05,5.5391865,0
27,33,0.540,0,1.0,5.875925,0
27,34,0.550,1,-0.05,6.5003552,0
27,35,0.576,0,1.0,6.0405345,0
27,36,0.608,0,1.0,6.563929,0
27,37,0.631,0,1.0,6.680621,0
27,38,0.636,0,1.0,6.1820087,0
27,39,0.657,0,1.0,4.860779,0
27,40,0.684,1,-0.05,4.445505,0
27,41,0.665,2,-0.05,4.1045365,0
27,42,0.683,0,1.0,4.2924385,0
27,43,0.704,1,-0.05,3.35184,0
27,44,0.696,0,1.0,3.718409,0
27,45,0.675,2,-0.05,4.6518264,0
27,46,0.666,1,-0.05,4.623179,0
27,47,0.666,0,1.0,5.1543317,0
27,48,0.648,1,-0.05,4.782666,0
27,49,0.650,0,1.0,4.630678,0
27,50,0.647,0,1.0,3.8498309,0
27,51,0.645,1,-0.05,5.1405954,0
27,52,0.647,0,1.0,6.281231,0
27,53,0.655,0,1.0,4.577454,0
27,54,0.661,0,1.0,3.5975797,0
27,55,0.665,1,-0.05,4.125829,0
27,56,0.690,2,-0.05,2.848565,0
27,57,0.682,1,-0.05,2.544363,0
27,58,0.665,2,-0.05,2.1028457,0
27,59,0.688,1,-0.05,2.3215947,0
27,60,0.686,0,1.0,1.9154936,0
27,61,0.704,0,1.0,2.0439038,0
27,62,0.681,0,1.0,-0.43377066,0
27,63,0.688,1,-0.05,-1.422099,0
27,64,0.679,1,-0.05,-1.8573049,0
27,65,0.675,2,-0.05,-4.178003,0
27,66,0.667,0,1.0,-3.3674097,0
27,67,0.661,1,-0.05,-2.4890828,0
27,68,0.657,1,-0.05,-3.1424115,0
27,69,0.649,2,-0.05,-5.9111176,0
27,70,0.637,0,1.0,-6.2309337,0
27,71,0.622,2,-0.05,-3.554537,0
27,72,0.625,0,1.0,-3.641206,0
27,73,0.623,2,-0.05,-1.7403083,0
27,74,0.618,2,-0.05,-2.3306992,0
27,75,0.622,1,-0.05,0.35899353,0
27,76,0.620,2,-0.05,-1.4736731,0
27,77,0.616,2,-0.05,-1.3835285,0
27,78,0.605,1,-0.05,-0.90383506,0
27,79,0.638,1,-0.05,-0.8537557,0
27,80,0.632,0,1.0,-3.530882,0
27,81,0.594,1,-0.05,-5.8526487,0
27,82,0.585,2,-0.05,-7.82889,0
27,83,0.562,0,1.0,-6.3675804,0
27,84,0.484,1,-0.05,-4.9718733,0
27,85,0.454,2,-0.05,-5.701437,0
27,86,0.459,1,-0.05,-4.86609,0
27,87,0.421,2,-0.05,-6.1329236,0
27,88,0.404,2,-0.05,-6.0000234,0
27,89,0.390,1,-0.05,-4.71616,0
27,90,0.380,1,-0.05,-7.013221,0
27,91,0.363,1,-0.05,-9.696015,0
27,92,0.342,1,-0.05,-10.848906,0
27,93,0.326,2,-0.05,-12.746374,0
27,94,0.310,0,1.0,-12.705268,0
27,95,0.207,1,-0.05,-12.745902,0
27,96,0.206,2,-0.05,-13.5063095,0
27,97,0.186,1,-100.0,-13.338103,0
28,0,0.668,1,-0.05,3.6316447,0
28,1,0.660,2,-0.05,2.8708766,0
28,2,0.659,2,-0.05,3.0963564,0
28,3,0.658,2,-0.05,3.8912303,0
28,4,0.666,2,-0.05,3.977892,0
28,5,0.685,0,1.0,6.3621054,0
28,6,0.699,1,-0.05,5.939694,0
28,7,0.701,0,1.0,5.631085,0
28,8,0.659,0,1.0,5.893987,0
28,9,0.648,1,-0.05,6.0990314,0
28,10,0.636,0,1.0,5.8023877,0
28,11,0.640,1,-0.05,4.6090016,0
28,12,0.641,2,-0.05,5.1669135,0
28,13,0.620,1,-0.05,6.047006,0
28,14,0.620,0,1.0,6.026102,0
28,15,0.614,2,-0.05,5.4249682,0
28,16,0.612,0,1.0,5.2827983,0
28,17,0.610,0,1.0,5.863117,0
28,18,0.615,1,-0.05,4.7292194,0
28,19,0.604,1,-0.05,4.4418306,0
28,20,0.598,0,1.0,4.255139,0
28,21,0.580,1,-0.05,4.2413244,0
28,22,0.602,1,-0.05,4.225688,0
28,23,0.607,2,-0.05,4.316767,0
28,24,0.616,1,-0.05,3.9921086,0
28,25,0.612,1,-0.05,4.577851,0
28,26,0.625,0,1.0,5.611637,0
28,27,0.640,2,-0.05,5.222919,0
28,28,0.652,1,-0.05,5.523938,0
28,29,0.660,2,-0.05,4.819896,0
28,30,0.679,2,-0.05,4.9521494,0
28,31,0.680,0,1.0,5.808483,0
28,32,0.693,0,1.0,4.249255,0
28,33,0.701,1,-0.05,4.0216784,0
28,34,0.699,2,-0.05,4.279168,0
28,35,0.691,0,1.0,4.39381,0
28,36,0.681,0,1.0,3.890455,0
28,37,0.687,0,1.0,4.0585527,0
28,38,0.682,0,1.0,4.9588833,0
28,39,0.678,2,-0.05,5.0856977,0
28,40,0.691,0,1.0,5.0738854,0
28,41,0.691,0,1.0,4.164836,0
28,42,0.700,0,1.0,5.6308928,0
28,43,0.700,1,-0.05,4.9922857,0
28,44,0.705,0,1.0,4.4811335,0
28,45,0.701,1,-0.05,4.5034175,0
28,46,0.703,0,1.0,3.9674299,0
28,47,0.709,1,-0.05,3.1471937,0
28,48,0.707,0,1.0,3.0350575,0
28,49,0.691,2,-0.05,2.435782,0
28,50,0.697,2,-0.05,2.0539665,0
28,51,0.683,2,-0.05,2.3569205,0
28,52,0.674,0,1.0,1.7622535,0
28,53,0.678,1,-0.05,3.3321455,0
28,54,0.681,1,-0.05,3.2178748,0
28,55,0.694,0,1.0,3.6045542,0
28,56,0.683,0,1.0,0.9737741,0
28,57,0.682,1,-0.05,0.7692353,0
28,58,0.686,2,-0.05,1.9816166,0
28,59,0.678,0,1.0,2.157392,0
28,60,0.675,1,-0.05,1.6045513,0
28,61,0.693,2,-0.05,3.692545,0
28,62,0.695,1,-0.05,4.229374,0
28,63,0.688,1,-0.05,4.9183183,0
28,64,0.685,2,-0.05,3.8627236,0
28,65,0.682,1,-0.05,4.286197,0
28,66,0.695,2,-0.05,5.8125386,0
28,67,0.687,0,1.0,5.3850756,0
28,68,0.695,1,-0.05,3.7592404,0
28,69,0.711,1,-0.05,5.3890214,0
28,70,0.712,1,-0.05,4.813707,0
28,71,0.710,0,1.0,4.5500035,0
28,72,0.702,2,-0.05,3.1274493,0
28,73,0.704,1,-0.05,3.3193388,0
28,74,0.693,1,-0.05,1.2153041,0
28,75,0.692,1,-0.05,-1.4620311,0
28,76,0.689,1,-0.05,-4.111217,0
28,77,0.680,1,-0.05,-5.503604,0
28,78,0.646,0,1.0,-6.8471093,0
28,79,0.620,0,1.0,-6.298338,0
28,80,0.544,0,1.0,-6.5339804,0
28,81,0.512,2,-0.05,-7.3017707,0
28,82,0.508,1,-0.05,-7.143158,0
28,83,0.501,2,-0.05,-6.7238326,0
28,84,0.484,2,-0.05,-7.367939,0
28,85,0.474,1,-0.05,-9.213409,0
28,86,0.466,1,-0.05,-8.866295,0
28,87,0.444,0,1.0,-7.115116,0
28,88,0.364,0,1.0,-6.8311133,0
28,89,0.339,1,-0.05,-5.11561,0
28,90,0.303,0,1.0,-4.869316,0
28,91,0.204,0,1.0,-4.2073207,0
28,92,0.170,1,-100.0,-4.890644,0
29,0,0.662,2,-0.05,5.5751476,0
29,1,0.660,1,-0.05,5.7775245,0
29,2,0.663,1,-0.05,5.998673,0
29,3,0.661,0,1.0,4.9982376,0
29,4,0.664,2,-0.05,5.6487007,0
29,5,0.639,1,-0.05,5.933713,0
29,6,0.649,1,-0.05,5.905533,0
29,7,0.653,1,-0.05,6.174079,0
29,8,0.641,2,-0.05,5.2854095,0
29,9,0.631,2,-0.05,5.528799,0
29,10,0.612,0,1.0,6.799495,0
29,11,0.601,1,-0.05,5.818331,0
29,12,0.584,0,1.0,5.0372033,0
29,13,0.565,0,1.0,5.770056,0
29,14,0.537,0,1.0,5.770938,0
29,15,0.516,2,-0.05,5.672491,0
29,16,0.522,2,-0.05,5.6952505,0
29,17,0.495,2,-0.05,4.6503944,0
29,18,0.487,2,-0.05,3.7016187,0
29,19,0.491,2,-0.05,4.1815405,0
29,20,0.491,2,-0.05,4.9607573,0
29,21,0.505,0,1.0,5.0771546,0
29,22,0.514,0,1.0,5.143582,0
29,23,0.560,0,1.0,5.734572,0
29,24,0.584,2,-0.05,4.750228,0
29,25,0.597,0,1.0,4.080786,0
29,26,0.615,1,-0.05,3.240703,0
29,27,0.627,1,-0.05,4.2889376,0
29,28,0.624,2,-0.05,5.280761,0
29,29,0.629,2,-0.05,5.230841,0
29,30,0.629,1,-0.05,4.9202237,0
29,31,0.633,2,-0.05,4.581986,0
29,32,0.640,1,-0.05,4.3118796,0
29,33,0.658,1,-0.05,4.4367065,0
29,34,0.659,2,-0.05,4.8372774,0
29,35,0.640,2,-0.05,4.5221195,0
29,36,0.648,0,1.0,4.2953806,0
29,37,0.700,1,-0.05,5.1707897,0
29,38,0.686,0,1.0,4.7430043,0
29,39,0.658,2,-0.05,4.359805,0
29,40,0.651,2,-0.05,3.702137,0
29,41,0.647,1,-0.05,2.840795,0
29,42,0.636,1,-0.05,2.8895211,0
29,43,0.631,2,-0.05,3.5687492,0
29,44,0.625,1,-0.05,3.3792133,0
29,45,0.602,0,1.0,3.993102,0
29,46,0.589,2,-0.05,3.4929142,0
29,47,0.595,2,-0.05,3.2322645,0
29,48,0.579,1,-0.05,3.870244,0
29,49,0.552,0,1.0,4.2541337,0
29,50,0.548,0,1.0,3.6113124,0
29,51,0.521,1,-0.05,3.5791574,0
29,52,0.504,0,1.0,3.4339318,0
29,53,0.513,2,-0.05,4.7291193,0
29,54,0.503,2,-0.05,3.8816738,0
29,55,0.509,2,-0.05,3.528941,0
29,56,0.488,2,-0.05,2.6749358,0
29,57,0.488,0,1.0,2.8297367,0
29,58,0.460,2,-0.05,-0.85816383,0
29,59,0.429,0,1.0,-1.4849765,0
29,60,0.390,1,-0.05,-5.223448,0
29,61,0.365,0,1.0,-6.993183,0
29,62,0.318,2,-0.05,-5.0988827,0
29,63,0.287,0,1.0,-5.3666453,0
29,64,0.270,1,-0.05,-10.598022,0
29,65,0.247,1,-0.05,-11.239464,0
29,66,0.242,2,-0.05,-6.481586,0
29,67,0.215,0,1.0,-9.559074,0
29,68,0.189,1,-100.0,-14.98395,0
30,0,0.659,1,-0.05,5.0849676,0
30,1,0.673,0,1.0,4.6085253,0
30,2,0.643,0,1.0,3.9632769,0
30,3,0.628,2,-0.05,4.3126535,0
30,4,0.646,1,-0.05,4.4807205,0
30,5,0.626,2,-0.05,5.896848,0
30,6,0.627,2,-0.05,4.7656384,0
30,7,0.618,2,-0.05,3.815682,0
30,8,0.615,0,1.0,5.205458,0
30,9,0.625,2,-0.05,5.35914,0
30,10,0.621,2,-0.05,5.2206383,0
30,11,0.632,1,-0.05,5.217243,0
30,12,0.634,0,1.0,5.2458887,0
30,13,0.637,0,1.0,5.594123,0
30,14,0.646,0,1.0,5.4817863,0
30,15,0.666,2,-0.05,4.5601153,0
30,16,0.650,2,-0.05,4.792629,0
30,17,0.648,0,1.0,4.9446216,0
30,18,0.670,2,-0.05,5.290164,0
30,19,0.670,2,-0.05,6.37222,0
30,20,0.678,1,-0.05,5.2988915,0
30,21,0.694,2,-0.05,4.660295,0
30,22,0.680,1,-0.05,4.4631557,0
30,23,0.704,1,-0.05,5.3681903,0
30,24,0.698,0,1.0,5.253239,0
30,25,0.704,1,-0.05,5.9418273,0
30,26,0.688,1,-0.05,5.4094405,0
30,27,0.688,1,-0.05,4.70617,0
30,28,0.704,0,1.0,4.7414274,0
30,29,0.703,1,-0.05,5.1973696,0
30,30,0.706,2,-0.05,5.5130873,0
30,31,0.690,0,1.0,4.9763017,0
30,32,0.688,0,1.0,4.249731,0
30,33,0.682,0,1.0,4.952063,0
30,34,0.674,1,-0.05,5.2143254,0
30,35,0.688,1,-0.05,5.695407,0
30,36,0.683,0,1.0,5.330389,0
30,37,0.654,0,1.0,6.0907745,0
30,38,0.646,1,-0.05,5.8961697,0
30,39,0.620,2,-0.05,4.699299,0
30,40,0.622,0,1.0,4.64765,0
30,41,0.611,1,-0.05,5.925826,0
30,42,0.617,0,1.0,5.2968817,0
30,43,0.603,2,-0.05,4.1434836,0
30,44,0.596,0,1.0,3.8422892,0
30,45,0.581,0,1.0,4.303005,0
30,46,0.575,2,-0.05,3.0984366,0
30,47,0.581,1,-0.05,2.9679859,0
30,48,0.570,0,1.0,3.3836594,0
30,49,0.562,1,-0.05,3.0160692,0
30,50,0.544,2,-0.05,3.263578,0
30,51,0.552,2,-0.05,3.236546,0
30,52,0.544,2,-0.05,3.7730577,0
30,53,0.543,1,-0.05,4.511401,0
30,54,0.549,1,-0.05,4.2164936,0
30,55,0.533,0,1.0,3.680277,0
30,56,0.535,0,1.0,3.581488,0
30,57,0.486,0,1.0,1.6837915,0
30,58,0.493,0,1.0,0.7171204,0
30,59,0.453,0,1.0,0.3717123,0
30,60,0.446,2,-0.05,1.8240981,0
30,61,0.442,2,-0.05,0.6256852,0
30,62,0.438,2,-0.05,0.91603833,0
30,63,0.433,0,1.0,0.67322224,0
30,64,0.435,1,-0.05,1.1339481,0
30,65,0.444,2,-0.05,0.90626156,0
30,66,0.447,2,-0.05,0.38568267,0
30,67,0.453,1,-0.05,1.5953124,0
30,68,0.463,1,-0.05,1.4752038,0
30,69,0.456,2,-0.05,2.442936,0
30,70,0.458,1,-0.05,2.4164956,0
30,71,0.460,1,-0.05,2.5709252,0
30,72,0.464,1,-0.05,3.7457087,0
30,73,0.458,0,1.0,2.535346,0
30,74,0.434,2,-0.05,5.9154825,0
30,75,0.439,1,-0.05,3.877224,0
30,76,0.427,1,-0.05,4.4571333,0
30,77,0.433,1,-0.05,-0.03359294,0
30,78,0.439,1,-0.05,-2.7321587,0
30,79,0.426,1,-0.05,-9.267582,0
30,80,0.411,2,-0.05,-7.566617,0
30,81,0.379,0,1.0,-8.994046,0
30,82,0.353,1,-0.05,-11.351847,0
30,83,0.347,0,1.0,-11.745558,0
30,84,0.297,1,-0.05,-12.706374,0
30,85,0.291,2,-0.05,-12.361633,0
30,86,0.280,1,-0.05,-11.804134,0
30,87,0.263,2,-0.05,-12.043041,0
30,88,0.246,2,-0.05,-12.756123,0
30,89,0.246,1,-0.05,-11.119223,0
30,90,0.230,0,1.0,-12.487677,0
30,91,0.185,1,-100.0,-11.577354,0
31,0,0.663,0,1.0,6.037793,0
31,1,0.654,2,-0.05,5.5313296,0
31,2,0.663,0,1.0,4.73202,0
31,3,0.658,1,-0.05,5.359194,0
31,4,0.664,2,-0.05,5.5761395,0
31,5,0.670,1,-0.05,4.817122,0
31,6,0.672,1,-0.05,4.5567603,0
31,7,0.679,1,-0.05,3.6138358,0
31,8,0.673,1,-0.05,2.9878054,0
31,9,0.674,2,-0.05,4.4578085,0
31,10,0.658,2,-0.05,2.5340881,0
31,11,0.662,2,-0.05,1.9117047,0
31,12,0.658,1,-0.05,3.3332412,0
31,13,0.663,2,-0.05,3.5065894,0
31,14,0.666,2,-0.05,3.494609,0
31,15,0.659,2,-0.05,4.2667418,0
31,16,0.660,2,-0.05,4.321752,0
31,17,0.659,2,-0.05,4.546228,0
31,18,0.674,0,1.0,4.2319365,0
31,19,0.696,0,1.0,4.4888406,0
31,20,0.664,1,-0.05,4.219638,0
31,21,0.645,0,1.0,4.4968166,0
31,22,0.602,0,1.0,4.6299367,0
31,23,0.580,0,1.0,5.4764442,0
31,24,0.544,0,1.0,5.5658517,0
31,25,0.492,0,1.0,5.6297407,0
31,26,0.475,2,-0.05,4.226233,0
31,27,0.461,2,-0.05,5.1145134,0
31,28,0.461,2,-0.05,2.198114,0
31,29,0.453,1,-0.05,3.367664,0
31,30,0.441,2,-0.05,3.146832,0
31,31,0.443,2,-0.05,2.0785816,0
31,32,0.426,2,-0.05,-1.607027,0
31,33,0.425,1,-0.05,-1.4646101,0
31,34,0.405,1,-0.05,-2.272184,0
31,35,0.377,0,1.0,-2.0129647,0
31,36,0.349,2,-0.05,0.27544534,0
31,37,0.335,2,-0.05,-0.9402292,0
31,38,0.335,2,-0.05,-2.8060975,0
31,39,0.343,2,-0.05,-6.1717205,0
31,40,0.320,1,-0.05,-6.303961,0
31,41,0.261,0,1.0,-7.424431,0
31,42,0.228,0,1.0,-8.500294,0
31,43,0.157,0,-100.0,-10.3692875,0
32,0,0.662,0,1.0,5.193253,0
32,1,0.656,2,-0.05,5.1205306,0
32,2,0.662,1,-0.05,4.9144816,0
32,3,0.666,2,-0.05,4.210062,0
32,4,0.674,2,-0.05,4.2438965,0
32,5,0.670,0,1.0,4.504357,0
32,6,0.678,2,-0.05,4.806706,0
32,7,0.678,0,1.0,4.3934555,0
32,8,0.708,0,1.0,5.759661,0
32,9,0.669,1,-0.05,6.4840174,0
32,10,0.687,1,-0.05,5.931755,0
32,11,0.665,2,-0.05,5.6737375,0
32,12,0.668,0,1.0,6.620228,0
32,13,0.607,0,1.0,6.84352,0
32,14,0.583,0,1.0,7.0031624,0
32,15,0.573,1,-0.05,7.3514533,0
32,16,0.570,1,-0.05,6.613893,0
32,17,0.550,1,-0.05,6.5076656,0
32,18,0.551,1,-0.05,6.2211466,0
32,19,0.534,2,-0.05,5.7910137,0
32,20,0.547,2,-0.05,6.422182,0
32,21,0.540,0,1.0,6.4488335,0
32,22,0.516,0,1.0,6.8533835,0
32,23,0.499,1,-0.05,6.6662703,0
32,24,0.487,2,-0.05,6.945008,0
32,25,0.472,0,1.0,6.059768,0
32,26,0.448,0,1.0,7.4790397,0
32,27,0.415,2,-0.05,7.2128253,0
32,28,0.417,1,-0.05,5.954996,0
32,29,0.406,1,-0.05,5.397135,0
32,30,0.403,1,-0.05,4.8958416,0
32,31,0.408,1,-0.05,3.9050527,0
32,32,0.393,0,1.0,4.331956,0
32,33,0.399,0,1.0,4.9653535,0
32,34,0.410,0,1.0,4.094584,0
32,35,0.408,0,1.0,3.626553,0
32,36,0.415,2,-0.05,3.4203296,0
32,37,0.403,1,-0.05,3.3787038,0
32,38,0.417,0,1.0,3.6680799,0
32,39,0.435,1,-0.05,4.683958,0
32,40,0.426,1,-0.05,5.064657,0
32,41,0.453,0,1.0,5.9670954,0
32,42,0.465,2,-0.05,6.177363,0
32,43,0.477,2,-0.05,6.396505,0
32,44,0.482,2,-0.05,5.4982424,0
32,45,0.496,1,-0.05,5.820343,0
32,46,0.486,0,1.0,5.956686,0
32,47,0.534,2,-0.05,5.647826,0
32,48,0.535,0,1.0,5.6969566,0
32,49,0.547,2,-0.05,4.5748377,0
32,50,0.556,0,1.0,5.221488,0
32,51,0.562,2,-0.05,4.939722,0
32,52,0.574,2,-0.05,5.40749,0
32,53,0.571,0,1.0,5.3965063,0
32,54,0.569,0,1.0,6.5311313,0
32,55,0.570,0,1.0,6.081332,0
32,56,0.565,0,1.0,5.382397,0
32,57,0.563,0,1.0,5.9414372,0
32,58,0.556,1,-0.05,6.9155817,0
32,59,0.561,2,-0.05,5.9821987,0
32,60,0.569,2,-0.05,5.5554323,0
32,61,0.554,2,-0.05,5.8758454,0
32,62,0.571,1,-0.05,4.1256523,0
32,63,0.544,0,1.0,3.5962477,0
32,64,0.537,1,-0.05,3.9268317,0
32,65,0.529,2,-0.05,1.2188327,0
32,66,0.521,2,-0.05,0.9965831,0
32,67,0.522,0,1.0,1.4982729,0
32,68,0.491,0,1.0,2.2578695,0
32,69,0.458,1,-0.05,0.8068003,0
32,70,0.474,0,1.0,1.1263015,0
32,71,0.474,0,1.0,0.46827245,0
32,72,0.498,2,-0.05,0.8350608,0
32,73,0.515,0,1.0,0.83825356,0
32,74,0.571,0,1.0,-0.6805016,0
32,75,0.594,2,-0.05,-1.9023063,0
32,76,0.601,1,-0.05,-3.4111307,0
32,77,0.616,1,-0.05,-2.2914402,0
32,78,0.621,1,-0.05,-0.546021,0
32,79,0.629,1,-0.05,0.5960847,0
32,80,0.661,0,1.0,1.0350977,0
32,81,0.720,2,-0.05,1.047312,0
32,82,0.732,1,-0.05,-0.64460206,0
32,83,0.736,2,-0.05,-1.099596,0
32,84,0.710,2,-0.05,-3.819089,0
32,85,0.707,2,-0.05,-2.7964387,0
32,86,0.697,2,-0.05,-0.95527005,0
32,87,0.659,0,1.0,-1.9724333,0
32,88,0.599,0,1.0,-4.785586,0
32,89,0.503,2,-0.05,-5.730972,0
32,90,0.500,1,-0.05,-7.493464,0
32,91,0.475,2,-0.05,-6.0386305,0
32,92,0.449,1,-0.05,-5.9086275,0
32,93,0.430,1,-0.05,-5.910961,0
32,94,0.431,2,-0.05,-7.713002,0
32,95,0.405,2,-0.05,-7.154915,0
32,96,0.367,0,1.0,-7.243968,0
32,97,0.317,1,-0.05,-12.184118,0
32,98,0.299,1,-0.05,-12.723992,0
32,99,0.284,1,-0.05,-10.985554,0
32,100,0.266,2,-0.05,-12.758806,0
32,101,0.255,1,-0.05,-12.088983,0
32,102,0.243,2,-0.05,-13.940596,0
32,103,0.217,1,-0.05,-13.641793,0
32,104,0.212,2,-0.05,-14.78945,0
32,105,0.143,0,-100.0,-12.543724,0
33,0,0.659,2,-0.05,4.84993,0
33,1,0.657,1,-0.05,4.6092725,0
33,2,0.657,0,1.0,4.510996,0
33,3,0.666,2,-0.05,4.0617023,0
33,4,0.664,2,-0.05,4.2828197,0
33,5,0.662,1,-0.05,5.1863203,0
33,6,0.672,1,-0.05,5.1716003,0
33,7,0.669,0,1.0,4.239026,0
33,8,0.643,0,1.0,4.043616,0
33,9,0.644,1,-0.05,4.859856,0
33,10,0.622,2,-0.05,5.4242826,0
33,11,0.621,0,1.0,5.1899815,0
33,12,0.623,0,1.0,5.0775604,0
33,13,0.604,0,1.0,5.492834,0
33,14,0.592,0,1.0,5.315198,0
33,15,0.599,1,-0.05,5.120552,0
33,16,0.594,0,1.0,5.006905,0
33,17,0.586,2,-0.05,4.2235017,0
33,18,0.580,2,-0.05,3.7861738,0
33,19,0.578,0,1.0,3.2441876,0
33,20,0.570,0,1.0,3.9216528,0
33,21,0.580,0,1.0,4.28106,0
33,22,0.587,0,1.0,5.311615,0
33,23,0.590,2,-0.05,5.5571203,0
33,24,0.589,0,1.0,4.905759,0
33,25,0.598,1,-0.05,4.884745,0
33,26,0.605,0,1.0,5.3326635,0
33,27,0.600,0,1.0,4.9174776,0
33,28,0.611,0,1.0,4.9455814,0
33,29,0.616,0,1.0,5.315637,0
33,30,0.619,0,1.0,6.039901,0
33,31,0.621,2,-0.05,5.822673,0
33,32,0.607,0,1.0,5.18159,0
33,33,0.616,0,1.0,5.5602713,0
33,34,0.636,1,-0.05,6.2595563,0
33,35,0.650,1,-0.05,5.870509,0
33,36,0.646,1,-0.05,5.9001484,0
33,37,0.639,0,1.0,4.4561524,0
33,38,0.638,0,1.0,3.351884,0
33,39,0.635,2,-0.05,4.0693917,0
33,40,0.609,2,-0.05,4.6867733,0
33,41,0.603,1,-0.05,4.3684053,0
33,42,0.620,0,1.0,4.514713,0
33,43,0.603,0,1.0,3.1122055,0
33,44,0.574,0,1.0,2.2758937,0
33,45,0.557,0,1.0,3.2454944,0
33,46,0.542,1,-0.05,1.5543195,0
33,47,0.546,1,-0.05,1.4725826,0
33,48,0.548,1,-0.05,1.8063209,0
33,49,0.536,2,-0.05,1.5667531,0
33,50,0.510,0,1.0,3.4980698,0
33,51,0.501,0,1.0,3.7023036,0
33,52,0.479,2,-0.05,6.7592287,0
33,53,0.471,2,-0.05,6.306465,0
33,54,0.464,1,-0.05,7.8624496,0
33,55,0.455,0,1.0,6.885137,0
33,56,0.446,2,-0.05,5.4845195,0
33,57,0.415,2,-0.05,4.921642,0
33,58,0.424,0,1.0,5.9283166,0
33,59,0.418,2,-0.05,8.232034,0
33,60,0.417,1,-0.05,6.4978094,0
33,61,0.413,2,-0.05,3.7190263,0
33,62,0.416,0,1.0,3.5249147,0
33,63,0.408,0,1.0,6.9089518,0
33,64,0.410,2,-0.05,5.642288,0
33,65,0.419,2,-0.05,4.4743795,0
33,66,0.409,1,-0.05,2.854142,0
33,67,0.404,2,-0.05,4.146382,0
33,68,0.421,2,-0.05,1.6060575,0
33,69,0.427,1,-0.05,0.18846047,0
33,70,0.425,2,-0.05,0.85211813,0
33,71,0.428,1,-0.05,2.6897392,0
33,72,0.432,0,1.0,1.1770935,0
33,73,0.436,2,-0.05,3.7195034,0
33,74,0.436,2,-0.05,3.448896,0
33,75,0.448,1,-0.05,2.0127192,0
33,76,0.440,0,1.0,2.8258336,0
33,77,0.450,2,-0.05,1.166636,0
33,78,0.456,1,-0.05,-1.207649,0
33,79,0.454,1,-0.05,-1.5773435,0
33,80,0.457,1,-0.05,-2.7352004,0
33,81,0.455,1,-0.05,-6.058705,0
33,82,0.428,2,-0.05,-9.868382,0
33,83,0.437,2,-0.05,-9.910981,0
33,84,0.439,2,-0.05,-6.679373,0
33,85,0.420,2,-0.05,-4.797742,0
33,86,0.425,1,-0.05,-3.5946152,0
33,87,0.422,2,-0.05,-3.2323513,0
33,88,0.426,2,-0.05,-3.0410194,0
33,89,0.412,1,-0.05,-3.286916,0
33,90,0.430,2,-0.05,-3.1467695,0
33,91,0.419,1,-0.05,-4.2866797,0
33,92,0.390,0,1.0,-4.098975,0
33,93,0.343,2,-0.05,-5.75183,0
33,94,0.324,1,-0.05,-6.1618967,0
33,95,0.310,1,-0.05,-9.426501,0
33,96,0.283,2,-0.05,-12.82317,0
33,97,0.268,1,-0.05,-14.220214,0
33,98,0.236,0,1.0,-13.3067665,0
33,99,0.165,1,-100.0,-10.532269,0
34,0,0.663,0,1.0,4.9265018,0
34,1,0.654,1,-0.05,4.6032567,0
34,2,0.658,0,1.0,4.039569,0
34,3,0.643,0,1.0,2.3089008,0
34,4,0.640,0,1.0,2.5733867,0
34,5,0.629,2,-0.05,3.2071338,0
34,6,0.619,0,1.0,3.5819583,0
34,7,0.617,0,1.0,4.6263447,0
34,8,0.613,1,-0.05,4.9487634,0
34,9,0.616,1,-0.05,5.210844,0
34,10,0.610,1,-0.05,3.6872058,0
34,11,0.616,2,-0.05,4.1018333,0
34,12,0.615,2,-0.05,4.573663,0
34,13,0.615,0,1.0,4.211147,0
34,14,0.597,0,1.0,5.5038147,0
34,15,0.604,0,1.0,5.0889716,0
34,16,0.607,2,-0.05,5.476141,0
34,17,0.603,2,-0.05,5.6561065,0
34,18,0.604,1,-0.05,6.222069,0
34,19,0.609,2,-0.05,5.9318953,0
34,20,0.598,1,-0.05,5.7104607,0
34,21,0.603,0,1.0,5.7729535,0
34,22,0.613,0,1.0,5.123159,0
34,23,0.611,1,-0.05,5.009122,0
34,24,0.601,0,1.0,4.582275,0
34,25,0.594,0,1.0,4.8442025,0
34,26,0.572,2,-0.05,4.8220205,0
34,27,0.571,0,1.0,5.079815,0
34,28,0.571,0,1.0,5.497804,0
34,29,0.570,2,-0.05,5.3979387,0
34,30,0.567,0,1.0,5.415797,0
34,31,0.564,1,-0.05,5.001386,0
34,32,0.559,2,-0.05,5.174465,0
34,33,0.558,1,-0.05,4.6032653,0
34,34,0.566,0,1.0,2.5721836,0
34,35,0.580,0,1.0,4.2790017,0
34,36,0.582,1,-0.05,4.127615,0
34,37,0.570,0,1.0,3.7480967,0
34,38,0.575,0,1.0,3.0680215,0
34,39,0.571,0,1.0,3.007142,0
34,40,0.557,1,-0.05,3.6377962,0
34,41,0.566,1,-0.05,3.6690073,0
34,42,0.563,2,-0.05,3.185105,0
34,43,0.556,1,-0.05,3.9126735,0
34,44,0.550,2,-0.05,3.9760957,0
34,45,0.558,2,-0.05,3.8689928,0
34,46,0.549,2,-0.05,4.356724,0
34,47,0.552,0,1.0,3.4554768,0
34,48,0.560,2,-0.05,3.4523387,0
34,49,0.568,1,-0.05,3.055356,0
34,50,0.564,2,-0.05,2.8017938,0
34,51,0.568,2,-0.05,3.5269802,0
34,52,0.567,2,-0.05,3.8571396,0
34,53,0.576,2,-0.05,4.6514626,0
34,54,0.581,2,-0.05,4.5577393,0
34,55,0.583,1,-0.05,3.927291,0
34,56,0.592,1,-0.05,4.0012164,0
34,57,0.593,1,-0.05,5.4205036,0
34,58,0.606,0,1.0,4.226611,0
34,59,0.626,1,-0.05,3.2494395,0
34,60,0.626,2,-0.05,2.3990335,0
34,61,0.635,1,-0.05,3.040411,0
34,62,0.632,0,1.0,3.1447415,0
34,63,0.665,0,1.0,5.7168255,0
34,64,0.656,2,-0.05,4.814993,0
34,65,0.652,0,1.0,3.252347,0
34,66,0.676,0,1.0,5.495627,0
34,67,0.695,1,-0.05,5.307152,0
34,68,0.707,2,-0.05,5.3657722,0
34,69,0.705,0,1.0,4.913311,0
34,70,0.696,2,-0.05,4.269612,0
34,71,0.697,1,-0.05,2.9580996,0
34,72,0.685,2,-0.05,3.4499664,0
34,73,0.674,0,1.0,2.9626765,0
34,74,0.669,0,1.0,2.2712579,0
34,75,0.664,2,-0.05,2.5704443,0
34,76,0.637,1,-0.05,1.7310889,0
34,77,0.674,2,-0.05,1.0330789,0
34,78,0.675,2,-0.05,1.0487182,0
34,79,0.673,0,1.0,0.7558762,0
34,80,0.670,0,1.0,3.4117136,0
34,81,0.690,2,-0.05,1.8944085,0
34,82,0.688,2,-0.05,1.1538014,0
34,83,0.689,1,-0.05,5.403449,0
34,84,0.709,2,-0.05,5.132724,0
34,85,0.708,0,1.0,5.9919863,0
34,86,0.721,1,-0.05,7.738475,0
34,87,0.739,2,-0.05,6.83624,0
34,88,0.717,0,1.0,7.2097197,0
34,89,0.726,2,-0.05,7.541127,0
34,90,0.708,1,-0.05,8.211934,0
34,91,0.697,0,1.0,6.6315575,0
34,92,0.648,0,1.0,6.3252816,0
34,93,0.603,1,-0.05,2.568633,0
34,94,0.580,1,-0.05,-1.7158413,0
34,95,0.552,0,1.0,-7.980941,0
34,96,0.507,1,-0.05,-8.813166,0
34,97,0.478,0,1.0,-9.8064165,0
34,98,0.415,1,-0.05,-10.638375,0
34,99,0.383,1,-0.05,-12.19186,0
34,100,0.382,1,-0.05,-8.506308,0
34,101,0.347,0,1.0,-7.842637,0
34,102,0.288,0,1.0,-8.591646,0
34,103,0.191,2,-100.0,-6.7027087,0
35,0,0.666,0,1.0,4.3027363,0
35,1,0.674,0,1.0,4.2147965,0
35,2,0.669,2,-0.05,5.00025,0
35,3,0.671,1,-0.05,5.4138837,0
35,4,0.678,2,-0.05,5.034732,0
35,5,0.670,2,-0.05,5.1284223,0
35,6,0.668,1,-0.05,4.162035,0
35,7,0.685,0,1.0,4.598133,0
35,8,0.677,1,-0.05,5.276984,0
35,9,0.672,0,1.0,4.807918,0
35,10,0.678,0,1.0,4.150748,0
35,11,0.658,1,-0.05,4.4806194,0
35,12,0.664,1,-0.05,4.4773154,0
35,13,0.667,2,-0.05,4.459801,0
35,14,0.640,0,1.0,4.2424164,0
35,15,0.649,2,-0.05,5.356711,0
35,16,0.654,1,-0.05,5.652229,0
35,17,0.647,0,1.0,5.2348523,0
35,18,0.633,1,-0.05,4.562141,0
35,19,0.626,0,1.0,5.261095,0
35,20,0.609,0,1.0,5.747469,0
35,21,0.574,0,1.0,6.14177,0
35,22,0.548,0,1.0,6.06596,0
35,23,0.533,0,1.0,4.6332593,0
35,24,0.493,0,1.0,4.6035156,0
35,25,0.489,2,-0.05,4.613253,0
35,26,0.476,0,1.0,4.732235,0
35,27,0.443,0,1.0,5.226387,0
35,28,0.442,0,1.0,4.5599217,0
35,29,0.422,2,-0.05,3.4864259,0
35,30,0.425,1,-0.05,3.914448,0
35,31,0.415,2,-0.05,3.6469011,0
35,32,0.432,1,-0.05,3.4617915,0
35,33,0.420,0,1.0,4.150814,0
35,34,0.384,2,-0.05,4.3299546,0
35,35,0.373,0,1.0,2.6782348,0
35,36,0.368,2,-0.05,4.2251344,0
35,37,0.350,2,-0.05,3.9084144,0
35,38,0.354,1,-0.05,3.4202328,0
35,39,0.348,1,-0.05,3.3249373,0
35,40,0.353,2,-0.05,2.7195807,0
35,41,0.341,0,1.0,2.2984438,0
35,42,0.329,1,-0.05,4.77587,0
35,43,0.319,0,1.0,4.4034266,0
35,44,0.297,0,1.0,4.260559,0
35,45,0.288,2,-0.05,0.6954338,0
35,46,0.278,0,1.0,0.1640141,0
35,47,0.264,0,1.0,2.1353168,0
35,48,0.257,1,-0.05,0.43614045,0
35,49,0.253,2,-0.05,-0.09069142,0
35,50,0.241,1,-0.05,-0.9436418,0
35,51,0.254,2,-0.05,0.6409968,0
35,52,0.243,1,-0.05,1.8920429,0
35,53,0.247,1,-0.05,2.125577,0
35,54,0.240,0,1.0,-1.7287078,0
35,55,0.193,0,-100.0,-3.8158228,0
36,0,0.659,1,-0.05,6.4094424,0
36,1,0.657,0,1.0,4.5430455,0
36,2,0.646,0,1.0,4.269416,0
36,3,0.638,0,1.0,4.947339,0
36,4,0.631,2,-0.05,5.3762455,0
36,5,0.602,0,1.0,5.908534,0
36,6,0.603,0,1.0,5.2793083,0
36,7,0.592,0,1.0,5.4716606,0
36,8,0.584,2,-0.05,5.047342,0
36,9,0.583,1,-0.05,4.3806143,0
36,10,0.580,0,1.0,3.7666655,0
36,11,0.575,2,-0.05,3.7782555,0
36,12,0.554,2,-0.05,3.7129312,0
36,13,0.558,2,-0.05,3.067029,0
36,14,0.540,0,1.0,4.46554,0
36,15,0.559,2,-0.05,5.752757,0
36,16,0.558,0,1.0,5.1441364,0
36,17,0.570,1,-0.05,5.469614,0
36,18,0.571,0,1.0,5.54455,0
36,19,0.581,0,1.0,5.6086154,0
36,20,0.585,0,1.0,5.304571,0
36,21,0.589,1,-0.05,4.554617,0
36,22,0.588,0,1.0,4.9743624,0
36,23,0.586,1,-0.05,4.612054,0
36,24,0.586,0,1.0,5.002753,0
36,25,0.575,0,1.0,5.2385926,0
36,26,0.556,0,1.0,4.97515,0
36,27,0.544,0,1.0,3.8612757,0
36,28,0.528,0,1.0,2.7579226,0
36,29,0.527,2,-0.05,2.6710105,0
36,30,0.514,0,1.0,3.2730725,0
36,31,0.510,2,-0.05,4.910906,0
36,32,0.499,0,1.0,4.777255,0
36,33,0.502,1,-0.05,5.787874,0
36,34,0.505,2,-0.05,5.238037,0
36,35,0.505,1,-0.05,5.7779264,0
36,36,0.511,2,-0.05,5.4018755,0
36,37,0.506,0,1.0,5.6296287,0
36,38,0.523,2,-0.05,6.2999215,0
36,39,0.538,0,1.0,5.9443192,0
36,40,0.541,2,-0.05,5.1239347,0
36,41,0.558,0,1.0,5.788238,0
36,42,0.586,2,-0.05,5.4567575,0
36,43,0.595,0,1.0,6.01257,0
36,44,0.637,1,-0.05,5.6407514,0
36,45,0.650,1,-0.05,4.8305483,0
36,46,0.660,1,-0.05,6.2253594,0
36,47,0.659,0,1.0,7.48577,0
36,48,0.672,0,1.0,6.0657415,0
36,49,0.700,1,-0.05,6.309907,0
36,50,0.700,1,-0.05,7.825078,0
36,51,0.700,1,-0.05,7.6044025,0
36,52,0.705,0,1.0,4.7098427,0
36,53,0.704,0,1.0,4.4278216,0
36,54,0.697,1,-0.05,5.0609746,0
36,55,0.702,0,1.0,4.403949,0
36,56,0.661,0,1.0,7.293048,0
36,57,0.666,2,-0.05,4.8287644,0
36,58,0.660,0,1.0,3.6773427,0
36,59,0.651,2,-0.05,5.370558,0
36,60,0.655,2,-0.05,4.4865913,0
36,61,0.654,2,-0.05,6.676495,0
36,62,0.660,2,-0.05,4.4818945,0
36,63,0.656,2,-0.05,2.6175504,0
36,64,0.661,1,-0.05,2.8622465,0
36,65,0.664,1,-0.05,2.5089107,0
36,66,0.662,1,-0.05,2.8649397,0
36,67,0.658,0,1.0,7.94899,0
36,68,0.677,0,1.0,6.9136734,0
36,69,0.670,2,-0.05,4.6202035,0
36,70,0.657,2,-0.05,4.0977774,0
36,71,0.663,0,1.0,4.5889106,0
36,72,0.682,0,1.0,5.9488516,0
36,73,0.681,1,-0.05,2.5405548,0
36,74,0.692,2,-0.05,0.38208377,0
36,75,0.639,0,1.0,0.2375871,0
36,76,0.604,1,-0.05,-2.538165,0
36,77,0.579,1,-0.05,-3.8765945,0
36,78,0.566,2,-0.05,-0.75516105,0
36,79,0.539,1,-0.05,-1.4428778,0
36,80,0.525,0,1.0,-1.3860846,0
36,81,0.448,2,-0.05,-2.4695458,0
36,82,0.414,2,-0.05,-3.768261,0
36,83,0.398,2,-0.05,-4.702469,0
36,84,0.387,1,-0.05,-4.902476,0
36,85,0.376,2,-0.05,-4.6006045,0
36,86,0.351,1,-0.05,-3.528553,0
36,87,0.347,2,-0.05,-4.451185,0
36,88,0.312,0,1.0,-4.1523046,0
36,89,0.263,1,-0.05,-8.097327,0
36,90,0.224,1,-0.05,-9.169437,0
36,91,0.207,2,-0.05,-8.304357,0
36,92,0.202,2,-0.05,-8.972886,0
36,93,0.165,2,-100.0,-13.384825,0
37,0,0.667,1,-0.05,4.51505,0
37,1,0.673,0,1.0,4.653669,0
37,2,0.663,1,-0.05,3.5486906,0
37,3,0.647,1,-0.05,3.2132063,0
37,4,0.662,0,1.0,3.9271514,0
37,5,0.624,1,-0.05,5.0875287,0
37,6,0.619,0,1.0,5.031685,0
37,7,0.589,1,-0.05,3.4323444,0
37,8,0.586,2,-0.05,3.3926742,0
37,9,0.576,1,-0.05,2.3044028,0
37,10,0.568,1,-0.05,3.4422932,0
37,11,0.557,0,1.0,4.512844,0
37,12,0.506,0,1.0,4.971311,0
37,13,0.462,2,-0.05,4.027378,0
37,14,0.440,0,1.0,3.3419514,0
37,15,0.389,2,-0.05,1.6933498,0
37,16,0.394,2,-0.05,0.11071122,0
37,17,0.365,0,1.0,0.51643634,0
37,18,0.350,0,1.0,0.35370013,0
37,19,0.319,0,1.0,0.07214022,0
37,20,0.311,1,-0.05,-0.5430807,0
37,21,0.287,2,-0.05,-0.20487416,0
37,22,0.291,1,-0.05,-1.3903623,0
37,23,0.285,0,1.0,-0.07194853,0
37,24,0.221,0,1.0,-1.8736863,0
37,25,0.216,1,-0.05,-4.5306067,0
37,26,0.195,0,-100.0,-5.716881,0
38,0,0.663,1,-0.05,5.5802045,0
38,1,0.659,1,-0.05,5.596668,0
38,2,0.654,0,1.0,4.308477,0
38,3,0.636,1,-0.05,6.307742,0
38,4,0.639,0,1.0,6.2325473,0
38,5,0.574,0,1.0,4.9979124,0
38,6,0.574,2,-0.05,3.3375187,0
38,7,0.561,0,1.0,3.1552093,0
38,8,0.541,0,1.0,4.1756268,0
38,9,0.497,1,-0.05,3.7251663,0
38,10,0.506,1,-0.05,4.424333,0
38,11,0.514,1,-0.05,3.2068224,0
38,12,0.497,1,-0.05,2.3411994,0
38,13,0.489,1,-0.05,3.9955192,0
38,14,0.488,1,-0.05,4.1175094,0
38,15,0.475,0,1.0,0.48444593,0
38,16,0.412,2,-0.05,-2.92736,0
38,17,0.396,2,-0.05,-4.1642346,0
38,18,0.390,2,-0.05,-3.933568,0
38,19,0.360,0,1.0,-2.2426925,0
38,20,0.324,0,1.0,-2.025982,0
38,21,0.271,0,1.0,-4.1458483,0
38,22,0.235,2,-0.05,-11.731535,0
38,23,0.205,0,1.0,-14.682312,0
38,24,0.171,1,-100.0,-9.82828,0
39,0,0.663,0,1.0,5.804434,0
39,1,0.654,0,1.0,6.250895,0
39,2,0.659,1,-0.05,6.1767073,0
39,3,0.655,0,1.0,5.5198593,0
39,4,0.659,2,-0.05,5.1924176,0
39,5,0.647,2,-0.05,5.0777187,0
39,6,0.652,0,1.0,6.2621455,0
39,7,0.661,0,1.0,7.169149,0
39,8,0.661,1,-0.05,6.439773,0
39,9,0.661,1,-0.05,6.762879,0
39,10,0.659,2,-0.05,6.126428,0
39,11,0.652,0,1.0,6.096403,0
39,12,0.675,2,-0.05,6.368069,0
39,13,0.675,1,-0.05,6.181741,0
39,14,0.676,1,-0.05,5.3020077,0
39,15,0.678,1,-0.05,5.5540257,0
39,16,0.679,2,-0.05,4.654798,0
39,17,0.663,0,1.0,5.04512,0
39,18,0.674,0,1.0,5.9867554,0
39,19,0.679,0,1.0,6.683619,0
39,20,0.680,1,-0.05,6.800803,0
39,21,0.691,1,-0.05,6.6508913,0
39,22,0.674,1,-0.05,5.28854,0
39,23,0.678,0,1.0,4.8039565,0
39,24,0.661,0,1.0,6.215819,0
39,25,0.641,1,-0.05,6.0434747,0
39,26,0.634,1,-0.05,6.012853,0
39,27,0.638,1,-0.05,5.283615,0
39,28,0.610,0,1.0,5.0649557,0
39,29,0.560,0,1.0,5.1732993,0
39,30,0.528,1,-0.05,3.4337769,0
39,31,0.502,0,1.0,3.1256547,0
39,32,0.465,0,1.0,1.4029853,0
39,33,0.406,1,-0.05,0.7331582,0
39,34,0.390,2,-0.05,0.6539067,0
39,35,0.389,0,1.0,-1.4665098,0
39,36,0.347,2,-0.05,-2.269576,0
39,37,0.345,1,-0.05,-4.719179,0
39,38,0.317,0,1.0,-3.8725097,0
39,39,0.286,2,-0.05,-5.4577026,0
39,40,0.268,1,-0.05,-8.895607,0
39,41,0.278,0,1.0,-9.8158,0
39,42,0.184,0,-100.0,-8.411453,0
40,0,0.662,0,1.0,5.3588896,0
40,1,0.655,2,-0.05,4.9156475,0
40,2,0.652,0,1.0,4.998627,0
40,3,0.660,0,1.0,5.278533,0
40,4,0.682,2,-0.05,5.059965,0
40,5,0.674,0,1.0,5.5505037,0
40,6,0.689,2,-0.05,6.2607956,0
40,7,0.686,0,1.0,5.553327,0
40,8,0.702,2,-0.05,6.131369,0
40,9,0.686,2,-0.05,6.4563923,0
40,10,0.685,2,-0.05,5.3160043,0
40,11,0.686,1,-0.05,5.7053,0
40,12,0.684,1,-0.05,4.384365,0
40,13,0.679,1,-0.05,6.1108446,0
40,14,0.646,0,1.0,6.134754,0
40,15,0.651,0,1.0,5.718457,0
40,16,0.636,1,-0.05,5.417303,0
40,17,0.642,2,-0.05,6.0865645,0
40,18,0.645,1,-0.05,6.220388,0
40,19,0.639,0,1.0,6.4566607,0
40,20,0.636,0,1.0,6.255171,0
40,21,0.637,1,-0.05,6.3175864,0
40,22,0.639,0,1.0,4.670107,0
40,23,0.638,1,-0.05,4.076318,0
40,24,0.638,2,-0.05,4.3653474,0
40,25,0.643,0,1.0,4.9271765,0
40,26,0.639,1,-0.05,4.446665,0
40,27,0.632,0,1.0,3.677031,0
40,28,0.636,0,1.0,4.311197,0
40,29,0.641,1,-0.05,4.76639,0
40,30,0.631,2,-0.05,5.559174,0
40,31,0.660,2,-0.05,5.708664,0
40,32,0.652,0,1.0,5.4281282,0
40,33,0.627,1,-0.05,4.7191515,0
40,34,0.626,1,-0.05,4.8312435,0
40,35,0.622,2,-0.05,4.025583,0
40,36,0.618,1,-0.05,5.15906,0
40,37,0.615,2,-0.05,4.7835197,0
40,38,0.609,1,-0.05,5.141086,0
40,39,0.610,1,-0.05,4.8671017,0
40,40,0.613,1,-0.05,5.6017275,0
40,41,0.615,0,1.0,5.3012233,0
40,42,0.644,0,1.0,3.9328158,0
40,43,0.650,0,1.0,3.507122,0
40,44,0.664,2,-0.05,4.0336056,0
40,45,0.675,0,1.0,3.8468003,0
40,46,0.672,1,-0.05,3.2016463,0
40,47,0.686,0,1.0,2.9897237,0
40,48,0.696,0,1.0,3.668569,0
40,49,0.696,1,-0.05,3.8088202,0
40,50,0.700,1,-0.05,4.432067,0
40,51,0.694,0,1.0,3.3252468,0
40,52,0.662,2,-0.05,2.7739954,0
40,53,0.658,1,-0.05,2.8199692,0
40,54,0.645,0,1.0,2.7127752,0
40,55,0.610,2,-0.05,2.6887922,0
40,56,0.609,1,-0.05,3.0151086,0
40,57,0.595,1,-0.05,3.688734,0
40,58,0.587,2,-0.05,3.893321,0
40,59,0.576,2,-0.05,4.902047,0
40,60,0.559,2,-0.05,2.5286925,0
40,61,0.549,2,-0.05,1.5788717,0
40,62,0.551,1,-0.05,0.92882067,0
40,63,0.545,0,1.0,1.4163893,0
40,64,0.500,2,-0.05,0.79638296,0
40,65,0.473,0,1.0,1.5467435,0
40,66,0.457,0,1.0,2.7165074,0
40,67,0.409,0,1.0,1.6308088,0
40,68,0.371,1,-0.05,0.5224346,0
40,69,0.371,2,-0.05,2.5174623,0
40,70,0.354,1,-0.05,2.1334612,0
40,71,0.348,2,-0.05,-0.6895375,0
40,72,0.349,0,1.0,1.0464315,0
40,73,0.319,0,1.0,2.0077791,0
40,74,0.286,2,-0.05,3.0464752,0
40,75,0.289,1,-0.05,1.7174809,0
40,76,0.292,1,-0.05,1.9243598,0
40,77,0.270,0,1.0,-2.9729595,0
40,78,0.224,0,1.0,-11.866753,0
40,79,0.190,1,-100.0,-12.935401,0
41,0,0.670,1,-0.05,4.9261155,0
41,1,0.675,1,-0.05,5.025514,0
41,2,0.658,0,1.0,4.02322,0
41,3,0.634,0,1.0,5.6008697,0
41,4,0.627,1,-0.05,5.8936243,0
41,5,0.606,1,-0.05,5.8735714,0
41,6,0.606,0,1.0,4.6048083,0
41,7,0.547,0,1.0,4.5793886,0
41,8,0.533,2,-0.05,5.1032896,0
41,9,0.509,2,-0.05,4.162383,0
41,10,0.489,0,1.0,3.2174609,0
41,11,0.464,0,1.0,3.6025767,0
41,12,0.443,1,-0.05,1.9259866,0
41,13,0.428,1,-0.05,2.2049727,0
41,14,0.436,2,-0.05,2.2127566,0
41,15,0.425,1,-0.05,1.3705094,0
41,16,0.425,2,-0.05,0.68661016,0
41,17,0.410,2,-0.05,1.1240668,0
41,18,0.415,2,-0.05,2.123929,0
41,19,0.407,0,1.0,4.753623,0
41,20,0.392,0,1.0,5.2032785,0
41,21,0.391,0,1.0,5.5710335,0
41,22,0.373,1,-0.05,5.919241,0
41,23,0.379,1,-0.05,5.3584266,0
41,24,0.370,0,1.0,5.3450346,0
41,25,0.335,0,1.0,3.0521069,0
41,26,0.336,1,-0.05,1.9161425,0
41,27,0.317,0,1.0,1.5624213,0
41,28,0.297,2,-0.05,0.7759994,0
41,29,0.305,1,-0.05,-0.30732012,0
41,30,0.287,0,1.0,-0.4054073,0
41,31,0.244,0,1.0,-2.6014805,0
41,32,0.185,0,-100.0,-11.103492,0
42,0,0.671,2,-0.05,5.6208005,0
42,1,0.666,2,-0.05,5.6402783,0
42,2,0.689,0,1.0,5.720943,0
42,3,0.683,1,-0.05,6.7337246,0
42,4,0.709,0,1.0,7.1115794,0
42,5,0.705,0,1.0,6.706128,0
42,6,0.674,2,-0.05,6.727043,0
42,7,0.673,1,-0.05,6.132472,0
42,8,0.684,1,-0.05,5.8032217,0
42,9,0.675,2,-0.05,6.278233,0
42,10,0.680,0,1.0,5.1661806,0
42,11,0.681,2,-0.05,4.4432125,0
42,12,0.671,1,-0.05,5.091447,0
42,13,0.668,2,-0.05,4.203662,0
42,14,0.653,1,-0.05,3.6534142,0
42,15,0.655,2,-0.05,2.8961823,0
42,16,0.665,2,-0.05,4.473672,0
42,17,0.657,1,-0.05,5.0909195,0
42,18,0.653,2,-0.05,6.0848155,0
42,19,0.635,0,1.0,6.3413925,0
42,20,0.622,2,-0.05,6.833271,0
42,21,0.607,0,1.0,7.118944,0
42,22,0.572,1,-0.05,4.473535,0
42,23,0.571,2,-0.05,3.372836,0
42,24,0.542,2,-0.05,4.13789,0
42,25,0.552,1,-0.05,4.6622267,0
42,26,0.538,2,-0.05,3.7852607,0
42,27,0.515,0,1.0,4.2138724,0
42,28,0.433,0,1.0,2.4811282,0
42,29,0.406,1,-0.05,-0.73876905,0
42,30,0.393,1,-0.05,-1.3045983,0
42,31,0.374,1,-0.05,-4.351991,0
42,32,0.347,0,1.0,0.05566567,0
42,33,0.330,2,-0.05,2.249808,0
42,34,0.301,0,1.0,1.1775591,0
42,35,0.280,0,1.0,-4.624146,0
42,36,0.201,0,1.0,-6.072688,0
42,37,0.181,1,-100.0,-13.094947,0
43,0,0.672,2,-0.05,5.989695,0
43,1,0.658,0,1.0,5.807702,0
43,2,0.669,1,-0.05,6.528575,0
43,3,0.669,1,-0.05,6.266925,0
43,4,0.684,0,1.0,5.193237,0
43,5,0.669,0,1.0,4.724826,0
43,6,0.667,2,-0.05,5.2986913,0
43,7,0.664,0,1.0,4.4452143,0
43,8,0.663,0,1.0,5.449667,0
43,9,0.666,0,1.0,5.238909,0
43,10,0.659,0,1.0,5.5439305,0
43,11,0.672,0,1.0,5.8542027,0
43,12,0.660,1,-0.05,5.5722094,0
43,13,0.666,0,1.0,5.111931,0
43,14,0.654,1,-0.05,4.8047233,0
43,15,0.650,0,1.0,4.5721407,0
43,16,0.627,0,1.0,4.7143264,0
43,17,0.608,0,1.0,5.197219,0
43,18,0.601,1,-0.05,4.3629093,0
43,19,0.600,1,-0.05,5.3738422,0
43,20,0.586,0,1.0,5.6394134,0
43,21,0.562,0,1.0,4.7889843,0
43,22,0.520,0,1.0,4.2306533,0
43,23,0.490,2,-0.05,3.7630591,0
43,24,0.473,0,1.0,3.0360065,0
43,25,0.445,0,1.0,3.2106774,0
43,26,0.429,0,1.0,2.8119974,0
43,27,0.382,0,1.0,2.7304664,0
43,28,0.378,1,-0.05,2.207224,0
43,29,0.365,2,-0.05,1.9809014,0
43,30,0.373,0,1.0,2.9812458,0
43,31,0.369,2,-0.05,2.2033596,0
43,32,0.350,1,-0.05,2.5266814,0
43,33,0.356,0,1.0,2.918037,0
43,34,0.325,2,-0.05,-1.0402814,0
43,35,0.332,1,-0.05,-0.29085124,0
43,36,0.320,2,-0.05,-1.7352376,0
43,37,0.317,0,1.0,0.3496467,0
43,38,0.310,2,-0.05,1.2439754,0
43,39,0.296,0,1.0,2.095745,0
43,40,0.297,2,-0.05,3.9576573,0
43,41,0.288,2,-0.05,2.6915975,0
43,42,0.291,1,-0.05,5.15547,0
43,43,0.288,1,-0.05,3.1910887,0
43,44,0.286,2,-0.05,0.901995,0
43,45,0.274,1,-0.05,0.808718,0
43,46,0.283,2,-0.05,-0.5424956,0
43,47,0.267,2,-0.05,0.35732532,0
43,48,0.274,0,1.0,3.1070848,0
43,49,0.288,2,-0.05,2.6825757,0
43,50,0.277,2,-0.05,3.5708323,0
43,51,0.281,1,-0.05,5.7122087,0
43,52,0.299,0,1.0,3.4366508,0
43,53,0.319,1,-0.05,1.5906125,0
43,54,0.317,1,-0.05,-0.4518031,0
43,55,0.296,2,-0.05,1.1149442,0
43,56,0.286,0,1.0,0.21121123,0
43,57,0.308,1,-0.05,1.6363884,0
43,58,0.309,1,-0.05,0.89169997,0
43,59,0.307,1,-0.05,1.0181278,0
43,60,0.320,2,-0.05,0.47986817,0
43,61,0.294,1,-0.05,0.5900725,0
43,62,0.301,1,-0.05,1.6563175,0
43,63,0.311,1,-0.05,2.303741,0
43,64,0.306,2,-0.05,1.461055,0
43,65,0.298,2,-0.05,0.702873,0
43,66,0.293,1,-0.05,4.432148,0
43,67,0.289,1,-0.05,3.8574183,0
43,68,0.283,0,1.0,0.3906312,0
43,69,0.258,2,-0.05,-2.8906188,0
43,70,0.250,1,-0.05,-10.389077,0
43,71,0.227,2,-0.05,-15.51919,0
43,72,0.220,2,-0.05,-11.900999,0
43,73,0.210,2,-0.05,-1.6247478,0
43,74,0.216,1,-0.05,-1.8781433,0
43,75,0.195,0,-100.0,-4.0407505,0
44,0,0.663,1,-0.05,6.3607116,0
44,1,0.660,2,-0.05,5.806207,0
44,2,0.662,1,-0.05,5.5218964,0
44,3,0.662,2,-0.05,4.2487373,0
44,4,0.665,2,-0.05,4.1055293,0
44,5,0.665,1,-0.05,5.8379583,0
44,6,0.665,2,-0.05,4.8174005,0
44,7,0.666,1,-0.05,5.547722,0
44,8,0.666,1,-0.05,5.440016,0
44,9,0.667,1,-0.05,4.727722,0
44,10,0.654,0,1.0,4.1838603,0
44,11,0.641,2,-0.05,4.4934816,0
44,12,0.634,0,1.0,5.2977366,0
44,13,0.605,0,1.0,5.429223,0
44,14,0.597,0,1.0,6.231968,0
44,15,0.570,0,1.0,5.709783,0
44,16,0.557,1,-0.05,4.8116407,0
44,17,0.544,0,1.0,4.5948925,0
44,18,0.524,1,-0.05,5.4181457,0
44,19,0.514,2,-0.05,3.9686852,0
44,20,0.508,0,1.0,4.201683,0
44,21,0.507,0,1.0,4.5078163,0
44,22,0.497,0,1.0,5.3219185,0
44,23,0.481,2,-0.05,4.218895,0
44,24,0.455,0,1.0,4.3414617,0
44,25,0.459,2,-0.05,4.578509,0
44,26,0.453,0,1.0,4.5617647,0
44,27,0.459,0,1.0,6.26646,0
44,28,0.456,0,1.0,6.5802236,0
44,29,0.464,0,1.0,6.819963,0
44,30,0.466,1,-0.05,6.892382,0
44,31,0.472,0,1.0,6.698688,0
44,32,0.465,1,-0.05,5.700261,0
44,33,0.462,0,1.0,4.7947516,0
44,34,0.463,1,-0.05,3.4460344,0
44,35,0.449,0,1.0,3.3263264,0
44,36,0.441,0,1.0,3.51712,0
44,37,0.417,0,1.0,3.6095417,0
44,38,0.389,2,-0.05,3.154849,0
44,39,0.393,2,-0.05,2.5489812,0
44,40,0.380,1,-0.05,3.5030541,0
44,41,0.388,0,1.0,2.1116202,0
44,42,0.365,2,-0.05,0.80957747,0
44,43,0.366,2,-0.05,-1.1364762,0
44,44,0.348,2,-0.05,1.3052565,0
44,45,0.350,1,-0.05,5.041522,0
44,46,0.343,0,1.0,4.2661066,0
44,47,0.317,0,1.0,0.953493,0
44,48,0.309,2,-0.05,-1.9218334,0
44,49,0.305,0,1.0,-2.7122169,0
44,50,0.292,2,-0.05,-0.5793923,0
44,51,0.284,2,-0.05,0.22855388,0
44,52,0.284,2,-0.05,0.1066179,0
44,53,0.276,1,-0.05,0.7206021,0
44,54,0.275,2,-0.05,1.5099727,0
44,55,0.272,2,-0.05,1.2279993,0
44,56,0.291,1,-0.05,3.006468,0
44,57,0.289,0,1.0,2.9358716,0
44,58,0.288,1,-0.05,4.1136484,0
44,59,0.284,0,1.0,2.595227,0
44,60,0.278,1,-0.05,0.014072478,0
44,61,0.281,1,-0.05,0.9824402,0
44,62,0.277,1,-0.05,0.16332889,0
44,63,0.271,2,-0.05,2.7559118,0
44,64,0.269,2,-0.05,1.1854495,0
44,65,0.270,2,-0.05,0.3803358,0
44,66,0.260,1,-0.05,0.58964825,0
44,67,0.245,2,-0.05,1.5172853,0
44,68,0.246,0,1.0,2.1564662,0
44,69,0.250,1,-0.05,1.7561374,0
44,70,0.263,1,-0.05,2.9101796,0
44,71,0.255,2,-0.05,6.6350145,0
44,72,0.259,1,-0.05,5.8067894,0
44,73,0.248,2,-0.05,4.3783455,0
44,74,0.256,1,-0.05,3.5243754,0
44,75,0.259,2,-0.05,3.6619198,0
44,76,0.250,1,-0.05,5.13363,0
44,77,0.261,1,-0.05,5.8774896,0
44,78,0.250,2,-0.05,2.9242706,0
44,79,0.241,2,-0.05,1.9602041,0
44,80,0.245,0,1.0,4.885456,0
44,81,0.232,1,-0.05,3.3548746,0
44,82,0.260,1,-0.05,4.265795,0
44,83,0.248,0,1.0,5.4631777,0
44,84,0.248,2,-0.05,2.8264627,0
44,85,0.242,2,-0.05,2.7833369,0
44,86,0.239,0,1.0,1.7529197,0
44,87,0.247,1,-0.05,2.7080884,0
44,88,0.259,2,-0.05,2.3352556,0
44,89,0.251,2,-0.05,1.0519177,0
44,90,0.266,0,1.0,1.8571329,0
44,91,0.261,1,-0.05,0.09038973,0
44,92,0.278,1,-0.05,-0.64368653,0
44,93,0.284,0,1.0,-1.0770781,0
44,94,0.299,1,-0.05,0.36970472,0
44,95,0.296,0,1.0,-0.40781498,0
44,96,0.310,1,-0.05,-1.1525834,0
44,97,0.313,1,-0.05,-1.1359742,0
44,98,0.304,1,-0.05,0.62368655,0
44,99,0.315,0,1.0,-1.1682882,0
44,100,0.294,2,-0.05,-9.255459,0
44,101,0.281,1,-0.05,-13.666491,0
44,102,0.286,2,-0.05,-15.123544,0
44,103,0.282,1,-0.05,-14.508712,0
44,104,0.274,2,-0.05,-16.573978,0
44,105,0.273,1,-0.05,-16.518929,0
44,106,0.279,2,-0.05,-16.184107,0
44,107,0.267,0,1.0,-15.691181,0
44,108,0.248,2,-0.05,-11.607032,0
44,109,0.237,2,-0.05,-8.91421,0
44,110,0.218,2,-0.05,-5.18318,0
44,111,0.201,2,-0.05,-4.0004215,0
44,112,0.158,0,-100.0,-4.6889257,0
45,0,0.664,1,-0.05,6.162161,0
45,1,0.657,0,1.0,5.645845,0
45,2,0.643,0,1.0,4.359324,0
45,3,0.633,2,-0.05,4.6425776,0
45,4,0.652,0,1.0,3.4786603,0
45,5,0.628,0,1.0,4.7841673,0
45,6,0.620,2,-0.05,4.9783897,0
45,7,0.630,1,-0.05,4.668886,0
45,8,0.623,0,1.0,4.701856,0
45,9,0.605,1,-0.05,4.699172,0
45,10,0.600,1,-0.05,5.3711367,0
45,11,0.597,0,1.0,5.399399,0
45,12,0.550,0,1.0,5.295431,0
45,13,0.491,0,1.0,3.989907,0
45,14,0.476,1,-0.05,4.6311874,0
45,15,0.477,2,-0.05,3.725699,0
45,16,0.464,1,-0.05,3.3321762,0
45,17,0.456,0,1.0,2.9523125,0
45,18,0.416,2,-0.05,4.068708,0
45,19,0.405,1,-0.05,3.2301512,0
45,20,0.384,0,1.0,3.1764069,0
45,21,0.331,1,-0.05,2.2866762,0
45,22,0.330,2,-0.05,-2.4642158,0
45,23,0.325,2,-0.05,-2.5027628,0
45,24,0.302,2,-0.05,-0.6600044,0
45,25,0.279,2,-0.05,-0.3812574,0
45,26,0.290,2,-0.05,0.39320162,0
45,27,0.289,1,-0.05,2.4732146,0
45,28,0.264,1,-0.05,3.506493,0
45,29,0.279,1,-0.05,-0.29546696,0
45,30,0.266,2,-0.05,-1.249216,0
45,31,0.262,2,-0.05,-2.0691466,0
45,32,0.245,2,-0.05,-0.2373209,0
45,33,0.248,2,-0.05,2.1783297,0
45,34,0.236,2,-0.05,5.1957054,0
45,35,0.237,1,-0.05,5.19259,0
45,36,0.234,2,-0.05,6.310701,0
45,37,0.234,2,-0.05,6.5504856,0
45,38,0.236,2,-0.05,5.37321,0
45,39,0.251,0,1.0,5.5365276,0
45,40,0.254,2,-0.05,7.7989893,0
45,41,0.269,1,-0.05,6.4340487,0
45,42,0.261,0,1.0,5.904807,0
45,43,0.275,0,1.0,6.461561,0
45,44,0.294,0,1.0,5.4455132,0
45,45,0.289,2,-0.05,6.688976,0
45,46,0.310,0,1.0,6.1453433,0
45,47,0.330,0,1.0,6.238093,0
45,48,0.342,2,-0.05,5.5547204,0
45,49,0.348,2,-0.05,5.8617854,0
45,50,0.355,1,-0.05,6.372343,0
45,51,0.345,0,1.0,6.2138443,0
45,52,0.363,1,-0.05,6.189931,0
45,53,0.376,0,1.0,5.4110355,0
45,54,0.378,2,-0.05,5.157957,0
45,55,0.381,0,1.0,4.5724564,0
45,56,0.396,0,1.0,3.9432735,0
45,57,0.416,2,-0.05,3.7547235,0
45,58,0.401,2,-0.05,3.527237,0
45,59,0.420,0,1.0,4.039687,0
45,60,0.430,1,-0.05,6.547689,0
45,61,0.442,0,1.0,5.403314,0
45,62,0.480,1,-0.05,3.6993718,0
45,63,0.469,1,-0.05,5.0060196,0
45,64,0.469,1,-0.05,4.963846,0
45,65,0.491,1,-0.05,4.1357937,0
45,66,0.484,0,1.0,1.6871569,0
45,67,0.453,1,-0.05,1.3099319,0
45,68,0.465,2,-0.05,1.4803045,0
45,69,0.454,2,-0.05,2.1494353,0
45,70,0.463,0,1.0,4.489461,0
45,71,0.470,0,1.0,2.6657677,0
45,72,0.474,1,-0.05,3.3697789,0
45,73,0.469,1,-0.05,2.391562,0
45,74,0.481,1,-0.05,3.2296603,0
45,75,0.470,1,-0.05,5.1859064,0
45,76,0.471,1,-0.05,3.1847296,0
45,77,0.482,1,-0.05,3.1866698,0
45,78,0.465,0,1.0,-0.26756954,0
45,79,0.425,2,-0.05,-1.945622,0
45,80,0.416,1,-0.05,-2.1790988,0
45,81,0.398,2,-0.05,-3.8706403,0
45,82,0.400,2,-0.05,-3.5217314,0
45,83,0.393,2,-0.05,-2.1181784,0
45,84,0.370,0,1.0,-0.31179047,0
45,85,0.368,1,-0.05,1.4009309,0
45,86,0.351,0,1.0,2.0791512,0
45,87,0.332,1,-0.05,2.697659,0
45,88,0.324,2,-0.05,1.7005341,0
45,89,0.326,1,-0.05,2.883336,0
45,90,0.318,2,-0.05,2.9547248,0
45,91,0.315,1,-0.05,2.3222973,0
45,92,0.311,0,1.0,2.2572718,0
45,93,0.259,0,1.0,-0.7955632,0
45,94,0.238,1,-0.05,-3.6126223,0
45,95,0.213,2,-0.05,-5.1114297,0
45,96,0.226,1,-0.05,-3.3832302,0
45,97,0.202,0,1.0,-5.373683,0
45,98,0.170,2,-100.0,-12.16152,0
46,0,0.666,0,1.0,6.0204,0
46,1,0.674,0,1.0,6.623536,0
46,2,0.668,0,1.0,7.039133,0
46,3,0.661,2,-0.05,6.897765,0
46,4,0.668,0,1.0,6.754649,0
46,5,0.681,1,-0.05,6.872953,0
46,6,0.686,0,1.0,7.587977,0
46,7,0.672,1,-0.05,4.6785326,0
46,8,0.680,1,-0.05,5.2455416,0
46,9,0.689,0,1.0,3.9980102,0
46,10,0.668,0,1.0,3.82135,0
46,11,0.667,2,-0.05,4.3336806,0
46,12,0.654,2,-0.05,5.0355325,0
46,13,0.659,0,1.0,5.8265257,0
46,14,0.659,2,-0.05,7.0472803,0
46,15,0.647,0,1.0,6.2649364,0
46,16,0.668,2,-0.05,6.966345,0
46,17,0.672,1,-0.05,6.3384423,0
46,18,0.668,0,1.0,6.0019865,0
46,19,0.657,0,1.0,5.907247,0
46,20,0.659,0,1.0,5.7504125,0
46,21,0.657,0,1.0,5.47723,0
46,22,0.655,0,1.0,5.015505,0
46,23,0.647,1,-0.05,4.800179,0
46,24,0.658,0,1.0,5.1246824,0
46,25,0.637,0,1.0,3.8537588,0
46,26,0.618,1,-0.05,4.6402874,0
46,27,0.617,2,-0.05,4.1892242,0
46,28,0.622,1,-0.05,4.623596,0
46,29,0.620,0,1.0,4.5353556,0
46,30,0.601,2,-0.05,3.3050952,0
46,31,0.597,2,-0.05,3.9445212,0
46,32,0.581,2,-0.05,2.9497244,0
46,33,0.589,1,-0.05,4.8590503,0
46,34,0.592,0,1.0,4.271147,0
46,35,0.573,2,-0.05,2.9315424,0
46,36,0.561,0,1.0,4.8470893,0
46,37,0.548,0,1.0,5.028044,0
46,38,0.536,0,1.0,5.036459,0
46,39,0.534,2,-0.05,3.5027835,0
46,40,0.528,0,1.0,3.4321537,0
46,41,0.523,0,1.0,5.0077496,0
46,42,0.521,1,-0.05,4.513123,0
46,43,0.535,0,1.0,6.5752726,0
46,44,0.517,1,-0.05,4.5907454,0
46,45,0.520,0,1.0,3.3544126,0
46,46,0.500,1,-0.05,3.6242528,0
46,47,0.500,2,-0.05,1.3804315,0
46,48,0.480,2,-0.05,1.6779715,0
46,49,0.476,1,-0.05,5.5252695,0
46,50,0.478,0,1.0,4.5900717,0
46,51,0.477,1,-0.05,3.724454,0
46,52,0.466,2,-0.05,3.2276068,0
46,53,0.459,0,1.0,2.8573341,0
46,54,0.456,1,-0.05,5.8899627,0
46,55,0.458,1,-0.05,3.8113737,0
46,56,0.460,1,-0.05,2.7185555,0
46,57,0.452,2,-0.05,5.1538806,0
46,58,0.448,2,-0.05,3.9901588,0
46,59,0.456,2,-0.05,1.185144,0
46,60,0.440,2,-0.05,4.0571938,0
46,61,0.444,1,-0.05,4.2499933,0
46,62,0.447,2,-0.05,4.1764793,0
46,63,0.437,2,-0.05,3.0104365,0
46,64,0.446,0,1.0,4.4604445,0
46,65,0.468,1,-0.05,4.306479,0
46,66,0.477,0,1.0,4.6952724,0
46,67,0.498,1,-0.05,3.7924442,0
46,68,0.494,0,1.0,2.0956373,0
46,69,0.514,2,-0.05,4.396653,0
46,70,0.503,1,-0.05,5.766822,0
46,71,0.516,1,-0.05,6.9672422,0
46,72,0.517,0,1.0,4.9407625,0
46,73,0.511,2,-0.05,3.2950656,0
46,74,0.505,0,1.0,3.501381,0
46,75,0.500,1,-0.05,4.3366623,0
46,76,0.502,2,-0.05,3.7304842,0
46,77,0.499,0,1.0,2.8970146,0
46,78,0.516,0,1.0,4.0934963,0
46,79,0.512,1,-0.05,3.6818347,0
46,80,0.528,1,-0.05,2.792407,0
46,81,0.523,0,1.0,2.2473981,0
46,82,0.484,0,1.0,2.3227603,0
46,83,0.409,2,-0.05,1.6674889,0
46,84,0.386,0,1.0,-0.81531,0
46,85,0.304,1,-0.05,0.021904707,0
46,86,0.286,2,-0.05,-4.4260406,0
46,87,0.265,2,-0.05,-3.2317922,0
46,88,0.257,2,-0.05,-5.924016,0
46,89,0.231,2,-0.05,-3.607333,0
46,90,0.233,2,-0.05,-2.0499506,0
46,91,0.188,0,-100.0,-5.5442724,0
47,0,0.667,0,1.0,5.214082,0
47,1,0.673,2,-0.05,5.940421,0
47,2,0.663,0,1.0,5.4256077,0
47,3,0.664,0,1.0,6.4128985,0
47,4,0.693,0,1.0,6.3106146,0
47,5,0.680,0,1.0,6.7707396,0
47,6,0.705,2,-0.05,6.864248,0
47,7,0.700,0,1.0,6.529525,0
47,8,0.696,2,-0.05,5.8355484,0
47,9,0.684,1,-0.05,6.5094233,0
47,10,0.666,0,1.0,5.8170557,0
47,11,0.669,2,-0.05,5.6543064,0
47,12,0.675,0,1.0,6.85627,0
47,13,0.651,1,-0.05,5.9843197,0
47,14,0.651,0,1.0,5.8470664,0
47,15,0.653,0,1.0,6.3178477,0
47,16,0.638,2,-0.05,6.404973,0
47,17,0.627,2,-0.05,6.514758,0
47,18,0.633,0,1.0,4.9744396,0
47,19,0.630,0,1.0,5.110683,0
47,20,0.591,2,-0.05,3.7031705,0
47,21,0.607,0,1.0,3.873134,0
47,22,0.555,0,1.0,2.8915353,0
47,23,0.547,2,-0.05,2.8578124,0
47,24,0.543,2,-0.05,4.0429997,0
47,25,0.528,1,-0.05,4.178335,0
47,26,0.538,1,-0.05,5.80217,0
47,27,0.514,0,1.0,6.4874306,0
47,28,0.492,2,-0.05,4.919841,0
47,29,0.493,0,1.0,4.967142,0
47,30,0.472,2,-0.05,5.2645597,0
47,31,0.470,2,-0.05,5.88449,0
47,32,0.436,0,1.0,6.779623,0
47,33,0.421,1,-0.05,5.2975764,0
47,34,0.400,0,1.0,5.3162484,0
47,35,0.369,0,1.0,6.11633,0
47,36,0.336,1,-0.05,6.9204063,0
47,37,0.323,1,-0.05,5.583584,0
47,38,0.322,2,-0.05,4.6554203,0
47,39,0.307,1,-0.05,5.2356453,0
47,40,0.310,0,1.0,5.2142696,0
47,41,0.300,2,-0.05,2.2387195,0
47,42,0.294,2,-0.05,1.4633461,0
47,43,0.283,0,1.0,2.1484184,0
47,44,0.233,0,1.0,3.8285096,0
47,45,0.219,2,-0.05,1.7721784,0
47,46,0.192,0,-100.0,-0.44462228,0
48,0,0.669,1,-0.05,3.8511972,0
48,1,0.664,1,-0.05,2.9579067,0
48,2,0.667,1,-0.05,1.9897928,0
48,3,0.666,2,-0.05,3.1576905,0
48,4,0.666,2,-0.05,2.9037519,0
48,5,0.638,0,1.0,1.3493905,0
48,6,0.652,0,1.0,3.4393377,0
48,7,0.646,1,-0.05,3.7569084,0
48,8,0.644,2,-0.05,4.389484,0
48,9,0.642,2,-0.05,4.7556224,0
48,10,0.641,1,-0.05,3.8748162,0
48,11,0.654,0,1.0,3.5797954,0
48,12,0.649,2,-0.05,3.3206787,0
48,13,0.650,2,-0.05,3.005411,0
48,14,0.633,2,-0.05,3.6667616,0
48,15,0.647,0,1.0,3.2942352,0
48,16,0.677,0,1.0,3.0670753,0
48,17,0.688,0,1.0,3.5442088,0
48,18,0.712,1,-0.05,4.8180666,0
48,19,0.696,1,-0.05,3.709794,0
48,20,0.685,2,-0.05,5.2576504,0
48,21,0.684,1,-0.05,4.9719996,0
48,22,0.676,0,1.0,5.926067,0
48,23,0.668,0,1.0,5.66504,0
48,24,0.678,0,1.0,5.823389,0
48,25,0.660,1,-0.05,5.9806824,0
48,26,0.647,2,-0.05,5.891039,0
48,27,0.644,1,-0.05,6.20494,0
48,28,0.658,0,1.0,6.2850866,0
48,29,0.655,0,1.0,4.5690455,0
48,30,0.668,2,-0.05,4.188939,0
48,31,0.663,0,1.0,4.7428026,0
48,32,0.667,0,1.0,6.4900327,0
48,33,0.663,0,1.0,6.0894547,0
48,34,0.647,0,1.0,6.6039495,0
48,35,0.649,0,1.0,5.4702663,0
48,36,0.636,0,1.0,5.371237,0
48,37,0.637,1,-0.05,4.8550525,0
48,38,0.634,1,-0.05,4.6740294,0
48,39,0.637,1,-0.05,3.750791,0
48,40,0.660,0,1.0,2.620186,0
48,41,0.658,1,-0.05,4.0460143,0
48,42,0.674,0,1.0,3.081839,0
48,43,0.705,2,-0.05,3.9533267,0
48,44,0.711,0,1.0,4.2415304,0
48,45,0.680,2,-0.05,4.931606,0
48,46,0.681,0,1.0,3.4488773,0
48,47,0.669,2,-0.05,4.9458165,0
48,48,0.665,0,1.0,3.9466166,0
48,49,0.644,2,-0.05,4.269935,0
48,50,0.651,2,-0.05,4.9723682,0
48,51,0.644,0,1.0,5.9160633,0
48,52,0.664,0,1.0,5.7356644,0
48,53,0.671,0,1.0,7.0705833,0
48,54,0.671,2,-0.05,6.8520994,0
48,55,0.673,1,-0.05,5.8503017,0
48,56,0.683,1,-0.05,5.126732,0
48,57,0.691,1,-0.05,6.774027,0
48,58,0.688,0,1.0,6.2342114,0
48,59,0.665,1,-0.05,4.3921933,0
48,60,0.661,0,1.0,3.9172454,0
48,61,0.650,1,-0.05,5.6800585,0
48,62,0.633,0,1.0,3.484966,0
48,63,0.616,1,-0.05,2.3337822,0
48,64,0.597,2,-0.05,1.7830158,0
48,65,0.590,1,-0.05,2.4713423,0
48,66,0.599,1,-0.05,1.7277906,0
48,67,0.562,0,1.0,0.5148834,0
48,68,0.517,0,1.0,3.5549502,0
48,69,0.517,1,-0.05,3.2832675,0
48,70,0.467,0,1.0,3.2769842,0
48,71,0.392,0,1.0,1.006562,0
48,72,0.375,2,-0.05,-0.6037581,0
48,73,0.362,1,-0.05,-4.500331,0
48,74,0.356,2,-0.05,-3.0975246,0
48,75,0.333,2,-0.05,-3.9466357,0
48,76,0.322,0,1.0,-8.343805,0
48,77,0.285,2,-0.05,-5.54585,0
48,78,0.292,2,-0.05,-3.1386309,0
48,79,0.276,1,-0.05,-0.2256279,0
48,80,0.270,1,-0.05,0.18575287,0
48,81,0.262,2,-0.05,-8.743294,0
48,82,0.255,1,-0.05,-8.637525,0
48,83,0.253,0,1.0,-10.479072,0
48,84,0.210,2,-0.05,-13.736247,0
48,85,0.195,2,-100.0,-16.11204,0
49,0,0.674,2,-0.05,6.143032,0
49,1,0.661,0,1.0,5.805224,0
49,2,0.669,0,1.0,6.300397,0
49,3,0.692,1,-0.05,6.977244,0
49,4,0.699,0,1.0,6.6742663,0
49,5,0.697,2,-0.05,6.2137585,0
49,6,0.708,1,-0.05,5.563699,0
49,7,0.697,1,-0.05,5.7857265,0
49,8,0.692,2,-0.05,5.902364,0
49,9,0.705,1,-0.05,5.7793455,0
49,10,0.703,0,1.0,5.066804,0
49,11,0.689,1,-0.05,3.8574667,0
49,12,0.700,0,1.0,3.904346,0
49,13,0.671,2,-0.05,4.1253805,0
49,14,0.664,2,-0.05,2.9302354,0
49,15,0.658,2,-0.05,3.380496,0
49,16,0.661,0,1.0,4.7983084,0
49,17,0.662,2,-0.05,4.5187597,0
49,18,0.657,1,-0.05,5.6028743,0
49,19,0.658,0,1.0,5.366478,0
49,20,0.647,1,-0.05,4.6254406,0
49,21,0.652,0,1.0,4.502865,0
49,22,0.632,2,-0.05,3.156982,0
49,23,0.633,1,-0.05,4.1279364,0
49,24,0.614,0,1.0,4.6261263,0
49,25,0.597,1,-0.05,3.7315803,0
49,26,0.586,2,-0.05,4.2900114,0
49,27,0.583,1,-0.05,4.396615,0
49,28,0.584,2,-0.05,3.864311,0
49,29,0.576,1,-0.05,4.3248854,0
49,30,0.566,2,-0.05,3.3518622,0
49,31,0.558,1,-0.05,3.7033136,0
49,32,0.539,0,1.0,3.4432063,0
49,33,0.491,0,1.0,4.448264,0
49,34,0.458,0,1.0,3.6512113,0
49,35,0.439,2,-0.05,3.0060427,0
49,36,0.418,2,-0.05,1.6695418,0
49,37,0.407,1,-0.05,2.857273,0
49,38,0.413,1,-0.05,1.7087296,0
49,39,0.413,2,-0.05,1.283426,0
49,40,0.371,0,1.0,1.8152146,0
49,41,0.346,2,-0.05,2.4281478,0
49,42,0.328,2,-0.05,1.8135457,0
49,43,0.329,0,1.0,2.7997367,0
49,44,0.324,2,-0.05,4.348676,0
49,45,0.319,0,1.0,5.058441,0
49,46,0.296,0,1.0,4.187068,0
49,47,0.294,2,-0.05,3.9570515,0
49,48,0.291,2,-0.05,3.35871,0
49,49,0.284,1,-0.05,2.563501,0
49,50,0.282,2,-0.05,2.3872137,0
49,51,0.297,0,1.0,2.4767146,0
49,52,0.311,1,-0.05,2.561977,0
49,53,0.309,0,1.0,2.1896586,0
49,54,0.325,1,-0.05,2.269823,0
49,55,0.320,0,1.0,3.0547647,0
49,56,0.301,0,1.0,3.5536437,0
49,57,0.304,2,-0.05,3.2332594,0
49,58,0.304,2,-0.05,2.916908,0
49,59,0.312,1,-0.05,2.946394,0
49,60,0.315,1,-0.05,2.9540327,0
49,61,0.313,1,-0.05,1.0518892,0
49,62,0.313,0,1.0,0.22261152,0
49,63,0.274,1,-0.05,-4.2287045,0
49,64,0.274,1,-0.05,-8.533655,0
49,65,0.280,1,-0.05,-11.109966,0
49,66,0.270,1,-0.05,-10.711412,0
49,67,0.264,1,-0.05,-12.559679,0
49,68,0.250,2,-0.05,-12.016551,0
49,69,0.250,1,-0.05,-14.914379,0
49,70,0.240,1,-0.05,-14.545715,0
49,71,0.220,1,-0.05,-19.1245,0
49,72,0.171,0,-100.0,-16.776875,0
50,0,0.660,2,-0.05,5.5893755,0
50,1,0.656,1,-0.05,4.588154,0
50,2,0.662,0,1.0,4.9347897,0
50,3,0.660,0,1.0,4.3547664,0
50,4,0.643,0,1.0,4.5612955,0
50,5,0.653,2,-0.05,4.3559866,0
50,6,0.637,0,1.0,5.5266423,0
50,7,0.648,1,-0.05,5.072323,0
50,8,0.644,0,1.0,5.2654524,0
50,9,0.634,0,1.0,5.628106,0
50,10,0.618,0,1.0,5.721272,0
50,11,0.610,0,1.0,4.206355,0
50,12,0.610,2,-0.05,5.0469904,0
50,13,0.611,1,-0.05,3.5590897,0
50,14,0.626,1,-0.05,3.4908133,0
50,15,0.608,0,1.0,3.7614818,0
50,16,0.575,2,-0.05,3.876606,0
50,17,0.575,0,1.0,4.208405,0
50,18,0.561,0,1.0,3.7283826,0
50,19,0.548,1,-0.05,4.8751745,0
50,20,0.544,0,1.0,5.129968,0
50,21,0.521,2,-0.05,4.629693,0
50,22,0.514,1,-0.05,3.1271777,0
50,23,0.512,2,-0.05,3.7877202,0
50,24,0.498,0,1.0,4.116865,0
50,25,0.469,1,-0.05,4.9995737,0
50,26,0.475,1,-0.05,5.860711,0
50,27,0.450,0,1.0,4.739168,0
50,28,0.411,1,-0.05,3.909266,0
50,29,0.417,0,1.0,3.0481696,0
50,30,0.365,1,-0.05,2.4441442,0
50,31,0.370,2,-0.05,0.5276332,0
50,32,0.337,2,-0.05,0.6567549,0
50,33,0.358,1,-0.05,0.99830925,0
50,34,0.344,2,-0.05,0.9706803,0
50,35,0.344,2,-0.05,1.0497463,0
50,36,0.324,2,-0.05,2.2546306,0
50,37,0.324,0,1.0,4.053584,0
50,38,0.316,0,1.0,3.7141178,0
50,39,0.301,2,-0.05,3.603959,0
50,40,0.294,2,-0.05,4.111594,0
50,41,0.300,0,1.0,2.268612,0
50,42,0.318,0,1.0,3.0605435,0
50,43,0.318,1,-0.05,2.3032382,0
50,44,0.322,0,1.0,1.381588,0
50,45,0.322,1,-0.05,2.8672838,0
50,46,0.325,2,-0.05,2.8854942,0
50,47,0.321,2,-0.05,2.6803677,0
50,48,0.326,1,-0.05,3.0778651,0
50,49,0.315,0,1.0,2.5683146,0
50,50,0.323,0,1.0,3.21186,0
50,51,0.333,0,1.0,4.918558,0
50,52,0.333,0,1.0,3.9509046,0
50,53,0.336,2,-0.05,3.8644452,0
50,54,0.338,0,1.0,0.9933181,0
50,55,0.348,2,-0.05,2.2568445,0
50,56,0.333,2,-0.05,2.3352199,0
50,57,0.339,0,1.0,3.590407,0
50,58,0.356,2,-0.05,4.4899793,0
50,59,0.391,0,1.0,4.743412,0
50,60,0.397,0,1.0,4.6869802,0
50,61,0.447,1,-0.05,4.953129,0
50,62,0.456,0,1.0,4.2670116,0
50,63,0.482,2,-0.05,3.5460372,0
50,64,0.483,1,-0.05,5.159897,0
50,65,0.493,2,-0.05,4.946181,0
50,66,0.509,0,1.0,5.15069,0
50,67,0.539,1,-0.05,5.55449,0
50,68,0.544,1,-0.05,5.5330048,0
50,69,0.550,0,1.0,4.7523365,0
50,70,0.568,1,-0.05,3.143515,0
50,71,0.586,0,1.0,3.5087104,0
50,72,0.590,1,-0.05,5.034791,0
50,73,0.591,1,-0.05,6.447221,0
50,74,0.586,0,1.0,6.9404087,0
50,75,0.582,0,1.0,5.710487,0
50,76,0.576,2,-0.05,4.4941773,0
50,77,0.575,0,1.0,5.2004185,0
50,78,0.575,0,1.0,5.6351557,0
50,79,0.583,0,1.0,5.5261984,0
50,80,0.561,2,-0.05,4.9488344,0
50,81,0.535,2,-0.05,4.5838237,0
50,82,0.519,2,-0.05,1.7945077,0
50,83,0.516,1,-0.05,2.9551144,0
50,84,0.493,1,-0.05,3.7226171,0
50,85,0.473,1,-0.05,3.6152813,0
50,86,0.454,2,-0.05,4.931196,0
50,87,0.442,2,-0.05,3.625202,0
50,88,0.402,0,1.0,1.1759076,0
50,89,0.328,1,-0.05,-1.0057521,0
50,90,0.305,0,1.0,-2.0643563,0
50,91,0.232,1,-0.05,-3.221858,0
50,92,0.219,2,-0.05,-9.36086,0
50,93,0.189,2,-100.0,-7.9650874,0
51,0,0.654,2,-0.05,6.607439,0
51,1,0.671,0,1.0,7.4642816,0
51,2,0.678,1,-0.05,5.7574625,0
51,3,0.673,0,1.0,7.1888194,0
51,4,0.699,2,-0.05,7.362107,0
51,5,0.682,2,-0.05,7.075183,0
51,6,0.696,1,-0.05,6.0764065,0
51,7,0.691,2,-0.05,6.5645943,0
51,8,0.705,0,1.0,6.256958,0
51,9,0.682,0,1.0,5.728427,0
51,10,0.671,0,1.0,5.389784,0
51,11,0.633,1,-0.05,5.611963,0
51,12,0.630,0,1.0,4.6821666,0
51,13,0.616,0,1.0,5.9999695,0
51,14,0.585,0,1.0,5.9400635,0
51,15,0.573,2,-0.05,5.7558327,0
51,16,0.587,0,1.0,5.964655,0
51,17,0.564,1,-0.05,4.2916756,0
51,18,0.553,2,-0.05,4.6094465,0
51,19,0.531,0,1.0,4.7498655,0
51,20,0.508,1,-0.05,5.7549386,0
51,21,0.508,1,-0.05,5.653043,0
51,22,0.501,1,-0.05,5.7584286,0
51,23,0.484,0,1.0,4.553978,0
51,24,0.491,1,-0.05,2.6235487,0
51,25,0.467,0,1.0,3.0451138,0
51,26,0.473,0,1.0,4.3777437,0
51,27,0.477,0,1.0,4.9631953,0
51,28,0.463,2,-0.05,4.905817,0
51,29,0.460,2,-0.05,4.7743087,0
51,30,0.475,1,-0.05,5.1170015,0
51,31,0.465,1,-0.05,5.4651814,0
51,32,0.470,2,-0.05,4.949233,0
51,33,0.471,2,-0.05,3.4631453,0
51,34,0.471,2,-0.05,5.049295,0
51,35,0.469,2,-0.05,4.592284,0
51,36,0.449,0,1.0,5.989131,0
51,37,0.425,1,-0.05,5.8950806,0
51,38,0.414,1,-0.05,4.0388317,0
51,39,0.404,1,-0.05,4.2977643,0
51,40,0.406,1,-0.05,2.9645033,0
51,41,0.400,2,-0.05,1.8996173,0
51,42,0.404,0,1.0,2.2711349,0
51,43,0.376,1,-0.05,1.850678,0
51,44,0.374,2,-0.05,2.0202575,0
51,45,0.359,0,1.0,3.0762835,0
51,46,0.326,1,-0.05,4.126772,0
51,47,0.327,0,1.0,3.5178232,0
51,48,0.291,2,-0.05,1.7982392,0
51,49,0.295,0,1.0,1.164454,0
51,50,0.260,1,-0.05,3.235256,0
51,51,0.239,0,1.0,-1.2933397,0
51,52,0.213,1,-0.05,-1.588326,0
51,53,0.215,2,-0.05,-3.1917853,0
51,54,0.214,2,-0.05,-4.804452,0
51,55,0.210,1,-0.05,-14.754304,0
51,56,0.173,0,-100.0,-19.12569,0
52,0,0.661,0,1.0,5.841878,0
52,1,0.676,1,-0.05,6.0285034,0
52,2,0.657,0,1.0,6.035717,0
52,3,0.650,0,1.0,5.0921884,0
52,4,0.653,2,-0.05,5.134918,0
52,5,0.635,0,1.0,4.6681204,0
52,6,0.640,0,1.0,5.4628687,0
52,7,0.623,2,-0.05,4.232787,0
52,8,0.636,2,-0.05,4.1628594,0
52,9,0.643,0,1.0,4.226834,0
52,10,0.651,1,-0.05,4.1769724,0
52,11,0.658,1,-0.05,3.0781016,0
52,12,0.656,2,-0.05,3.3459315,0
52,13,0.646,2,-0.05,3.7229123,0
52,14,0.654,2,-0.05,2.7546186,0
52,15,0.666,2,-0.05,2.9807796,0
52,16,0.654,1,-0.05,4.610368,0
52,17,0.661,2,-0.05,4.9259195,0
52,18,0.691,0,1.0,3.775648,0
52,19,0.688,2,-0.05,6.4425783,0
52,20,0.686,1,-0.05,6.3173647,0
52,21,0.682,1,-0.05,5.329207,0
52,22,0.664,1,-0.05,5.0976663,0
52,23,0.664,1,-0.05,3.247398,0
52,24,0.650,0,1.0,3.76124,0
52,25,0.658,2,-0.05,4.5143557,0
52,26,0.648,0,1.0,5.1746573,0
52,27,0.626,0,1.0,4.92118,0
52,28,0.618,1,-0.05,4.6967626,0
52,29,0.617,1,-0.05,4.34641,0
52,30,0.612,2,-0.05,5.04797,0
52,31,0.618,2,-0.05,4.5631533,0
52,32,0.610,2,-0.05,3.267901,0
52,33,0.597,1,-0.05,1.1497043,0
52,34,0.595,1,-0.05,2.460433,0
52,35,0.596,1,-0.05,4.4302707,0
52,36,0.593,2,-0.05,4.7770023,0
52,37,0.603,1,-0.05,6.3537836,0
52,38,0.598,2,-0.05,5.5035477,0
52,39,0.594,1,-0.05,6.5282593,0
52,40,0.593,0,1.0,6.1678624,0
52,41,0.587,0,1.0,5.881816,0
52,42,0.588,1,-0.05,5.762736,0
52,43,0.589,0,1.0,5.5729957,0
52,44,0.600,0,1.0,4.363216,0
52,45,0.603,2,-0.05,4.0024395,0
52,46,0.592,2,-0.05,3.1695485,0
52,47,0.618,0,1.0,3.6966527,0
52,48,0.602,1,-0.05,6.215135,0
52,49,0.610,1,-0.05,6.9040074,0
52,50,0.604,0,1.0,4.5644164,0
52,51,0.616,0,1.0,4.069757,0
52,52,0.614,1,-0.05,2.0822344,0
52,53,0.610,1,-0.05,1.8555652,0
52,54,0.622,0,1.0,2.6833787,0
52,55,0.640,1,-0.05,3.3710723,0
52,56,0.656,0,1.0,3.2847009,0
52,57,0.669,0,1.0,3.062124,0
52,58,0.712,2,-0.05,3.1840415,0
52,59,0.710,1,-0.05,2.560421,0
52,60,0.690,0,1.0,2.9676945,0
52,61,0.647,2,-0.05,2.722368,0
52,62,0.635,0,1.0,3.7316766,0
52,63,0.601,1,-0.05,3.1534228,0
52,64,0.601,1,-0.05,2.3354099,0
52,65,0.591,2,-0.05,2.7974322,0
52,66,0.573,2,-0.05,3.054809,0
52,67,0.566,0,1.0,2.1604042,0
52,68,0.536,0,1.0,3.2819824,0
52,69,0.524,0,1.0,3.7303467,0
52,70,0.503,2,-0.05,3.5461884,0
52,71,0.475,0,1.0,4.7218275,0
52,72,0.470,2,-0.05,5.5602827,0
52,73,0.483,1,-0.05,5.6795254,0
52,74,0.465,2,-0.05,4.286256,0
52,75,0.464,2,-0.05,3.8146605,0
52,76,0.470,1,-0.05,5.146517,0
52,77,0.466,2,-0.05,3.8750436,0
52,78,0.456,2,-0.05,5.5035925,0
52,79,0.462,1,-0.05,6.319319,0
52,80,0.456,0,1.0,5.894642,0
52,81,0.452,2,-0.05,3.7840612,0
52,82,0.459,2,-0.05,3.8065906,0
52,83,0.451,0,1.0,6.3004603,0
52,84,0.464,2,-0.05,6.5583086,0
52,85,0.464,0,1.0,6.0145154,0
52,86,0.486,1,-0.05,5.252971,0
52,87,0.473,1,-0.05,5.6732254,0
52,88,0.470,0,1.0,6.910424,0
52,89,0.479,1,-0.05,4.4803715,0
52,90,0.483,2,-0.05,4.3254194,0
52,91,0.477,2,-0.05,6.179346,0
52,92,0.473,1,-0.05,6.3816457,0
52,93,0.480,1,-0.05,5.119219,0
52,94,0.490,1,-0.05,5.510149,0
52,95,0.455,2,-0.05,5.0856705,0
52,96,0.478,0,1.0,4.462247,0
52,97,0.472,2,-0.05,4.5622764,0
52,98,0.490,0,1.0,3.390548,0
52,99,0.495,1,-0.05,1.8095722,0
52,100,0.495,1,-0.05,0.47929335,0
52,101,0.504,1,-0.05,-0.19973135,0
52,102,0.508,2,-0.05,-1.7935996,0
52,103,0.496,1,-0.05,0.36351442,0
52,104,0.497,2,-0.05,0.5177877,0
52,105,0.479,2,-0.05,0.1529808,0
52,106,0.473,2,-0.05,-0.22565413,0
52,107,0.441,2,-0.05,0.66466856,0
52,108,0.423,0,1.0,-0.006995201,0
52,109,0.355,1,-0.05,-4.1555204,0
52,110,0.336,2,-0.05,-5.9327583,0
52,111,0.332,2,-0.05,-7.9436703,0
52,112,0.302,2,-0.05,-9.065993,0
52,113,0.300,1,-0.05,-6.2215567,0
52,114,0.271,1,-0.05,-4.540594,0
52,115,0.275,1,-0.05,-10.053118,0
52,116,0.222,1,-0.05,-8.383559,0
52,117,0.223,1,-0.05,-3.7382784,0
52,118,0.225,1,-0.05,-4.086925,0
52,119,0.167,0,-100.0,-3.4146123,0
53,0,0.671,0,1.0,5.2284355,0
53,1,0.656,1,-0.05,4.4073853,0
53,2,0.665,0,1.0,5.7337184,0
53,3,0.653,0,1.0,5.3458033,0
53,4,0.652,1,-0.05,3.8791668,0
53,5,0.642,0,1.0,4.1359735,0
53,6,0.602,0,1.0,4.3752728,0
53,7,0.603,0,1.0,3.5752585,0
53,8,0.587,1,-0.05,3.8165236,0
53,9,0.587,1,-0.05,4.5356226,0
53,10,0.571,0,1.0,3.8200297,0
53,11,0.549,1,-0.05,3.9405065,0
53,12,0.540,0,1.0,3.6011662,0
53,13,0.491,0,1.0,4.541135,0
53,14,0.473,2,-0.05,4.500857,0
53,15,0.429,0,1.0,3.801959,0
53,16,0.411,0,1.0,2.9490514,0
53,17,0.379,2,-0.05,1.6967976,0
53,18,0.375,2,-0.05,0.64084494,0
53,19,0.359,2,-0.05,3.454461,0
53,20,0.330,0,1.0,5.244791,0
53,21,0.337,0,1.0,6.816663,0
53,22,0.328,0,1.0,7.4440317,0
53,23,0.313,0,1.0,6.2955265,0
53,24,0.316,1,-0.05,6.5632253,0
53,25,0.299,2,-0.05,5.6429987,0
53,26,0.297,1,-0.05,5.1373854,0
53,27,0.309,1,-0.05,5.4637575,0
53,28,0.299,2,-0.05,3.6195335,0
53,29,0.292,0,1.0,4.5509186,0
53,30,0.272,0,1.0,6.5013857,0
53,31,0.276,0,1.0,4.6470366,0
53,32,0.270,1,-0.05,4.6652365,0
53,33,0.257,2,-0.05,5.150017,0
53,34,0.255,1,-0.05,5.9291277,0
53,35,0.255,0,1.0,5.6898794,0
53,36,0.248,0,1.0,4.85306,0
53,37,0.231,1,-0.05,3.1544871,0
53,38,0.238,1,-0.05,2.0329986,0
53,39,0.231,2,-0.05,-4.0650764,0
53,40,0.215,0,1.0,-3.9274256,0
53,41,0.192,2,-100.0,2.245441,0
54,0,0.672,1,-0.05,5.7717934,0
54,1,0.656,2,-0.05,3.159021,0
54,2,0.661,2,-0.05,3.2425141,0
54,3,0.656,2,-0.05,4.595877,0
54,4,0.672,2,-0.05,4.5596,0
54,5,0.667,2,-0.05,3.7603629,0
54,6,0.678,1,-0.05,3.6205804,0
54,7,0.686,0,1.0,4.4216948,0
54,8,0.694,0,1.0,4.9998684,0
54,9,0.664,0,1.0,4.2332163,0
54,10,0.659,2,-0.05,3.322181,0
54,11,0.662,2,-0.05,3.1041589,0
54,12,0.642,2,-0.05,3.040477,0
54,13,0.638,1,-0.05,3.1130183,0
54,14,0.639,1,-0.05,3.7181098,0
54,15,0.622,0,1.0,3.311514,0
54,16,0.611,2,-0.05,4.764827,0
54,17,0.610,2,-0.05,4.2225704,0
54,18,0.595,2,-0.05,3.3175337,0
54,19,0.588,2,-0.05,4.706698,0
54,20,0.580,0,1.0,4.998323,0
54,21,0.544,1,-0.05,6.0727777,0
54,22,0.521,0,1.0,4.3810186,0
54,23,0.504,0,1.0,3.76751,0
54,24,0.431,0,1.0,3.4557838,0
54,25,0.422,1,-0.05,2.7790658,0
54,26,0.402,1,-0.05,2.7457047,0
54,27,0.400,2,-0.05,4.169018,0
54,28,0.390,1,-0.05,2.219974,0
54,29,0.399,2,-0.05,3.2815864,0
54,30,0.384,1,-0.05,1.917342,0
54,31,0.379,2,-0.05,1.8846799,0
54,32,0.370,2,-0.05,2.6554747,0
54,33,0.369,1,-0.05,2.8204083,0
54,34,0.359,1,-0.05,2.9990516,0
54,35,0.345,2,-0.05,3.2380424,0
54,36,0.338,0,1.0,2.2967386,0
54,37,0.277,0,1.0,0.1633313,0
54,38,0.266,1,-0.05,-3.8319864,0
54,39,0.243,1,-0.05,-7.5060387,0
54,40,0.238,2,-0.05,-4.759919,0
54,41,0.233,1,-0.05,-9.543861,0
54,42,0.221,1,-0.05,-8.013331,0
54,43,0.199,0,-100.0,-7.9881725,0
55,0,0.671,0,1.0,5.19462,0
55,1,0.677,0,1.0,6.004077,0
55,2,0.658,0,1.0,6.430792,0
55,3,0.664,0,1.0,4.901247,0
55,4,0.667,1,-0.05,5.136285,0
55,5,0.664,1,-0.05,3.6141694,0
55,6,0.671,1,-0.05,4.2426696,0
55,7,0.666,2,-0.05,4.1648207,0
55,8,0.656,1,-0.05,4.1483808,0
55,9,0.651,2,-0.05,5.0881186,0
55,10,0.660,2,-0.05,4.8083763,0
55,11,0.639,0,1.0,4.466425,0
55,12,0.640,0,1.0,4.8074827,0
55,13,0.650,2,-0.05,5.4350095,0
55,14,0.655,2,-0.05,5.569003,0
55,15,0.645,2,-0.05,4.472043,0
55,16,0.673,0,1.0,4.0119686,0
55,17,0.688,0,1.0,4.741316,0
55,18,0.703,2,-0.05,5.9266167,0
55,19,0.691,1,-0.05,5.2473965,0
55,20,0.682,0,1.0,5.3210797,0
55,21,0.656,2,-0.05,5.7570677,0
55,22,0.672,2,-0.05,5.253033,0
55,23,0.674,1,-0.05,4.8156557,0
55,24,0.656,0,1.0,4.5032063,0
55,25,0.636,0,1.0,4.4382005,0
55,26,0.629,1,-0.05,5.7950745,0
55,27,0.625,0,1.0,6.0203643,0
55,28,0.603,0,1.0,5.524169,0
55,29,0.614,0,1.0,5.7674913,0
55,30,0.618,2,-0.05,4.9365225,0
55,31,0.606,0,1.0,3.7680037,0
55,32,0.583,1,-0.05,6.2874365,0
55,33,0.596,2,-0.05,5.2701807,0
55,34,0.589,0,1.0,7.1820183,0
55,35,0.579,1,-0.05,4.451805,0
55,36,0.571,2,-0.05,3.517285,0
55,37,0.566,2,-0.05,4.5161514,0
55,38,0.563,2,-0.05,5.4066463,0
55,39,0.537,1,-0.05,3.7244308,0
55,40,0.546,2,-0.05,3.2511241,0
55,41,0.516,0,1.0,2.6020215,0
55,42,0.471,1,-0.05,3.4358003,0
55,43,0.472,0,1.0,2.4692135,0
55,44,0.427,1,-0.05,3.3866796,0
55,45,0.418,2,-0.05,2.2205095,0
55,46,0.414,1,-0.05,2.5128179,0
55,47,0.397,1,-0.05,-0.008978546,0
55,48,0.391,0,1.0,0.2014384,0
55,49,0.352,1,-0.05,1.5318013,0
55,50,0.367,2,-0.05,-0.08890569,0
55,51,0.351,0,1.0,0.4824512,0
55,52,0.327,1,-0.05,0.32366192,0
55,53,0.299,0,1.0,-2.3197768,0
55,54,0.284,2,-0.05,-3.709929,0
55,55,0.267,2,-0.05,-3.696651,0
55,56,0.264,1,-0.05,-4.722411,0
55,57,0.253,1,-0.05,-5.334461,0
55,58,0.249,2,-0.05,-4.2082663,0
55,59,0.257,2,-0.05,-3.388298,0
55,60,0.233,0,1.0,-7.5907183,0
55,61,0.168,0,-100.0,-22.251911,0
56,0,0.655,0,1.0,5.1491103,0
56,1,0.673,1,-0.05,4.9290743,0
56,2,0.670,0,1.0,4.830086,0
56,3,0.663,0,1.0,4.8330975,0
56,4,0.654,0,1.0,5.1834297,0
56,5,0.635,2,-0.05,5.4150214,0
56,6,0.629,0,1.0,4.6836367,0
56,7,0.632,2,-0.05,5.0443673,0
56,8,0.642,0,1.0,5.869931,0
56,9,0.656,0,1.0,6.3314447,0
56,10,0.658,2,-0.05,6.706706,0
56,11,0.650,2,-0.05,6.739224,0
56,12,0.661,1,-0.05,5.9939356,0
56,13,0.653,2,-0.05,5.850566,0
56,14,0.653,2,-0.05,4.53904,0
56,15,0.683,0,1.0,5.2375393,0
56,16,0.697,2,-0.05,6.9899063,0
56,17,0.701,2,-0.05,7.3536844,0
56,18,0.687,0,1.0,8.409816,0
56,19,0.660,1,-0.05,8.358826,0
56,20,0.648,0,1.0,7.650968,0
56,21,0.598,1,-0.05,5.9073606,0
56,22,0.579,0,1.0,5.784047,0
56,23,0.550,0,1.0,5.2777605,0
56,24,0.499,0,1.0,5.57209,0
56,25,0.475,0,1.0,4.323363,0
56,26,0.436,2,-0.05,4.9515967,0
56,27,0.416,0,1.0,3.955292,0
56,28,0.399,1,-0.05,1.9687142,0
56,29,0.390,2,-0.05,1.7797086,0
56,30,0.393,2,-0.05,-0.9756427,0
56,31,0.367,1,-0.05,1.505141,0
56,32,0.365,1,-0.05,0.7600729,0
56,33,0.350,0,1.0,2.511562,0
56,34,0.319,1,-0.05,3.1339033,0
56,35,0.297,0,1.0,0.7662731,0
56,36,0.295,1,-0.05,-1.4752911,0
56,37,0.264,0,1.0,-1.2058897,0
56,38,0.261,0,1.0,-2.4835315,0
56,39,0.251,2,-0.05,-1.728367,0
56,40,0.234,1,-0.05,-2.4286065,0
56,41,0.236,0,1.0,-0.7995604,0
56,42,0.219,0,1.0,0.019543052,0
56,43,0.230,2,-0.05,0.06560373,0
56,44,0.222,1,-0.05,-0.3174476,0
56,45,0.232,1,-0.05,-0.111985445,0
56,46,0.230,2,-0.05,1.2976916,0
56,47,0.239,2,-0.05,0.15145105,0
56,48,0.220,1,-0.05,-0.403543,0
56,49,0.221,1,-0.05,0.14714235,0
56,50,0.228,1,-0.05,3.0644603,0
56,51,0.226,2,-0.05,2.2594597,0
56,52,0.242,0,1.0,2.580061,0
56,53,0.246,1,-0.05,2.685739,0
56,54,0.244,0,1.0,2.8101177,0
56,55,0.259,0,1.0,3.1391065,0
56,56,0.275,0,1.0,2.8360329,0
56,57,0.277,1,-0.05,1.4640266,0
56,58,0.260,0,1.0,2.0257623,0
56,59,0.292,2,-0.05,2.946837,0
56,60,0.297,0,1.0,3.402661,0
56,61,0.311,0,1.0,3.646533,0
56,62,0.332,1,-0.05,3.1862578,0
56,63,0.325,1,-0.05,2.8707552,0
56,64,0.333,0,1.0,3.4977143,0
56,65,0.361,1,-0.05,4.640781,0
56,66,0.380,1,-0.05,5.503536,0
56,67,0.372,1,-0.05,6.4118967,0
56,68,0.404,1,-0.05,6.632513,0
56,69,0.410,2,-0.05,7.472418,0
56,70,0.416,1,-0.05,5.2987356,0
56,71,0.441,0,1.0,6.436335,0
56,72,0.537,0,1.0,8.289099,0
56,73,0.644,0,1.0,9.897965,0
56,74,0.698,2,-0.05,9.558808,0
56,75,0.751,0,1.0,10.276348,0
56,76,0.760,2,-0.05,10.153844,0
56,77,0.742,1,-0.05,9.722267,0
56,78,0.730,2,-0.05,9.379928,0
56,79,0.717,1,-0.05,10.660729,0
56,80,0.713,2,-0.05,9.7743225,0
56,81,0.682,1,-0.05,10.763557,0
56,82,0.692,2,-0.05,9.83573,0
56,83,0.659,0,1.0,10.283377,0
56,84,0.628,2,-0.05,8.203409,0
56,85,0.622,2,-0.05,7.8955135,0
56,86,0.598,2,-0.05,2.427914,0
56,87,0.601,1,-0.05,3.9813056,0
56,88,0.598,1,-0.05,0.4307878,0
56,89,0.562,0,1.0,-0.47455955,0
56,90,0.553,1,-0.05,3.9186788,0
56,91,0.519,0,1.0,2.6909826,0
56,92,0.460,0,1.0,0.8740921,0
56,93,0.390,0,1.0,-3.5039754,0
56,94,0.323,0,1.0,-9.933121,0
56,95,0.276,2,-0.05,-16.33674,0
56,96,0.272,2,-0.05,-20.039923,0
56,97,0.261,2,-0.05,-24.522606,0
56,98,0.249,2,-0.05,-28.552603,0
56,99,0.221,0,1.0,-24.736412,0
56,100,0.210,2,-0.05,-18.585186,0
56,101,0.179,1,-100.0,-22.143742,0
57,0,0.671,0,1.0,5.2317038,0
57,1,0.672,0,1.0,4.1224575,0
57,2,0.655,1,-0.05,4.798115,0
57,3,0.655,2,-0.05,5.099346,0
57,4,0.672,1,-0.05,5.5623837,0
57,5,0.661,1,-0.05,6.052763,0
57,6,0.650,1,-0.05,4.582817,0
57,7,0.660,0,1.0,4.9095025,0
57,8,0.627,0,1.0,5.3111463,0
57,9,0.611,1,-0.05,4.3924365,0
57,10,0.594,1,-0.05,4.6508856,0
57,11,0.604,0,1.0,4.2944674,0
57,12,0.547,2,-0.05,4.5884237,0
57,13,0.548,1,-0.05,4.2800174,0
57,14,0.524,0,1.0,4.928054,0
57,15,0.481,2,-0.05,4.8594284,0
57,16,0.471,2,-0.05,4.610354,0
57,17,0.445,0,1.0,4.559818,0
57,18,0.426,1,-0.05,2.2413259,0
57,19,0.405,0,1.0,2.55758,0
57,20,0.372,1,-0.05,3.7429385,0
57,21,0.361,2,-0.05,3.3111544,0
57,22,0.341,1,-0.05,2.9266229,0
57,23,0.296,0,1.0,2.7223325,0
57,24,0.273,2,-0.05,0.72805095,0
57,25,0.241,2,-0.05,-4.406536,0
57,26,0.256,1,-0.05,-7.277617,0
57,27,0.244,1,-0.05,-6.7616873,0
57,28,0.236,1,-0.05,-5.0187616,0
57,29,0.223,2,-0.05,-7.6106043,0
57,30,0.204,1,-0.05,-8.470688,0
57,31,0.200,1,-0.05,-10.407586,0
57,32,0.171,0,-100.0,-15.714943,0
58,0,0.671,0,1.0,3.8297212,0
58,1,0.676,0,1.0,3.9343128,0
58,2,0.663,1,-0.05,5.5817842,0
58,3,0.653,0,1.0,5.2386093,0
58,4,0.658,0,1.0,5.504083,0
58,5,0.643,2,-0.05,5.0859337,0
58,6,0.641,2,-0.05,5.4118834,0
58,7,0.633,2,-0.05,5.5208654,0
58,8,0.649,0,1.0,6.6963987,0
58,9,0.648,2,-0.05,5.1461315,0
58,10,0.649,0,1.0,5.5222845,0
58,11,0.673,2,-0.05,5.650113,0
58,12,0.684,0,1.0,5.372425,0
58,13,0.710,1,-0.05,6.300027,0
58,14,0.694,0,1.0,6.231193,0
58,15,0.667,0,1.0,5.326968,0
58,16,0.640,0,1.0,5.4871216,0
58,17,0.639,2,-0.05,4.782531,0
58,18,0.630,0,1.0,4.898019,0
58,19,0.605,1,-0.05,4.1495504,0
58,20,0.592,1,-0.05,3.8938177,0
58,21,0.595,2,-0.05,4.8012037,0
58,22,0.600,1,-0.05,3.1273336,0
58,23,0.590,2,-0.05,2.1815262,0
58,24,0.566,1,-0.05,3.194959,0
58,25,0.577,2,-0.05,4.5413604,0
58,26,0.549,0,1.0,5.156741,0
58,27,0.564,1,-0.05,3.9873455,0
58,28,0.539,1,-0.05,3.6521144,0
58,29,0.538,1,-0.05,3.2692401,0
58,30,0.533,1,-0.05,3.010698,0
58,31,0.523,0,1.0,4.320071,0
58,32,0.529,0,1.0,4.4149604,0
58,33,0.540,1,-0.05,4.132346,0
58,34,0.529,1,-0.05,3.6114001,0
58,35,0.543,0,1.0,4.0422535,0
58,36,0.548,1,-0.05,1.5057241,0
58,37,0.546,1,-0.05,1.1430407,0
58,38,0.563,0,1.0,0.46098807,0
58,39,0.596,2,-0.05,2.1746593,0
58,40,0.608,2,-0.05,3.9107292,0
58,41,0.614,0,1.0,1.6794356,0
58,42,0.623,0,1.0,2.042749,0
58,43,0.652,2,-0.05,0.8646792,0
58,44,0.649,0,1.0,1.7819939,0
58,45,0.694,0,1.0,2.9212022,0
58,46,0.702,0,1.0,2.7275772,0
58,47,0.703,0,1.0,3.6957946,0
58,48,0.713,1,-0.05,4.8190646,0
58,49,0.697,0,1.0,3.1908467,0
58,50,0.676,1,-0.05,1.6208318,0
58,51,0.683,2,-0.05,0.98420984,0
58,52,0.674,2,-0.05,1.4508364,0
58,53,0.661,2,-0.05,2.7547364,0
58,54,0.661,1,-0.05,3.6292217,0
58,55,0.665,0,1.0,3.1826813,0
58,56,0.654,2,-0.05,2.3610425,0
58,57,0.654,0,1.0,3.545509,0
58,58,0.644,0,1.0,3.164718,0
58,59,0.644,2,-0.05,5.220413,0
58,60,0.626,0,1.0,5.8140235,0
58,61,0.654,0,1.0,6.930277,0
58,62,0.649,2,-0.05,4.462451,0
58,63,0.642,0,1.0,5.2473907,0
58,64,0.657,2,-0.05,4.652176,0
58,65,0.660,0,1.0,3.8171453,0
58,66,0.675,1,-0.05,4.355056,0
58,67,0.684,1,-0.05,3.7942545,0
58,68,0.674,2,-0.05,4.5245485,0
58,69,0.678,0,1.0,4.9342766,0
58,70,0.709,1,-0.05,4.3651495,0
58,71,0.716,1,-0.05,3.556382,0
58,72,0.730,0,1.0,4.5034127,0
58,73,0.742,1,-0.05,4.5282793,0
58,74,0.746,1,-0.05,5.2833366,0
58,75,0.744,1,-0.05,3.6131108,0
58,76,0.740,1,-0.05,2.9756203,0
58,77,0.742,2,-0.05,3.1093261,0
58,78,0.731,0,1.0,3.8249469,0
58,79,0.738,1,-0.05,3.5478354,0
58,80,0.738,2,-0.05,2.9143305,0
58,81,0.732,2,-0.05,2.918911,0
58,82,0.726,2,-0.05,4.560628,0
58,83,0.714,1,-0.05,2.7867012,0
58,84,0.666,0,1.0,2.7019575,0
58,85,0.601,1,-0.05,1.4878153,0
58,86,0.589,2,-0.05,-0.2712803,0
58,87,0.569,1,-0.05,0.834471,0
58,88,0.558,1,-0.05,0.29352474,0
58,89,0.526,2,-0.05,0.6165004,0
58,90,0.525,2,-0.05,-1.6980004,0
58,91,0.509,1,-0.05,-0.7843189,0
58,92,0.477,2,-0.05,-2.3974676,0
58,93,0.432,0,1.0,-4.006236,0
58,94,0.370,0,1.0,-2.8874984,0
58,95,0.283,1,-0.05,-6.2978954,0
58,96,0.265,1,-0.05,-11.290053,0
58,97,0.250,2,-0.05,-14.35951,0
58,98,0.242,1,-0.05,-18.721008,0
58,99,0.210,0,1.0,-18.149511,0
58,100,0.124,1,-100.0,-20.906738,0
59,0,0.658,0,1.0,6.5155683,0
59,1,0.654,1,-0.05,5.5011253,0
59,2,0.656,2,-0.05,6.4478345,0
59,3,0.659,2,-0.05,7.185859,0
59,4,0.667,1,-0.05,5.693923,0
59,5,0.665,0,1.0,6.1462984,0
59,6,0.667,0,1.0,6.442184,0
59,7,0.656,2,-0.05,6.959611,0
59,8,0.658,2,-0.05,6.432682,0
59,9,0.659,0,1.0,5.182957,0
59,10,0.683,0,1.0,4.103388,0
59,11,0.690,1,-0.05,5.505533,0
59,12,0.702,2,-0.05,5.8902283,0
59,13,0.697,1,-0.05,5.8093014,0
59,14,0.706,1,-0.05,4.319275,0
59,15,0.709,0,1.0,5.415694,0
59,16,0.704,1,-0.05,5.747665,0
59,17,0.694,0,1.0,5.778982,0
59,18,0.703,0,1.0,5.201599,0
59,19,0.694,1,-0.05,3.8103745,0
59,20,0.686,2,-0.05,4.27491,0
59,21,0.690,1,-0.05,4.4702816,0
59,22,0.695,2,-0.05,3.609164,0
59,23,0.677,0,1.0,4.3131657,0
59,24,0.681,2,-0.05,6.1289167,0
59,25,0.679,0,1.0,7.093725,0
59,26,0.695,0,1.0,6.3410225,0
59,27,0.679,0,1.0,7.3406157,0
59,28,0.688,2,-0.05,8.099989,0
59,29,0.706,1,-0.05,7.9621725,0
59,30,0.702,0,1.0,7.181921,0
59,31,0.692,0,1.0,5.56545,0
59,32,0.707,0,1.0,4.4429584,0
59,33,0.709,1,-0.05,3.6395054,0
59,34,0.699,1,-0.05,3.7488477,0
59,35,0.688,0,1.0,3.3767118,0
59,36,0.669,0,1.0,2.9876633,0
59,37,0.645,2,-0.05,3.612064,0
59,38,0.644,0,1.0,3.2421887,0
59,39,0.630,2,-0.05,3.1997614,0
59,40,0.615,0,1.0,3.6845655,0
59,41,0.614,1,-0.05,3.575917,0
59,42,0.598,0,1.0,4.041218,0
59,43,0.591,1,-0.05,4.2351995,0
59,44,0.597,0,1.0,4.7201023,0
59,45,0.574,1,-0.05,3.629394,0
59,46,0.571,0,1.0,3.4463708,0
59,47,0.550,2,-0.05,2.9374714,0
59,48,0.541,0,1.0,1.6083406,0
59,49,0.512,0,1.0,3.6588209,0
59,50,0.484,1,-0.05,2.99294,0
59,51,0.477,0,1.0,3.2612257,0
59,52,0.452,2,-0.05,2.061634,0
59,53,0.430,0,1.0,1.4916093,0
59,54,0.420,0,1.0,3.0817213,0
59,55,0.389,2,-0.05,2.3338873,0
59,56,0.379,2,-0.05,1.939417,0
59,57,0.396,1,-0.05,1.48772,0
59,58,0.382,2,-0.05,1.9552954,0
59,59,0.382,1,-0.05,2.9740596,0
59,60,0.387,1,-0.05,1.5934954,0
59,61,0.381,2,-0.05,3.2263184,0
59,62,0.376,1,-0.05,1.5157888,0
59,63,0.354,0,1.0,2.6512487,0
59,64,0.323,0,1.0,1.4317951,0
59,65,0.303,0,1.0,2.4202762,0
59,66,0.262,2,-0.05,2.2362957,0
59,67,0.263,2,-0.05,2.0571542,0
59,68,0.258,2,-0.05,4.061323,0
59,69,0.240,2,-0.05,3.1855137,0
59,70,0.238,2,-0.05,5.3590317,0
59,71,0.236,1,-0.05,5.6700287,0
59,72,0.238,0,1.0,6.5822835,0
59,73,0.238,0,1.0,5.310131,0
59,74,0.224,0,1.0,4.8495016,0
59,75,0.212,1,-0.05,2.5785599,0
59,76,0.210,2,-0.05,3.5055847,0
59,77,0.204,2,-0.05,4.3198595,0
59,78,0.209,2,-0.05,2.9197676,0
59,79,0.210,1,-0.05,0.5920651,0
59,80,0.205,0,1.0,0.14437544,0
59,81,0.216,2,-0.05,1.1349047,0
59,82,0.203,2,-0.05,2.3815603,0
59,83,0.215,1,-0.05,0.28379703,0
59,84,0.216,2,-0.05,1.6522825,0
59,85,0.215,0,1.0,0.2298131,0
59,86,0.222,1,-0.05,0.98002374,0
59,87,0.226,1,-0.05,-0.23677063,0
59,88,0.231,2,-0.05,-1.3822918,0
59,89,0.221,1,-0.05,-2.2848883,0
59,90,0.240,1,-0.05,-0.52107906,0
59,91,0.229,2,-0.05,1.4010439,0
59,92,0.235,0,1.0,1.7131715,0
59,93,0.246,2,-0.05,-3.7911077,0
59,94,0.244,0,1.0,-4.6302724,0
59,95,0.256,2,-0.05,-3.8526788,0
59,96,0.251,1,-0.05,-5.7135596,0
59,97,0.245,2,-0.05,-8.04184,0
59,98,0.217,2,-0.05,-7.21894,0
59,99,0.206,0,1.0,-3.5372772,0
59,100,0.120,2,-100.0,-2.5034323,0
60,0,0.667,1,-0.05,7.07629,0
60,1,0.673,0,1.0,6.0940294,0
60,2,0.658,0,1.0,5.3212414,0
60,3,0.649,0,1.0,5.663637,0
60,4,0.638,0,1.0,5.543049,0
60,5,0.623,0,1.0,5.3864427,0
60,6,0.600,2,-0.05,4.54502,0
60,7,0.609,0,1.0,3.0645185,0
60,8,0.603,0,1.0,5.6072946,0
60,9,0.595,1,-0.05,6.310318,0
60,10,0.594,2,-0.05,5.3837776,0
60,11,0.609,1,-0.05,4.4660563,0
60,12,0.604,2,-0.05,4.930726,0
60,13,0.607,2,-0.05,4.895759,0
60,14,0.592,1,-0.05,5.3475323,0
60,15,0.606,0,1.0,5.9849167,0
60,16,0.609,0,1.0,5.959236,0
60,17,0.604,1,-0.05,4.8719025,0
60,18,0.613,1,-0.05,3.694636,0
60,19,0.607,2,-0.05,2.2009275,0
60,20,0.592,0,1.0,2.638778,0
60,21,0.590,2,-0.05,4.6163516,0
60,22,0.596,1,-0.05,4.7497234,0
60,23,0.593,2,-0.05,4.6129637,0
60,24,0.603,1,-0.05,5.515815,0
60,25,0.594,0,1.0,5.7627,0
60,26,0.587,1,-0.05,3.5331082,0
60,27,0.586,2,-0.05,3.508188,0
60,28,0.578,0,1.0,2.9772258,0
60,29,0.582,2,-0.05,4.8810244,0
60,30,0.583,0,1.0,5.2475996,0
60,31,0.575,0,1.0,6.618474,0
60,32,0.607,0,1.0,6.3872533,0
60,33,0.627,0,1.0,6.928115,0
60,34,0.633,2,-0.05,6.8380194,0
60,35,0.622,1,-0.05,7.0167866,0
60,36,0.621,2,-0.05,5.220875,0
60,37,0.638,0,1.0,5.6830463,0
60,38,0.638,1,-0.05,6.010013,0
60,39,0.651,0,1.0,7.261356,0
60,40,0.653,1,-0.05,6.038533,0
60,41,0.676,0,1.0,5.6643248,0
60,42,0.675,1,-0.05,5.1943264,0
60,43,0.685,0,1.0,4.8739805,0
60,44,0.676,0,1.0,3.6001992,0
60,45,0.652,0,1.0,2.7050447,0
60,46,0.657,0,1.0,2.3425329,0
60,47,0.657,2,-0.05,3.2246373,0
60,48,0.654,0,1.0,3.502082,0
60,49,0.637,0,1.0,3.0753932,0
60,50,0.668,0,1.0,2.8409526,0
60,51,0.667,1,-0.05,3.4180992,0
60,52,0.658,1,-0.05,2.2668076,0
60,53,0.662,1,-0.05,2.5156093,0
60,54,0.656,1,-0.05,3.9865139,0
60,55,0.652,2,-0.05,3.802196,0
60,56,0.648,2,-0.05,2.5015185,0
60,57,0.655,0,1.0,2.037202,0
60,58,0.641,0,1.0,4.1197834,0
60,59,0.650,1,-0.05,3.164995,0
60,60,0.649,2,-0.05,3.4162383,0
60,61,0.641,1,-0.05,4.110949,0
60,62,0.654,1,-0.05,2.8432322,0
60,63,0.651,1,-0.05,5.3398,0
60,64,0.651,1,-0.05,4.5376053,0
60,65,0.643,1,-0.05,4.5150995,0
60,66,0.634,1,-0.05,3.6054952,0
60,67,0.627,0,1.0,2.9558554,0
60,68,0.564,0,1.0,4.218869,0
60,69,0.522,1,-0.05,5.0073714,0
60,70,0.508,1,-0.05,4.808322,0
60,71,0.510,0,1.0,7.442649,0
60,72,0.430,1,-0.05,7.5536213,0
60,73,0.432,1,-0.05,0.58514416,0
60,74,0.422,2,-0.05,-1.0363744,0
60,75,0.375,0,1.0,-0.40737128,0
60,76,0.326,2,-0.05,0.89645183,0
60,77,0.305,0,1.0,-2.6426885,0
60,78,0.256,1,-0.05,-5.52754,0
60,79,0.259,2,-0.05,-10.067507,0
60,80,0.241,2,-0.05,-12.04311,0
60,81,0.230,1,-0.05,-14.048137,0
60,82,0.237,1,-0.05,-16.450806,0
60,83,0.217,2,-0.05,-15.630901,0
60,84,0.184,2,-100.0,-18.560184,0
61,0,0.658,0,1.0,6.005144,0
61,1,0.658,1,-0.05,6.740805,0
61,2,0.664,2,-0.05,5.4813385,0
61,3,0.661,0,1.0,4.4242263,0
61,4,0.691,0,1.0,5.369629,0
61,5,0.692,1,-0.05,5.049014,0
61,6,0.692,0,1.0,6.217084,0
61,7,0.706,2,-0.05,6.7620077,0
61,8,0.707,0,1.0,6.0550747,0
61,9,0.670,0,1.0,6.369873,0
61,10,0.673,1,-0.05,5.657322,0
61,11,0.677,0,1.0,6.8706284,0
61,12,0.661,1,-0.05,5.6252794,0
61,13,0.649,2,-0.05,6.0085382,0
61,14,0.666,0,1.0,6.657197,0
61,15,0.642,0,1.0,5.070259,0
61,16,0.628,0,1.0,4.2507353,0
61,17,0.598,0,1.0,6.16465,0
61,18,0.594,0,1.0,4.725978,0
61,19,0.576,1,-0.05,4.587265,0
61,20,0.564,1,-0.05,5.8555813,0
61,21,0.559,2,-0.05,4.547421,0
61,22,0.564,1,-0.05,4.375349,0
61,23,0.564,2,-0.05,5.3926535,0
61,24,0.546,0,1.0,5.4864783,0
61,25,0.543,2,-0.05,5.3110037,0
61,26,0.530,0,1.0,3.1382234,0
61,27,0.510,0,1.0,2.8958592,0
61,28,0.479,1,-0.05,2.4628131,0
61,29,0.482,1,-0.05,2.9587982,0
61,30,0.467,0,1.0,3.8124218,0
61,31,0.441,0,1.0,3.5515292,0
61,32,0.424,1,-0.05,2.432256,0
61,33,0.428,2,-0.05,2.0239415,0
61,34,0.435,2,-0.05,2.5010285,0
61,35,0.422,2,-0.05,1.6458695,0
61,36,0.422,2,-0.05,1.8820021,0
61,37,0.409,2,-0.05,2.3895578,0
61,38,0.382,0,1.0,1.6961148,0
61,39,0.357,0,1.0,0.16948843,0
61,40,0.269,0,1.0,-4.488087,0
61,41,0.225,0,1.0,-17.748356,0
61,42,0.176,1,-100.0,-37.848488,0
62,0,0.663,0,1.0,3.0683475,0
62,1,0.672,0,1.0,3.454931,0
62,2,0.663,1,-0.05,3.7796817,0
62,3,0.652,2,-0.05,4.9897127,0
62,4,0.666,0,1.0,5.56452,0
62,5,0.667,1,-0.05,5.448756,0
62,6,0.660,0,1.0,5.47253,0
62,7,0.677,0,1.0,5.8962765,0
62,8,0.684,2,-0.05,6.3927155,0
62,9,0.680,2,-0.05,6.4551873,0
62,10,0.669,2,-0.05,6.846712,0
62,11,0.684,0,1.0,6.263752,0
62,12,0.705,2,-0.05,6.4636083,0
62,13,0.708,1,-0.05,5.9177704,0
62,14,0.695,0,1.0,4.5323277,0
62,15,0.674,0,1.0,5.3880267,0
62,16,0.656,0,1.0,5.2813125,0
62,17,0.653,2,-0.05,4.8311205,0
62,18,0.655,0,1.0,6.214802,0
62,19,0.631,1,-0.05,4.861052,0
62,20,0.606,0,1.0,5.3739777,0
62,21,0.609,1,-0.05,4.7664423,0
62,22,0.607,1,-0.05,5.7459435,0
62,23,0.592,0,1.0,5.8378625,0
62,24,0.597,0,1.0,5.3506565,0
62,25,0.595,0,1.0,5.156103,0
62,26,0.598,1,-0.05,3.9596188,0
62,27,0.599,0,1.0,4.5580206,0
62,28,0.621,2,-0.05,3.3542113,0
62,29,0.621,0,1.0,3.7933543,0
62,30,0.624,0,1.0,4.641313,0
62,31,0.623,0,1.0,4.750921,0
62,32,0.628,0,1.0,5.267295,0
62,33,0.634,2,-0.05,4.617464,0
62,34,0.639,2,-0.05,5.1434784,0
62,35,0.626,1,-0.05,5.6852064,0
62,36,0.620,0,1.0,4.780904,0
62,37,0.620,0,1.0,3.1552613,0
62,38,0.644,2,-0.05,4.4534516,0
62,39,0.647,0,1.0,3.6690354,0
62,40,0.643,1,-0.05,3.6968427,0
62,41,0.649,2,-0.05,3.6213617,0
62,42,0.651,0,1.0,4.9414177,0
62,43,0.625,0,1.0,4.7946234,0
62,44,0.608,0,1.0,4.2490788,0
62,45,0.601,2,-0.05,3.9885802,0
62,46,0.590,1,-0.05,3.8848484,0
62,47,0.592,0,1.0,4.014297,0
62,48,0.585,0,1.0,2.45377,0
62,49,0.576,0,1.0,2.0700378,0
62,50,0.584,0,1.0,2.9106398,0
62,51,0.586,0,1.0,4.8716006,0
62,52,0.586,0,1.0,6.1951656,0
62,53,0.560,1,-0.05,5.170334,0
62,54,0.594,1,-0.05,4.1236086,0
62,55,0.604,1,-0.05,4.843128,0
62,56,0.599,2,-0.05,3.1627991,0
62,57,0.588,1,-0.05,2.2879486,0
62,58,0.600,0,1.0,3.3368988,0
62,59,0.667,2,-0.05,4.2404976,0
62,60,0.688,0,1.0,4.276229,0
62,61,0.720,2,-0.05,5.9511776,0
62,62,0.770,0,1.0,6.045819,0
62,63,0.790,2,-0.05,4.347177,0
62,64,0.776,2,-0.05,3.0572882,0
62,65,0.775,1,-0.05,1.2991434,0
62,66,0.774,1,-0.05,1.0466269,0
62,67,0.772,2,-0.05,0.9535149,0
62,68,0.783,2,-0.05,1.4935421,0
62,69,0.779,1,-0.05,2.3452065,0
62,70,0.767,1,-0.05,1.926461,0
62,71,0.773,0,1.0,2.4389393,0
62,72,0.747,1,-0.05,4.8909025,0
62,73,0.721,1,-0.05,4.872223,0
62,74,0.723,2,-0.05,2.832664,0
62,75,0.698,2,-0.05,2.6698394,0
62,76,0.650,0,1.0,4.1354055,0
62,77,0.601,2,-0.05,3.7369063,0
62,78,0.578,2,-0.05,3.7301214,0
62,79,0.522,0,1.0,3.0967317,0
62,80,0.445,0,1.0,1.4219886,0
62,81,0.353,2,-0.05,2.137264,0
62,82,0.328,2,-0.05,-6.653958,0
62,83,0.322,1,-0.05,-5.841369,0
62,84,0.306,2,-0.05,-6.784532,0
62,85,0.272,0,1.0,-7.5281262,0
62,86,0.205,2,-0.05,-4.7170315,0
62,87,0.179,2,-100.0,-8.749014,0
63,0,0.666,0,1.0,6.7156267,0
63,1,0.673,1,-0.05,6.5907316,0
63,2,0.668,2,-0.05,6.6911764,0
63,3,0.673,0,1.0,7.2837324,0
63,4,0.690,0,1.0,5.555738,0
63,5,0.699,0,1.0,6.00917,0
63,6,0.697,1,-0.05,4.526289,0
63,7,0.698,2,-0.05,4.459437,0
63,8,0.689,2,-0.05,5.3842335,0
63,9,0.680,0,1.0,5.033972,0
63,10,0.638,0,1.0,3.7804122,0
63,11,0.627,0,1.0,3.7916536,0
63,12,0.578,2,-0.05,3.698117,0
63,13,0.567,0,1.0,3.4936564,0
63,14,0.525,0,1.0,4.596814,0
63,15,0.451,0,1.0,4.624851,0
63,16,0.436,2,-0.05,2.145052,0
63,17,0.405,0,1.0,3.5551767,0
63,18,0.351,2,-0.05,4.3035164,0
63,19,0.366,2,-0.05,1.3272915,0
63,20,0.318,0,1.0,1.2795084,0
63,21,0.294,2,-0.05,-1.2725792,0
63,22,0.279,1,-0.05,-8.945187,0
63,23,0.257,1,-0.05,-14.183486,0
63,24,0.244,1,-0.05,-20.853731,0
63,25,0.233,1,-0.05,-18.509941,0
63,26,0.229,0,1.0,-3.6988342,0
63,27,0.189,1,-100.0,-5.0869584,0
64,0,0.663,0,1.0,7.0958066,0
64,1,0.654,0,1.0,6.6420193,0
64,2,0.661,0,1.0,6.4984365,0
64,3,0.671,2,-0.05,6.8417835,0
64,4,0.664,1,-0.05,5.269586,0
64,5,0.657,0,1.0,5.2102814,0
64,6,0.644,1,-0.05,5.449652,0
64,7,0.625,1,-0.05,4.4231176,0
64,8,0.642,1,-0.05,3.6179686,0
64,9,0.614,0,1.0,4.219165,0
64,10,0.571,0,1.0,4.564932,0
64,11,0.536,0,1.0,4.865815,0
64,12,0.483,0,1.0,3.7572765,0
64,13,0.452,2,-0.05,2.5298615,0
64,14,0.451,1,-0.05,3.1362715,0
64,15,0.414,0,1.0,2.8693156,0
64,16,0.398,1,-0.05,4.31211,0
64,17,0.372,1,-0.05,4.0080376,0
64,18,0.378,2,-0.05,4.514341,0
64,19,0.329,0,1.0,4.472841,0
64,20,0.267,0,1.0,3.898339,0
64,21,0.241,2,-0.05,-7.931576,0
64,22,0.233,1,-0.05,-11.691263,0
64,23,0.226,2,-0.05,-11.041037,0
64,24,0.224,1,-0.05,-15.874372,0
64,25,0.208,2,-0.05,-19.557251,0
64,26,0.197,2,-100.0,-23.3067,0
65,0,0.659,2,-0.05,4.3459253,0
65,1,0.659,0,1.0,4.0057955,0
65,2,0.680,0,1.0,5.156551,0
65,3,0.687,2,-0.05,6.0247574,0
65,4,0.704,0,1.0,5.781231,0
65,5,0.695,0,1.0,5.2820907,0
65,6,0.679,2,-0.05,5.127498,0
65,7,0.674,2,-0.05,5.105567,0
65,8,0.644,0,1.0,5.6850624,0
65,9,0.614,1,-0.05,5.487733,0
65,10,0.618,2,-0.05,5.0091352,0
65,11,0.605,1,-0.05,5.5112534,0
65,12,0.602,2,-0.05,4.7274837,0
65,13,0.607,2,-0.05,5.4986753,0
65,14,0.581,1,-0.05,4.3696976,0
65,15,0.566,0,1.0,4.048864,0
65,16,0.533,1,-0.05,4.381707,0
65,17,0.526,2,-0.05,3.6335974,0
65,18,0.514,2,-0.05,4.611986,0
65,19,0.484,0,1.0,4.5714016,0
65,20,0.462,1,-0.05,4.258381,0
65,21,0.440,1,-0.05,3.9031777,0
65,22,0.439,2,-0.05,3.1321104,0
65,23,0.407,0,1.0,3.3325756,0
65,24,0.332,0,1.0,2.5202756,0
65,25,0.309,1,-0.05,-7.988183,0
65,26,0.281,1,-0.05,-17.843424,0
65,27,0.279,1,-0.05,-16.334501,0
65,28,0.249,0,1.0,-6.5582147,0
65,29,0.232,2,-0.05,-8.149195,0
65,30,0.228,2,-0.05,-10.14924,0
65,31,0.219,2,-0.05,-19.338026,0
65,32,0.215,1,-0.05,-37.8093,0
65,33,0.184,1,-100.0,-33.019897,0
66,0,0.672,2,-0.05,5.4964743,0
66,1,0.669,2,-0.05,5.9922953,0
66,2,0.671,0,1.0,6.831002,0
66,3,0.677,1,-0.05,6.4534745,0
66,4,0.689,2,-0.05,5.2831154,0
66,5,0.684,1,-0.05,5.0762806,0
66,6,0.701,0,1.0,5.801034,0
66,7,0.697,0,1.0,7.173937,0
66,8,0.698,2,-0.05,7.158645,0
66,9,0.688,2,-0.05,6.7229524,0
66,10,0.684,1,-0.05,5.518421,0
66,11,0.687,0,1.0,5.13076,0
66,12,0.688,2,-0.05,4.5146675,0
66,13,0.682,2,-0.05,6.529151,0
66,14,0.666,1,-0.05,7.2298174,0
66,15,0.666,0,1.0,7.0373416,0
66,16,0.668,0,1.0,6.083494,0
66,17,0.677,2,-0.05,4.744995,0
66,18,0.669,2,-0.05,5.3535833,0
66,19,0.678,1,-0.05,6.543844,0
66,20,0.678,1,-0.05,6.6022224,0
66,21,0.684,0,1.0,6.6893034,0
66,22,0.701,0,1.0,5.86609,0
66,23,0.697,1,-0.05,4.960701,0
66,24,0.705,0,1.0,4.0497074,0
66,25,0.682,1,-0.05,2.4909794,0
66,26,0.676,0,1.0,1.546388,0
66,27,0.651,1,-0.05,2.9020615,0
66,28,0.642,1,-0.05,2.6578696,0
66,29,0.640,1,-0.05,5.1261826,0
66,30,0.639,0,1.0,5.8162985,0
66,31,0.564,0,1.0,4.090872,0
66,32,0.521,2,-0.05,4.054524,0
66,33,0.531,1,-0.05,3.2215662,0
66,34,0.507,2,-0.05,3.4070272,0
66,35,0.464,0,1.0,2.9890614,0
66,36,0.445,0,1.0,2.8403745,0
66,37,0.394,2,-0.05,2.1836689,0
66,38,0.401,2,-0.05,1.1160382,0
66,39,0.387,2,-0.05,1.1857098,0
66,40,0.381,0,1.0,1.3855017,0
66,41,0.351,1,-0.05,2.4779282,0
66,42,0.332,0,1.0,3.0884604,0
66,43,0.327,2,-0.05,-0.08558464,0
66,44,0.289,0,1.0,-1.1762273,0
66,45,0.285,2,-0.05,0.6010963,0
66,46,0.269,2,-0.05,0.53416073,0
66,47,0.255,0,1.0,4.694786,0
66,48,0.260,2,-0.05,4.9807363,0
66,49,0.264,0,1.0,4.0110197,0
66,50,0.262,0,1.0,3.6907399,0
66,51,0.266,1,-0.05,4.2909737,0
66,52,0.271,1,-0.05,3.905706,0
66,53,0.269,1,-0.05,3.725514,0
66,54,0.260,2,-0.05,0.30991822,0
66,55,0.252,0,1.0,0.5479943,0
66,56,0.252,0,1.0,3.8159955,0
66,57,0.252,2,-0.05,4.4264774,0
66,58,0.251,1,-0.05,3.2376873,0
66,59,0.251,2,-0.05,3.2110717,0
66,60,0.241,2,-0.05,3.635344,0
66,61,0.254,0,1.0,4.7656145,0
66,62,0.244,0,1.0,4.187846,0
66,63,0.275,1,-0.05,4.657179,0
66,64,0.274,0,1.0,3.5010993,0
66,65,0.292,1,-0.05,2.3590543,0
66,66,0.289,1,-0.05,5.040199,0
66,67,0.294,1,-0.05,4.4261227,0
66,68,0.289,2,-0.05,1.3038648,0
66,69,0.289,2,-0.05,1.836966,0
66,70,0.290,1,-0.05,2.587096,0
66,71,0.285,2,-0.05,2.6666143,0
66,72,0.299,1,-0.05,3.348927,0
66,73,0.280,0,1.0,3.1648598,0
66,74,0.285,1,-0.05,2.8170593,0
66,75,0.282,2,-0.05,5.6692963,0
66,76,0.278,0,1.0,6.8291383,0
66,77,0.281,1,-0.05,4.966811,0
66,78,0.277,2,-0.05,5.1482024,0
66,79,0.269,1,-0.05,5.3383436,0
66,80,0.283,1,-0.05,5.614099,0
66,81,0.281,2,-0.05,6.676486,0
66,82,0.275,1,-0.05,6.7721996,0
66,83,0.291,2,-0.05,5.026213,0
66,84,0.285,1,-0.05,2.5687714,0
66,85,0.280,1,-0.05,2.7299871,0
66,86,0.267,1,-0.05,0.7705629,0
66,87,0.271,0,1.0,-2.95474,0
66,88,0.252,1,-0.05,-2.5609312,0
66,89,0.260,1,-0.05,-4.66711,0
66,90,0.231,0,1.0,-3.0424562,0
66,91,0.181,0,-100.0,-15.070127,0
67,0,0.667,2,-0.05,4.8615685,0
67,1,0.658,0,1.0,6.4552364,0
67,2,0.677,0,1.0,7.202172,0
67,3,0.681,2,-0.05,7.891872,0
67,4,0.703,1,-0.05,7.4177656,0
67,5,0.693,1,-0.05,7.375678,0
67,6,0.697,0,1.0,6.209546,0
67,7,0.686,1,-0.05,4.810732,0
67,8,0.690,1,-0.05,3.5633445,0
67,9,0.690,1,-0.05,3.8835742,0
67,10,0.674,1,-0.05,4.054251,0
67,11,0.663,0,1.0,4.9647956,0
67,12,0.639,1,-0.05,5.774953,0
67,13,0.620,2,-0.05,4.787836,0
67,14,0.608,0,1.0,4.3045306,0
67,15,0.587,1,-0.05,3.9829366,0
67,16,0.583,2,-0.05,3.018672,0
67,17,0.573,1,-0.05,1.3878828,0
67,18,0.560,2,-0.05,1.7364281,0
67,19,0.561,0,1.0,1.9141445,0
67,20,0.538,2,-0.05,2.4540005,0
67,21,0.537,1,-0.05,4.263933,0
67,22,0.524,1,-0.05,5.389846,0
67,23,0.542,1,-0.05,2.6077638,0
67,24,0.527,1,-0.05,3.6402078,0
67,25,0.507,0,1.0,3.9482086,0
67,26,0.468,1,-0.05,4.1127014,0
67,27,0.470,2,-0.05,4.700245,0
67,28,0.446,0,1.0,3.9408329,0
67,29,0.410,2,-0.05,3.9582758,0
67,30,0.387,1,-0.05,3.0849261,0
67,31,0.382,2,-0.05,2.7490065,0
67,32,0.369,2,-0.05,3.0092602,0
67,33,0.357,2,-0.05,1.8534415,0
67,34,0.354,1,-0.05,2.7283278,0
67,35,0.340,0,1.0,2.4471803,0
67,36,0.313,2,-0.05,0.29163635,0
67,37,0.304,2,-0.05,-2.5942318,0
67,38,0.283,2,-0.05,-1.1803236,0
67,39,0.287,2,-0.05,1.6744674,0
67,40,0.276,1,-0.05,4.785284,0
67,41,0.272,0,1.0,4.422867,0
67,42,0.258,2,-0.05,-1.204718,0
67,43,0.231,2,-0.05,-2.278736,0
67,44,0.240,2,-0.05,2.3816128,0
67,45,0.235,1,-0.05,5.242567,0
67,46,0.221,0,1.0,5.4003797,0
67,47,0.219,1,-0.05,-3.2616804,0
67,48,0.213,1,-0.05,-5.819855,0
67,49,0.210,0,1.0,-11.124779,0
67,50,0.170,1,-100.0,-18.253597,0
68,0,0.663,0,1.0,6.335117,0
68,1,0.654,2,-0.05,6.488194,0
68,2,0.662,0,1.0,5.973589,0
68,3,0.661,0,1.0,6.8943276,0
68,4,0.676,0,1.0,6.7679405,0
68,5,0.675,2,-0.05,7.04055,0
68,6,0.662,0,1.0,6.5154505,0
68,7,0.692,1,-0.05,4.6164417,0
68,8,0.697,0,1.0,5.5785527,0
68,9,0.685,0,1.0,5.9011707,0
68,10,0.680,2,-0.05,6.028963,0
68,11,0.694,0,1.0,6.5703993,0
68,12,0.703,2,-0.05,6.763961,0
68,13,0.695,0,1.0,7.1311502,0
68,14,0.680,0,1.0,6.247513,0
68,15,0.655,2,-0.05,7.006958,0
68,16,0.659,1,-0.05,5.798415,0
68,17,0.643,1,-0.05,5.3405676,0
68,18,0.633,0,1.0,6.321863,0
68,19,0.649,0,1.0,4.6681,0
68,20,0.650,0,1.0,5.127159,0
68,21,0.642,2,-0.05,4.420075,0
68,22,0.652,1,-0.05,5.177161,0
68,23,0.652,0,1.0,4.2611322,0
68,24,0.671,0,1.0,4.102439,0
68,25,0.675,2,-0.05,4.5440187,0
68,26,0.675,1,-0.05,3.1416705,0
68,27,0.679,1,-0.05,2.92904,0
68,28,0.691,2,-0.05,2.9876924,0
68,29,0.688,1,-0.05,2.7367253,0
68,30,0.698,0,1.0,2.930397,0
68,31,0.692,0,1.0,3.5981445,0
68,32,0.658,2,-0.05,4.667272,0
68,33,0.633,0,1.0,5.0837574,0
68,34,0.596,0,1.0,4.592481,0
68,35,0.565,2,-0.05,4.6153655,0
68,36,0.574,0,1.0,4.78225,0
68,37,0.535,0,1.0,5.322448,0
68,38,0.531,0,1.0,4.478334,0
68,39,0.491,0,1.0,3.9099238,0
68,40,0.485,1,-0.05,4.552484,0
68,41,0.477,0,1.0,3.879055,0
68,42,0.462,0,1.0,3.1387763,0
68,43,0.425,0,1.0,2.946939,0
68,44,0.390,1,-0.05,0.66942406,0
68,45,0.400,1,-0.05,0.41026896,0
68,46,0.371,0,1.0,-1.334794,0
68,47,0.350,1,-0.05,-0.22246361,0
68,48,0.327,1,-0.05,-2.1184816,0
68,49,0.312,2,-0.05,-0.6825013,0
68,50,0.304,2,-0.05,-2.1816907,0
68,51,0.302,2,-0.05,-5.1653004,0
68,52,0.298,2,-0.05,-1.7279737,0
68,53,0.285,2,-0.05,-0.31237376,0
68,54,0.285,2,-0.05,-3.0164208,0
68,55,0.286,1,-0.05,0.5916996,0
68,56,0.268,1,-0.05,0.68321025,0
68,57,0.282,2,-0.05,-4.057184,0
68,58,0.285,1,-0.05,-3.468521,0
68,59,0.277,1,-0.05,-0.5301423,0
68,60,0.271,1,-0.05,-3.5211823,0
68,61,0.271,1,-0.05,-6.932382,0
68,62,0.233,0,1.0,-11.593422,0
68,63,0.216,2,-0.05,-24.451462,0
68,64,0.197,2,-100.0,-29.272644,0
69,0,0.663,0,1.0,6.454173,0
69,1,0.674,0,1.0,6.0655527,0
69,2,0.675,1,-0.05,7.051285,0
69,3,0.685,0,1.0,6.4787292,0
69,4,0.675,1,-0.05,6.4383163,0
69,5,0.653,0,1.0,6.0435333,0
69,6,0.659,2,-0.05,4.306551,0
69,7,0.634,0,1.0,3.9073133,0
69,8,0.636,0,1.0,5.0666656,0
69,9,0.633,1,-0.05,4.1648455,0
69,10,0.635,2,-0.05,3.4324284,0
69,11,0.627,2,-0.05,2.9756842,0
69,12,0.635,0,1.0,4.3918347,0
69,13,0.648,0,1.0,2.9920235,0
69,14,0.655,0,1.0,4.877636,0
69,15,0.675,2,-0.05,6.356613,0
69,16,0.682,0,1.0,5.736062,0
69,17,0.704,0,1.0,4.4077024,0
69,18,0.676,0,1.0,4.6276293,0
69,19,0.667,2,-0.05,5.4555597,0
69,20,0.636,0,1.0,4.7204046,0
69,21,0.619,2,-0.05,5.9201055,0
69,22,0.612,2,-0.05,5.229062,0
69,23,0.598,2,-0.05,4.2708864,0
69,24,0.607,2,-0.05,6.162856,0
69,25,0.574,0,1.0,7.291027,0
69,26,0.487,0,1.0,6.2083063,0
69,27,0.461,2,-0.05,5.1892195,0
69,28,0.428,0,1.0,4.6579847,0
69,29,0.367,1,-0.05,3.7707267,0
69,30,0.362,1,-0.05,1.6592036,0
69,31,0.312,0,1.0,-1.4502172,0
69,32,0.287,2,-0.05,-12.9536,0
69,33,0.271,1,-0.05,-21.56429,0
69,34,0.268,2,-0.05,-29.538086,0
69,35,0.238,2,-0.05,-37.417213,0
69,36,0.250,2,-0.05,-38.63151,0
69,37,0.228,2,-0.05,-29.16111,0
69,38,0.219,1,-0.05,-24.076778,0
69,39,0.196,2,-100.0,-25.994839,0
70,0,0.655,2,-0.05,6.6702495,0
70,1,0.672,0,1.0,5.7778473,0
70,2,0.678,2,-0.05,5.9328322,0
70,3,0.672,1,-0.05,6.3547935,0
70,4,0.691,0,1.0,6.726279,0
70,5,0.679,2,-0.05,6.015823,0
70,6,0.683,0,1.0,6.1872463,0
70,7,0.703,1,-0.05,5.0884056,0
70,8,0.701,0,1.0,3.9316826,0
70,9,0.686,1,-0.05,3.4212503,0
70,10,0.692,0,1.0,4.7937455,0
70,11,0.684,2,-0.05,4.3243866,0
70,12,0.703,2,-0.05,4.492261,0
70,13,0.699,0,1.0,5.0341897,0
70,14,0.674,0,1.0,5.024185,0
70,15,0.672,0,1.0,5.7161455,0
70,16,0.651,1,-0.05,3.9707117,0
70,17,0.642,1,-0.05,3.6875005,0
70,18,0.655,2,-0.05,4.420805,0
70,19,0.651,0,1.0,5.5191545,0
70,20,0.622,1,-0.05,5.7001867,0
70,21,0.623,1,-0.05,5.177231,0
70,22,0.624,2,-0.05,5.97033,0
70,23,0.632,2,-0.05,4.445815,0
70,24,0.613,1,-0.05,5.6819334,0
70,25,0.615,1,-0.05,3.7190304,0
70,26,0.616,2,-0.05,5.1187735,0
70,27,0.604,0,1.0,5.905566,0
70,28,0.594,0,1.0,4.3214536,0
70,29,0.565,2,-0.05,4.089246,0
70,30,0.567,2,-0.05,4.064452,0
70,31,0.549,0,1.0,3.0706677,0
70,32,0.492,2,-0.05,3.741606,0
70,33,0.514,0,1.0,2.5872793,0
70,34,0.459,0,1.0,2.6494737,0
70,35,0.422,0,1.0,2.6900792,0
70,36,0.378,2,-0.05,0.25894707,0
70,37,0.371,2,-0.05,-2.79755,0
70,38,0.359,1,-0.05,-0.9021107,0
70,39,0.344,1,-0.05,-0.63009787,0
70,40,0.335,2,-0.05,-0.29281425,0
70,41,0.328,2,-0.05,-3.4760034,0
70,42,0.339,2,-0.05,-2.3840024,0
70,43,0.293,0,1.0,-1.5497754,0
70,44,0.250,1,-0.05,-4.3614864,0
70,45,0.229,0,1.0,-16.09941,0
70,46,0.175,2,-100.0,-40.927723,0
71,0,0.663,0,1.0,5.627806,0
71,1,0.674,0,1.0,5.525078,0
71,2,0.668,2,-0.05,5.9533997,0
71,3,0.663,0,1.0,5.702366,0
71,4,0.681,2,-0.05,6.1711626,0
71,5,0.680,0,1.0,5.721393,0
71,6,0.689,1,-0.05,6.7958956,0
71,7,0.710,0,1.0,5.413897,0
71,8,0.702,1,-0.05,5.6847663,0
71,9,0.690,0,1.0,5.3192563,0
71,10,0.689,2,-0.05,4.9028597,0
71,11,0.695,2,-0.05,4.19069,0
71,12,0.702,2,-0.05,3.8988903,0
71,13,0.691,1,-0.05,4.350254,0
71,14,0.687,0,1.0,4.645544,0
71,15,0.662,0,1.0,5.579641,0
71,16,0.669,1,-0.05,5.6740284,0
71,17,0.669,0,1.0,5.1060505,0
71,18,0.653,1,-0.05,3.8180196,0
71,19,0.655,2,-0.05,5.023593,0
71,20,0.674,0,1.0,4.2414303,0
71,21,0.647,2,-0.05,4.602481,0
71,22,0.645,0,1.0,5.555517,0
71,23,0.652,2,-0.05,4.561454,0
71,24,0.636,0,1.0,4.4646273,0
71,25,0.622,1,-0.05,3.1261108,0
71,26,0.612,2,-0.05,4.3895483,0
71,27,0.593,0,1.0,4.354177,0
71,28,0.546,0,1.0,5.9597054,0
71,29,0.518,1,-0.05,4.259448,0
71,30,0.508,0,1.0,3.9524941,0
71,31,0.476,1,-0.05,4.86499,0
71,32,0.479,0,1.0,4.1735735,0
71,33,0.440,0,1.0,2.8189046,0
71,34,0.423,2,-0.05,2.4299655,0
71,35,0.429,1,-0.05,2.8914452,0
71,36,0.412,2,-0.05,4.1839476,0
71,37,0.403,1,-0.05,3.5955331,0
71,38,0.390,0,1.0,3.299305,0
71,39,0.396,2,-0.05,2.34967,0
71,40,0.378,2,-0.05,2.8944805,0
71,41,0.395,2,-0.05,2.644006,0
71,42,0.393,0,1.0,1.945291,0
71,43,0.347,2,-0.05,0.5109637,0
71,44,0.345,1,-0.05,0.3963406,0
71,45,0.326,1,-0.05,-0.2434578,0
71,46,0.343,2,-0.05,-0.871263,0
71,47,0.324,1,-0.05,-0.49656272,0
71,48,0.329,2,-0.05,1.219408,0
71,49,0.334,1,-0.05,-0.696352,0
71,50,0.323,1,-0.05,-1.4608793,0
71,51,0.308,0,1.0,-0.78416467,0
71,52,0.304,0,1.0,2.6836815,0
71,53,0.298,0,1.0,2.2733576,0
71,54,0.293,0,1.0,1.6185066,0
71,55,0.289,1,-0.05,3.4757404,0
71,56,0.296,0,1.0,1.0501491,0
71,57,0.296,0,1.0,3.4310112,0
71,58,0.297,2,-0.05,3.6336613,0
71,59,0.292,0,1.0,3.8969083,0
71,60,0.300,1,-0.05,1.9652634,0
71,61,0.290,1,-0.05,2.8578482,0
71,62,0.308,0,1.0,4.3124495,0
71,63,0.307,2,-0.05,2.821206,0
71,64,0.305,1,-0.05,2.563067,0
71,65,0.327,0,1.0,4.00607,0
71,66,0.331,0,1.0,1.4982686,0
71,67,0.372,2,-0.05,0.13359532,0
71,68,0.392,0,1.0,0.76809543,0
71,69,0.423,0,1.0,0.33287936,0
71,70,0.485,0,1.0,0.41680184,0
71,71,0.530,2,-0.05,1.9813412,0
71,72,0.562,0,1.0,2.8822284,0
71,73,0.615,2,-0.05,5.2411966,0
71,74,0.633,0,1.0,5.835749,0
71,75,0.688,2,-0.05,3.0441635,0
71,76,0.716,0,1.0,1.5694964,0
71,77,0.763,0,1.0,3.5832617,0
71,78,0.702,2,-0.05,3.0447931,0
71,79,0.663,1,-0.05,3.1589246,0
71,80,0.658,2,-0.05,1.5269821,0
71,81,0.635,2,-0.05,1.5597965,0
71,82,0.597,0,1.0,1.0369066,0
71,83,0.528,2,-0.05,0.70207024,0
71,84,0.531,1,-0.05,-2.1735806,0
71,85,0.507,1,-0.05,-1.4391923,0
71,86,0.480,1,-0.05,-0.9110794,0
71,87,0.471,2,-0.05,-4.7278256,0
71,88,0.458,2,-0.05,-3.76714,0
71,89,0.432,2,-0.05,-0.5892868,0
71,90,0.423,1,-0.05,-3.6031246,0
71,91,0.398,2,-0.05,-2.5569916,0
71,92,0.403,1,-0.05,-6.0788813,0
71,93,0.380,1,-0.05,-3.3796806,0
71,94,0.354,1,-0.05,-2.6975636,0
71,95,0.347,2,-0.05,-10.824709,0
71,96,0.302,0,1.0,-10.840042,0
71,97,0.263,1,-0.05,-9.543037,0
71,98,0.231,1,-0.05,-15.44549,0
71,99,0.195,1,-100.0,-23.118834,0
72,0,0.669,1,-0.05,5.6223526,0
72,1,0.660,0,1.0,3.8328342,0
72,2,0.643,0,1.0,2.7398684,0
72,3,0.629,2,-0.05,4.551134,0
72,4,0.632,1,-0.05,5.269747,0
72,5,0.617,2,-0.05,4.905431,0
72,6,0.610,0,1.0,5.0351787,0
72,7,0.600,0,1.0,5.9273996,0
72,8,0.601,1,-0.05,5.8742046,0
72,9,0.603,2,-0.05,5.041089,0
72,10,0.601,1,-0.05,6.727944,0
72,11,0.607,0,1.0,6.8754263,0
72,12,0.582,0,1.0,5.2648463,0
72,13,0.549,0,1.0,5.6706347,0
72,14,0.543,2,-0.05,4.5000134,0
72,15,0.542,1,-0.05,4.554054,0
72,16,0.537,0,1.0,4.5722246,0
72,17,0.505,0,1.0,5.1551504,0
72,18,0.468,1,-0.05,5.7684927,0
72,19,0.467,0,1.0,5.8296633,0
72,20,0.429,0,1.0,4.453433,0
72,21,0.389,2,-0.05,2.8575294,0
72,22,0.382,0,1.0,3.1951096,0
72,23,0.345,2,-0.05,2.4494143,0
72,24,0.338,1,-0.05,2.2156286,0
72,25,0.331,2,-0.05,2.1995387,0
72,26,0.341,1,-0.05,1.3893256,0
72,27,0.298,0,1.0,0.68787986,0
72,28,0.298,2,-0.05,-9.284632,0
72,29,0.262,0,1.0,-15.300291,0
72,30,0.235,2,-0.05,-11.260252,0
72,31,0.237,1,-0.05,-13.354584,0
72,32,0.221,0,1.0,-20.131968,0
72,33,0.188,1,-100.0,-28.171978,0
73,0,0.663,0,1.0,5.926749,0
73,1,0.654,0,1.0,6.4291587,0
73,2,0.659,0,1.0,5.436539,0
73,3,0.670,0,1.0,6.3672004,0
73,4,0.662,2,-0.05,4.421554,0
73,5,0.652,2,-0.05,4.883716,0
73,6,0.660,0,1.0,6.498282,0
73,7,0.650,0,1.0,6.870862,0
73,8,0.680,1,-0.05,6.6032786,0
73,9,0.683,1,-0.05,6.345099,0
73,10,0.686,2,-0.05,6.4484925,0
73,11,0.684,0,1.0,6.576051,0
73,12,0.704,2,-0.05,6.5856256,0
73,13,0.702,2,-0.05,7.1656394,0
73,14,0.686,0,1.0,5.1443777,0
73,15,0.675,2,-0.05,5.8612013,0
73,16,0.665,2,-0.05,5.29198,0
73,17,0.643,0,1.0,5.584405,0
73,18,0.622,1,-0.05,7.6250095,0
73,19,0.604,1,-0.05,7.197823,0
73,20,0.577,0,1.0,6.6720753,0
73,21,0.569,2,-0.05,5.935622,0
73,22,0.532,2,-0.05,5.6034236,0
73,23,0.554,1,-0.05,5.955881,0
73,24,0.540,0,1.0,6.533543,0
73,25,0.502,0,1.0,5.443646,0
73,26,0.476,2,-0.05,4.5077496,0
73,27,0.473,2,-0.05,4.235159,0
73,28,0.465,2,-0.05,4.959117,0
73,29,0.451,0,1.0,6.277604,0
73,30,0.377,2,-0.05,5.010501,0
73,31,0.373,0,1.0,2.8287058,0
73,32,0.316,1,-0.05,2.9121056,0
73,33,0.275,0,1.0,-0.48144865,0
73,34,0.247,1,-0.05,-17.45994,0
73,35,0.242,2,-0.05,-23.784061,0
73,36,0.241,1,-0.05,-30.913109,0
73,37,0.210,0,1.0,-36.21556,0
73,38,0.181,1,-100.0,-33.070637,0
74,0,0.663,0,1.0,6.868414,0
74,1,0.673,1,-0.05,6.599655,0
74,2,0.654,0,1.0,6.9631305,0
74,3,0.646,0,1.0,6.210808,0
74,4,0.659,0,1.0,4.417965,0
74,5,0.627,1,-0.05,5.0093517,0
74,6,0.622,1,-0.05,3.2884364,0
74,7,0.630,1,-0.05,2.8205118,0
74,8,0.628,0,1.0,3.320932,0
74,9,0.592,1,-0.05,4.3513265,0
74,10,0.591,2,-0.05,5.120743,0
74,11,0.567,0,1.0,5.4508443,0
74,12,0.559,2,-0.05,5.2700667,0
74,13,0.543,0,1.0,5.9015203,0
74,14,0.534,0,1.0,4.699177,0
74,15,0.513,1,-0.05,4.5573173,0
74,16,0.498,0,1.0,4.998585,0
74,17,0.479,0,1.0,5.4370546,0
74,18,0.451,0,1.0,4.332742,0
74,19,0.436,1,-0.05,4.996747,0
74,20,0.440,1,-0.05,6.245204,0
74,21,0.432,2,-0.05,5.2787924,0
74,22,0.416,2,-0.05,4.7656946,0
74,23,0.418,2,-0.05,4.8986835,0
74,24,0.412,2,-0.05,4.921321,0
74,25,0.418,0,1.0,5.130592,0
74,26,0.403,1,-0.05,6.9398737,0
74,27,0.413,2,-0.05,7.0023055,0
74,28,0.403,1,-0.05,6.91268,0
74,29,0.413,0,1.0,6.4160714,0
74,30,0.413,2,-0.05,3.8713822,0
74,31,0.410,2,-0.05,3.7729936,0
74,32,0.416,1,-0.05,4.9197006,0
74,33,0.417,1,-0.05,4.9422874,0
74,34,0.424,2,-0.05,4.4867277,0
74,35,0.413,1,-0.05,6.3296404,0
74,36,0.413,2,-0.05,4.755785,0
74,37,0.403,2,-0.05,4.937655,0
74,38,0.413,1,-0.05,6.204959,0
74,39,0.418,1,-0.05,6.1691513,0
74,40,0.414,0,1.0,4.558083,0
74,41,0.388,2,-0.05,5.485051,0
74,42,0.389,1,-0.05,5.0970464,0
74,43,0.375,0,1.0,5.7037125,0
74,44,0.365,1,-0.05,5.435823,0
74,45,0.354,2,-0.05,3.0107238,0
74,46,0.350,0,1.0,4.5811453,0
74,47,0.317,0,1.0,5.2015476,0
74,48,0.324,0,1.0,4.900552,0
74,49,0.289,1,-0.05,5.585453,0
74,50,0.283,0,1.0,2.640238,0
74,51,0.259,1,-0.05,-0.243191,0
74,52,0.265,1,-0.05,-3.7902436,0
74,53,0.252,0,1.0,-8.631329,0
74,54,0.232,2,-0.05,-16.705877,0
74,55,0.220,1,-0.05,-21.046606,0
74,56,0.212,1,-0.05,-26.58039,0
74,57,0.216,1,-0.05,-27.477314,0
74,58,0.209,1,-0.05,-12.720738,0
74,59,0.167,0,-100.0,-10.406575,0
75,0,0.670,1,-0.05,6.018738,0
75,1,0.670,2,-0.05,6.6699066,0
75,2,0.658,2,-0.05,7.0842943,0
75,3,0.661,0,1.0,6.310947,0
75,4,0.686,0,1.0,6.149023,0
75,5,0.691,1,-0.05,5.1374316,0
75,6,0.701,0,1.0,5.28407,0
75,7,0.703,2,-0.05,5.3672056,0
75,8,0.709,0,1.0,5.2449927,0
75,9,0.679,0,1.0,6.285608,0
75,10,0.683,0,1.0,5.000329,0
75,11,0.657,0,1.0,5.3985085,0
75,12,0.646,1,-0.05,4.418988,0
75,13,0.632,0,1.0,4.981164,0
75,14,0.637,1,-0.05,4.555897,0
75,15,0.630,0,1.0,4.644765,0
75,16,0.633,2,-0.05,5.8472404,0
75,17,0.631,0,1.0,4.841735,0
75,18,0.633,0,1.0,6.2421656,0
75,19,0.616,0,1.0,6.631534,0
75,20,0.610,2,-0.05,6.09708,0
75,21,0.598,1,-0.05,5.532508,0
75,22,0.613,2,-0.05,6.2086225,0
75,23,0.602,0,1.0,6.340866,0
75,24,0.590,0,1.0,5.755436,0
75,25,0.568,2,-0.05,4.850043,0
75,26,0.568,1,-0.05,4.5756702,0
75,27,0.561,2,-0.05,4.0408187,0
75,28,0.549,2,-0.05,2.8968403,0
75,29,0.557,2,-0.05,3.7281537,0
75,30,0.561,2,-0.05,2.3547926,0
75,31,0.515,0,1.0,3.693865,0
75,32,0.500,2,-0.05,3.906806,0
75,33,0.476,1,-0.05,3.8119586,0
75,34,0.456,0,1.0,3.661227,0
75,35,0.412,0,1.0,3.2703846,0
75,36,0.375,2,-0.05,1.9995089,0
75,37,0.353,0,1.0,-0.50014925,0
75,38,0.314,1,-0.05,-2.162336,0
75,39,0.288,0,1.0,-6.8249655,0
75,40,0.253,1,-0.05,-13.579428,0
75,41,0.223,0,1.0,-29.162031,0
75,42,0.207,1,-0.05,-9.611998,0
75,43,0.188,1,-100.0,-24.943222,0
76,0,0.671,0,1.0,4.355809,0
76,1,0.673,1,-0.05,3.8702917,0
76,2,0.660,0,1.0,3.970815,0
76,3,0.652,1,-0.05,4.515564,0
76,4,0.659,2,-0.05,4.5806084,0
76,5,0.648,0,1.0,4.0702457,0
76,6,0.646,1,-0.05,6.297252,0
76,7,0.636,0,1.0,6.831725,0
76,8,0.634,2,-0.05,5.3405447,0
76,9,0.636,2,-0.05,5.306478,0
76,10,0.629,0,1.0,4.8115597,0
76,11,0.643,0,1.0,5.606633,0
76,12,0.652,1,-0.05,6.0436997,0
76,13,0.648,0,1.0,6.1194425,0
76,14,0.654,0,1.0,4.6725645,0
76,15,0.652,0,1.0,5.038791,0
76,16,0.650,0,1.0,5.979922,0
76,17,0.661,2,-0.05,5.756389,0
76,18,0.652,0,1.0,5.3142166,0
76,19,0.671,1,-0.05,6.6933994,0
76,20,0.678,0,1.0,5.655866,0
76,21,0.680,1,-0.05,4.6243258,0
76,22,0.665,1,-0.05,4.8976045,0
76,23,0.678,1,-0.05,5.0540724,0
76,24,0.672,2,-0.05,5.6835594,0
76,25,0.658,0,1.0,4.487741,0
76,26,0.656,0,1.0,5.4161863,0
76,27,0.661,1,-0.05,5.154567,0
76,28,0.656,0,1.0,3.7565942,0
76,29,0.655,2,-0.05,4.9753466,0
76,30,0.648,1,-0.05,3.7159262,0
76,31,0.642,1,-0.05,4.2748623,0
76,32,0.648,0,1.0,4.0368843,0
76,33,0.597,0,1.0,4.451949,0
76,34,0.581,1,-0.05,3.6724274,0
76,35,0.570,1,-0.05,2.3531606,0
76,36,0.542,0,1.0,4.4563017,0
76,37,0.517,1,-0.05,2.94291,0
76,38,0.503,2,-0.05,1.0729088,0
76,39,0.473,0,1.0,2.8359306,0
76,40,0.451,2,-0.05,1.8216832,0
76,41,0.428,0,1.0,1.2753018,0
76,42,0.403,1,-0.05,3.5451608,0
76,43,0.397,1,-0.05,3.167994,0
76,44,0.397,0,1.0,-1.3372359,0
76,45,0.353,2,-0.05,-2.5383284,0
76,46,0.323,0,1.0,-5.347911,0
76,47,0.303,2,-0.05,-3.4565938,0
76,48,0.287,2,-0.05,-7.620681,0
76,49,0.277,1,-0.05,-3.0661938,0
76,50,0.276,2,-0.05,-5.754054,0
76,51,0.266,2,-0.05,-6.447743,0
76,52,0.278,1,-0.05,-1.0295631,0
76,53,0.257,0,1.0,-1.1403083,0
76,54,0.236,2,-0.05,-11.573378,0
76,55,0.231,1,-0.05,-13.006399,0
76,56,0.229,1,-0.05,-17.585443,0
76,57,0.218,1,-0.05,-23.447388,0
76,58,0.214,1,-0.05,-20.246933,0
76,59,0.201,2,-0.05,-20.873264,0
76,60,0.187,1,-100.0,-22.0217,0
77,0,0.666,0,1.0,4.3953977,0
77,1,0.659,0,1.0,5.42352,0
77,2,0.655,0,1.0,5.204016,0
77,3,0.646,0,1.0,5.2880716,0
77,4,0.653,1,-0.05,4.894215,0
77,5,0.656,2,-0.05,5.3840322,0
77,6,0.649,1,-0.05,5.9588184,0
77,7,0.644,0,1.0,5.411912,0
77,8,0.632,2,-0.05,4.447945,0
77,9,0.630,0,1.0,4.3418436,0
77,10,0.630,0,1.0,5.504035,0
77,11,0.613,0,1.0,6.404036,0
77,12,0.624,2,-0.05,5.361744,0
77,13,0.618,0,1.0,5.443834,0
77,14,0.618,0,1.0,7.5827084,0
77,15,0.624,2,-0.05,6.9324594,0
77,16,0.620,0,1.0,6.8289227,0
77,17,0.607,0,1.0,7.6960263,0
77,18,0.644,1,-0.05,8.011608,0
77,19,0.635,1,-0.05,7.6766276,0
77,20,0.641,0,1.0,7.1924176,0
77,21,0.626,0,1.0,4.8480783,0
77,22,0.624,0,1.0,3.3723469,0
77,23,0.623,0,1.0,4.6595182,0
77,24,0.606,1,-0.05,5.0204544,0
77,25,0.593,2,-0.05,5.207204,0
77,26,0.618,1,-0.05,5.3100863,0
77,27,0.609,1,-0.05,3.3193276,0
77,28,0.606,0,1.0,2.715941,0
77,29,0.592,0,1.0,2.8960748,0
77,30,0.564,0,1.0,4.4969063,0
77,31,0.557,0,1.0,5.19175,0
77,32,0.522,2,-0.05,5.352937,0
77,33,0.512,0,1.0,4.964055,0
77,34,0.504,0,1.0,4.529229,0
77,35,0.489,1,-0.05,4.843664,0
77,36,0.467,0,1.0,4.3309307,0
77,37,0.459,0,1.0,4.4404373,0
77,38,0.423,0,1.0,3.6650453,0
77,39,0.417,2,-0.05,4.6299715,0
77,40,0.405,0,1.0,4.4065866,0
77,41,0.392,2,-0.05,5.036584,0
77,42,0.375,0,1.0,4.0233955,0
77,43,0.374,0,1.0,5.732229,0
77,44,0.369,0,1.0,5.466378,0
77,45,0.375,1,-0.05,4.9071674,0
77,46,0.368,1,-0.05,4.489169,0
77,47,0.353,0,1.0,3.0133162,0
77,48,0.357,2,-0.05,4.0557604,0
77,49,0.326,2,-0.05,2.643938,0
77,50,0.333,1,-0.05,2.5039818,0
77,51,0.333,1,-0.05,-0.6000359,0
77,52,0.328,2,-0.05,1.0294873,0
77,53,0.317,2,-0.05,2.5725348,0
77,54,0.320,2,-0.05,1.8686205,0
77,55,0.320,0,1.0,5.7972755,0
77,56,0.319,0,1.0,5.6723127,0
77,57,0.324,0,1.0,7.814603,0
77,58,0.317,0,1.0,7.736225,0
77,59,0.335,1,-0.05,8.254292,0
77,60,0.318,0,1.0,7.0475264,0
77,61,0.321,2,-0.05,6.0138974,0
77,62,0.323,0,1.0,7.1515093,0
77,63,0.316,1,-0.05,6.7499533,0
77,64,0.328,1,-0.05,5.583504,0
77,65,0.330,2,-0.05,4.758628,0
77,66,0.332,0,1.0,5.074011,0
77,67,0.332,2,-0.05,3.167838,0
77,68,0.335,2,-0.05,1.7733259,0
77,69,0.322,2,-0.05,1.1600909,0
77,70,0.337,1,-0.05,1.471759,0
77,71,0.339,1,-0.05,2.3327575,0
77,72,0.339,2,-0.05,1.9447116,0
77,73,0.340,2,-0.05,2.617684,0
77,74,0.349,2,-0.05,2.8059514,0
77,75,0.348,1,-0.05,2.8729115,0
77,76,0.339,2,-0.05,1.9660602,0
77,77,0.355,2,-0.05,0.37509203,0
77,78,0.370,1,-0.05,-0.7494507,0
77,79,0.362,1,-0.05,-1.3128548,0
77,80,0.377,2,-0.05,-3.0975146,0
77,81,0.365,0,1.0,-2.137504,0
77,82,0.316,1,-0.05,-1.5172329,0
77,83,0.285,1,-0.05,-2.6317625,0
77,84,0.289,2,-0.05,-6.34021,0
77,85,0.242,0,1.0,-5.5947647,0
77,86,0.133,0,-100.0,-4.884983,0
78,0,0.661,1,-0.05,5.8965516,0
78,1,0.669,0,1.0,4.7317715,0
78,2,0.652,0,1.0,4.373508,0
78,3,0.646,1,-0.05,3.9879308,0
78,4,0.643,1,-0.05,3.3559747,0
78,5,0.639,1,-0.05,2.4783442,0
78,6,0.636,0,1.0,3.0891402,0
78,7,0.600,2,-0.05,4.1080756,0
78,8,0.590,0,1.0,4.4419093,0
78,9,0.555,1,-0.05,4.144369,0
78,10,0.535,0,1.0,4.4042444,0
78,11,0.527,2,-0.05,4.407832,0
78,12,0.497,0,1.0,4.067133,0
78,13,0.461,0,1.0,5.441806,0
78,14,0.429,0,1.0,4.5166817,0
78,15,0.408,0,1.0,4.683172,0
78,16,0.377,0,1.0,5.0416565,0
78,17,0.349,2,-0.05,4.4057884,0
78,18,0.328,0,1.0,3.196517,0
78,19,0.311,0,1.0,5.150224,0
78,20,0.280,0,1.0,5.4414244,0
78,21,0.250,0,1.0,2.9318175,0
78,22,0.243,0,1.0,1.6388526,0
78,23,0.217,1,-0.05,1.2788225,0
78,24,0.213,0,1.0,-1.9977148,0
78,25,0.186,1,-100.0,-5.4838386,0
79,0,0.672,2,-0.05,6.077337,0
79,1,0.657,0,1.0,6.0040045,0
79,2,0.673,0,1.0,6.8833537,0
79,3,0.682,2,-0.05,6.8709445,0
79,4,0.693,1,-0.05,6.386934,0
79,5,0.692,0,1.0,4.8651323,0
79,6,0.677,0,1.0,6.5349894,0
79,7,0.694,2,-0.05,5.098833,0
79,8,0.697,1,-0.05,5.6077027,0
79,9,0.696,1,-0.05,5.2508307,0
79,10,0.693,2,-0.05,4.8717947,0
79,11,0.690,0,1.0,4.484682,0
79,12,0.670,2,-0.05,5.9435444,0
79,13,0.681,1,-0.05,5.923968,0
79,14,0.669,1,-0.05,4.4727497,0
79,15,0.679,0,1.0,3.4111624,0
79,16,0.654,1,-0.05,4.1988688,0
79,17,0.654,0,1.0,2.1238544,0
79,18,0.627,2,-0.05,3.179325,0
79,19,0.617,1,-0.05,3.9712734,0
79,20,0.592,0,1.0,4.534458,0
79,21,0.565,1,-0.05,5.1854334,0
79,22,0.557,2,-0.05,4.701767,0
79,23,0.548,1,-0.05,4.74601,0
79,24,0.510,0,1.0,5.985853,0
79,25,0.481,0,1.0,4.4614115,0
79,26,0.428,2,-0.05,4.5901737,0
79,27,0.416,2,-0.05,4.8725505,0
79,28,0.405,2,-0.05,3.2703178,0
79,29,0.379,0,1.0,2.2240756,0
79,30,0.337,0,1.0,2.503404,0
79,31,0.332,1,-0.05,2.1916447,0
79,32,0.320,2,-0.05,0.8784041,0
79,33,0.311,2,-0.05,1.4809775,0
79,34,0.303,0,1.0,2.076348,0
79,35,0.298,2,-0.05,3.9790974,0
79,36,0.306,1,-0.05,6.2341294,0
79,37,0.289,0,1.0,3.2877655,0
79,38,0.284,2,-0.05,1.9581722,0
79,39,0.277,0,1.0,0.103557646,0
79,40,0.263,0,1.0,3.1350157,0
79,41,0.267,2,-0.05,3.803219,0
79,42,0.239,0,1.0,4.579817,0
79,43,0.251,1,-0.05,6.2530007,0
79,44,0.248,0,1.0,5.832475,0
79,45,0.229,0,1.0,3.1873937,0
79,46,0.224,0,1.0,3.975504,0
79,47,0.221,1,-0.05,0.9346123,0
79,48,0.208,0,1.0,0.47930032,0
79,49,0.194,2,-100.0,-5.8995876,0
80,0,0.663,2,-0.05,6.2275877,0
80,1,0.654,2,-0.05,7.4156237,0
80,2,0.666,0,1.0,6.093611,0
80,3,0.684,2,-0.05,6.2801485,0
80,4,0.698,2,-0.05,7.1493673,0
80,5,0.695,0,1.0,7.4876494,0
80,6,0.667,0,1.0,8.040794,0
80,7,0.631,2,-0.05,7.4918184,0
80,8,0.620,0,1.0,7.0556183,0
80,9,0.569,0,1.0,7.869854,0
80,10,0.543,0,1.0,6.8635015,0
80,11,0.479,0,1.0,6.6022143,0
80,12,0.441,0,1.0,5.248177,0
80,13,0.381,0,1.0,4.3792934,0
80,14,0.354,2,-0.05,2.456733,0
80,15,0.334,1,-0.05,3.1015942,0
80,16,0.332,2,-0.05,1.9098265,0
80,17,0.320,0,1.0,0.11586706,0
80,18,0.241,0,1.0,-1.8096669,0
80,19,0.206,1,-0.05,-25.513298,0
80,20,0.202,1,-0.05,-35.98997,0
80,21,0.189,1,-100.0,-39.22398,0
81,0,0.663,0,1.0,4.1894765,0
81,1,0.655,1,-0.05,4.5272126,0
81,2,0.666,1,-0.05,3.2312102,0
81,3,0.666,0,1.0,3.0399725,0
81,4,0.642,0,1.0,2.1455579,0
81,5,0.620,0,1.0,2.1671207,0
81,6,0.602,0,1.0,4.128129,0
81,7,0.589,0,1.0,5.223053,0
81,8,0.561,0,1.0,5.530395,0
81,9,0.527,2,-0.05,5.7103033,0
81,10,0.534,1,-0.05,5.189984,0
81,11,0.531,0,1.0,4.5444355,0
81,12,0.488,0,1.0,3.6668258,0
81,13,0.476,0,1.0,4.6446533,0
81,14,0.431,2,-0.05,4.542884,0
81,15,0.414,0,1.0,3.2651672,0
81,16,0.412,1,-0.05,5.2407026,0
81,17,0.381,0,1.0,4.454299,0
81,18,0.369,1,-0.05,3.0886753,0
81,19,0.362,2,-0.05,3.0377755,0
81,20,0.347,0,1.0,3.2662158,0
81,21,0.324,2,-0.05,5.907291,0
81,22,0.316,0,1.0,5.231539,0
81,23,0.313,1,-0.05,4.8115225,0
81,24,0.307,2,-0.05,6.5774374,0
81,25,0.304,0,1.0,6.400127,0
81,26,0.300,0,1.0,6.8806877,0
81,27,0.294,0,1.0,7.752774,0
81,28,0.302,1,-0.05,5.7928348,0
81,29,0.283,0,1.0,6.935109,0
81,30,0.280,0,1.0,5.6261916,0
81,31,0.290,0,1.0,4.7448316,0
81,32,0.276,1,-0.05,5.5846853,0
81,33,0.288,0,1.0,4.903902,0
81,34,0.253,0,1.0,3.564279,0
81,35,0.245,2,-0.05,0.6156666,0
81,36,0.250,0,1.0,1.8057739,0
81,37,0.231,1,-0.05,5.266204,0
81,38,0.229,2,-0.05,4.951131,0
81,39,0.231,0,1.0,5.7028875,0
81,40,0.230,0,1.0,5.268779,0
81,41,0.249,0,1.0,5.0503445,0
81,42,0.241,1,-0.05,5.7814245,0
81,43,0.243,0,1.0,3.1453614,0
81,44,0.246,2,-0.05,5.883195,0
81,45,0.251,0,1.0,6.4535236,0
81,46,0.252,0,1.0,3.6121025,0
81,47,0.250,0,1.0,4.1117606,0
81,48,0.259,0,1.0,4.746749,0
81,49,0.261,1,-0.05,4.043475,0
81,50,0.257,1,-0.05,2.1782982,0
81,51,0.259,0,1.0,7.6682196,0
81,52,0.270,2,-0.05,2.0453641,0
81,53,0.252,1,-0.05,1.6992103,0
81,54,0.253,2,-0.05,1.986189,0
81,55,0.239,2,-0.05,3.8995156,0
81,56,0.253,2,-0.05,5.7172,0
81,57,0.252,0,1.0,6.6381693,0
81,58,0.264,1,-0.05,5.2602935,0
81,59,0.267,0,1.0,5.247629,0
81,60,0.282,0,1.0,8.49626,0
81,61,0.275,2,-0.05,7.469436,0
81,62,0.280,2,-0.05,6.5049706,0
81,63,0.285,1,-0.05,3.6564224,0
81,64,0.279,2,-0.05,5.4352555,0
81,65,0.276,2,-0.05,6.050439,0
81,66,0.278,2,-0.05,5.8310375,0
81,67,0.293,1,-0.05,5.098901,0
81,68,0.311,1,-0.05,5.3223405,0
81,69,0.309,1,-0.05,4.29585,0
81,70,0.307,2,-0.05,5.8920465,0
81,71,0.316,1,-0.05,3.059545,0
81,72,0.322,0,1.0,4.0326176,0
81,73,0.317,1,-0.05,6.029988,0
81,74,0.315,1,-0.05,4.2967424,0
81,75,0.318,2,-0.05,6.4640546,0
81,76,0.322,0,1.0,5.760171,0
81,77,0.330,1,-0.05,3.8799496,0
81,78,0.337,1,-0.05,3.64933,0
81,79,0.328,0,1.0,4.47761,0
81,80,0.315,0,1.0,4.8259697,0
81,81,0.282,2,-0.05,0.7944341,0
81,82,0.253,2,-0.05,-1.2974329,0
81,83,0.244,2,-0.05,-3.6604156,0
81,84,0.228,2,-0.05,-8.285895,0
81,85,0.219,2,-0.05,-10.903324,0
81,86,0.200,2,-0.05,-12.631172,0
81,87,0.187,1,-100.0,-6.773678,0
82,0,0.672,2,-0.05,3.448899,0
82,1,0.683,1,-0.05,2.8964586,0
82,2,0.668,1,-0.05,3.5248003,0
82,3,0.661,1,-0.05,2.4292715,0
82,4,0.668,2,-0.05,2.1929045,0
82,5,0.648,1,-0.05,2.2606187,0
82,6,0.642,0,1.0,2.0566897,0
82,7,0.617,0,1.0,2.4070528,0
82,8,0.600,2,-0.05,3.1696265,0
82,9,0.588,1,-0.05,3.0897672,0
82,10,0.597,2,-0.05,3.1738677,0
82,11,0.578,2,-0.05,2.4105368,0
82,12,0.582,0,1.0,3.0016053,0
82,13,0.573,2,-0.05,2.6153698,0
82,14,0.568,1,-0.05,3.3563993,0
82,15,0.559,0,1.0,4.253429,0
82,16,0.538,0,1.0,4.486536,0
82,17,0.506,0,1.0,4.3413563,0
82,18,0.504,0,1.0,4.2288914,0
82,19,0.473,2,-0.05,4.9657354,0
82,20,0.458,1,-0.05,4.3268504,0
82,21,0.452,0,1.0,5.005843,0
82,22,0.414,0,1.0,4.3867774,0
82,23,0.385,2,-0.05,2.9279232,0
82,24,0.383,2,-0.05,3.6712463,0
82,25,0.370,0,1.0,4.9586916,0
82,26,0.350,1,-0.05,6.5653124,0
82,27,0.348,1,-0.05,5.9890776,0
82,28,0.348,2,-0.05,3.6799605,0
82,29,0.325,0,1.0,4.2141848,0
82,30,0.325,0,1.0,5.587801,0
82,31,0.303,2,-0.05,6.5345755,0
82,32,0.292,0,1.0,5.539238,0
82,33,0.285,2,-0.05,7.389153,0
82,34,0.284,0,1.0,6.952547,0
82,35,0.281,0,1.0,7.447489,0
82,36,0.293,0,1.0,7.6995535,0
82,37,0.260,0,1.0,6.8925095,0
82,38,0.293,0,1.0,7.093196,0
82,39,0.291,0,1.0,6.311533,0
82,40,0.276,1,-0.05,6.3668566,0
82,41,0.289,1,-0.05,5.289626,0
82,42,0.277,2,-0.05,6.188655,0
82,43,0.277,2,-0.05,4.5207877,0
82,44,0.290,1,-0.05,5.0164547,0
82,45,0.293,1,-0.05,5.0429845,0
82,46,0.289,0,1.0,1.1865152,0
82,47,0.262,2,-0.05,-1.2625563,0
82,48,0.262,2,-0.05,-5.2290773,0
82,49,0.243,1,-0.05,1.4726806,0
82,50,0.231,0,1.0,-3.35108,0
82,51,0.224,1,-0.05,-8.999693,0
82,52,0.213,2,-0.05,-10.005806,0
82,53,0.219,1,-0.05,-11.086201,0
82,54,0.211,2,-0.05,-11.290091,0
82,55,0.202,1,-0.05,-12.190073,0
82,56,0.206,1,-0.05,-10.0161495,0
82,57,0.183,1,-100.0,-16.406923,0
83,0,0.670,1,-0.05,4.470196,0
83,1,0.659,1,-0.05,4.2430487,0
83,2,0.669,1,-0.05,2.8329442,0
83,3,0.659,1,-0.05,3.4042308,0
83,4,0.666,1,-0.05,3.699699,0
83,5,0.652,1,-0.05,3.9807236,0
83,6,0.629,0,1.0,5.8729925,0
83,7,0.583,0,1.0,5.821926,0
83,8,0.551,1,-0.05,5.295694,0
83,9,0.512,0,1.0,3.99407,0
83,10,0.486,2,-0.05,4.343217,0
83,11,0.453,0,1.0,4.2797074,0
83,12,0.412,2,-0.05,4.557661,0
83,13,0.405,2,-0.05,4.2291903,0
83,14,0.388,1,-0.05,3.4820886,0
83,15,0.387,2,-0.05,3.635742,0
83,16,0.389,2,-0.05,2.419466,0
83,17,0.366,0,1.0,2.5493069,0
83,18,0.352,2,-0.05,5.3493166,0
83,19,0.339,1,-0.05,4.9892163,0
83,20,0.333,0,1.0,4.931386,0
83,21,0.304,2,-0.05,2.575369,0
83,22,0.289,0,1.0,1.4423399,0
83,23,0.264,2,-0.05,1.6153942,0
83,24,0.262,1,-0.05,-0.18822575,0
83,25,0.240,0,1.0,-1.3628914,0
83,26,0.208,2,-0.05,-4.0519123,0
83,27,0.206,2,-0.05,-19.857548,0
83,28,0.177,0,-100.0,-13.348064,0
84,0,0.672,0,1.0,6.6811285,0
84,1,0.672,2,-0.05,7.66565,0
84,2,0.664,2,-0.05,6.695463,0
84,3,0.663,2,-0.05,6.838121,0
84,4,0.676,0,1.0,7.0936527,0
84,5,0.696,2,-0.05,6.6729794,0
84,6,0.700,1,-0.05,5.722089,0
84,7,0.695,0,1.0,6.6067605,0
84,8,0.680,0,1.0,7.0098953,0
84,9,0.664,0,1.0,5.0148125,0
84,10,0.647,0,1.0,5.453062,0
84,11,0.631,0,1.0,4.575117,0
84,12,0.614,0,1.0,4.4393826,0
84,13,0.576,0,1.0,4.3774176,0
84,14,0.591,1,-0.05,5.856043,0
84,15,0.570,0,1.0,6.538766,0
84,16,0.563,0,1.0,6.9697766,0
84,17,0.553,2,-0.05,7.45833,0
84,18,0.550,0,1.0,7.6745253,0
84,19,0.548,1,-0.05,4.8966675,0
84,20,0.540,1,-0.05,5.203677,0
84,21,0.544,2,-0.05,6.7713594,0
84,22,0.539,2,-0.05,5.3279467,0
84,23,0.541,0,1.0,3.9693427,0
84,24,0.484,0,1.0,4.5731072,0
84,25,0.462,0,1.0,3.4421835,0
84,26,0.452,1,-0.05,3.2661128,0
84,27,0.439,1,-0.05,4.1518993,0
84,28,0.425,2,-0.05,4.0555344,0
84,29,0.427,2,-0.05,2.9640236,0
84,30,0.419,0,1.0,4.245538,0
84,31,0.377,2,-0.05,3.7711096,0
84,32,0.377,2,-0.05,2.1270304,0
84,33,0.352,1,-0.05,2.5684905,0
84,34,0.335,0,1.0,0.583653,0
84,35,0.301,0,1.0,0.079659104,0
84,36,0.264,1,-0.05,-2.1142445,0
84,37,0.255,2,-0.05,-9.108567,0
84,38,0.244,1,-0.05,-8.347675,0
84,39,0.224,0,1.0,-12.780891,0
84,40,0.209,2,-0.05,-10.352961,0
84,41,0.191,1,-100.0,-13.3956175,0
85,0,0.662,2,-0.05,5.5825243,0
85,1,0.673,0,1.0,6.2007084,0
85,2,0.673,0,1.0,7.0424194,0
85,3,0.676,0,1.0,6.5847306,0
85,4,0.706,0,1.0,7.7609878,0
85,5,0.698,2,-0.05,6.9076967,0
85,6,0.693,1,-0.05,5.9995785,0
85,7,0.701,0,1.0,6.5193276,0
85,8,0.704,0,1.0,6.7434616,0
85,9,0.690,1,-0.05,5.1442356,0
85,10,0.698,1,-0.05,5.284079,0
85,11,0.709,0,1.0,4.635717,0
85,12,0.691,0,1.0,5.5493755,0
85,13,0.682,2,-0.05,4.8707666,0
85,14,0.671,0,1.0,4.470954,0
85,15,0.660,0,1.0,3.6212952,0
85,16,0.643,0,1.0,4.8678055,0
85,17,0.645,0,1.0,2.7701378,0
85,18,0.627,0,1.0,4.479257,0
85,19,0.621,0,1.0,4.607359,0
85,20,0.623,1,-0.05,4.107293,0
85,21,0.603,2,-0.05,3.7480552,0
85,22,0.610,2,-0.05,3.541564,0
85,23,0.601,0,1.0,5.0190606,0
85,24,0.608,1,-0.05,5.9489174,0
85,25,0.603,2,-0.05,6.0919747,0
85,26,0.615,0,1.0,7.5880833,0
85,27,0.629,0,1.0,8.2911415,0
85,28,0.647,2,-0.05,8.795225,0
85,29,0.661,0,1.0,7.2560596,0
85,30,0.696,0,1.0,6.604807,0
85,31,0.701,1,-0.05,6.3606153,0
85,32,0.668,0,1.0,5.3902903,0
85,33,0.666,0,1.0,6.4192905,0
85,34,0.639,0,1.0,6.291829,0
85,35,0.615,1,-0.05,6.0710373,0
85,36,0.617,1,-0.05,7.366243,0
85,37,0.599,1,-0.05,5.941829,0
85,38,0.598,2,-0.05,3.2481086,0
85,39,0.608,2,-0.05,2.869771,0
85,40,0.600,0,1.0,5.235714,0
85,41,0.578,2,-0.05,5.576535,0
85,42,0.573,2,-0.05,6.1960835,0
85,43,0.549,0,1.0,4.6179323,0
85,44,0.522,1,-0.05,4.66788,0
85,45,0.525,1,-0.05,3.7208958,0
85,46,0.505,1,-0.05,5.705326,0
85,47,0.506,0,1.0,5.049454,0
85,48,0.483,0,1.0,5.5358753,0
85,49,0.459,0,1.0,5.5752506,0
85,50,0.452,0,1.0,2.5692267,0
85,51,0.426,2,-0.05,2.1879392,0
85,52,0.431,2,-0.05,1.7519231,0
85,53,0.430,2,-0.05,1.155128,0
85,54,0.422,1,-0.05,0.8302478,0
85,55,0.404,0,1.0,1.5280002,0
85,56,0.394,2,-0.05,4.4265614,0
85,57,0.388,2,-0.05,3.952764,0
85,58,0.374,2,-0.05,5.4641256,0
85,59,0.377,2,-0.05,5.755167,0
85,60,0.381,2,-0.05,6.9702387,0
85,61,0.369,2,-0.05,3.945023,0
85,62,0.349,2,-0.05,3.8100176,0
85,63,0.311,0,1.0,4.440654,0
85,64,0.285,1,-0.05,3.262197,0
85,65,0.268,1,-0.05,5.3300066,0
85,66,0.254,1,-0.05,4.8026915,0
85,67,0.242,1,-0.05,5.458503,0
85,68,0.221,2,-0.05,6.6363873,0
85,69,0.223,0,1.0,7.335836,0
85,70,0.222,0,1.0,4.7343616,0
85,71,0.258,2,-0.05,5.6533422,0
85,72,0.272,2,-0.05,5.9645815,0
85,73,0.279,0,1.0,5.894503,0
85,74,0.325,2,-0.05,6.734253,0
85,75,0.341,0,1.0,3.643227,0
85,76,0.395,0,1.0,3.68566,0
85,77,0.423,0,1.0,2.001735,0
85,78,0.479,2,-0.05,3.8226793,0
85,79,0.502,0,1.0,5.083389,0
85,80,0.527,0,1.0,4.247577,0
85,81,0.558,2,-0.05,4.5122466,0
85,82,0.564,2,-0.05,5.6371145,0
85,83,0.587,0,1.0,3.880889,0
85,84,0.605,0,1.0,2.5688186,0
85,85,0.613,0,1.0,3.86695,0
85,86,0.608,0,1.0,2.5372694,0
85,87,0.639,1,-0.05,3.0195408,0
85,88,0.652,0,1.0,1.2838387,0
85,89,0.662,1,-0.05,2.5247278,0
85,90,0.664,1,-0.05,3.7351744,0
85,91,0.687,0,1.0,3.6064293,0
85,92,0.699,1,-0.05,2.18453,0
85,93,0.691,0,1.0,3.9398952,0
85,94,0.631,2,-0.05,3.1659908,0
85,95,0.608,0,1.0,3.1668959,0
85,96,0.585,2,-0.05,2.6549237,0
85,97,0.562,0,1.0,3.4937112,0
85,98,0.527,1,-0.05,2.5986154,0
85,99,0.505,0,1.0,2.3833847,0
85,100,0.489,2,-0.05,1.913349,0
85,101,0.468,2,-0.05,1.8847591,0
85,102,0.468,1,-0.05,1.2265948,0
85,103,0.454,2,-0.05,2.185277,0
85,104,0.461,1,-0.05,2.3342044,0
85,105,0.464,1,-0.05,1.8645768,0
85,106,0.459,1,-0.05,1.9125344,0
85,107,0.440,1,-0.05,1.1769848,0
85,108,0.441,1,-0.05,-0.7162936,0
85,109,0.427,1,-0.05,1.0230503,0
85,110,0.425,2,-0.05,2.474329,0
85,111,0.378,0,1.0,1.4145179,0
85,112,0.349,1,-0.05,2.7139516,0
85,113,0.336,1,-0.05,0.687006,0
85,114,0.332,1,-0.05,-4.7482853,0
85,115,0.282,0,1.0,-9.159717,0
85,116,0.228,0,1.0,-15.256084,0
85,117,0.152,0,-100.0,-21.05318,0
86,0,0.662,0,1.0,5.423669,0
86,1,0.672,0,1.0,4.828633,0
86,2,0.654,0,1.0,4.955171,0
86,3,0.662,0,1.0,6.2665524,0
86,4,0.662,2,-0.05,5.3923163,0
86,5,0.668,0,1.0,4.6197205,0
86,6,0.658,0,1.0,4.3124056,0
86,7,0.658,2,-0.05,5.3096733,0
86,8,0.687,1,-0.05,7.040867,0
86,9,0.679,2,-0.05,7.106921,0
86,10,0.680,0,1.0,6.727513,0
86,11,0.685,2,-0.05,6.6161613,0
86,12,0.696,1,-0.05,6.9101753,0
86,13,0.705,0,1.0,6.3016853,0
86,14,0.697,0,1.0,6.7408614,0
86,15,0.697,0,1.0,6.4978366,0
86,16,0.695,0,1.0,6.069002,0
86,17,0.708,0,1.0,6.087403,0
86,18,0.692,0,1.0,4.473238,0
86,19,0.705,1,-0.05,3.2465148,0
86,20,0.693,2,-0.05,5.0019603,0
86,21,0.698,2,-0.05,5.7818985,0
86,22,0.700,1,-0.05,6.501445,0
86,23,0.686,0,1.0,5.9579196,0
86,24,0.688,0,1.0,4.615036,0
86,25,0.683,0,1.0,5.7011333,0
86,26,0.687,0,1.0,5.8595257,0
86,27,0.684,0,1.0,6.4326334,0
86,28,0.685,0,1.0,5.5034666,0
86,29,0.676,0,1.0,4.848991,0
86,30,0.679,1,-0.05,3.8744125,0
86,31,0.680,2,-0.05,3.3229768,0
86,32,0.684,0,1.0,4.2792478,0
86,33,0.681,1,-0.05,4.460557,0
86,34,0.663,1,-0.05,3.6204555,0
86,35,0.662,1,-0.05,5.3020706,0
86,36,0.663,2,-0.05,4.1152735,0
86,37,0.672,0,1.0,3.8875306,0
86,38,0.648,2,-0.05,5.998131,0
86,39,0.652,0,1.0,6.7844152,0
86,40,0.623,0,1.0,7.956655,0
86,41,0.612,1,-0.05,6.791345,0
86,42,0.603,2,-0.05,6.7199345,0
86,43,0.597,0,1.0,7.228351,0
86,44,0.576,2,-0.05,5.3801327,0
86,45,0.557,0,1.0,4.3177357,0
86,46,0.537,1,-0.05,5.0654507,0
86,47,0.506,0,1.0,5.850523,0
86,48,0.495,0,1.0,5.510315,0
86,49,0.473,2,-0.05,4.0198927,0
86,50,0.448,0,1.0,4.236494,0
86,51,0.412,2,-0.05,5.534116,0
86,52,0.409,1,-0.05,4.1414237,0
86,53,0.408,0,1.0,4.927737,0
86,54,0.378,0,1.0,6.6624756,0
86,55,0.360,0,1.0,3.929378,0
86,56,0.369,0,1.0,6.14534,0
86,57,0.356,0,1.0,5.5913506,0
86,58,0.408,1,-0.05,4.662879,0
86,59,0.410,0,1.0,4.95096,0
86,60,0.458,0,1.0,1.5015458,0
86,61,0.540,0,1.0,0.9804736,0
86,62,0.576,1,-0.05,1.639169,0
86,63,0.582,0,1.0,3.139265,0
86,64,0.681,2,-0.05,3.1219816,0
86,65,0.698,2,-0.05,5.3144217,0
86,66,0.722,2,-0.05,3.7191796,0
86,67,0.696,1,-0.05,2.909741,0
86,68,0.724,1,-0.05,0.47897387,0
86,69,0.694,0,1.0,2.762621,0
86,70,0.644,1,-0.05,1.8504295,0
86,71,0.623,1,-0.05,-0.48963022,0
86,72,0.617,1,-0.05,-1.3078775,0
86,73,0.585,1,-0.05,-2.2441173,0
86,74,0.573,1,-0.05,-0.55924606,0
86,75,0.552,0,1.0,-3.000935,0
86,76,0.453,0,1.0,-5.6976795,0
86,77,0.412,2,-0.05,-3.7596633,0
86,78,0.379,2,-0.05,-6.4789877,0
86,79,0.368,2,-0.05,-15.369996,0
86,80,0.312,0,1.0,-18.032711,0
86,81,0.256,0,1.0,-25.89489,0
86,82,0.184,2,-100.0,-31.781822,0
87,0,0.657,2,-0.05,4.342165,0
87,1,0.667,1,-0.05,4.8583016,0
87,2,0.663,0,1.0,4.754184,0
87,3,0.656,1,-0.05,3.6859257,0
87,4,0.645,2,-0.05,3.619709,0
87,5,0.657,0,1.0,4.455866,0
87,6,0.654,2,-0.05,4.892386,0
87,7,0.650,1,-0.05,4.293975,0
87,8,0.659,0,1.0,3.4838283,0
87,9,0.668,1,-0.05,2.1444652,0
87,10,0.653,2,-0.05,1.8809811,0
87,11,0.638,0,1.0,2.341467,0
87,12,0.665,0,1.0,5.33004,0
87,13,0.665,0,1.0,5.821056,0
87,14,0.661,0,1.0,5.8109794,0
87,15,0.666,0,1.0,7.241591,0
87,16,0.672,0,1.0,6.950049,0
87,17,0.667,1,-0.05,6.3104687,0
87,18,0.690,0,1.0,6.2075596,0
87,19,0.687,2,-0.05,5.54807,0
87,20,0.666,0,1.0,4.8370543,0
87,21,0.688,1,-0.05,6.106631,0
87,22,0.695,0,1.0,5.6928205,0
87,23,0.689,2,-0.05,4.280176,0
87,24,0.685,1,-0.05,4.179366,0
87,25,0.682,1,-0.05,4.420232,0
87,26,0.694,1,-0.05,4.0660906,0
87,27,0.674,1,-0.05,4.5713577,0
87,28,0.675,0,1.0,5.4236755,0
87,29,0.616,0,1.0,5.8526793,0
87,30,0.579,1,-0.05,5.842849,0
87,31,0.572,1,-0.05,4.2065196,0
87,32,0.553,0,1.0,5.0854673,0
87,33,0.514,1,-0.05,2.335919,0
87,34,0.494,0,1.0,2.4025295,0
87,35,0.434,1,-0.05,3.2052488,0
87,36,0.419,1,-0.05,1.3377848,0
87,37,0.405,1,-0.05,0.46971416,0
87,38,0.395,1,-0.05,-2.9203234,0
87,39,0.395,2,-0.05,-3.3738375,0
87,40,0.374,1,-0.05,-2.5683298,0
87,41,0.306,0,1.0,-4.685006,0
87,42,0.280,1,-0.05,-3.5806684,0
87,43,0.242,1,-0.05,-5.3468056,0
87,44,0.176,0,-100.0,-12.527515,0
88,0,0.660,0,1.0,4.863348,0
88,1,0.656,2,-0.05,6.0641375,0
88,2,0.660,1,-0.05,5.224069,0
88,3,0.679,2,-0.05,4.362878,0
88,4,0.669,2,-0.05,5.3178205,0
88,5,0.670,0,1.0,4.1217127,0
88,6,0.664,0,1.0,5.451716,0
88,7,0.690,0,1.0,5.0835514,0
88,8,0.690,2,-0.05,4.863621,0
88,9,0.671,0,1.0,3.7259119,0
88,10,0.664,0,1.0,5.6647606,0
88,11,0.635,0,1.0,4.866133,0
88,12,0.603,0,1.0,6.033378,0
88,13,0.591,1,-0.05,5.584651,0
88,14,0.572,0,1.0,6.575223,0
88,15,0.546,0,1.0,6.743976,0
88,16,0.529,0,1.0,6.0875697,0
88,17,0.505,2,-0.05,4.6588054,0
88,18,0.512,1,-0.05,4.4450836,0
88,19,0.516,1,-0.05,4.3069096,0
88,20,0.503,1,-0.05,2.6971047,0
88,21,0.514,0,1.0,2.5081308,0
88,22,0.516,1,-0.05,3.1599174,0
88,23,0.525,0,1.0,2.400957,0
88,24,0.536,2,-0.05,3.5072036,0
88,25,0.540,2,-0.05,1.9231733,0
88,26,0.558,0,1.0,2.2371354,0
88,27,0.571,0,1.0,2.9355288,0
88,28,0.566,2,-0.05,3.2567992,0
88,29,0.562,1,-0.05,4.650852,0
88,30,0.578,0,1.0,4.4026756,0
88,31,0.590,2,-0.05,2.6564302,0
88,32,0.572,1,-0.05,1.6274424,0
88,33,0.572,1,-0.05,2.653321,0
88,34,0.595,0,1.0,2.8184314,0
88,35,0.633,1,-0.05,3.6117265,0
88,36,0.627,0,1.0,3.939346,0
88,37,0.690,0,1.0,3.159847,0
88,38,0.702,2,-0.05,3.999305,0
88,39,0.673,0,1.0,4.4480333,0
88,40,0.641,1,-0.05,4.805606,0
88,41,0.616,0,1.0,3.6982713,0
88,42,0.592,2,-0.05,2.5520434,0
88,43,0.577,1,-0.05,1.834504,0
88,44,0.569,1,-0.05,3.4854755,0
88,45,0.581,1,-0.05,3.925698,0
88,46,0.554,2,-0.05,4.131255,0
88,47,0.532,0,1.0,3.6025033,0
88,48,0.460,0,1.0,4.7568326,0
88,49,0.434,1,-0.05,4.2008963,0
88,50,0.413,0,1.0,3.4630375,0
88,51,0.365,0,1.0,3.4323506,0
88,52,0.307,1,-0.05,3.7714512,0
88,53,0.312,2,-0.05,2.5281358,0
88,54,0.284,1,-0.05,2.0921035,0
88,55,0.272,0,1.0,-0.24392986,0
88,56,0.223,1,-0.05,-9.707574,0
88,57,0.210,2,-0.05,-14.066291,0
88,58,0.195,1,-100.0,-17.041893,0
89,0,0.651,2,-0.05,4.6546,0
89,1,0.666,0,1.0,6.7246957,0
89,2,0.687,0,1.0,5.78447,0
89,3,0.698,0,1.0,6.158056,0
89,4,0.698,0,1.0,5.42339,0
89,5,0.685,1,-0.05,4.1455503,0
89,6,0.697,1,-0.05,3.9257123,0
89,7,0.674,1,-0.05,2.654796,0
89,8,0.699,2,-0.05,1.5558697,0
89,9,0.689,1,-0.05,1.7071579,0
89,10,0.680,0,1.0,1.8158516,0
89,11,0.711,2,-0.05,2.9553683,0
89,12,0.697,0,1.0,5.1062913,0
89,13,0.683,0,1.0,4.5458727,0
89,14,0.680,1,-0.05,4.7187576,0
89,15,0.685,0,1.0,4.9214664,0
89,16,0.664,0,1.0,2.5955496,0
89,17,0.656,0,1.0,2.8771102,0
89,18,0.622,2,-0.05,4.09044,0
89,19,0.630,0,1.0,4.4109893,0
89,20,0.607,0,1.0,3.0335715,0
89,21,0.607,0,1.0,4.7129507,0
89,22,0.593,1,-0.05,5.283772,0
89,23,0.596,1,-0.05,4.566145,0
89,24,0.587,0,1.0,3.1868174,0
89,25,0.554,0,1.0,4.3538294,0
89,26,0.527,0,1.0,5.6308823,0
89,27,0.501,2,-0.05,5.4617033,0
89,28,0.512,0,1.0,6.538958,0
89,29,0.470,0,1.0,4.5014086,0
89,30,0.451,0,1.0,4.41278,0
89,31,0.443,0,1.0,5.483054,0
89,32,0.425,1,-0.05,4.0449305,0
89,33,0.400,0,1.0,3.2251952,0
89,34,0.393,0,1.0,3.1042285,0
89,35,0.366,2,-0.05,4.0466385,0
89,36,0.363,1,-0.05,2.6036506,0
89,37,0.350,0,1.0,2.5985603,0
89,38,0.325,2,-0.05,-0.0489558,0
89,39,0.323,2,-0.05,-5.9283323,0
89,40,0.297,2,-0.05,-1.5705763,0
89,41,0.296,1,-0.05,0.69085175,0
89,42,0.299,1,-0.05,-1.3264482,0
89,43,0.274,0,1.0,-5.6034613,0
89,44,0.254,2,-0.05,-12.249947,0
89,45,0.220,0,1.0,-6.340925,0
89,46,0.204,1,-0.05,-13.355371,0
89,47,0.204,1,-0.05,-17.385977,0
89,48,0.197,1,-100.0,-14.647402,0
90,0,0.663,0,1.0,4.9728456,0
90,1,0.654,0,1.0,6.279102,0
90,2,0.655,1,-0.05,6.057546,0
90,3,0.656,0,1.0,4.2093763,0
90,4,0.657,2,-0.05,4.768759,0
90,5,0.643,1,-0.05,3.5226176,0
90,6,0.646,0,1.0,3.0040777,0
90,7,0.624,0,1.0,2.534582,0
90,8,0.603,2,-0.05,3.840677,0
90,9,0.594,1,-0.05,4.5591373,0
90,10,0.579,0,1.0,4.339779,0
90,11,0.554,0,1.0,4.6111374,0
90,12,0.511,0,1.0,4.9646482,0
90,13,0.489,0,1.0,4.440435,0
90,14,0.427,0,1.0,5.0354114,0
90,15,0.408,0,1.0,5.167225,0
90,16,0.362,0,1.0,6.0451336,0
90,17,0.320,0,1.0,5.726614,0
90,18,0.302,2,-0.05,3.009253,0
90,19,0.292,1,-0.05,1.968015,0
90,20,0.279,1,-0.05,-0.8208239,0
90,21,0.264,0,1.0,-3.1349032,0
90,22,0.236,1,-0.05,1.024198,0
90,23,0.222,1,-0.05,-1.8258572,0
90,24,0.166,0,-100.0,-1.5248966,0
91,0,0.662,0,1.0,3.3279905,0
91,1,0.656,0,1.0,3.072652,0
91,2,0.662,0,1.0,4.2372255,0
91,3,0.676,0,1.0,5.097826,0
91,4,0.678,1,-0.05,4.669779,0
91,5,0.652,0,1.0,4.8159256,0
91,6,0.661,2,-0.05,2.9347503,0
91,7,0.651,0,1.0,3.139433,0
91,8,0.659,1,-0.05,5.405118,0
91,9,0.646,1,-0.05,5.49651,0
91,10,0.633,0,1.0,4.504924,0
91,11,0.625,1,-0.05,4.4375467,0
91,12,0.628,0,1.0,4.5844316,0
91,13,0.600,0,1.0,4.733704,0
91,14,0.578,2,-0.05,4.308231,0
91,15,0.582,2,-0.05,4.694002,0
91,16,0.570,0,1.0,5.3384056,0
91,17,0.556,2,-0.05,5.0136557,0
91,18,0.559,0,1.0,4.783148,0
91,19,0.551,2,-0.05,7.725619,0
91,20,0.546,2,-0.05,6.3622537,0
91,21,0.547,1,-0.05,6.97524,0
91,22,0.545,2,-0.05,6.6071615,0
91,23,0.545,1,-0.05,5.7232375,0
91,24,0.554,0,1.0,5.970582,0
91,25,0.548,0,1.0,3.8190632,0
91,26,0.550,0,1.0,4.979651,0
91,27,0.557,0,1.0,4.810409,0
91,28,0.539,2,-0.05,4.3658047,0
91,29,0.536,2,-0.05,4.087126,0
91,30,0.524,2,-0.05,5.066732,0
91,31,0.530,1,-0.05,4.1444616,0
91,32,0.531,1,-0.05,3.7917726,0
91,33,0.532,0,1.0,3.2388225,0
91,34,0.540,0,1.0,4.08115,0
91,35,0.526,2,-0.05,3.8003418,0
91,36,0.526,1,-0.05,5.368225,0
91,37,0.518,0,1.0,5.147551,0
91,38,0.481,0,1.0,5.6927986,0
91,39,0.463,0,1.0,5.2260475,0
91,40,0.464,1,-0.05,3.7602315,0
91,41,0.436,0,1.0,4.3051033,0
91,42,0.391,0,1.0,4.979932,0
91,43,0.399,1,-0.05,4.090783,0
91,44,0.372,1,-0.05,4.2248144,0
91,45,0.378,0,1.0,0.38607678,0
91,46,0.307,1,-0.05,-0.41798806,0
91,47,0.322,1,-0.05,-4.708827,0
91,48,0.318,1,-0.05,2.5985315,0
91,49,0.312,1,-0.05,1.8176246,0
91,50,0.286,2,-0.05,-5.8523617,0
91,51,0.278,2,-0.05,-2.7354307,0
91,52,0.271,1,-0.05,1.7229953,0
91,53,0.254,2,-0.05,-1.9174881,0
91,54,0.255,1,-0.05,-3.7436953,0
91,55,0.252,1,-0.05,-2.2639894,0
91,56,0.223,1,-0.05,-7.4070225,0
91,57,0.206,2,-0.05,-17.86903,0
91,58,0.200,1,-100.0,-22.544231,0
92,0,0.671,0,1.0,4.2938404,0
92,1,0.654,0,1.0,4.6189594,0
92,2,0.656,2,-0.05,4.4086137,0
92,3,0.672,0,1.0,3.584896,0
92,4,0.668,2,-0.05,3.8637102,0
92,5,0.663,1,-0.05,4.270047,0
92,6,0.660,2,-0.05,4.587679,0
92,7,0.668,0,1.0,5.6523395,0
92,8,0.678,1,-0.05,4.694072,0
92,9,0.689,1,-0.05,4.5732026,0
92,10,0.675,2,-0.05,4.9096727,0
92,11,0.678,2,-0.05,4.2145596,0
92,12,0.694,0,1.0,4.7902803,0
92,13,0.686,0,1.0,5.6681395,0
92,14,0.667,0,1.0,4.413167,0
92,15,0.641,2,-0.05,5.804946,0
92,16,0.626,0,1.0,6.4882903,0
92,17,0.598,1,-0.05,6.015059,0
92,18,0.567,1,-0.05,6.098145,0
92,19,0.578,1,-0.05,5.5227485,0
92,20,0.577,0,1.0,4.1940913,0
92,21,0.561,2,-0.05,5.00453,0
92,22,0.558,2,-0.05,4.133091,0
92,23,0.544,2,-0.05,5.038165,0
92,24,0.542,0,1.0,4.6941633,0
92,25,0.526,0,1.0,5.153316,0
92,26,0.493,2,-0.05,5.1276984,0
92,27,0.455,0,1.0,5.6479993,0
92,28,0.443,1,-0.05,4.085253,0
92,29,0.425,2,-0.05,3.4138565,0
92,30,0.412,1,-0.05,4.7299337,0
92,31,0.398,2,-0.05,4.515045,0
92,32,0.399,2,-0.05,5.547117,0
92,33,0.389,1,-0.05,3.3904707,0
92,34,0.376,1,-0.05,4.7683597,0
92,35,0.373,2,-0.05,3.5527937,0
92,36,0.373,2,-0.05,3.592503,0
92,37,0.368,1,-0.05,3.4343007,0
92,38,0.329,0,1.0,2.1677165,0
92,39,0.314,1,-0.05,0.14953756,0
92,40,0.306,1,-0.05,-1.0818188,0
92,41,0.288,2,-0.05,-0.45072842,0
92,42,0.285,2,-0.05,-0.3120427,0
92,43,0.276,1,-0.05,-0.050940275,0
92,44,0.255,0,1.0,-5.0546174,0
92,45,0.230,2,-0.05,-5.790556,0
92,46,0.229,1,-0.05,-15.042917,0
92,47,0.204,0,1.0,-17.262878,0
92,48,0.183,2,-100.0,-1.0973237,0
93,0,0.663,0,1.0,5.647874,0
93,1,0.674,0,1.0,6.557169,0
93,2,0.670,0,1.0,6.243902,0
93,3,0.662,0,1.0,5.4762716,0
93,4,0.682,2,-0.05,6.1612763,0
93,5,0.674,0,1.0,5.9502025,0
93,6,0.684,1,-0.05,7.4446726,0
93,7,0.680,0,1.0,5.9538074,0
93,8,0.691,2,-0.05,5.9562583,0
93,9,0.685,0,1.0,7.073457,0
93,10,0.702,0,1.0,6.9311433,0
93,11,0.700,0,1.0,7.6810827,0
93,12,0.700,2,-0.05,7.589285,0
93,13,0.694,2,-0.05,6.61289,0
93,14,0.694,0,1.0,6.8169513,0
93,15,0.668,1,-0.05,5.652644,0
93,16,0.655,1,-0.05,4.5518293,0
93,17,0.644,0,1.0,6.2427235,0
93,18,0.647,0,1.0,7.554843,0
93,19,0.632,0,1.0,7.166392,0
93,20,0.623,0,1.0,4.51413,0
93,21,0.612,2,-0.05,5.495345,0
93,22,0.604,0,1.0,7.602944,0
93,23,0.578,0,1.0,7.048358,0
93,24,0.567,2,-0.05,6.636333,0
93,25,0.551,0,1.0,4.5097675,0
93,26,0.519,0,1.0,4.7347913,0
93,27,0.488,0,1.0,5.0725875,0
93,28,0.462,1,-0.05,5.1465406,0
93,29,0.471,2,-0.05,4.026106,0
93,30,0.439,0,1.0,3.5638816,0
93,31,0.409,0,1.0,3.3189027,0
93,32,0.370,0,1.0,2.779284,0
93,33,0.310,0,1.0,0.530988,0
93,34,0.291,2,-0.05,0.24749613,0
93,35,0.291,2,-0.05,-0.7443757,0
93,36,0.281,1,-0.05,-8.723737,0
93,37,0.261,1,-0.05,-20.31818,0
93,38,0.266,2,-0.05,-12.343638,0
93,39,0.254,2,-0.05,-6.4194174,0
93,40,0.253,2,-0.05,-24.948734,0
93,41,0.245,1,-0.05,-28.467033,0
93,42,0.213,1,-0.05,-30.859928,0
93,43,0.227,2,-0.05,-32.10523,0
93,44,0.197,0,-100.0,-35.512844,0
94,0,0.658,2,-0.05,6.2286887,0
94,1,0.669,2,-0.05,7.9127164,0
94,2,0.676,0,1.0,7.576141,0
94,3,0.686,2,-0.05,6.46476,0
94,4,0.698,2,-0.05,6.5544057,0
94,5,0.696,0,1.0,6.1137877,0
94,6,0.655,0,1.0,6.2772527,0
94,7,0.613,0,1.0,6.5196857,0
94,8,0.595,2,-0.05,6.3481593,0
94,9,0.571,0,1.0,7.3929315,0
94,10,0.511,0,1.0,5.789712,0
94,11,0.467,2,-0.05,6.177836,0
94,12,0.451,0,1.0,5.533037,0
94,13,0.363,0,1.0,5.4116015,0
94,14,0.299,0,1.0,3.9827492,0
94,15,0.278,0,1.0,3.4661922,0
94,16,0.215,2,-0.05,-0.8041682,0
94,17,0.201,1,-0.05,-27.439281,0
94,18,0.192,1,-100.0,-29.678738,0
95,0,0.672,2,-0.05,3.905435,0
95,1,0.656,0,1.0,4.9024305,0
95,2,0.683,0,1.0,7.3890967,0
95,3,0.685,0,1.0,7.6803718,0
95,4,0.703,2,-0.05,6.814335,0
95,5,0.695,2,-0.05,5.5102615,0
95,6,0.690,0,1.0,6.6553483,0
95,7,0.676,2,-0.05,6.7872386,0
95,8,0.674,2,-0.05,6.7328796,0
95,9,0.636,0,1.0,5.615147,0
95,10,0.613,0,1.0,6.1606407,0
95,11,0.581,2,-0.05,6.0243835,0
95,12,0.566,1,-0.05,5.444167,0
95,13,0.548,1,-0.05,5.330241,0
95,14,0.539,2,-0.05,5.7532454,0
95,15,0.543,0,1.0,4.7306895,0
95,16,0.495,2,-0.05,5.6846576,0
95,17,0.477,0,1.0,6.4513874,0
95,18,0.415,0,1.0,5.4766273,0
95,19,0.367,2,-0.05,3.017984,0
95,20,0.349,2,-0.05,2.7845306,0
95,21,0.340,1,-0.05,3.3441298,0
95,22,0.336,2,-0.05,3.8700342,0
95,23,0.303,0,1.0,3.7961674,0
95,24,0.282,1,-0.05,-1.7984676,0
95,25,0.248,1,-0.05,-4.9029245,0
95,26,0.229,1,-0.05,-14.45247,0
95,27,0.228,1,-0.05,-32.628967,0
95,28,0.215,1,-0.05,-36.689667,0
95,29,0.205,2,-0.05,-27.15778,0
95,30,0.188,0,-100.0,-29.243208,0
96,0,0.659,2,-0.05,6.155852,0
96,1,0.659,0,1.0,6.4633136,0
96,2,0.678,1,-0.05,6.0929837,0
96,3,0.671,1,-0.05,6.532747,0
96,4,0.677,2,-0.05,4.5463448,0
96,5,0.671,0,1.0,5.305101,0
96,6,0.707,0,1.0,5.0170016,0
96,7,0.693,2,-0.05,4.892735,0
96,8,0.690,2,-0.05,4.403866,0
96,9,0.661,0,1.0,6.310217,0
96,10,0.650,0,1.0,6.5655556,0
96,11,0.608,1,-0.05,5.3553433,0
96,12,0.608,0,1.0,5.063183,0
96,13,0.556,0,1.0,6.456745,0
96,14,0.547,0,1.0,4.828779,0
96,15,0.504,0,1.0,6.262235,0
96,16,0.480,0,1.0,6.7111354,0
96,17,0.458,0,1.0,6.4466033,0
96,18,0.429,0,1.0,4.971015,0
96,19,0.398,0,1.0,5.18061,0
96,20,0.352,0,1.0,4.508214,0
96,21,0.341,2,-0.05,3.2948248,0
96,22,0.336,2,-0.05,3.0208282,0
96,23,0.344,2,-0.05,3.0638466,0
96,24,0.326,2,-0.05,1.5384455,0
96,25,0.307,2,-0.05,2.0415182,0
96,26,0.300,1,-0.05,2.0356057,0
96,27,0.298,1,-0.05,-1.4063015,0
96,28,0.293,1,-0.05,-0.23270369,0
96,29,0.279,1,-0.05,-2.872192,0
96,30,0.277,1,-0.05,-5.3868866,0
96,31,0.249,2,-0.05,-0.7665925,0
96,32,0.260,1,-0.05,1.8772501,0
96,33,0.248,1,-0.05,1.428428,0
96,34,0.256,2,-0.05,3.4170747,0
96,35,0.259,2,-0.05,1.7565409,0
96,36,0.253,2,-0.05,-1.3762879,0
96,37,0.215,0,1.0,-13.203056,0
96,38,0.186,2,-100.0,-31.007313,0
97,0,0.659,2,-0.05,5.852228,0
97,1,0.660,0,1.0,5.9286113,0
97,2,0.695,0,1.0,5.6022916,0
97,3,0.694,2,-0.05,4.154489,0
97,4,0.707,0,1.0,5.6043906,0
97,5,0.691,1,-0.05,5.6714463,0
97,6,0.688,0,1.0,6.818802,0
97,7,0.645,0,1.0,5.9182906,0
97,8,0.644,2,-0.05,5.3260374,0
97,9,0.640,2,-0.05,6.3982406,0
97,10,0.628,0,1.0,6.318695,0
97,11,0.573,0,1.0,5.704834,0
97,12,0.544,2,-0.05,5.3429484,0
97,13,0.543,2,-0.05,6.213289,0
97,14,0.545,1,-0.05,6.1533823,0
97,15,0.529,2,-0.05,5.9686713,0
97,16,0.527,2,-0.05,6.307542,0
97,17,0.505,0,1.0,7.061866,0
97,18,0.432,0,1.0,4.399862,0
97,19,0.385,0,1.0,3.3336687,0
97,20,0.322,1,-0.05,3.3001292,0
97,21,0.305,1,-0.05,3.4293134,0
97,22,0.295,2,-0.05,1.514592,0
97,23,0.251,0,1.0,1.998808,0
97,24,0.229,2,-0.05,-2.382001,0
97,25,0.217,2,-0.05,-19.648773,0
97,26,0.168,0,-100.0,-23.009716,0
98,0,0.672,0,1.0,5.1503153,0
98,1,0.656,2,-0.05,4.6120777,0
98,2,0.666,1,-0.05,5.9003835,0
98,3,0.658,1,-0.05,4.9963694,0
98,4,0.681,1,-0.05,3.8292108,0
98,5,0.660,1,-0.05,4.543001,0
98,6,0.667,1,-0.05,4.5644436,0
98,7,0.642,0,1.0,3.9503145,0
98,8,0.607,2,-0.05,5.075572,0
98,9,0.591,0,1.0,5.563468,0
98,10,0.543,0,1.0,6.180173,0
98,11,0.500,0,1.0,5.650894,0
98,12,0.479,0,1.0,4.4714985,0
98,13,0.423,0,1.0,4.670974,0
98,14,0.408,2,-0.05,4.5713243,0
98,15,0.396,2,-0.05,4.905776,0
98,16,0.381,2,-0.05,4.396417,0
98,17,0.382,0,1.0,4.107973,0
98,18,0.368,2,-0.05,3.749263,0
98,19,0.371,0,1.0,5.927427,0
98,20,0.374,0,1.0,7.025784,0
98,21,0.365,2,-0.05,7.750524,0
98,22,0.349,0,1.0,7.9473906,0
98,23,0.376,0,1.0,7.1476336,0
98,24,0.379,0,1.0,6.6605453,0
98,25,0.382,2,-0.05,6.643379,0
98,26,0.382,1,-0.05,7.5899334,0
98,27,0.381,1,-0.05,7.2266564,0
98,28,0.383,0,1.0,6.4342604,0
98,29,0.377,1,-0.05,3.5683806,0
98,30,0.365,0,1.0,3.4279063,0
98,31,0.336,0,1.0,3.8262994,0
98,32,0.328,1,-0.05,2.5722413,0
98,33,0.307,2,-0.05,1.766473,0
98,34,0.313,2,-0.05,2.5382028,0
98,35,0.301,0,1.0,1.61324,0
98,36,0.298,0,1.0,6.0918536,0
98,37,0.292,1,-0.05,4.699446,0
98,38,0.293,0,1.0,6.553703,0
98,39,0.278,0,1.0,5.6094675,0
98,40,0.282,2,-0.05,5.2574368,0
98,41,0.282,0,1.0,4.467475,0
98,42,0.265,0,1.0,7.382392,0
98,43,0.259,2,-0.05,5.523541,0
98,44,0.246,2,-0.05,4.9428535,0
98,45,0.250,1,-0.05,5.6809063,0
98,46,0.274,1,-0.05,4.848578,0
98,47,0.261,2,-0.05,5.3848476,0
98,48,0.258,0,1.0,5.3024635,0
98,49,0.258,1,-0.05,2.999411,0
98,50,0.273,1,-0.05,2.933356,0
98,51,0.269,0,1.0,4.2749896,0
98,52,0.259,0,1.0,7.036686,0
98,53,0.226,0,1.0,6.302391,0
98,54,0.233,0,1.0,6.543422,0
98,55,0.225,1,-0.05,4.31975,0
98,56,0.214,2,-0.05,0.4522704,0
98,57,0.204,0,1.0,3.606774,0
98,58,0.210,2,-0.05,3.0844314,0
98,59,0.227,0,1.0,1.9464827,0
98,60,0.225,1,-0.05,3.0029004,0
98,61,0.214,1,-0.05,2.2638617,0
98,62,0.228,0,1.0,4.37096,0
98,63,0.220,0,1.0,9.563757,0
98,64,0.202,0,1.0,5.570421,0
98,65,0.209,1,-0.05,3.8761127,0
98,66,0.211,2,-0.05,5.5189257,0
98,67,0.205,1,-0.05,4.6908355,0
98,68,0.211,2,-0.05,3.1266582,0
98,69,0.193,2,-100.0,2.7050035,0
99,0,0.663,0,1.0,4.691133,0
99,1,0.658,0,1.0,5.986225,0
99,2,0.665,2,-0.05,6.1652384,0
99,3,0.683,1,-0.05,7.0374537,0
99,4,0.676,1,-0.05,6.584869,0
99,5,0.650,0,1.0,3.7982934,0
99,6,0.638,0,1.0,5.2350855,0
99,7,0.645,2,-0.05,4.2353296,0
99,8,0.632,0,1.0,3.7081933,0
99,9,0.622,2,-0.05,3.5514538,0
99,10,0.606,0,1.0,4.479663,0
99,11,0.598,0,1.0,6.1613503,0
99,12,0.604,1,-0.05,5.2026477,0
99,13,0.599,0,1.0,4.0153704,0
99,14,0.594,0,1.0,2.7859535,0
99,15,0.578,2,-0.05,2.0495517,0
99,16,0.587,1,-0.05,1.3959572,0
99,17,0.576,0,1.0,3.1881814,0
99,18,0.557,1,-0.05,3.118199,0
99,19,0.562,0,1.0,4.6138573,0
99,20,0.518,1,-0.05,5.222545,0
99,21,0.512,0,1.0,4.6222563,0
99,22,0.487,2,-0.05,3.6425104,0
99,23,0.451,0,1.0,3.9603202,0
99,24,0.423,1,-0.05,4.344358,0
99,25,0.415,1,-0.05,5.39655,0
99,26,0.423,0,1.0,5.2618914,0
99,27,0.379,2,-0.05,3.204796,0
99,28,0.339,0,1.0,3.9733129,0
99,29,0.320,2,-0.05,2.3260255,0
99,30,0.309,1,-0.05,1.8508649,0
99,31,0.294,2,-0.05,-0.38154864,0
99,32,0.282,0,1.0,-0.7565696,0
99,33,0.244,0,1.0,0.5428176,0
99,34,0.230,2,-0.05,-10.493876,0
99,35,0.215,2,-0.05,-16.260841,0
99,36,0.219,2,-0.05,-9.496041,0
99,37,0.195,0,-100.0,-0.901433,0
100,0,0.660,1,-0.05,5.8389125,0
100,1,0.660,2,-0.05,3.4560184,0
100,2,0.660,2,-0.05,4.2155695,0
100,3,0.661,2,-0.05,5.979705,0
100,4,0.670,1,-0.05,6.037406,0
100,5,0.671,2,-0.05,5.2528906,0
100,6,0.667,2,-0.05,6.315273,0
100,7,0.680,0,1.0,5.131162,0
100,8,0.679,0,1.0,5.0769258,0
100,9,0.682,0,1.0,7.3612084,0
100,10,0.628,0,1.0,7.915599,0
100,11,0.591,0,1.0,6.5043,0
100,12,0.584,1,-0.05,5.7927637,0
100,13,0.567,0,1.0,6.550688,0
100,14,0.529,0,1.0,6.4224687,0
100,15,0.501,0,1.0,6.4724135,0
100,16,0.471,0,1.0,5.554076,0
100,17,0.443,0,1.0,6.349851,0
100,18,0.428,0,1.0,6.544132,0
100,19,0.393,0,1.0,5.6837215,0
100,20,0.370,1,-0.05,2.2943816,0
100,21,0.364,0,1.0,2.8049695,0
100,22,0.335,2,-0.05,3.0322063,0
100,23,0.331,1,-0.05,1.9911827,0
100,24,0.336,2,-0.05,2.8481777,0
100,25,0.339,2,-0.05,2.9134297,0
100,26,0.335,2,-0.05,3.5442028,0
100,27,0.317,0,1.0,2.524997,0
100,28,0.263,0,1.0,-0.31485283,0
100,29,0.249,2,-0.05,-4.6917934,0
100,30,0.237,1,-0.05,-9.400839,0
100,31,0.225,2,-0.05,-19.41574,0
100,32,0.235,2,-0.05,-21.44771,0
100,33,0.215,2,-0.05,-32.84541,0
100,34,0.206,1,-0.05,-50.159264,0
100,35,0.197,1,-100.0,-53.433002,0
101,0,0.672,2,-0.05,6.099008,0
101,1,0.669,2,-0.05,5.9775023,0
101,2,0.662,1,-0.05,6.541173,0
101,3,0.682,1,-0.05,6.621799,0
101,4,0.679,1,-0.05,6.2582955,0
101,5,0.656,0,1.0,2.6185064,0
101,6,0.648,0,1.0,4.65536,0
101,7,0.625,0,1.0,4.182679,0
101,8,0.600,0,1.0,3.398876,0
101,9,0.588,1,-0.05,3.2835608,0
101,10,0.581,1,-0.05,4.3632336,0
101,11,0.605,1,-0.05,3.735608,0
101,12,0.560,0,1.0,4.0558352,0
101,13,0.516,0,1.0,3.280217,0
101,14,0.492,2,-0.05,3.998658,0
101,15,0.489,0,1.0,3.7753055,0
101,16,0.431,0,1.0,4.4493504,0
101,17,0.392,0,1.0,5.7312994,0
101,18,0.362,1,-0.05,4.5048885,0
101,19,0.359,1,-0.05,4.7868977,0
101,20,0.345,2,-0.05,3.3857265,0
101,21,0.330,2,-0.05,3.212947,0
101,22,0.335,2,-0.05,4.5363035,0
101,23,0.322,2,-0.05,2.901643,0
101,24,0.311,0,1.0,2.5782764,0
101,25,0.311,1,-0.05,4.99809,0
101,26,0.308,1,-0.05,5.4453077,0
101,27,0.305,0,1.0,4.1391125,0
101,28,0.289,1,-0.05,3.7057016,0
101,29,0.286,2,-0.05,-0.15244985,0
101,30,0.271,0,1.0,4.217403,0
101,31,0.257,0,1.0,5.6618953,0
101,32,0.256,1,-0.05,5.4054294,0
101,33,0.253,2,-0.05,6.298827,0
101,34,0.236,1,-0.05,5.603648,0
101,35,0.236,0,1.0,5.854295,0
101,36,0.219,1,-0.05,0.20306969,0
101,37,0.217,0,1.0,-3.4621794,0
101,38,0.189,2,-100.0,-13.490839,0
102,0,0.659,2,-0.05,5.0530586,0
102,1,0.657,2,-0.05,6.032446,0
102,2,0.664,2,-0.05,5.8695135,0
102,3,0.670,1,-0.05,5.2108226,0
102,4,0.679,0,1.0,5.717486,0
102,5,0.688,0,1.0,5.967569,0
102,6,0.702,0,1.0,6.6015067,0
102,7,0.703,1,-0.05,6.6331396,0
102,8,0.697,0,1.0,6.6187224,0
102,9,0.693,0,1.0,4.9856944,0
102,10,0.698,2,-0.05,4.586782,0
102,11,0.710,2,-0.05,3.8966413,0
102,12,0.704,2,-0.05,3.734911,0
102,13,0.699,2,-0.05,3.9901476,0
102,14,0.672,0,1.0,5.8866096,0
102,15,0.669,1,-0.05,7.781011,0
102,16,0.638,0,1.0,8.276772,0
102,17,0.608,0,1.0,5.464525,0
102,18,0.598,2,-0.05,4.3501954,0
102,19,0.567,0,1.0,2.8352184,0
102,20,0.533,0,1.0,3.6460247,0
102,21,0.521,1,-0.05,3.6056557,0
102,22,0.493,0,1.0,4.6435957,0
102,23,0.481,0,1.0,5.3494034,0
102,24,0.439,0,1.0,5.685281,0
102,25,0.431,0,1.0,5.538863,0
102,26,0.389,0,1.0,2.9181747,0
102,27,0.368,1,-0.05,3.0150383,0
102,28,0.354,1,-0.05,3.010303,0
102,29,0.345,1,-0.05,3.8696604,0
102,30,0.350,0,1.0,4.3878307,0
102,31,0.347,1,-0.05,3.1534643,0
102,32,0.350,1,-0.05,4.0309505,0
102,33,0.349,0,1.0,3.9307213,0
102,34,0.365,1,-0.05,4.1068583,0
102,35,0.363,2,-0.05,2.8175282,0
102,36,0.378,2,-0.05,3.2920067,0
102,37,0.376,1,-0.05,3.795004,0
102,38,0.376,0,1.0,3.2450647,0
102,39,0.387,2,-0.05,2.3169298,0
102,40,0.392,2,-0.05,2.5452545,0
102,41,0.397,0,1.0,1.9667392,0
102,42,0.397,2,-0.05,2.5858262,0
102,43,0.396,2,-0.05,3.6430607,0
102,44,0.391,0,1.0,3.9154153,0
102,45,0.381,2,-0.05,5.0886707,0
102,46,0.380,0,1.0,5.823276,0
102,47,0.363,2,-0.05,2.9578443,0
102,48,0.348,2,-0.05,1.9783494,0
102,49,0.342,2,-0.05,2.0195975,0
102,50,0.318,0,1.0,0.44685507,0
102,51,0.295,2,-0.05,2.3746004,0
102,52,0.270,0,1.0,2.42205,0
102,53,0.233,1,-0.05,-11.100297,0
102,54,0.215,1,-0.05,-25.937296,0
102,55,0.206,2,-0.05,-30.669949,0
102,56,0.179,0,-100.0,-46.36484,0
103,0,0.672,1,-0.05,6.0429363,0
103,1,0.667,0,1.0,4.855745,0
103,2,0.658,0,1.0,4.44182,0
103,3,0.635,1,-0.05,4.1776924,0
103,4,0.643,2,-0.05,4.3119707,0
103,5,0.633,0,1.0,5.045908,0
103,6,0.637,0,1.0,6.1320133,0
103,7,0.636,1,-0.05,5.3005834,0
103,8,0.630,0,1.0,5.2735267,0
103,9,0.605,0,1.0,4.3137875,0
103,10,0.599,0,1.0,3.8502889,0
103,11,0.604,2,-0.05,5.2252245,0
103,12,0.601,0,1.0,4.3713675,0
103,13,0.583,2,-0.05,3.3386433,0
103,14,0.582,1,-0.05,2.7224228,0
103,15,0.592,0,1.0,3.2903469,0
103,16,0.565,0,1.0,3.8709066,0
103,17,0.557,1,-0.05,3.5026474,0
103,18,0.570,1,-0.05,2.858074,0
103,19,0.561,0,1.0,3.1558526,0
103,20,0.517,0,1.0,4.534006,0
103,21,0.499,2,-0.05,3.7609298,0
103,22,0.500,1,-0.05,3.8335326,0
103,23,0.483,0,1.0,3.3006182,0
103,24,0.452,2,-0.05,2.513553,0
103,25,0.415,0,1.0,2.3724833,0
103,26,0.409,1,-0.05,3.2047825,0
103,27,0.392,2,-0.05,3.5018945,0
103,28,0.389,0,1.0,4.7279215,0
103,29,0.354,0,1.0,5.0281763,0
103,30,0.340,2,-0.05,4.799715,0
103,31,0.326,0,1.0,4.512663,0
103,32,0.310,2,-0.05,4.8171625,0
103,33,0.306,0,1.0,4.6174927,0
103,34,0.310,2,-0.05,6.7651606,0
103,35,0.305,0,1.0,6.936775,0
103,36,0.295,0,1.0,6.7563353,0
103,37,0.308,1,-0.05,4.6949005,0
103,38,0.304,0,1.0,5.070305,0
103,39,0.304,0,1.0,7.2938356,0
103,40,0.290,0,1.0,6.6921988,0
103,41,0.289,0,1.0,6.2338595,0
103,42,0.270,0,1.0,6.7493505,0
103,43,0.271,1,-0.05,5.3961167,0
103,44,0.273,2,-0.05,6.5672874,0
103,45,0.282,0,1.0,5.507964,0
103,46,0.284,0,1.0,4.929152,0
103,47,0.294,0,1.0,3.8282437,0
103,48,0.296,1,-0.05,6.776398,0
103,49,0.297,2,-0.05,6.4532814,0
103,50,0.276,1,-0.05,5.7770724,0
103,51,0.292,0,1.0,6.138191,0
103,52,0.300,1,-0.05,3.2500744,0
103,53,0.307,1,-0.05,3.364033,0
103,54,0.297,2,-0.05,1.7525231,0
103,55,0.308,1,-0.05,5.7773356,0
103,56,0.291,2,-0.05,2.9499125,0
103,57,0.288,2,-0.05,6.1033087,0
103,58,0.284,1,-0.05,4.4605303,0
103,59,0.270,0,1.0,6.467122,0
103,60,0.287,0,1.0,3.8601377,0
103,61,0.283,2,-0.05,3.9898078,0
103,62,0.276,2,-0.05,4.7752104,0
103,63,0.278,2,-0.05,7.8395443,0
103,64,0.271,0,1.0,6.841475,0
103,65,0.293,0,1.0,3.7409878,0
103,66,0.299,2,-0.05,4.596535,0
103,67,0.296,0,1.0,4.7293615,0
103,68,0.332,1,-0.05,4.6038957,0
103,69,0.337,0,1.0,3.8515267,0
103,70,0.351,2,-0.05,5.4689636,0
103,71,0.355,2,-0.05,5.139513,0
103,72,0.362,1,-0.05,3.2010522,0
103,73,0.357,1,-0.05,3.0471241,0
103,74,0.367,0,1.0,5.2572665,0
103,75,0.376,2,-0.05,1.8858734,0
103,76,0.349,2,-0.05,5.35926,0
103,77,0.359,2,-0.05,3.3768976,0
103,78,0.378,0,1.0,2.0674572,0
103,79,0.392,2,-0.05,0.49395132,0
103,80,0.381,1,-0.05,-0.46466064,0
103,81,0.402,1,-0.05,-0.5190387,0
103,82,0.401,0,1.0,0.7538469,0
103,83,0.331,2,-0.05,2.5861692,0
103,84,0.328,1,-0.05,-3.798729,0
103,85,0.296,2,-0.05,-3.558443,0
103,86,0.295,2,-0.05,-4.4434633,0
103,87,0.271,2,-0.05,-8.302958,0
103,88,0.247,1,-0.05,-10.655388,0
103,89,0.239,2,-0.05,-13.296232,0
103,90,0.190,0,-100.0,-15.174908,0
104,0,0.659,2,-0.05,5.075778,0
104,1,0.683,1,-0.05,6.3832026,0
104,2,0.655,2,-0.05,6.6578646,0
104,3,0.661,0,1.0,6.317176,0
104,4,0.692,0,1.0,4.603835,0
104,5,0.688,0,1.0,5.845574,0
104,6,0.692,0,1.0,6.5271683,0
104,7,0.696,0,1.0,5.151615,0
104,8,0.694,1,-0.05,4.6262193,0
104,9,0.661,0,1.0,5.4034467,0
104,10,0.666,0,1.0,6.9120116,0
104,11,0.650,0,1.0,7.655573,0
104,12,0.664,0,1.0,6.3731146,0
104,13,0.637,0,1.0,7.3036766,0
104,14,0.650,0,1.0,6.7246146,0
104,15,0.640,2,-0.05,6.9812527,0
104,16,0.626,0,1.0,7.1608114,0
104,17,0.625,0,1.0,6.337877,0
104,18,0.613,2,-0.05,5.4111047,0
104,19,0.606,1,-0.05,6.312899,0
104,20,0.606,0,1.0,7.634725,0
104,21,0.593,0,1.0,5.481959,0
104,22,0.591,1,-0.05,4.5594387,0
104,23,0.604,0,1.0,5.2651033,0
104,24,0.593,2,-0.05,5.0862494,0
104,25,0.612,0,1.0,4.7489514,0
104,26,0.599,0,1.0,4.33442,0
104,27,0.606,0,1.0,4.956498,0
104,28,0.602,1,-0.05,6.30021,0
104,29,0.611,2,-0.05,4.696804,0
104,30,0.618,0,1.0,5.132616,0
104,31,0.600,0,1.0,7.0242715,0
104,32,0.559,0,1.0,5.8786225,0
104,33,0.575,0,1.0,6.2362685,0
104,34,0.563,0,1.0,5.5664434,0
104,35,0.550,0,1.0,6.0536413,0
104,36,0.525,0,1.0,3.9321833,0
104,37,0.521,2,-0.05,4.330076,0
104,38,0.520,0,1.0,4.7810497,0
104,39,0.493,0,1.0,4.6651545,0
104,40,0.478,2,-0.05,3.5761085,0
104,41,0.478,1,-0.05,4.0916653,0
104,42,0.472,0,1.0,4.6646976,0
104,43,0.443,0,1.0,5.244768,0
104,44,0.450,2,-0.05,4.0642395,0
104,45,0.445,0,1.0,6.1089344,0
104,46,0.422,0,1.0,5.2248287,0
104,47,0.435,1,-0.05,5.9778833,0
104,48,0.427,0,1.0,5.7103453,0
104,49,0.463,1,-0.05,3.3996065,0
104,50,0.473,0,1.0,3.3070722,0
104,51,0.525,1,-0.05,3.7031465,0
104,52,0.526,2,-0.05,3.776035,0
104,53,0.559,1,-0.05,3.6624687,0
104,54,0.560,1,-0.05,3.8736413,0
104,55,0.572,2,-0.05,3.0863047,0
104,56,0.580,1,-0.05,1.9759377,0
104,57,0.581,1,-0.05,0.42004263,0
104,58,0.602,1,-0.05,-0.01621008,0
104,59,0.626,1,-0.05,-1.2760632,0
104,60,0.634,1,-0.05,0.1164521,0
104,61,0.643,1,-0.05,3.93298,0
104,62,0.664,0,1.0,4.4297137,0
104,63,0.798,0,1.0,5.3842263,0
104,64,0.759,0,1.0,6.658393,0
104,65,0.666,0,1.0,7.143689,0
104,66,0.623,2,-0.05,9.38694,0
104,67,0.577,0,1.0,10.366549,0
104,68,0.491,0,1.0,9.869106,0
104,69,0.446,1,-0.05,8.413287,0
104,70,0.399,0,1.0,8.211893,0
104,71,0.345,0,1.0,1.3044367,0
104,72,0.277,2,-0.05,-6.9933224,0
104,73,0.263,2,-0.05,-17.477652,0
104,74,0.248,1,-0.05,-7.5810575,0
104,75,0.231,2,-0.05,-7.321841,0
104,76,0.213,1,-0.05,-10.173336,0
104,77,0.205,2,-0.05,-24.564728,0
104,78,0.195,2,-100.0,-18.952723,0
105,0,0.659,2,-0.05,6.4317346,0
105,1,0.657,2,-0.05,7.7429547,0
105,2,0.673,0,1.0,8.060708,0
105,3,0.688,0,1.0,7.4655833,0
105,4,0.698,2,-0.05,7.0646243,0
105,5,0.694,0,1.0,8.06358,0
105,6,0.640,0,1.0,6.8675766,0
105,7,0.644,0,1.0,7.3986034,0
105,8,0.582,0,1.0,8.053434,0
105,9,0.571,0,1.0,7.4409394,0
105,10,0.537,2,-0.05,7.1839714,0
105,11,0.508,0,1.0,6.608434,0
105,12,0.479,1,-0.05,7.6142855,0
105,13,0.450,0,1.0,6.5749483,0
105,14,0.418,0,1.0,4.825966,0
105,15,0.388,0,1.0,3.0248168,0
105,16,0.366,2,-0.05,3.6581678,0
105,17,0.355,0,1.0,3.353747,0
105,18,0.318,1,-0.05,2.8465576,0
105,19,0.311,2,-0.05,0.13901794,0
105,20,0.306,1,-0.05,2.0734687,0
105,21,0.292,2,-0.05,0.95921415,0
105,22,0.295,2,-0.05,-0.53945136,0
105,23,0.266,0,1.0,-1.8740165,0
105,24,0.193,0,-100.0,-7.466914,0
106,0,0.661,1,-0.05,6.0370607,0
106,1,0.662,1,-0.05,5.169831,0
106,2,0.670,1,-0.05,3.8213792,0
106,3,0.660,1,-0.05,2.982953,0
106,4,0.647,0,1.0,2.3524904,0
106,5,0.632,1,-0.05,3.425942,0
106,6,0.602,0,1.0,4.366846,0
106,7,0.551,0,1.0,5.040024,0
106,8,0.512,0,1.0,5.7711926,0
106,9,0.456,0,1.0,5.5470247,0
106,10,0.406,0,1.0,4.9133186,0
106,11,0.352,0,1.0,3.614891,0
106,12,0.326,2,-0.05,4.4040117,0
106,13,0.313,2,-0.05,4.0481367,0
106,14,0.318,2,-0.05,2.6740215,0
106,15,0.310,2,-0.05,2.7210732,0
106,16,0.296,2,-0.05,1.9031883,0
106,17,0.289,2,-0.05,3.0690985,0
106,18,0.288,0,1.0,4.8673477,0
106,19,0.283,2,-0.05,5.0424004,0
106,20,0.291,1,-0.05,5.484906,0
106,21,0.290,0,1.0,6.2934403,0
106,22,0.281,2,-0.05,5.2042437,0
106,23,0.276,1,-0.05,4.015585,0
106,24,0.284,1,-0.05,3.187222,0
106,25,0.271,2,-0.05,1.586159,0
106,26,0.265,1,-0.05,0.97103536,0
106,27,0.259,0,1.0,1.5859896,0
106,28,0.247,2,-0.05,-0.35790968,0
106,29,0.232,2,-0.05,-7.130144,0
106,30,0.221,2,-0.05,-6.729948,0
106,31,0.219,2,-0.05,2.9912767,0
106,32,0.220,0,1.0,5.331417,0
106,33,0.212,1,-0.05,6.4204364,0
106,34,0.211,0,1.0,6.490003,0
106,35,0.202,2,-0.05,6.480948,0
106,36,0.196,0,-100.0,4.8510656,0
107,0,0.672,0,1.0,5.5812397,0
107,1,0.672,0,1.0,5.78302,0
107,2,0.661,1,-0.05,5.2590327,0
107,3,0.661,1,-0.05,4.8977337,0
107,4,0.667,2,-0.05,3.2798066,0
107,5,0.661,0,1.0,3.1780577,0
107,6,0.672,0,1.0,5.990544,0
107,7,0.676,0,1.0,5.2692213,0
107,8,0.672,0,1.0,6.672532,0
107,9,0.683,0,1.0,5.5626817,0
107,10,0.674,0,1.0,4.052162,0
107,11,0.675,2,-0.05,5.060283,0
107,12,0.687,0,1.0,5.5752897,0
107,13,0.700,1,-0.05,6.8715844,0
107,14,0.696,2,-0.05,6.2858076,0
107,15,0.694,0,1.0,4.1501765,0
107,16,0.692,0,1.0,5.4077606,0
107,17,0.671,2,-0.05,3.2189243,0
107,18,0.648,0,1.0,2.865981,0
107,19,0.637,2,-0.05,4.183681,0
107,20,0.630,2,-0.05,4.0948014,0
107,21,0.623,2,-0.05,5.1951046,0
107,22,0.606,0,1.0,4.3997593,0
107,23,0.566,2,-0.05,5.1510735,0
107,24,0.524,0,1.0,6.150338,0
107,25,0.477,0,1.0,4.1049223,0
107,26,0.430,2,-0.05,4.2190704,0
107,27,0.414,2,-0.05,3.6235535,0
107,28,0.385,1,-0.05,2.976882,0
107,29,0.356,0,1.0,3.2156894,0
107,30,0.318,2,-0.05,3.6124136,0
107,31,0.306,2,-0.05,2.177385,0
107,32,0.296,0,1.0,3.2457027,0
107,33,0.230,2,-0.05,1.0810261,0
107,34,0.220,1,-0.05,-7.11819,0
107,35,0.196,2,-100.0,-15.355056,0
108,0,0.663,0,1.0,5.8548965,0
108,1,0.656,1,-0.05,5.808249,0
108,2,0.658,1,-0.05,4.1281705,0
108,3,0.673,0,1.0,4.4084353,0
108,4,0.663,2,-0.05,3.554379,0
108,5,0.659,0,1.0,4.5807357,0
108,6,0.639,2,-0.05,4.32399,0
108,7,0.648,0,1.0,5.625894,0
108,8,0.653,2,-0.05,6.4958086,0
108,9,0.650,0,1.0,6.2604833,0
108,10,0.656,0,1.0,6.7790728,0
108,11,0.673,0,1.0,6.272093,0
108,12,0.672,2,-0.05,6.8296127,0
108,13,0.686,1,-0.05,5.779154,0
108,14,0.685,0,1.0,7.2221174,0
108,15,0.686,0,1.0,5.6364026,0
108,16,0.687,0,1.0,4.7023587,0
108,17,0.680,0,1.0,4.587145,0
108,18,0.687,1,-0.05,3.5109155,0
108,19,0.675,1,-0.05,5.032381,0
108,20,0.684,0,1.0,3.7260838,0
108,21,0.666,1,-0.05,4.982774,0
108,22,0.640,0,1.0,4.39635,0
108,23,0.638,1,-0.05,2.8458076,0
108,24,0.623,0,1.0,3.254158,0
108,25,0.599,1,-0.05,3.6157122,0
108,26,0.585,1,-0.05,4.496869,0
108,27,0.585,0,1.0,2.949719,0
108,28,0.530,2,-0.05,3.5460145,0
108,29,0.498,0,1.0,3.739699,0
108,30,0.481,0,1.0,3.5590618,0
108,31,0.426,0,1.0,4.352087,0
108,32,0.377,0,1.0,2.5369725,0
108,33,0.340,2,-0.05,2.500692,0
108,34,0.318,0,1.0,1.0150766,0
108,35,0.304,2,-0.05,-1.3560987,0
108,36,0.287,2,-0.05,-0.9327173,0
108,37,0.282,2,-0.05,-2.3178828,0
108,38,0.263,1,-0.05,0.11116004,0
108,39,0.270,0,1.0,-2.7922564,0
108,40,0.250,2,-0.05,-5.0088263,0
108,41,0.239,2,-0.05,-8.245424,0
108,42,0.221,0,1.0,-8.134718,0
108,43,0.205,0,1.0,-1.4636254,0
108,44,0.193,2,-100.0,-2.2420468,0
109,0,0.663,0,1.0,6.2120514,0
109,1,0.672,2,-0.05,4.1885166,0
109,2,0.667,1,-0.05,5.16082,0
109,3,0.663,0,1.0,5.843339,0
109,4,0.659,0,1.0,4.7178907,0
109,5,0.648,2,-0.05,4.126519,0
109,6,0.648,0,1.0,4.3466625,0
109,7,0.645,0,1.0,6.1247606,0
109,8,0.644,0,1.0,5.9543366,0
109,9,0.642,0,1.0,5.1524715,0
109,10,0.642,1,-0.05,5.425861,0
109,11,0.632,0,1.0,3.5438864,0
109,12,0.621,0,1.0,4.338253,0
109,13,0.618,0,1.0,5.0684667,0
109,14,0.603,0,1.0,3.7650726,0
109,15,0.587,0,1.0,4.7489796,0
109,16,0.592,0,1.0,4.641742,0
109,17,0.569,0,1.0,4.7470417,0
109,18,0.562,0,1.0,5.1693506,0
109,19,0.544,0,1.0,5.242814,0
109,20,0.532,1,-0.05,4.603305,0
109,21,0.546,1,-0.05,3.3372624,0
109,22,0.536,0,1.0,3.8447535,0
109,23,0.505,0,1.0,4.495551,0
109,24,0.480,1,-0.05,5.3660684,0
109,25,0.477,2,-0.05,5.3450317,0
109,26,0.459,0,1.0,5.6181192,0
109,27,0.447,1,-0.05,4.4962277,0
109,28,0.460,0,1.0,3.8935883,0
109,29,0.431,0,1.0,4.5288305,0
109,30,0.410,1,-0.05,4.2101154,0
109,31,0.404,2,-0.05,3.7156076,0
109,32,0.399,0,1.0,5.2874103,0
109,33,0.386,0,1.0,5.233184,0
109,34,0.369,1,-0.05,5.547686,0
109,35,0.371,0,1.0,3.190603,0
109,36,0.343,0,1.0,6.224701,0
109,37,0.330,0,1.0,4.230618,0
109,38,0.294,0,1.0,5.109893,0
109,39,0.283,0,1.0,4.4174685,0
109,40,0.268,0,1.0,6.0342894,0
109,41,0.267,1,-0.05,0.25415856,0
109,42,0.242,0,1.0,-1.1178212,0
109,43,0.246,2,-0.05,-2.9655714,0
109,44,0.235,1,-0.05,-4.12633,0
109,45,0.226,1,-0.05,-9.04267,0
109,46,0.206,1,-0.05,-9.949139,0
109,47,0.221,1,-0.05,-18.713562,0
109,48,0.217,1,-0.05,-28.442987,0
109,49,0.210,1,-0.05,-26.51934,0
109,50,0.197,2,-100.0,-24.411997,0
110,0,0.656,1,-0.05,5.81052,0
110,1,0.663,1,-0.05,5.5910015,0
110,2,0.663,0,1.0,4.782936,0
110,3,0.642,2,-0.05,4.755801,0
110,4,0.629,0,1.0,5.0350037,0
110,5,0.629,0,1.0,3.6534088,0
110,6,0.617,1,-0.05,3.4387097,0
110,7,0.624,1,-0.05,4.310589,0
110,8,0.614,2,-0.05,3.291469,0
110,9,0.598,0,1.0,3.344618,0
110,10,0.598,2,-0.05,3.8042357,0
110,11,0.597,2,-0.05,2.7579248,0
110,12,0.593,2,-0.05,3.6606095,0
110,13,0.597,2,-0.05,4.3527994,0
110,14,0.589,1,-0.05,4.469853,0
110,15,0.597,2,-0.05,4.771209,0
110,16,0.605,0,1.0,5.2960258,0
110,17,0.629,1,-0.05,5.8744464,0
110,18,0.636,0,1.0,5.715015,0
110,19,0.660,1,-0.05,4.7871823,0
110,20,0.663,0,1.0,5.6895676,0
110,21,0.682,2,-0.05,5.5123153,0
110,22,0.680,0,1.0,4.9563932,0
110,23,0.696,1,-0.05,5.124374,0
110,24,0.717,1,-0.05,6.7960067,0
110,25,0.703,0,1.0,7.3881884,0
110,26,0.700,2,-0.05,6.2516522,0
110,27,0.696,0,1.0,5.9973345,0
110,28,0.689,2,-0.05,5.8971195,0
110,29,0.701,1,-0.05,6.0418525,0
110,30,0.687,2,-0.05,4.6018124,0
110,31,0.684,2,-0.05,5.2549887,0
110,32,0.685,1,-0.05,4.8479834,0
110,33,0.668,0,1.0,4.3482475,0
110,34,0.660,1,-0.05,3.7605581,0
110,35,0.657,1,-0.05,6.064314,0
110,36,0.658,1,-0.05,6.117742,0
110,37,0.677,0,1.0,3.2428973,0
110,38,0.684,1,-0.05,2.7810824,0
110,39,0.684,2,-0.05,2.3251028,0
110,40,0.680,1,-0.05,1.8740708,0
110,41,0.687,0,1.0,0.74424267,0
110,42,0.694,0,1.0,1.7723081,0
110,43,0.684,0,1.0,3.5868003,0
110,44,0.640,1,-0.05,2.7333276,0
110,45,0.623,0,1.0,2.822058,0
110,46,0.611,0,1.0,3.0403256,0
110,47,0.552,0,1.0,2.335289,0
110,48,0.526,0,1.0,4.128443,0
110,49,0.481,0,1.0,3.7082555,0
110,50,0.440,0,1.0,4.7775426,0
110,51,0.422,0,1.0,4.386513,0
110,52,0.391,2,-0.05,4.1741314,0
110,53,0.377,0,1.0,3.1305668,0
110,54,0.323,0,1.0,3.3541973,0
110,55,0.331,1,-0.05,3.1548831,0
110,56,0.308,2,-0.05,-0.37620205,0
110,57,0.311,2,-0.05,0.6115026,0
110,58,0.296,0,1.0,2.1670685,0
110,59,0.299,1,-0.05,5.541888,0
110,60,0.292,0,1.0,6.23067,0
110,61,0.287,2,-0.05,2.4355645,0
110,62,0.275,0,1.0,1.3244725,0
110,63,0.273,2,-0.05,3.6806114,0
110,64,0.271,0,1.0,0.9006964,0
110,65,0.261,1,-0.05,3.9311378,0
110,66,0.268,1,-0.05,5.0124598,0
110,67,0.259,2,-0.05,6.9492054,0
110,68,0.270,0,1.0,8.266558,0
110,69,0.277,0,1.0,5.433277,0
110,70,0.280,1,-0.05,5.4752355,0
110,71,0.287,0,1.0,4.264486,0
110,72,0.280,0,1.0,8.859338,0
110,73,0.280,0,1.0,8.107412,0
110,74,0.284,1,-0.05,6.354884,0
110,75,0.286,1,-0.05,3.8643327,0
110,76,0.273,0,1.0,1.0715175,0
110,77,0.261,2,-0.05,-0.6030109,0
110,78,0.247,0,1.0,-0.89441323,0
110,79,0.244,0,1.0,2.0081925,0
110,80,0.237,1,-0.05,1.0941422,0
110,81,0.237,2,-0.05,0.4031762,0
110,82,0.230,1,-0.05,-0.1950345,0
110,83,0.230,2,-0.05,1.8703542,0
110,84,0.218,2,-0.05,3.450963,0
110,85,0.233,0,1.0,4.838376,0
110,86,0.244,1,-0.05,3.6831648,0
110,87,0.250,0,1.0,2.3987641,0
110,88,0.253,0,1.0,1.8965232,0
110,89,0.234,2,-0.05,2.4373953,0
110,90,0.252,2,-0.05,0.8878856,0
110,91,0.258,1,-0.05,-0.17370129,0
110,92,0.247,1,-0.05,-1.4418845,0
110,93,0.248,0,1.0,2.8088915,0
110,94,0.148,2,-100.0,3.5737665,0
111,0,0.661,1,-0.05,5.7062564,0
111,1,0.659,0,1.0,4.5816364,0
111,2,0.647,1,-0.05,2.9739099,0
111,3,0.646,1,-0.05,2.5151212,0
111,4,0.634,0,1.0,3.6606143,0
111,5,0.622,0,1.0,3.4190776,0
111,6,0.594,1,-0.05,3.4737945,0
111,7,0.581,0,1.0,2.0390239,0
111,8,0.541,0,1.0,3.9856083,0
111,9,0.511,0,1.0,3.5959716,0
111,10,0.464,0,1.0,4.379281,0
111,11,0.416,0,1.0,4.7799916,0
111,12,0.398,2,-0.05,4.0744,0
111,13,0.393,2,-0.05,3.9152234,0
111,14,0.366,0,1.0,4.080907,0
111,15,0.356,1,-0.05,5.021066,0
111,16,0.347,1,-0.05,3.7814398,0
111,17,0.340,0,1.0,4.6078997,0
111,18,0.321,2,-0.05,4.9247046,0
111,19,0.318,1,-0.05,4.689855,0
111,20,0.295,2,-0.05,2.8405595,0
111,21,0.292,2,-0.05,3.2370813,0
111,22,0.281,0,1.0,3.1056442,0
111,23,0.256,0,1.0,4.365908,0
111,24,0.229,0,1.0,3.0689752,0
111,25,0.207,0,1.0,-0.017999053,0
111,26,0.187,0,-100.0,-2.3006215,0
112,0,0.667,0,1.0,6.7620473,0
112,1,0.673,0,1.0,4.8031454,0
112,2,0.672,0,1.0,6.632083,0
112,3,0.657,0,1.0,6.8770876,0
112,4,0.675,0,1.0,6.745341,0
112,5,0.662,0,1.0,6.360777,0
112,6,0.668,0,1.0,6.5953913,0
112,7,0.652,0,1.0,6.3058424,0
112,8,0.675,1,-0.05,6.168486,0
112,9,0.671,1,-0.05,5.953054,0
112,10,0.681,1,-0.05,4.793058,0
112,11,0.668,1,-0.05,4.0266905,0
112,12,0.663,0,1.0,3.1113222,0
112,13,0.617,0,1.0,3.1207726,0
112,14,0.588,2,-0.05,4.0710454,0
112,15,0.589,1,-0.05,3.5360727,0
112,16,0.578,2,-0.05,4.6943793,0
112,17,0.564,0,1.0,4.050825,0
112,18,0.544,2,-0.05,5.372817,0
112,19,0.538,2,-0.05,5.788236,0
112,20,0.529,0,1.0,4.5716834,0
112,21,0.515,0,1.0,4.8205676,0
112,22,0.505,0,1.0,6.102162,0
112,23,0.504,0,1.0,5.463385,0
112,24,0.500,1,-0.05,5.15578,0
112,25,0.491,1,-0.05,5.4462543,0
112,26,0.491,2,-0.05,4.225045,0
112,27,0.495,0,1.0,3.4203377,0
112,28,0.478,2,-0.05,6.033452,0
112,29,0.480,0,1.0,6.182166,0
112,30,0.470,2,-0.05,6.8494916,0
112,31,0.487,0,1.0,5.150201,0
112,32,0.494,0,1.0,5.5735574,0
112,33,0.499,0,1.0,6.0525064,0
112,34,0.513,2,-0.05,5.8193326,0
112,35,0.512,2,-0.05,5.092469,0
112,36,0.522,0,1.0,5.9741526,0
112,37,0.533,2,-0.05,6.5436497,0
112,38,0.548,2,-0.05,6.3047214,0
112,39,0.537,2,-0.05,6.794246,0
112,40,0.550,2,-0.05,3.2179587,0
112,41,0.578,0,1.0,3.3630385,0
112,42,0.608,1,-0.05,-0.84244704,0
112,43,0.634,2,-0.05,1.0711733,0
112,44,0.631,1,-0.05,0.40883434,0
112,45,0.660,0,1.0,0.06716931,0
112,46,0.713,2,-0.05,2.4938293,0
112,47,0.666,0,1.0,5.074092,0
112,48,0.641,0,1.0,4.711948,0
112,49,0.580,2,-0.05,6.690053,0
112,50,0.526,0,1.0,5.8004,0
112,51,0.472,0,1.0,6.794133,0
112,52,0.393,0,1.0,8.805653,0
112,53,0.356,1,-0.05,8.92508,0
112,54,0.328,0,1.0,10.774437,0
112,55,0.270,1,-0.05,4.714491,0
112,56,0.264,2,-0.05,3.5949833,0
112,57,0.260,2,-0.05,4.247768,0
112,58,0.249,0,1.0,7.091109,0
112,59,0.153,0,-100.0,7.7200665,0
113,0,0.667,0,1.0,5.3332973,0
113,1,0.673,2,-0.05,3.2194076,0
113,2,0.662,1,-0.05,3.3302684,0
113,3,0.659,2,-0.05,2.7587128,0
113,4,0.674,1,-0.05,3.1016414,0
113,5,0.660,0,1.0,4.2300935,0
113,6,0.649,0,1.0,3.8061006,0
113,7,0.649,0,1.0,2.750304,0
113,8,0.638,2,-0.05,4.078471,0
113,9,0.641,0,1.0,3.7797804,0
113,10,0.625,2,-0.05,5.708789,0
113,11,0.633,0,1.0,7.4743457,0
113,12,0.643,1,-0.05,7.972019,0
113,13,0.631,0,1.0,8.008535,0
113,14,0.632,0,1.0,4.6353908,0
113,15,0.642,2,-0.05,4.998155,0
113,16,0.638,2,-0.05,4.612952,0
113,17,0.637,0,1.0,4.3950157,0
113,18,0.648,0,1.0,5.0976872,0
113,19,0.664,2,-0.05,6.8921704,0
113,20,0.675,0,1.0,7.1939144,0
113,21,0.688,0,1.0,6.8576612,0
113,22,0.703,0,1.0,7.686527,0
113,23,0.682,0,1.0,6.0114427,0
113,24,0.675,1,-0.05,6.764265,0
113,25,0.632,0,1.0,6.5019226,0
113,26,0.623,0,1.0,7.693744,0
113,27,0.624,0,1.0,6.9642744,0
113,28,0.615,2,-0.05,7.120422,0
113,29,0.606,0,1.0,4.4854727,0
113,30,0.582,0,1.0,5.2156568,0
113,31,0.569,0,1.0,5.614704,0
113,32,0.544,1,-0.05,6.666107,0
113,33,0.522,0,1.0,6.6441755,0
113,34,0.525,0,1.0,5.302742,0
113,35,0.496,0,1.0,6.0016127,0
113,36,0.491,0,1.0,5.177372,0
113,37,0.473,2,-0.05,5.2918334,0
113,38,0.472,0,1.0,4.5363016,0
113,39,0.461,2,-0.05,3.915359,0
113,40,0.467,0,1.0,4.352743,0
113,41,0.423,0,1.0,3.4229488,0
113,42,0.398,0,1.0,4.94599,0
113,43,0.378,0,1.0,4.3158464,0
113,44,0.336,0,1.0,4.7280664,0
113,45,0.329,2,-0.05,4.6938453,0
113,46,0.306,2,-0.05,4.733226,0
113,47,0.305,2,-0.05,5.7492037,0
113,48,0.298,2,-0.05,5.750186,0
113,49,0.303,2,-0.05,5.562584,0
113,50,0.265,0,1.0,4.8153787,0
113,51,0.241,1,-0.05,2.0091188,0
113,52,0.216,0,1.0,4.459999,0
113,53,0.228,2,-0.05,3.8306463,0
113,54,0.216,0,1.0,4.9979124,0
113,55,0.267,0,1.0,4.933144,0
113,56,0.276,2,-0.05,4.0844636,0
113,57,0.310,2,-0.05,3.628766,0
113,58,0.325,2,-0.05,3.290638,0
113,59,0.344,0,1.0,3.5139604,0
113,60,0.376,1,-0.05,2.5934908,0
113,61,0.375,2,-0.05,1.3402276,0
113,62,0.375,1,-0.05,0.97735023,0
113,63,0.385,1,-0.05,0.39661282,0
113,64,0.399,2,-0.05,2.312064,0
113,65,0.405,1,-0.05,2.2213163,0
113,66,0.413,1,-0.05,2.3047595,0
113,67,0.423,2,-0.05,4.9896,0
113,68,0.421,1,-0.05,4.891981,0
113,69,0.440,1,-0.05,5.631274,0
113,70,0.449,0,1.0,2.5142727,0
113,71,0.537,0,1.0,1.7990671,0
113,72,0.600,0,1.0,-0.38861728,0
113,73,0.684,0,1.0,-0.060429573,0
113,74,0.694,0,1.0,2.0190544,0
113,75,0.590,0,1.0,1.6477566,0
113,76,0.534,1,-0.05,1.94612,0
113,77,0.532,1,-0.05,0.4762274,0
113,78,0.495,0,1.0,0.38423944,0
113,79,0.424,1,-0.05,0.24557829,0
113,80,0.415,1,-0.05,-0.27293015,0
113,81,0.401,1,-0.05,2.075716,0
113,82,0.385,1,-0.05,5.3777633,0
113,83,0.372,1,-0.05,0.0038957596,0
113,84,0.362,1,-0.05,-7.9627714,0
113,85,0.336,2,-0.05,-15.080843,0
113,86,0.319,1,-0.05,-19.03149,0
113,87,0.320,2,-0.05,-9.461664,0
113,88,0.279,1,-0.05,-22.061584,0
113,89,0.217,0,1.0,-20.257591,0
113,90,0.180,1,-100.0,-20.749949,0
114,0,0.663,0,1.0,6.4015,0
114,1,0.654,2,-0.05,6.3089347,0
114,2,0.663,0,1.0,4.6385903,0
114,3,0.659,0,1.0,5.9602184,0
114,4,0.683,0,1.0,6.3184357,0
114,5,0.676,0,1.0,6.930247,0
114,6,0.683,2,-0.05,7.6931896,0
114,7,0.690,0,1.0,7.3205676,0
114,8,0.705,0,1.0,7.286911,0
114,9,0.689,0,1.0,7.2907133,0
114,10,0.682,0,1.0,7.228647,0
114,11,0.686,1,-0.05,6.82035,0
114,12,0.672,0,1.0,9.102671,0
114,13,0.673,0,1.0,7.4164467,0
114,14,0.661,2,-0.05,6.8648057,0
114,15,0.662,1,-0.05,6.2511945,0
114,16,0.652,1,-0.05,3.5261977,0
114,17,0.650,1,-0.05,2.8809013,0
114,18,0.659,0,1.0,3.405686,0
114,19,0.692,0,1.0,3.0867753,0
114,20,0.695,2,-0.05,2.3782566,0
114,21,0.689,0,1.0,3.881311,0
114,22,0.678,2,-0.05,3.7730088,0
114,23,0.667,1,-0.05,3.4015548,0
114,24,0.667,1,-0.05,3.089104,0
114,25,0.663,2,-0.05,3.8254936,0
114,26,0.662,1,-0.05,5.2974095,0
114,27,0.650,0,1.0,5.4932656,0
114,28,0.612,0,1.0,4.5079327,0
114,29,0.557,0,1.0,4.592266,0
114,30,0.512,0,1.0,4.5931606,0
114,31,0.490,0,1.0,3.0390384,0
114,32,0.439,0,1.0,3.7934415,0
114,33,0.417,1,-0.05,2.6138916,0
114,34,0.415,1,-0.05,3.4340558,0
114,35,0.396,2,-0.05,0.85529894,0
114,36,0.389,0,1.0,1.5289135,0
114,37,0.341,0,1.0,2.9601593,0
114,38,0.285,0,1.0,4.047674,0
114,39,0.285,1,-0.05,1.3834373,0
114,40,0.273,2,-0.05,-1.6092653,0
114,41,0.268,1,-0.05,-4.1358566,0
114,42,0.260,1,-0.05,-6.550523,0
114,43,0.260,1,-0.05,-12.665141,0
114,44,0.261,1,-0.05,-21.278246,0
114,45,0.214,0,1.0,-3.8253155,0
114,46,0.165,0,-100.0,-8.567623,0
115,0,0.661,0,1.0,5.3404126,0
115,1,0.676,2,-0.05,4.3255363,0
115,2,0.664,0,1.0,4.7908745,0
115,3,0.664,0,1.0,5.9606194,0
115,4,0.684,0,1.0,6.5644245,0
115,5,0.677,0,1.0,7.269249,0
115,6,0.694,1,-0.05,7.2859664,0
115,7,0.678,0,1.0,6.2017293,0
115,8,0.705,0,1.0,6.526177,0
115,9,0.691,0,1.0,4.866024,0
115,10,0.694,2,-0.05,5.8914065,0
115,11,0.708,0,1.0,4.0595045,0
115,12,0.699,0,1.0,5.9341183,0
115,13,0.691,0,1.0,6.736077,0
115,14,0.706,0,1.0,5.811266,0
115,15,0.696,2,-0.05,5.8904347,0
115,16,0.690,1,-0.05,4.3821282,0
115,17,0.689,0,1.0,4.0066395,0
115,18,0.693,0,1.0,3.9813654,0
115,19,0.701,1,-0.05,2.2073588,0
115,20,0.699,2,-0.05,2.0742383,0
115,21,0.698,1,-0.05,2.0352619,0
115,22,0.699,1,-0.05,1.2804763,0
115,23,0.706,1,-0.05,1.8306757,0
115,24,0.695,2,-0.05,1.8014628,0
115,25,0.705,1,-0.05,2.1784458,0
115,26,0.693,1,-0.05,1.491576,0
115,27,0.673,0,1.0,3.7193847,0
115,28,0.667,2,-0.05,3.2223225,0
115,29,0.653,2,-0.05,2.7650533,0
115,30,0.643,0,1.0,3.0517852,0
115,31,0.604,0,1.0,3.102625,0
115,32,0.591,1,-0.05,2.2017014,0
115,33,0.587,1,-0.05,3.9268363,0
115,34,0.573,0,1.0,2.9976354,0
115,35,0.552,0,1.0,3.7173681,0
115,36,0.491,1,-0.05,4.073903,0
115,37,0.497,1,-0.05,3.8061814,0
115,38,0.480,2,-0.05,3.6064947,0
115,39,0.458,0,1.0,3.400311,0
115,40,0.431,0,1.0,4.4987316,0
115,41,0.391,0,1.0,3.7962222,0
115,42,0.365,2,-0.05,2.1719666,0
115,43,0.339,0,1.0,2.939187,0
115,44,0.295,0,1.0,0.043966502,0
115,45,0.291,2,-0.05,-3.1227949,0
115,46,0.281,1,-0.05,-3.148587,0
115,47,0.270,2,-0.05,-4.527156,0
115,48,0.269,1,-0.05,-3.093128,0
115,49,0.256,0,1.0,-6.410554,0
115,50,0.241,1,-0.05,-10.949377,0
115,51,0.228,1,-0.05,-9.073765,0
115,52,0.224,1,-0.05,-22.43285,0
115,53,0.199,0,-100.0,-25.598291,0
116,0,0.662,0,1.0,6.6873016,0
116,1,0.656,1,-0.05,6.9291306,0
116,2,0.662,0,1.0,5.8854036,0
116,3,0.648,0,1.0,4.2998714,0
116,4,0.646,0,1.0,4.2144485,0
116,5,0.631,2,-0.05,4.057187,0
116,6,0.640,0,1.0,3.9341695,0
116,7,0.624,2,-0.05,6.072844,0
116,8,0.630,0,1.0,6.5945883,0
116,9,0.636,0,1.0,8.020256,0
116,10,0.641,0,1.0,8.989084,0
116,11,0.656,2,-0.05,8.538532,0
116,12,0.654,0,1.0,7.625193,0
116,13,0.679,0,1.0,6.9569955,0
116,14,0.681,2,-0.05,6.1637797,0
116,15,0.680,0,1.0,5.945042,0
116,16,0.710,2,-0.05,3.8914344,0
116,17,0.698,2,-0.05,3.128904,0
116,18,0.698,2,-0.05,4.7519436,0
116,19,0.693,1,-0.05,3.708449,0
116,20,0.690,1,-0.05,5.764576,0
116,21,0.665,1,-0.05,4.9797425,0
116,22,0.676,0,1.0,4.591243,0
116,23,0.663,2,-0.05,3.7804914,0
116,24,0.650,0,1.0,5.122121,0
116,25,0.638,0,1.0,5.7126207,0
116,26,0.614,0,1.0,6.0686235,0
116,27,0.580,0,1.0,7.07884,0
116,28,0.576,1,-0.05,7.139908,0
116,29,0.566,2,-0.05,6.5554447,0
116,30,0.567,1,-0.05,5.591443,0
116,31,0.567,0,1.0,5.6120086,0
116,32,0.536,2,-0.05,4.9008365,0
116,33,0.537,0,1.0,6.1044493,0
116,34,0.526,1,-0.05,5.676617,0
116,35,0.517,1,-0.05,5.6473036,0
116,36,0.515,1,-0.05,6.9575405,0
116,37,0.513,2,-0.05,4.2459297,0
116,38,0.509,2,-0.05,4.469528,0
116,39,0.496,0,1.0,2.86194,0
116,40,0.491,0,1.0,3.0357888,0
116,41,0.452,2,-0.05,3.1354146,0
116,42,0.458,1,-0.05,4.3425217,0
116,43,0.446,0,1.0,2.5271254,0
116,44,0.435,0,1.0,3.0075188,0
116,45,0.411,1,-0.05,2.930385,0
116,46,0.426,1,-0.05,4.168809,0
116,47,0.428,0,1.0,3.3586187,0
116,48,0.412,0,1.0,3.2679834,0
116,49,0.437,0,1.0,3.1380053,0
116,50,0.446,1,-0.05,1.973227,0
116,51,0.426,0,1.0,1.583032,0
116,52,0.450,2,-0.05,1.8211725,0
116,53,0.444,2,-0.05,2.0835466,0
116,54,0.454,0,1.0,1.870699,0
116,55,0.444,0,1.0,2.306643,0
116,56,0.447,0,1.0,4.422887,0
116,57,0.449,0,1.0,7.000791,0
116,58,0.465,0,1.0,3.7257364,0
116,59,0.499,2,-0.05,4.7655435,0
116,60,0.493,0,1.0,4.9997196,0
116,61,0.543,1,-0.05,4.4728622,0
116,62,0.539,1,-0.05,5.791403,0
116,63,0.537,2,-0.05,5.3606486,0
116,64,0.567,2,-0.05,4.5240884,0
116,65,0.580,0,1.0,6.3829546,0
116,66,0.614,0,1.0,6.826025,0
116,67,0.689,0,1.0,6.067142,0
116,68,0.733,1,-0.05,6.0473833,0
116,69,0.741,1,-0.05,6.1782064,0
116,70,0.747,0,1.0,5.0140586,0
116,71,0.630,0,1.0,6.1311274,0
116,72,0.548,1,-0.05,5.359561,0
116,73,0.536,1,-0.05,3.52811,0
116,74,0.483,0,1.0,2.0352707,0
116,75,0.425,0,1.0,-3.7281647,0
116,76,0.313,0,1.0,-6.839602,0
116,77,0.196,0,-100.0,-23.773678,0
117,0,0.672,0,1.0,5.359295,0
117,1,0.672,0,1.0,6.4051056,0
117,2,0.661,0,1.0,7.263573,0
117,3,0.659,0,1.0,5.725873,0
117,4,0.666,2,-0.05,5.086472,0
117,5,0.673,0,1.0,5.946379,0
117,6,0.678,2,-0.05,6.9760385,0
117,7,0.681,0,1.0,6.6429453,0
117,8,0.691,1,-0.05,5.1443863,0
117,9,0.697,1,-0.05,5.3114414,0
117,10,0.705,0,1.0,4.4534054,0
117,11,0.700,2,-0.05,5.444652,0
117,12,0.694,2,-0.05,3.9922814,0
117,13,0.704,0,1.0,5.314013,0
117,14,0.704,1,-0.05,6.1991963,0
117,15,0.694,0,1.0,4.570423,0
117,16,0.693,0,1.0,6.6842966,0
117,17,0.673,0,1.0,7.5626373,0
117,18,0.678,0,1.0,6.679347,0
117,19,0.667,2,-0.05,5.089691,0
117,20,0.658,0,1.0,5.4022493,0
117,21,0.648,0,1.0,6.863177,0
117,22,0.637,2,-0.05,4.562496,0
117,23,0.632,0,1.0,7.5599904,0
117,24,0.610,1,-0.05,5.910428,0
117,25,0.595,1,-0.05,6.487225,0
117,26,0.602,0,1.0,6.141192,0
117,27,0.591,2,-0.05,5.9515758,0
117,28,0.588,1,-0.05,6.0827513,0
117,29,0.583,2,-0.05,6.5819483,0
117,30,0.581,0,1.0,6.4206963,0
117,31,0.573,0,1.0,5.319487,0
117,32,0.558,0,1.0,7.0912023,0
117,33,0.542,0,1.0,6.3063,0
117,34,0.529,0,1.0,7.003925,0
117,35,0.506,1,-0.05,6.4045,0
117,36,0.507,0,1.0,5.7110653,0
117,37,0.506,0,1.0,4.4930806,0
117,38,0.504,0,1.0,4.65543,0
117,39,0.490,1,-0.05,4.6451902,0
117,40,0.481,0,1.0,4.3452377,0
117,41,0.490,1,-0.05,3.2443051,0
117,42,0.493,1,-0.05,2.2896767,0
117,43,0.490,0,1.0,2.5583284,0
117,44,0.484,2,-0.05,1.2163912,0
117,45,0.508,2,-0.05,0.44356078,0
117,46,0.514,2,-0.05,1.1662576,0
117,47,0.505,2,-0.05,0.7222355,0
117,48,0.501,2,-0.05,0.8970609,0
117,49,0.508,2,-0.05,2.1785896,0
117,50,0.514,2,-0.05,2.1971607,0
117,51,0.494,0,1.0,1.9727914,0
117,52,0.479,1,-0.05,3.93531,0
117,53,0.468,2,-0.05,3.2224426,0
117,54,0.458,2,-0.05,3.8934927,0
117,55,0.440,0,1.0,4.544649,0
117,56,0.373,0,1.0,5.94096,0
117,57,0.337,0,1.0,5.3142514,0
117,58,0.276,0,1.0,6.408262,0
117,59,0.273,0,1.0,5.085293,0
117,60,0.246,2,-0.05,4.939698,0
117,61,0.276,2,-0.05,4.96069,0
117,62,0.270,0,1.0,4.931878,0
117,63,0.306,2,-0.05,5.4054165,0
117,64,0.307,1,-0.05,6.4848375,0
117,65,0.312,1,-0.05,6.631607,0
117,66,0.317,2,-0.05,5.046366,0
117,67,0.329,2,-0.05,5.2141314,0
117,68,0.345,1,-0.05,5.5778484,0
117,69,0.351,2,-0.05,5.389126,0
117,70,0.358,2,-0.05,6.5302463,0
117,71,0.367,2,-0.05,6.432763,0
117,72,0.389,0,1.0,5.962921,0
117,73,0.392,2,-0.05,4.5967846,0
117,74,0.436,0,1.0,4.083686,0
117,75,0.448,2,-0.05,3.5896595,0
117,76,0.457,0,1.0,1.1509557,0
117,77,0.483,0,1.0,0.87558943,0
117,78,0.501,2,-0.05,-0.45356882,0
117,79,0.494,2,-0.05,0.1172328,0
117,80,0.508,0,1.0,0.0690431,0
117,81,0.512,2,-0.05,0.715577,0
117,82,0.507,1,-0.05,0.64181995,0
117,83,0.494,2,-0.05,3.3143952,0
117,84,0.496,0,1.0,2.5455337,0
117,85,0.503,1,-0.05,0.87870693,0
117,86,0.500,2,-0.05,1.8290476,0
117,87,0.503,0,1.0,2.4177766,0
117,88,0.473,0,1.0,1.6368306,0
117,89,0.442,0,1.0,1.3219843,0
117,90,0.432,0,1.0,3.3262458,0
117,91,0.392,0,1.0,2.1575181,0
117,92,0.379,1,-0.05,1.1640768,0
117,93,0.372,1,-0.05,1.9962807,0
117,94,0.364,1,-0.05,3.3669136,0
117,95,0.367,2,-0.05,3.831776,0
117,96,0.356,1,-0.05,3.0471385,0
117,97,0.371,2,-0.05,3.2944362,0
117,98,0.350,2,-0.05,3.659292,0
117,99,0.361,2,-0.05,3.110401,0
117,100,0.363,1,-0.05,2.4267766,0
117,101,0.359,2,-0.05,1.3014417,0
117,102,0.350,2,-0.05,1.481132,0
117,103,0.330,0,1.0,2.4828265,0
117,104,0.307,1,-0.05,-0.0045538545,0
117,105,0.303,2,-0.05,0.31653243,0
117,106,0.296,2,-0.05,-0.8474097,0
117,107,0.282,1,-0.05,-0.9216366,0
117,108,0.255,0,1.0,-4.7601414,0
117,109,0.217,2,-0.05,-17.102224,0
117,110,0.220,2,-0.05,-35.208595,0
117,111,0.205,2,-0.05,-45.291824,0
117,112,0.199,2,-100.0,-54.04341,0
118,0,0.663,0,1.0,4.775213,0
118,1,0.674,0,1.0,4.685869,0
118,2,0.668,2,-0.05,5.7017317,0
118,3,0.663,0,1.0,6.54344,0
118,4,0.690,0,1.0,7.7624474,0
118,5,0.690,0,1.0,7.0263853,0
118,6,0.700,2,-0.05,6.90759,0
118,7,0.712,0,1.0,5.9854455,0
118,8,0.694,2,-0.05,6.6630955,0
118,9,0.688,0,1.0,4.770649,0
118,10,0.659,1,-0.05,6.2215137,0
118,11,0.650,1,-0.05,6.1438046,0
118,12,0.662,0,1.0,6.7097936,0
118,13,0.639,0,1.0,4.4837713,0
118,14,0.632,0,1.0,4.9443426,0
118,15,0.616,0,1.0,5.715861,0
118,16,0.609,0,1.0,6.92091,0
118,17,0.607,0,1.0,6.4394207,0
118,18,0.593,1,-0.05,7.261275,0
118,19,0.574,0,1.0,7.9526253,0
118,20,0.590,1,-0.05,4.9669194,0
118,21,0.581,1,-0.05,6.2173967,0
118,22,0.563,0,1.0,2.9521434,0
118,23,0.608,0,1.0,2.5694642,0
118,24,0.606,0,1.0,3.9829288,0
118,25,0.632,0,1.0,4.216126,0
118,26,0.638,2,-0.05,3.3543723,0
118,27,0.653,0,1.0,2.1007295,0
118,28,0.657,0,1.0,2.1723127,0
118,29,0.661,0,1.0,4.265724,0
118,30,0.658,2,-0.05,3.970061,0
118,31,0.668,1,-0.05,2.4553623,0
118,32,0.665,0,1.0,2.1179876,0
118,33,0.684,1,-0.05,2.9070613,0
118,34,0.690,1,-0.05,3.3650842,0
118,35,0.690,0,1.0,2.0799966,0
118,36,0.675,0,1.0,0.5950141,0
118,37,0.636,0,1.0,2.0957582,0
118,38,0.601,0,1.0,1.706578,0
118,39,0.561,0,1.0,3.0186715,0
118,40,0.533,0,1.0,3.7981544,0
118,41,0.498,0,1.0,3.395437,0
118,42,0.472,0,1.0,2.5271173,0
118,43,0.421,0,1.0,3.7246256,0
118,44,0.409,1,-0.05,2.936611,0
118,45,0.373,0,1.0,5.9305873,0
118,46,0.357,0,1.0,4.1490574,0
118,47,0.334,1,-0.05,3.1295056,0
118,48,0.323,2,-0.05,0.99494743,0
118,49,0.285,0,1.0,1.0399058,0
118,50,0.276,1,-0.05,4.4351993,0
118,51,0.253,0,1.0,0.16058996,0
118,52,0.222,1,-0.05,-5.4802575,0
118,53,0.225,1,-0.05,-10.612289,0
118,54,0.217,2,-0.05,-33.847324,0
118,55,0.197,1,-100.0,-35.79548,0
119,0,0.657,0,1.0,4.773185,0
119,1,0.654,1,-0.05,4.6829705,0
119,2,0.660,2,-0.05,3.0738192,0
119,3,0.654,1,-0.05,4.609011,0
119,4,0.661,0,1.0,4.6659026,0
119,5,0.648,2,-0.05,3.1041696,0
119,6,0.656,2,-0.05,2.3676138,0
119,7,0.652,2,-0.05,2.9499032,0
119,8,0.647,0,1.0,4.162664,0
119,9,0.676,0,1.0,5.6992507,0
119,10,0.680,0,1.0,6.420816,0
119,11,0.703,1,-0.05,5.867189,0
119,12,0.697,2,-0.05,6.200613,0
119,13,0.697,0,1.0,5.4366565,0
119,14,0.691,1,-0.05,7.1184077,0
119,15,0.682,0,1.0,6.522169,0
119,16,0.657,0,1.0,6.090405,0
119,17,0.643,0,1.0,4.7219906,0
119,18,0.624,0,1.0,5.504016,0
119,19,0.593,0,1.0,5.6222754,0
119,20,0.579,2,-0.05,5.0926456,0
119,21,0.587,1,-0.05,7.344371,0
119,22,0.578,1,-0.05,6.9308705,0
119,23,0.581,2,-0.05,6.6632395,0
119,24,0.576,0,1.0,7.2262735,0
119,25,0.559,2,-0.05,4.4426975,0
119,26,0.553,0,1.0,5.5356913,0
119,27,0.529,0,1.0,6.1220655,0
119,28,0.497,2,-0.05,4.899148,0
119,29,0.481,1,-0.05,5.4171634,0
119,30,0.497,2,-0.05,3.1949987,0
119,31,0.481,1,-0.05,2.6601794,0
119,32,0.469,0,1.0,2.9231644,0
119,33,0.460,0,1.0,4.097016,0
119,34,0.438,0,1.0,5.2342086,0
119,35,0.428,2,-0.05,4.865362,0
119,36,0.428,2,-0.05,4.872865,0
119,37,0.419,0,1.0,4.0835466,0
119,38,0.398,1,-0.05,3.4552124,0
119,39,0.395,2,-0.05,4.530763,0
119,40,0.393,2,-0.05,3.4253414,0
119,41,0.367,0,1.0,3.150669,0
119,42,0.327,1,-0.05,-0.3527379,0
119,43,0.313,1,-0.05,0.12740695,0
119,44,0.297,0,1.0,0.53479314,0
119,45,0.274,2,-0.05,2.7416835,0
119,46,0.270,2,-0.05,2.1639025,0
119,47,0.248,2,-0.05,-8.066213,0
119,48,0.251,2,-0.05,-8.200635,0
119,49,0.228,0,1.0,-9.122368,0
119,50,0.195,1,-100.0,-20.996422,0
120,0,0.671,1,-0.05,4.7631555,0
120,1,0.657,0,1.0,3.3117235,0
120,2,0.652,1,-0.05,3.7028055,0
120,3,0.645,0,1.0,4.9219275,0
120,4,0.634,0,1.0,4.761537,0
120,5,0.605,0,1.0,4.4391303,0
120,6,0.573,0,1.0,3.6822438,0
120,7,0.549,0,1.0,4.2803793,0
120,8,0.517,0,1.0,3.6564107,0
120,9,0.495,2,-0.05,3.8690257,0
120,10,0.484,0,1.0,4.5255075,0
120,11,0.465,2,-0.05,4.0766153,0
120,12,0.477,1,-0.05,3.4563,0
120,13,0.476,1,-0.05,2.5090435,0
120,14,0.446,0,1.0,3.1773465,0
120,15,0.418,0,1.0,2.291593,0
120,16,0.387,1,-0.05,2.4201849,0
120,17,0.384,2,-0.05,2.60681,0
120,18,0.374,1,-0.05,2.70651,0
120,19,0.371,0,1.0,4.064579,0
120,20,0.322,0,1.0,3.415692,0
120,21,0.289,1,-0.05,3.3284428,0
120,22,0.274,2,-0.05,-0.48972797,0
120,23,0.258,1,-0.05,-2.5680156,0
120,24,0.254,1,-0.05,-9.773939,0
120,25,0.239,2,-0.05,-6.9483595,0
120,26,0.248,2,-0.05,-13.3031225,0
120,27,0.222,2,-0.05,-19.566814,0
120,28,0.212,2,-0.05,-12.130028,0
120,29,0.211,2,-0.05,-6.8593726,0
120,30,0.208,1,-0.05,-3.3519642,0
120,31,0.207,2,-0.05,-5.910515,0
120,32,0.202,1,-0.05,-5.7480907,0
120,33,0.194,1,-100.0,-6.247939,0
121,0,0.669,1,-0.05,3.1294634,0
121,1,0.663,1,-0.05,3.7306168,0
121,2,0.651,0,1.0,3.6046364,0
121,3,0.630,0,1.0,3.8900774,0
121,4,0.620,1,-0.05,3.1973567,0
121,5,0.598,0,1.0,3.9315436,0
121,6,0.574,0,1.0,2.4860315,0
121,7,0.538,1,-0.05,4.275643,0
121,8,0.537,0,1.0,2.5917025,0
121,9,0.491,1,-0.05,2.9687479,0
121,10,0.473,0,1.0,4.1507196,0
121,11,0.425,0,1.0,4.818702,0
121,12,0.389,0,1.0,4.652174,0
121,13,0.329,1,-0.05,3.998947,0
121,14,0.322,2,-0.05,4.0713844,0
121,15,0.326,2,-0.05,2.8390408,0
121,16,0.299,2,-0.05,3.2951055,0
121,17,0.293,0,1.0,2.9130368,0
121,18,0.278,2,-0.05,3.245744,0
121,19,0.277,1,-0.05,3.567252,0
121,20,0.274,2,-0.05,0.002509594,0
121,21,0.260,0,1.0,0.0094409585,0
121,22,0.255,1,-0.05,3.2980824,0
121,23,0.254,2,-0.05,3.3705845,0
121,24,0.235,1,-0.05,4.2169957,0
121,25,0.233,1,-0.05,2.4649186,0
121,26,0.237,2,-0.05,0.9763912,0
121,27,0.222,1,-0.05,-1.1425354,0
121,28,0.236,1,-0.05,-2.685825,0
121,29,0.218,2,-0.05,-5.9623632,0
121,30,0.230,2,-0.05,-6.6861296,0
121,31,0.217,1,-0.05,-2.222785,0
121,32,0.219,1,-0.05,-2.1260955,0
121,33,0.219,1,-0.05,-7.893544,0
121,34,0.214,2,-0.05,-13.472704,0
121,35,0.204,1,-0.05,-16.758257,0
121,36,0.199,1,-100.0,-20.379742,0
122,0,0.672,1,-0.05,5.5846653,0
122,1,0.660,2,-0.05,5.3459997,0
122,2,0.667,1,-0.05,5.3058424,0
122,3,0.661,0,1.0,4.574502,0
122,4,0.660,0,1.0,3.6293218,0
122,5,0.639,2,-0.05,3.3452573,0
122,6,0.629,0,1.0,4.4791965,0
122,7,0.628,0,1.0,3.5473378,0
122,8,0.616,1,-0.05,2.8378148,0
122,9,0.614,2,-0.05,2.8618636,0
122,10,0.609,2,-0.05,3.9991016,0
122,11,0.608,0,1.0,4.6753235,0
122,12,0.611,0,1.0,5.669858,0
122,13,0.628,0,1.0,6.103868,0
122,14,0.636,0,1.0,5.1228,0
122,15,0.667,2,-0.05,6.1685843,0
122,16,0.671,0,1.0,6.8481526,0
122,17,0.695,0,1.0,6.268793,0
122,18,0.696,0,1.0,7.2331357,0
122,19,0.659,0,1.0,6.9490557,0
122,20,0.651,2,-0.05,6.1515517,0
122,21,0.650,2,-0.05,5.0979,0
122,22,0.612,0,1.0,4.547838,0
122,23,0.602,2,-0.05,5.3340716,0
122,24,0.585,0,1.0,4.834792,0
122,25,0.556,0,1.0,5.483644,0
122,26,0.504,2,-0.05,5.5246596,0
122,27,0.480,2,-0.05,3.2434335,0
122,28,0.491,1,-0.05,2.1676412,0
122,29,0.475,1,-0.05,2.365055,0
122,30,0.428,0,1.0,2.463464,0
122,31,0.415,2,-0.05,2.9548538,0
122,32,0.410,1,-0.05,3.0273652,0
122,33,0.396,0,1.0,2.9135456,0
122,34,0.380,2,-0.05,0.54279846,0
122,35,0.375,2,-0.05,1.7493877,0
122,36,0.373,1,-0.05,3.2370937,0
122,37,0.361,2,-0.05,2.1797502,0
122,38,0.371,2,-0.05,2.114482,0
122,39,0.355,1,-0.05,3.206058,0
122,40,0.351,2,-0.05,2.6204376,0
122,41,0.351,2,-0.05,3.478628,0
122,42,0.348,2,-0.05,2.243997,0
122,43,0.341,2,-0.05,2.3233442,0
122,44,0.321,1,-0.05,-0.91715693,0
122,45,0.307,1,-0.05,-3.6857598,0
122,46,0.308,1,-0.05,-1.4726534,0
122,47,0.285,0,1.0,1.7163506,0
122,48,0.261,2,-0.05,2.0517526,0
122,49,0.254,1,-0.05,0.8740921,0
122,50,0.238,0,1.0,1.6311004,0
122,51,0.229,2,-0.05,-0.7380824,0
122,52,0.214,1,-0.05,0.18083835,0
122,53,0.214,1,-0.05,0.25067043,0
122,54,0.212,2,-0.05,2.5420563,0
122,55,0.207,2,-0.05,2.8948293,0
122,56,0.210,2,-0.05,-3.9960299,0
122,57,0.212,0,1.0,-5.1045275,0
122,58,0.182,1,-100.0,-4.412293,0
123,0,0.671,0,1.0,5.5454445,0
123,1,0.673,1,-0.05,4.2993236,0
123,2,0.661,2,-0.05,4.7736573,0
123,3,0.656,1,-0.05,5.060359,0
123,4,0.655,0,1.0,4.7593255,0
123,5,0.643,2,-0.05,4.813073,0
123,6,0.638,0,1.0,4.64383,0
123,7,0.651,0,1.0,5.2298856,0
123,8,0.638,0,1.0,4.7516437,0
123,9,0.634,1,-0.05,4.094549,0
123,10,0.628,2,-0.05,3.7452486,0
123,11,0.634,0,1.0,3.2621899,0
123,12,0.637,2,-0.05,6.109504,0
123,13,0.651,1,-0.05,6.850862,0
123,14,0.637,1,-0.05,5.965753,0
123,15,0.650,2,-0.05,4.408701,0
123,16,0.638,0,1.0,5.30093,0
123,17,0.653,0,1.0,7.485998,0
123,18,0.662,0,1.0,7.447973,0
123,19,0.683,2,-0.05,6.212448,0
123,20,0.682,0,1.0,6.9402285,0
123,21,0.704,0,1.0,4.628679,0
123,22,0.704,1,-0.05,5.01876,0
123,23,0.699,1,-0.05,5.0321054,0
123,24,0.690,0,1.0,5.494118,0
123,25,0.683,0,1.0,6.278597,0
123,26,0.688,0,1.0,4.9527416,0
123,27,0.685,1,-0.05,4.953561,0
123,28,0.684,0,1.0,6.99356,0
123,29,0.696,1,-0.05,5.0881286,0
123,30,0.675,0,1.0,4.6019573,0
123,31,0.704,2,-0.05,4.0811844,0
123,32,0.706,1,-0.05,3.6287084,0
123,33,0.708,0,1.0,4.5163693,0
123,34,0.676,0,1.0,2.8898947,0
123,35,0.665,0,1.0,3.1168778,0
123,36,0.630,0,1.0,4.598084,0
123,37,0.604,1,-0.05,3.3555949,0
123,38,0.595,0,1.0,2.813813,0
123,39,0.536,0,1.0,4.7935314,0
123,40,0.512,0,1.0,2.839351,0
123,41,0.472,0,1.0,3.5212307,0
123,42,0.442,2,-0.05,3.9736555,0
123,43,0.436,2,-0.05,5.2248545,0
123,44,0.423,2,-0.05,4.1565437,0
123,45,0.420,0,1.0,4.480448,0
123,46,0.414,2,-0.05,4.763622,0
123,47,0.402,0,1.0,5.15429,0
123,48,0.412,0,1.0,4.2104607,0
123,49,0.398,0,1.0,5.3568954,0
123,50,0.404,0,1.0,7.022623,0
123,51,0.408,0,1.0,7.004882,0
123,52,0.394,0,1.0,5.0241084,0
123,53,0.402,0,1.0,4.372111,0
123,54,0.389,0,1.0,7.107616,0
123,55,0.389,0,1.0,8.28352,0
123,56,0.386,0,1.0,9.81172,0
123,57,0.395,1,-0.05,8.151229,0
123,58,0.398,1,-0.05,7.088544,0
123,59,0.403,2,-0.05,6.343499,0
123,60,0.386,2,-0.05,6.023853,0
123,61,0.377,0,1.0,8.017343,0
123,62,0.396,1,-0.05,9.7138405,0
123,63,0.407,0,1.0,8.819104,0
123,64,0.397,0,1.0,5.7149696,0
123,65,0.399,2,-0.05,6.910816,0
123,66,0.408,2,-0.05,7.4427214,0
123,67,0.414,2,-0.05,5.9214725,0
123,68,0.402,2,-0.05,6.200601,0
123,69,0.410,1,-0.05,3.4358408,0
123,70,0.411,1,-0.05,5.043251,0
123,71,0.424,1,-0.05,5.5591974,0
123,72,0.407,2,-0.05,4.823942,0
123,73,0.420,1,-0.05,4.526003,0
123,74,0.427,0,1.0,4.784417,0
123,75,0.427,2,-0.05,5.914015,0
123,76,0.391,0,1.0,3.2931376,0
123,77,0.322,1,-0.05,-0.36578727,0
123,78,0.310,2,-0.05,-5.508364,0
123,79,0.288,2,-0.05,-5.407018,0
123,80,0.280,1,-0.05,-2.843895,0
123,81,0.238,0,1.0,-7.862939,0
123,82,0.159,1,-100.0,-9.664746,0
124,0,0.666,0,1.0,3.4610002,0
124,1,0.653,0,1.0,3.461972,0
124,2,0.668,1,-0.05,4.463547,0
124,3,0.665,0,1.0,4.227709,0
124,4,0.649,0,1.0,4.001423,0
124,5,0.628,0,1.0,4.064876,0
124,6,0.620,0,1.0,4.0488358,0
124,7,0.603,1,-0.05,3.1047869,0
124,8,0.606,0,1.0,3.7976506,0
124,9,0.576,0,1.0,4.219453,0
124,10,0.562,0,1.0,5.0025544,0
124,11,0.544,1,-0.05,5.584854,0
124,12,0.532,0,1.0,5.7102823,0
124,13,0.501,0,1.0,4.41113,0
124,14,0.463,0,1.0,4.4635086,0
124,15,0.421,0,1.0,5.168276,0
124,16,0.412,1,-0.05,4.45786,0
124,17,0.401,0,1.0,3.1406019,0
124,18,0.349,0,1.0,4.060047,0
124,19,0.338,2,-0.05,1.9690335,0
124,20,0.312,0,1.0,1.320518,0
124,21,0.270,0,1.0,1.6273077,0
124,22,0.264,1,-0.05,-1.9040363,0
124,23,0.259,2,-0.05,-4.27383,0
124,24,0.244,2,-0.05,-4.425825,0
124,25,0.234,0,1.0,-1.8935182,0
124,26,0.219,0,1.0,3.382048,0
124,27,0.225,1,-0.05,4.818506,0
124,28,0.217,1,-0.05,6.4302406,0
124,29,0.211,0,1.0,-1.1902103,0
124,30,0.203,2,-0.05,-17.297127,0
124,31,0.191,2,-100.0,-22.925234,0
125,0,0.672,1,-0.05,6.778975,0
125,1,0.672,0,1.0,5.0317745,0
125,2,0.650,0,1.0,5.0253043,0
125,3,0.633,0,1.0,4.228718,0
125,4,0.628,1,-0.05,4.5794754,0
125,5,0.624,0,1.0,3.0499222,0
125,6,0.609,1,-0.05,2.951211,0
125,7,0.605,0,1.0,2.5599997,0
125,8,0.579,0,1.0,2.5782232,0
125,9,0.540,2,-0.05,4.151226,0
125,10,0.532,2,-0.05,4.244646,0
125,11,0.537,0,1.0,5.1581764,0
125,12,0.511,0,1.0,4.717994,0
125,13,0.502,0,1.0,5.2882986,0
125,14,0.480,1,-0.05,4.6019626,0
125,15,0.486,0,1.0,5.207192,0
125,16,0.454,0,1.0,5.5739617,0
125,17,0.435,0,1.0,2.967597,0
125,18,0.406,0,1.0,3.6112683,0
125,19,0.367,0,1.0,3.6819966,0
125,20,0.363,1,-0.05,4.6164947,0
125,21,0.345,0,1.0,4.46607,0
125,22,0.328,1,-0.05,4.1466074,0
125,23,0.323,2,-0.05,3.2088718,0
125,24,0.314,2,-0.05,3.3309958,0
125,25,0.311,1,-0.05,3.3986142,0
125,26,0.304,0,1.0,3.9977238,0
125,27,0.274,1,-0.05,1.7539188,0
125,28,0.274,1,-0.05,-2.1827404,0
125,29,0.260,2,-0.05,-11.195528,0
125,30,0.248,0,1.0,-8.775206,0
125,31,0.209,0,1.0,-5.0608892,0
125,32,0.198,2,-100.0,-18.797346,0
126,0,0.659,2,-0.05,3.5594985,0
126,1,0.673,1,-0.05,3.312091,0
126,2,0.666,1,-0.05,2.5572205,0
126,3,0.663,0,1.0,3.524506,0
126,4,0.652,2,-0.05,3.6144264,0
126,5,0.656,0,1.0,4.9906135,0
126,6,0.627,0,1.0,5.306858,0
126,7,0.628,0,1.0,5.8224826,0
126,8,0.628,0,1.0,4.8075213,0
126,9,0.613,0,1.0,4.6225634,0
126,10,0.598,2,-0.05,5.133103,0
126,11,0.607,0,1.0,5.7960777,0
126,12,0.608,0,1.0,6.6557345,0
126,13,0.602,0,1.0,6.2687054,0
126,14,0.612,0,1.0,5.5545235,0
126,15,0.596,2,-0.05,6.0735455,0
126,16,0.613,0,1.0,4.866354,0
126,17,0.613,1,-0.05,6.87899,0
126,18,0.610,1,-0.05,7.524271,0
126,19,0.630,0,1.0,6.009229,0
126,20,0.611,0,1.0,4.3279266,0
126,21,0.614,0,1.0,5.1371613,0
126,22,0.611,1,-0.05,4.4710784,0
126,23,0.597,0,1.0,5.5447826,0
126,24,0.592,1,-0.05,3.826696,0
126,25,0.590,2,-0.05,2.9585774,0
126,26,0.572,0,1.0,2.7113376,0
126,27,0.588,0,1.0,5.066141,0
126,28,0.578,0,1.0,5.688589,0
126,29,0.582,0,1.0,4.853577,0
126,30,0.570,0,1.0,5.124994,0
126,31,0.583,0,1.0,4.295964,0
126,32,0.565,0,1.0,3.2299945,0
126,33,0.567,1,-0.05,3.8764262,0
126,34,0.573,1,-0.05,2.8257778,0
126,35,0.585,1,-0.05,1.2370234,0
126,36,0.590,1,-0.05,0.6136106,0
126,37,0.575,1,-0.05,2.0819798,0
126,38,0.570,1,-0.05,3.5659776,0
126,39,0.560,2,-0.05,1.9721017,0
126,40,0.543,2,-0.05,3.47973,0
126,41,0.537,0,1.0,3.7446647,0
126,42,0.491,1,-0.05,4.8095975,0
126,43,0.513,1,-0.05,4.883271,0
126,44,0.502,0,1.0,4.548242,0
126,45,0.465,0,1.0,2.4747455,0
126,46,0.388,0,1.0,2.8796234,0
126,47,0.386,1,-0.05,1.7738607,0
126,48,0.382,2,-0.05,1.4221584,0
126,49,0.364,2,-0.05,2.1012845,0
126,50,0.361,2,-0.05,4.114975,0
126,51,0.360,1,-0.05,3.5727322,0
126,52,0.352,1,-0.05,4.1124473,0
126,53,0.343,2,-0.05,2.6954331,0
126,54,0.333,2,-0.05,2.4327383,0
126,55,0.338,1,-0.05,0.7868104,0
126,56,0.345,1,-0.05,2.106937,0
126,57,0.335,1,-0.05,0.6309234,0
126,58,0.329,1,-0.05,3.3078926,0
126,59,0.288,0,1.0,5.3200407,0
126,60,0.258,2,-0.05,2.9296694,0
126,61,0.246,1,-0.05,-6.0092926,0
126,62,0.233,2,-0.05,-14.02446,0
126,63,0.218,1,-0.05,-18.011106,0
126,64,0.213,1,-0.05,-22.48831,0
126,65,0.222,1,-0.05,-17.701578,0
126,66,0.183,2,-100.0,-28.431744,0
127,0,0.658,0,1.0,6.4009233,0
127,1,0.658,0,1.0,4.8965697,0
127,2,0.669,1,-0.05,5.475013,0
127,3,0.666,0,1.0,6.5516644,0
127,4,0.666,0,1.0,4.3298063,0
127,5,0.661,0,1.0,4.851368,0
127,6,0.655,0,1.0,4.1467075,0
127,7,0.648,1,-0.05,5.691581,0
127,8,0.646,0,1.0,4.7450404,0
127,9,0.633,0,1.0,4.6940794,0
127,10,0.611,2,-0.05,3.7051635,0
127,11,0.619,2,-0.05,3.2895107,0
127,12,0.618,1,-0.05,4.7527175,0
127,13,0.603,0,1.0,3.7875926,0
127,14,0.593,1,-0.05,4.816968,0
127,15,0.607,1,-0.05,5.285551,0
127,16,0.578,0,1.0,4.1024566,0
127,17,0.559,1,-0.05,3.8798237,0
127,18,0.556,1,-0.05,3.2410963,0
127,19,0.536,1,-0.05,1.9512645,0
127,20,0.530,2,-0.05,1.9882845,0
127,21,0.521,2,-0.05,2.3102632,0
127,22,0.498,0,1.0,1.2512841,0
127,23,0.486,1,-0.05,2.2315464,0
127,24,0.471,0,1.0,1.9694978,0
127,25,0.435,1,-0.05,1.709979,0
127,26,0.414,2,-0.05,2.736089,0
127,27,0.403,0,1.0,2.8288686,0
127,28,0.373,1,-0.05,4.0499134,0
127,29,0.366,2,-0.05,3.9072194,0
127,30,0.359,2,-0.05,3.8378503,0
127,31,0.345,2,-0.05,3.2076635,0
127,32,0.340,2,-0.05,4.370704,0
127,33,0.353,0,1.0,4.725816,0
127,34,0.354,0,1.0,6.8395247,0
127,35,0.354,0,1.0,6.7761774,0
127,36,0.357,2,-0.05,5.637658,0
127,37,0.367,0,1.0,5.7252316,0
127,38,0.370,0,1.0,7.036437,0
127,39,0.387,2,-0.05,5.105385,0
127,40,0.378,0,1.0,6.1387057,0
127,41,0.413,2,-0.05,5.9271607,0
127,42,0.434,0,1.0,6.862394,0
127,43,0.449,1,-0.05,6.9040613,0
127,44,0.453,0,1.0,7.64148,0
127,45,0.491,0,1.0,6.42909,0
127,46,0.511,2,-0.05,6.7609377,0
127,47,0.518,1,-0.05,6.1538115,0
127,48,0.522,1,-0.05,6.1440253,0
127,49,0.519,1,-0.05,4.9912906,0
127,50,0.529,0,1.0,3.9657104,0
127,51,0.506,0,1.0,3.2415357,0
127,52,0.496,2,-0.05,3.0255141,0
127,53,0.513,0,1.0,4.1819496,0
127,54,0.510,1,-0.05,5.739769,0
127,55,0.508,0,1.0,5.656887,0
127,56,0.507,0,1.0,5.8627787,0
127,57,0.501,0,1.0,5.675573,0
127,58,0.495,0,1.0,4.89935,0
127,59,0.487,0,1.0,2.8066406,0
127,60,0.482,0,1.0,4.46012,0
127,61,0.458,1,-0.05,6.2268295,0
127,62,0.478,0,1.0,3.8508382,0
127,63,0.451,0,1.0,4.5921946,0
127,64,0.441,0,1.0,3.4180958,0
127,65,0.440,0,1.0,2.739369,0
127,66,0.417,1,-0.05,1.3728164,0
127,67,0.413,2,-0.05,0.93217915,0
127,68,0.405,2,-0.05,2.0993257,0
127,69,0.406,2,-0.05,3.6290398,0
127,70,0.420,0,1.0,4.84583,0
127,71,0.413,2,-0.05,5.600265,0
127,72,0.423,0,1.0,5.8559775,0
127,73,0.447,2,-0.05,4.1610756,0
127,74,0.458,1,-0.05,2.7423413,0
127,75,0.459,1,-0.05,0.8196659,0
127,76,0.459,2,-0.05,0.67616683,0
127,77,0.470,1,-0.05,2.0392008,0
127,78,0.485,0,1.0,2.7567248,0
127,79,0.425,2,-0.05,1.9594058,0
127,80,0.420,2,-0.05,0.9717798,0
127,81,0.400,2,-0.05,-1.821887,0
127,82,0.384,2,-0.05,-1.3313851,0
127,83,0.373,1,-0.05,-6.9907894,0
127,84,0.355,1,-0.05,-4.4412365,0
127,85,0.340,1,-0.05,0.656055,0
127,86,0.315,2,-0.05,-1.8850784,0
127,87,0.303,0,1.0,-4.7813373,0
127,88,0.208,1,-0.05,-4.4798317,0
127,89,0.199,0,-100.0,-11.425222,0
128,0,0.661,1,-0.05,4.0436783,0
128,1,0.661,2,-0.05,3.3789523,0
128,2,0.664,1,-0.05,4.477065,0
128,3,0.659,0,1.0,4.3561754,0
128,4,0.657,0,1.0,3.9573846,0
128,5,0.635,0,1.0,2.976279,0
128,6,0.607,0,1.0,3.3369794,0
128,7,0.602,2,-0.05,4.6231,0
128,8,0.594,0,1.0,3.6991682,0
128,9,0.599,0,1.0,4.0834527,0
128,10,0.593,2,-0.05,4.2655563,0
128,11,0.582,1,-0.05,3.483848,0
128,12,0.585,1,-0.05,3.9939048,0
128,13,0.571,0,1.0,4.926839,0
128,14,0.552,0,1.0,4.2086267,0
128,15,0.503,0,1.0,3.618662,0
128,16,0.490,0,1.0,3.6986728,0
128,17,0.450,0,1.0,4.274749,0
128,18,0.424,1,-0.05,3.2468352,0
128,19,0.398,0,1.0,4.1743755,0
128,20,0.383,2,-0.05,4.2824035,0
128,21,0.378,2,-0.05,2.2091823,0
128,22,0.340,0,1.0,3.6926003,0
128,23,0.341,1,-0.05,4.699747,0
128,24,0.323,0,1.0,3.6137044,0
128,25,0.306,2,-0.05,2.5565438,0
128,26,0.290,2,-0.05,0.35335404,0
128,27,0.296,1,-0.05,1.6043714,0
128,28,0.271,2,-0.05,1.6744169,0
128,29,0.280,2,-0.05,0.40890193,0
128,30,0.273,1,-0.05,2.5451694,0
128,31,0.277,2,-0.05,2.4365706,0
128,32,0.264,0,1.0,2.6007586,0
128,33,0.269,1,-0.05,4.1493816,0
128,34,0.262,0,1.0,4.8069873,0
128,35,0.257,0,1.0,3.5954697,0
128,36,0.247,1,-0.05,3.1805968,0
128,37,0.247,2,-0.05,4.793516,0
128,38,0.235,0,1.0,6.6101656,0
128,39,0.231,0,1.0,6.6356573,0
128,40,0.253,2,-0.05,5.025886,0
128,41,0.242,0,1.0,5.9830184,0
128,42,0.239,2,-0.05,3.922567,0
128,43,0.248,1,-0.05,3.9624648,0
128,44,0.270,1,-0.05,4.258213,0
128,45,0.252,2,-0.05,7.3951187,0
128,46,0.262,2,-0.05,6.0248666,0
128,47,0.265,0,1.0,4.7967463,0
128,48,0.289,1,-0.05,2.7982497,0
128,49,0.283,0,1.0,2.0083842,0
128,50,0.292,2,-0.05,2.3495798,0
128,51,0.307,0,1.0,4.9964767,0
128,52,0.325,0,1.0,7.0399756,0
128,53,0.345,1,-0.05,5.7375374,0
128,54,0.344,0,1.0,7.232668,0
128,55,0.383,0,1.0,6.3333807,0
128,56,0.398,0,1.0,6.053035,0
128,57,0.398,2,-0.05,7.783568,0
128,58,0.409,0,1.0,7.6573086,0
128,59,0.427,0,1.0,5.4350457,0
128,60,0.447,0,1.0,6.4175634,0
128,61,0.487,0,1.0,9.240868,0
128,62,0.499,2,-0.05,8.879823,0
128,63,0.500,0,1.0,8.221508,0
128,64,0.527,1,-0.05,7.7662916,0
128,65,0.539,0,1.0,6.4868546,0
128,66,0.573,0,1.0,5.331552,0
128,67,0.583,0,1.0,5.219034,0
128,68,0.613,0,1.0,3.4176269,0
128,69,0.632,0,1.0,0.077735156,0
128,70,0.545,0,1.0,1.0022191,0
128,71,0.458,1,-0.05,3.360176,0
128,72,0.426,0,1.0,4.676326,0
128,73,0.354,2,-0.05,4.2128205,0
128,74,0.335,1,-0.05,-1.6960344,0
128,75,0.307,0,1.0,-11.18816,0
128,76,0.230,2,-0.05,-15.333397,0
128,77,0.205,2,-0.05,-30.612194,0
128,78,0.192,2,-100.0,-41.03936,0
129,0,0.666,0,1.0,3.2997007,0
129,1,0.674,0,1.0,4.6555953,0
129,2,0.669,1,-0.05,5.254276,0
129,3,0.662,2,-0.05,5.4912777,0
129,4,0.677,0,1.0,5.656708,0
129,5,0.681,0,1.0,6.378439,0
129,6,0.690,0,1.0,6.3538,0
129,7,0.695,1,-0.05,7.5421257,0
129,8,0.689,0,1.0,8.982975,0
129,9,0.671,1,-0.05,8.486294,0
129,10,0.672,0,1.0,7.4488378,0
129,11,0.669,0,1.0,6.552007,0
129,12,0.683,2,-0.05,5.088473,0
129,13,0.670,1,-0.05,4.8091574,0
129,14,0.679,0,1.0,3.5288184,0
129,15,0.682,0,1.0,3.6226375,0
129,16,0.709,0,1.0,4.934707,0
129,17,0.700,0,1.0,4.085974,0
129,18,0.676,0,1.0,3.8921688,0
129,19,0.658,0,1.0,4.587616,0
129,20,0.662,0,1.0,4.235364,0
129,21,0.650,2,-0.05,4.836519,0
129,22,0.617,0,1.0,4.5690966,0
129,23,0.642,0,1.0,4.875948,0
129,24,0.611,2,-0.05,3.155489,0
129,25,0.629,1,-0.05,4.2772408,0
129,26,0.635,1,-0.05,4.846452,0
129,27,0.606,1,-0.05,5.451167,0
129,28,0.619,1,-0.05,3.518629,0
129,29,0.612,1,-0.05,3.098654,0
129,30,0.612,0,1.0,1.0824599,0
129,31,0.547,0,1.0,1.5278065,0
129,32,0.519,0,1.0,3.3369303,0
129,33,0.442,0,1.0,2.605696,0
129,34,0.417,2,-0.05,3.6746163,0
129,35,0.401,2,-0.05,4.845305,0
129,36,0.390,1,-0.05,4.125225,0
129,37,0.372,0,1.0,4.074793,0
129,38,0.331,2,-0.05,5.106965,0
129,39,0.316,2,-0.05,6.6841364,0
129,40,0.304,2,-0.05,2.5804853,0
129,41,0.298,2,-0.05,1.1971598,0
129,42,0.290,0,1.0,1.4573877,0
129,43,0.237,0,1.0,0.69164324,0
129,44,0.232,0,1.0,-3.1524959,0
129,45,0.212,1,-0.05,-5.2607927,0
129,46,0.208,1,-0.05,-9.243151,0
129,47,0.203,1,-0.05,-22.587187,0
129,48,0.203,1,-0.05,-30.378588,0
129,49,0.208,1,-0.05,-27.510277,0
129,50,0.184,1,-100.0,-25.16624,0
130,0,0.665,2,-0.05,5.463849,0
130,1,0.672,0,1.0,5.0872855,0
130,2,0.673,0,1.0,6.660038,0
130,3,0.680,0,1.0,4.837517,0
130,4,0.694,2,-0.05,4.085975,0
130,5,0.686,2,-0.05,4.6631947,0
130,6,0.711,0,1.0,4.4066954,0
130,7,0.689,1,-0.05,4.425004,0
130,8,0.668,0,1.0,5.585461,0
130,9,0.646,2,-0.05,4.3102913,0
130,10,0.649,0,1.0,4.4238844,0
130,11,0.617,1,-0.05,4.812388,0
130,12,0.607,0,1.0,5.47633,0
130,13,0.593,1,-0.05,5.2819433,0
130,14,0.580,0,1.0,3.5867066,0
130,15,0.572,0,1.0,4.7198205,0
130,16,0.550,0,1.0,5.5395823,0
130,17,0.551,0,1.0,6.940336,0
130,18,0.511,0,1.0,6.671069,0
130,19,0.508,2,-0.05,7.8502274,0
130,20,0.503,0,1.0,6.4117665,0
130,21,0.489,0,1.0,6.70684,0
130,22,0.470,0,1.0,6.4244595,0
130,23,0.448,2,-0.05,3.9336119,0
130,24,0.423,0,1.0,3.701948,0
130,25,0.404,0,1.0,6.1927896,0
130,26,0.367,1,-0.05,3.8950415,0
130,27,0.362,0,1.0,4.2277985,0
130,28,0.336,1,-0.05,2.0274572,0
130,29,0.338,0,1.0,2.6709163,0
130,30,0.319,2,-0.05,2.3628542,0
130,31,0.313,0,1.0,3.641427,0
130,32,0.276,0,1.0,4.78461,0
130,33,0.267,2,-0.05,3.2765365,0
130,34,0.271,2,-0.05,2.4425483,0
130,35,0.267,2,-0.05,0.91156125,0
130,36,0.241,0,1.0,-5.9651985,0
130,37,0.197,2,-100.0,-26.824593,0
131,0,0.666,0,1.0,4.431719,0
131,1,0.674,2,-0.05,4.8557634,0
131,2,0.660,2,-0.05,4.845311,0
131,3,0.679,2,-0.05,3.9250963,0
131,4,0.675,1,-0.05,4.752182,0
131,5,0.674,1,-0.05,3.9176323,0
131,6,0.676,0,1.0,4.39061,0
131,7,0.673,1,-0.05,3.03175,0
131,8,0.680,0,1.0,3.7396634,0
131,9,0.661,0,1.0,2.8929486,0
131,10,0.650,0,1.0,4.1540112,0
131,11,0.649,0,1.0,4.222995,0
131,12,0.638,0,1.0,4.403596,0
131,13,0.615,0,1.0,3.935491,0
131,14,0.600,0,1.0,3.9987814,0
131,15,0.602,2,-0.05,3.7560954,0
131,16,0.586,2,-0.05,3.8572028,0
131,17,0.594,2,-0.05,4.0692186,0
131,18,0.578,2,-0.05,4.001273,0
131,19,0.603,0,1.0,5.1207337,0
131,20,0.600,2,-0.05,5.981287,0
131,21,0.617,0,1.0,4.7744074,0
131,22,0.634,2,-0.05,5.7876973,0
131,23,0.643,0,1.0,6.511236,0
131,24,0.670,0,1.0,10.030442,0
131,25,0.697,2,-0.05,7.466482,0
131,26,0.676,0,1.0,7.715113,0
131,27,0.625,0,1.0,8.042303,0
131,28,0.577,0,1.0,7.525165,0
131,29,0.505,0,1.0,6.3594346,0
131,30,0.477,0,1.0,5.3764715,0
131,31,0.433,2,-0.05,4.90446,0
131,32,0.433,2,-0.05,5.7751837,0
131,33,0.415,2,-0.05,1.8218735,0
131,34,0.383,0,1.0,1.6424153,0
131,35,0.360,1,-0.05,-1.1514931,0
131,36,0.330,1,-0.05,-1.1999688,0
131,37,0.318,2,-0.05,-0.8091588,0
131,38,0.308,1,-0.05,1.9071867,0
131,39,0.304,1,-0.05,1.8948085,0
131,40,0.287,1,-0.05,0.4469571,0
131,41,0.251,0,1.0,2.1642008,0
131,42,0.237,1,-0.05,-3.0358148,0
131,43,0.213,2,-0.05,-10.606805,0
131,44,0.222,2,-0.05,-19.027006,0
131,45,0.213,2,-0.05,-7.5379133,0
131,46,0.204,1,-0.05,-37.267624,0
131,47,0.184,1,-100.0,-44.232662,0
132,0,0.665,2,-0.05,1.9526721,0
132,1,0.670,2,-0.05,3.1022737,0
132,2,0.659,2,-0.05,3.5754943,0
132,3,0.668,1,-0.05,3.7686589,0
132,4,0.682,0,1.0,5.6180596,0
132,5,0.690,0,1.0,5.856615,0
132,6,0.693,1,-0.05,6.510028,0
132,7,0.703,1,-0.05,4.4952636,0
132,8,0.700,1,-0.05,3.5294616,0
132,9,0.700,1,-0.05,4.7934685,0
132,10,0.686,0,1.0,5.2052803,0
132,11,0.668,0,1.0,3.1949594,0
132,12,0.633,0,1.0,2.8434224,0
132,13,0.617,0,1.0,4.0115623,0
132,14,0.579,0,1.0,3.7759101,0
132,15,0.541,0,1.0,3.7303154,0
132,16,0.522,2,-0.05,3.0600445,0
132,17,0.503,0,1.0,4.4263306,0
132,18,0.500,1,-0.05,6.196914,0
132,19,0.498,0,1.0,5.3874683,0
132,20,0.453,0,1.0,5.268797,0
132,21,0.432,2,-0.05,5.1917706,0
132,22,0.432,0,1.0,4.7261214,0
132,23,0.415,2,-0.05,5.136999,0
132,24,0.406,1,-0.05,4.534434,0
132,25,0.407,0,1.0,3.1568494,0
132,26,0.367,2,-0.05,1.0432492,0
132,27,0.369,2,-0.05,1.810672,0
132,28,0.369,2,-0.05,2.2250595,0
132,29,0.369,1,-0.05,3.4089592,0
132,30,0.366,1,-0.05,3.65916,0
132,31,0.361,2,-0.05,2.69968,0
132,32,0.353,0,1.0,3.0983818,0
132,33,0.323,0,1.0,4.007842,0
132,34,0.298,1,-0.05,2.8860836,0
132,35,0.302,0,1.0,4.3052077,0
132,36,0.281,2,-0.05,-0.67968416,0
132,37,0.278,0,1.0,-2.9078422,0
132,38,0.263,1,-0.05,-0.8555591,0
132,39,0.262,0,1.0,-1.9512856,0
132,40,0.241,1,-0.05,-5.2044196,0
132,41,0.238,0,1.0,-9.367839,0
132,42,0.195,2,-100.0,-21.76378,0
133,0,0.667,1,-0.05,6.643244,0
133,1,0.657,0,1.0,5.8865876,0
133,2,0.666,1,-0.05,5.2034535,0
133,3,0.645,2,-0.05,4.4091864,0
133,4,0.659,2,-0.05,4.448752,0
133,5,0.644,1,-0.05,6.7717185,0
133,6,0.654,1,-0.05,4.939112,0
133,7,0.650,0,1.0,5.514571,0
133,8,0.630,0,1.0,4.7780743,0
133,9,0.600,2,-0.05,4.133127,0
133,10,0.590,0,1.0,4.3707094,0
133,11,0.565,0,1.0,3.3041513,0
133,12,0.566,0,1.0,4.1493683,0
133,13,0.529,0,1.0,4.82367,0
133,14,0.531,1,-0.05,4.035734,0
133,15,0.529,2,-0.05,5.007058,0
133,16,0.513,0,1.0,4.858979,0
133,17,0.504,1,-0.05,6.8229365,0
133,18,0.508,0,1.0,5.990832,0
133,19,0.507,1,-0.05,3.594459,0
133,20,0.508,1,-0.05,2.7640326,0
133,21,0.474,0,1.0,3.6981328,0
133,22,0.451,1,-0.05,3.6403081,0
133,23,0.464,1,-0.05,4.868801,0
133,24,0.444,2,-0.05,5.053101,0
133,25,0.427,0,1.0,5.307509,0
133,26,0.411,0,1.0,3.9904697,0
133,27,0.379,0,1.0,3.903962,0
133,28,0.367,1,-0.05,3.466348,0
133,29,0.364,1,-0.05,3.0166748,0
133,30,0.357,2,-0.05,3.3277638,0
133,31,0.331,0,1.0,2.7900538,0
133,32,0.311,1,-0.05,3.5078757,0
133,33,0.307,1,-0.05,1.6548573,0
133,34,0.288,2,-0.05,0.9900938,0
133,35,0.279,0,1.0,0.1458627,0
133,36,0.274,1,-0.05,-0.55906045,0
133,37,0.266,1,-0.05,-2.2561827,0
133,38,0.272,1,-0.05,-5.8124876,0
133,39,0.260,2,-0.05,-9.93663,0
133,40,0.251,2,-0.05,-9.945941,0
133,41,0.246,0,1.0,-8.107583,0
133,42,0.219,0,1.0,-4.244463,0
133,43,0.202,0,1.0,-6.5569706,0
133,44,0.179,0,-100.0,-8.983179,0
134,0,0.660,1,-0.05,3.6622784,0
134,1,0.660,2,-0.05,3.716481,0
134,2,0.667,1,-0.05,2.858739,0
134,3,0.665,1,-0.05,1.5294245,0
134,4,0.674,1,-0.05,1.6495359,0
134,5,0.653,0,1.0,2.9112372,0
134,6,0.608,0,1.0,4.4842353,0
134,7,0.603,2,-0.05,3.7109468,0
134,8,0.577,0,1.0,4.8452425,0
134,9,0.553,0,1.0,4.0488725,0
134,10,0.527,2,-0.05,3.7406015,0
134,11,0.520,0,1.0,4.8033323,0
134,12,0.500,1,-0.05,4.794883,0
134,13,0.501,2,-0.05,5.1002164,0
134,14,0.484,0,1.0,4.782343,0
134,15,0.493,0,1.0,6.5174265,0
134,16,0.478,0,1.0,6.4846187,0
134,17,0.488,2,-0.05,5.5158057,0
134,18,0.468,0,1.0,5.690691,0
134,19,0.475,0,1.0,6.3821654,0
134,20,0.487,0,1.0,6.168176,0
134,21,0.480,2,-0.05,6.4272923,0
134,22,0.484,2,-0.05,7.1184015,0
134,23,0.483,1,-0.05,5.690337,0
134,24,0.486,1,-0.05,6.5152473,0
134,25,0.481,2,-0.05,5.5498643,0
134,26,0.485,1,-0.05,6.503877,0
134,27,0.490,1,-0.05,4.8152657,0
134,28,0.488,1,-0.05,4.47937,0
134,29,0.482,0,1.0,4.298761,0
134,30,0.462,0,1.0,3.723855,0
134,31,0.429,1,-0.05,2.9691567,0
134,32,0.430,1,-0.05,3.9573836,0
134,33,0.426,1,-0.05,1.8532586,0
134,34,0.406,0,1.0,2.6281438,0
134,35,0.359,1,-0.05,2.8639522,0
134,36,0.358,1,-0.05,3.5701141,0
134,37,0.353,1,-0.05,4.954551,0
134,38,0.343,1,-0.05,5.0354695,0
134,39,0.342,1,-0.05,2.6254082,0
134,40,0.332,2,-0.05,-2.144556,0
134,41,0.306,1,-0.05,-1.8089027,0
134,42,0.303,1,-0.05,-5.2358875,0
134,43,0.294,1,-0.05,-3.212431,0
134,44,0.260,0,1.0,-3.762066,0
134,45,0.192,1,-100.0,-9.896696,0
135,0,0.663,0,1.0,5.943426,0
135,1,0.672,0,1.0,6.6256666,0
135,2,0.659,0,1.0,5.440336,0
135,3,0.647,0,1.0,5.166703,0
135,4,0.661,1,-0.05,6.7615457,0
135,5,0.655,1,-0.05,6.111065,0
135,6,0.650,0,1.0,5.531252,0
135,7,0.631,0,1.0,3.1270773,0
135,8,0.610,0,1.0,4.05937,0
135,9,0.594,0,1.0,3.6947865,0
135,10,0.573,0,1.0,4.6735964,0
135,11,0.561,2,-0.05,4.849325,0
135,12,0.552,1,-0.05,5.899624,0
135,13,0.558,1,-0.05,5.1081533,0
135,14,0.541,0,1.0,4.3619328,0
135,15,0.505,0,1.0,5.5819597,0
135,16,0.458,0,1.0,5.1657515,0
135,17,0.411,0,1.0,5.705802,0
135,18,0.378,1,-0.05,5.197739,0
135,19,0.374,2,-0.05,3.8797798,0
135,20,0.356,2,-0.05,3.9018636,0
135,21,0.348,0,1.0,3.149166,0
135,22,0.329,1,-0.05,3.4553506,0
135,23,0.332,1,-0.05,3.6512618,0
135,24,0.321,2,-0.05,1.824939,0
135,25,0.301,0,1.0,0.9828066,0
135,26,0.292,1,-0.05,4.4591217,0
135,27,0.286,1,-0.05,1.9372717,0
135,28,0.278,2,-0.05,-2.243565,0
135,29,0.285,1,-0.05,-0.020066917,0
135,30,0.273,0,1.0,1.0939496,0
135,31,0.250,2,-0.05,-2.3235807,0
135,32,0.243,2,-0.05,-7.672401,0
135,33,0.241,1,-0.05,-10.142753,0
135,34,0.230,2,-0.05,-9.975816,0
135,35,0.218,1,-0.05,-10.248802,0
135,36,0.222,1,-0.05,-16.06284,0
135,37,0.219,2,-0.05,-27.85542,0
135,38,0.214,2,-0.05,-26.172342,0
135,39,0.206,1,-0.05,-16.852081,0
135,40,0.204,2,-0.05,-18.1466,0
135,41,0.193,1,-100.0,-15.72645,0
136,0,0.670,1,-0.05,5.545815,0
136,1,0.655,0,1.0,5.0488257,0
136,2,0.646,0,1.0,5.1804485,0
136,3,0.629,2,-0.05,5.0371165,0
136,4,0.639,1,-0.05,4.7316923,0
136,5,0.620,0,1.0,4.218049,0
136,6,0.596,0,1.0,5.3381453,0
136,7,0.581,0,1.0,4.069618,0
136,8,0.540,2,-0.05,4.4765224,0
136,9,0.525,0,1.0,5.7126684,0
136,10,0.516,1,-0.05,5.20399,0
136,11,0.513,0,1.0,3.337116,0
136,12,0.482,0,1.0,2.8705316,0
136,13,0.432,0,1.0,2.9076529,0
136,14,0.435,2,-0.05,2.7255154,0
136,15,0.405,0,1.0,4.133422,0
136,16,0.390,0,1.0,3.8228264,0
136,17,0.381,0,1.0,4.4797688,0
136,18,0.353,0,1.0,4.655442,0
136,19,0.331,0,1.0,4.344876,0
136,20,0.322,0,1.0,5.6249657,0
136,21,0.302,1,-0.05,4.6153107,0
136,22,0.298,0,1.0,2.7235396,0
136,23,0.279,2,-0.05,-1.2928226,0
136,24,0.260,2,-0.05,-4.916857,0
136,25,0.261,1,-0.05,-1.6676314,0
136,26,0.258,1,-0.05,-3.7884681,0
136,27,0.240,2,-0.05,-6.775738,0
136,28,0.244,1,-0.05,-7.846407,0
136,29,0.225,2,-0.05,-10.630821,0
136,30,0.230,2,-0.05,-13.535515,0
136,31,0.222,1,-0.05,-9.632957,0
136,32,0.234,2,-0.05,-11.746487,0
136,33,0.212,0,1.0,-11.934232,0
136,34,0.214,2,-0.05,0.006298065,0
136,35,0.210,0,1.0,0.92073107,0
136,36,0.202,0,1.0,3.7664914,0
136,37,0.213,0,1.0,2.4252052,0
136,38,0.212,1,-0.05,3.2840066,0
136,39,0.202,2,-0.05,2.5682895,0
136,40,0.206,1,-0.05,3.6696115,0
136,41,0.209,0,1.0,3.4846687,0
136,42,0.194,0,-100.0,2.984766,0
137,0,0.661,0,1.0,6.7648945,0
137,1,0.658,2,-0.05,5.843108,0
137,2,0.661,0,1.0,5.6442013,0
137,3,0.677,1,-0.05,5.4580336,0
137,4,0.681,0,1.0,6.6011596,0
137,5,0.665,0,1.0,4.898509,0
137,6,0.668,0,1.0,4.521316,0
137,7,0.655,0,1.0,5.071251,0
137,8,0.664,0,1.0,5.5712957,0
137,9,0.661,0,1.0,5.435452,0
137,10,0.662,1,-0.05,3.0582995,0
137,11,0.650,2,-0.05,3.2672324,0
137,12,0.652,0,1.0,5.9936543,0
137,13,0.649,0,1.0,7.876087,0
137,14,0.673,2,-0.05,6.7569633,0
137,15,0.679,0,1.0,7.1415496,0
137,16,0.685,2,-0.05,6.697622,0
137,17,0.697,0,1.0,5.085016,0
137,18,0.700,1,-0.05,7.378839,0
137,19,0.695,0,1.0,6.0577188,0
137,20,0.674,0,1.0,6.4724393,0
137,21,0.655,0,1.0,8.100573,0
137,22,0.623,0,1.0,7.7415786,0
137,23,0.629,0,1.0,7.6640964,0
137,24,0.597,0,1.0,8.55161,0
137,25,0.591,1,-0.05,7.016521,0
137,26,0.581,2,-0.05,5.9452343,0
137,27,0.584,2,-0.05,6.2545037,0
137,28,0.582,1,-0.05,5.35357,0
137,29,0.568,0,1.0,5.915373,0
137,30,0.555,0,1.0,6.880725,0
137,31,0.541,2,-0.05,4.8603234,0
137,32,0.536,0,1.0,6.098706,0
137,33,0.507,1,-0.05,7.4713287,0
137,34,0.501,0,1.0,6.042918,0
137,35,0.484,1,-0.05,5.2963514,0
137,36,0.491,0,1.0,5.521757,0
137,37,0.483,2,-0.05,3.2054396,0
137,38,0.478,0,1.0,3.2058864,0
137,39,0.478,2,-0.05,2.3173318,0
137,40,0.473,0,1.0,2.8430784,0
137,41,0.448,2,-0.05,3.7787392,0
137,42,0.441,1,-0.05,2.3703957,0
137,43,0.438,0,1.0,3.3419707,0
137,44,0.411,0,1.0,3.9678168,0
137,45,0.412,1,-0.05,3.2996738,0
137,46,0.401,0,1.0,1.8420844,0
137,47,0.402,2,-0.05,2.035393,0
137,48,0.402,0,1.0,3.6413183,0
137,49,0.381,0,1.0,3.2114544,0
137,50,0.375,0,1.0,5.3654246,0
137,51,0.392,0,1.0,4.457219,0
137,52,0.437,0,1.0,4.4404945,0
137,53,0.457,0,1.0,3.6415014,0
137,54,0.555,0,1.0,3.4563,0
137,55,0.642,0,1.0,4.596582,0
137,56,0.681,0,1.0,4.4866724,0
137,57,0.705,0,1.0,3.772498,0
137,58,0.625,1,-0.05,4.76367,0
137,59,0.597,0,1.0,3.6370883,0
137,60,0.519,2,-0.05,3.6998992,0
137,61,0.499,1,-0.05,0.08996308,0
137,62,0.485,2,-0.05,0.103073716,0
137,63,0.463,2,-0.05,-0.25242436,0
137,64,0.463,2,-0.05,0.14932704,0
137,65,0.431,2,-0.05,0.69833946,0
137,66,0.396,1,-0.05,2.749139,0
137,67,0.407,1,-0.05,1.7911103,0
137,68,0.347,0,1.0,-1.748693,0
137,69,0.292,2,-0.05,-13.783417,0
137,70,0.246,0,1.0,-25.158531,0
137,71,0.163,1,-100.0,-33.416454,0
138,0,0.671,0,1.0,5.4314322,0
138,1,0.672,0,1.0,4.8200426,0
138,2,0.659,0,1.0,2.57473,0
138,3,0.655,2,-0.05,2.965554,0
138,4,0.658,1,-0.05,2.6461985,0
138,5,0.655,0,1.0,2.4231622,0
138,6,0.645,0,1.0,4.803068,0
138,7,0.625,2,-0.05,3.8050966,0
138,8,0.619,0,1.0,3.9363968,0
138,9,0.605,0,1.0,5.1491084,0
138,10,0.605,0,1.0,4.8110094,0
138,11,0.603,2,-0.05,2.9886923,0
138,12,0.595,2,-0.05,3.7754898,0
138,13,0.599,0,1.0,4.240829,0
138,14,0.619,0,1.0,4.8718114,0
138,15,0.626,0,1.0,5.88936,0
138,16,0.643,1,-0.05,6.5105658,0
138,17,0.646,0,1.0,5.908523,0
138,18,0.625,1,-0.05,5.725468,0
138,19,0.643,0,1.0,6.2180624,0
138,20,0.638,0,1.0,4.9212966,0
138,21,0.639,0,1.0,5.448996,0
138,22,0.624,0,1.0,4.229964,0
138,23,0.631,1,-0.05,3.9265795,0
138,24,0.627,2,-0.05,3.4451249,0
138,25,0.619,0,1.0,3.9745574,0
138,26,0.611,0,1.0,7.495447,0
138,27,0.621,0,1.0,7.216976,0
138,28,0.646,1,-0.05,5.3002586,0
138,29,0.625,0,1.0,6.1210575,0
138,30,0.647,0,1.0,5.04196,0
138,31,0.651,1,-0.05,6.253631,0
138,32,0.633,1,-0.05,5.996228,0
138,33,0.645,0,1.0,4.3013153,0
138,34,0.629,1,-0.05,4.56085,0
138,35,0.638,0,1.0,3.576244,0
138,36,0.603,0,1.0,1.7518041,0
138,37,0.570,2,-0.05,3.1350834,0
138,38,0.562,0,1.0,4.3394437,0
138,39,0.543,0,1.0,4.693817,0
138,40,0.530,0,1.0,4.003168,0
138,41,0.515,1,-0.05,5.4955935,0
138,42,0.495,0,1.0,5.9250307,0
138,43,0.483,1,-0.05,2.7309122,0
138,44,0.476,1,-0.05,5.086166,0
138,45,0.464,2,-0.05,4.297701,0
138,46,0.462,1,-0.05,2.6044345,0
138,47,0.468,1,-0.05,1.6355073,0
138,48,0.458,1,-0.05,2.4779847,0
138,49,0.451,1,-0.05,2.906911,0
138,50,0.447,1,-0.05,3.4729319,0
138,51,0.437,2,-0.05,0.13503146,0
138,52,0.412,1,-0.05,1.1124547,0
138,53,0.416,1,-0.05,1.2675601,0
138,54,0.391,1,-0.05,-0.98935366,0
138,55,0.397,1,-0.05,-0.18825293,0
138,56,0.357,0,1.0,0.05053234,0
138,57,0.288,1,-0.05,-1.7888498,0
138,58,0.282,1,-0.05,-14.623128,0
138,59,0.231,0,1.0,-36.210953,0
138,60,0.191,1,-100.0,-86.65063,0
139,0,0.663,0,1.0,5.7641068,0
139,1,0.672,0,1.0,5.1357484,0
139,2,0.650,0,1.0,5.0909486,0
139,3,0.647,0,1.0,5.3921156,0
139,4,0.649,2,-0.05,4.5066447,0
139,5,0.654,2,-0.05,5.258911,0
139,6,0.656,0,1.0,6.303968,0
139,7,0.654,2,-0.05,4.7007074,0
139,8,0.669,2,-0.05,3.9449215,0
139,9,0.667,2,-0.05,5.3870273,0
139,10,0.684,0,1.0,6.8739405,0
139,11,0.697,2,-0.05,5.058805,0
139,12,0.692,0,1.0,5.053308,0
139,13,0.632,0,1.0,4.5593886,0
139,14,0.580,2,-0.05,4.091996,0
139,15,0.561,0,1.0,5.078012,0
139,16,0.523,0,1.0,6.133411,0
139,17,0.450,0,1.0,5.30072,0
139,18,0.370,0,1.0,3.2856624,0
139,19,0.351,1,-0.05,3.2487652,0
139,20,0.331,1,-0.05,1.1028175,0
139,21,0.299,0,1.0,2.1874788,0
139,22,0.261,1,-0.05,2.3115954,0
139,23,0.265,0,1.0,-0.06828499,0
139,24,0.229,2,-0.05,1.1726522,0
139,25,0.234,2,-0.05,0.8285818,0
139,26,0.224,2,-0.05,-9.025269,0
139,27,0.210,2,-0.05,-23.808079,0
139,28,0.202,2,-0.05,-38.671227,0
139,29,0.191,1,-100.0,-40.549442,0
140,0,0.663,0,1.0,3.7390718,0
140,1,0.659,2,-0.05,4.000431,0
140,2,0.662,2,-0.05,2.8689895,0
140,3,0.668,1,-0.05,5.0736413,0
140,4,0.676,2,-0.05,4.163657,0
140,5,0.650,0,1.0,5.0083528,0
140,6,0.682,1,-0.05,5.3857174,0
140,7,0.681,0,1.0,5.374033,0
140,8,0.686,0,1.0,3.9712524,0
140,9,0.678,0,1.0,5.6260033,0
140,10,0.701,2,-0.05,6.146614,0
140,11,0.710,2,-0.05,5.8656034,0
140,12,0.697,2,-0.05,6.272886,0
140,13,0.686,1,-0.05,5.601367,0
140,14,0.675,0,1.0,6.5448895,0
140,15,0.674,0,1.0,5.459127,0
140,16,0.645,0,1.0,6.659754,0
140,17,0.632,0,1.0,6.5883803,0
140,18,0.628,0,1.0,5.9413366,0
140,19,0.615,0,1.0,5.512898,0
140,20,0.604,1,-0.05,5.284405,0
140,21,0.596,0,1.0,5.999002,0
140,22,0.594,0,1.0,5.073764,0
140,23,0.594,0,1.0,5.9753537,0
140,24,0.583,1,-0.05,4.510842,0
140,25,0.579,1,-0.05,6.3308587,0
140,26,0.589,1,-0.05,4.8013353,0
140,27,0.587,2,-0.05,3.8046484,0
140,28,0.581,0,1.0,5.4401197,0
140,29,0.588,0,1.0,5.431771,0
140,30,0.609,0,1.0,4.5029125,0
140,31,0.609,2,-0.05,4.045729,0
140,32,0.605,0,1.0,4.6783557,0
140,33,0.602,2,-0.05,5.7621236,0
140,34,0.591,1,-0.05,5.979321,0
140,35,0.586,0,1.0,4.3005514,0
140,36,0.594,2,-0.05,3.709033,0
140,37,0.597,1,-0.05,3.3031247,0
140,38,0.599,1,-0.05,2.9980628,0
140,39,0.610,0,1.0,4.18637,0
140,40,0.618,0,1.0,5.2575316,0
140,41,0.660,0,1.0,2.8078709,0
140,42,0.678,1,-0.05,2.079899,0
140,43,0.689,0,1.0,3.9174228,0
140,44,0.699,1,-0.05,3.6442115,0
140,45,0.662,0,1.0,3.2296107,0
140,46,0.653,1,-0.05,0.88657963,0
140,47,0.617,0,1.0,0.78742385,0
140,48,0.595,1,-0.05,-1.0438244,0
140,49,0.573,0,1.0,1.8218588,0
140,50,0.495,0,1.0,1.5584368,0
140,51,0.466,1,-0.05,3.4158275,0
140,52,0.442,1,-0.05,4.182497,0
140,53,0.397,0,1.0,0.9811969,0
140,54,0.364,1,-0.05,0.48563814,0
140,55,0.343,1,-0.05,0.4162526,0
140,56,0.336,0,1.0,-0.51938295,0
140,57,0.254,2,-0.05,-1.2193532,0
140,58,0.258,1,-0.05,-7.0044117,0
140,59,0.228,2,-0.05,-8.737343,0
140,60,0.214,2,-0.05,-9.572351,0
140,61,0.192,0,-100.0,-39.238277,0
141,0,0.664,2,-0.05,4.5260344,0
141,1,0.655,0,1.0,6.297434,0
141,2,0.675,2,-0.05,6.6627235,0
141,3,0.669,0,1.0,7.743118,0
141,4,0.707,0,1.0,6.187581,0
141,5,0.688,0,1.0,6.0908656,0
141,6,0.670,0,1.0,5.885913,0
141,7,0.638,0,1.0,6.3618994,0
141,8,0.618,0,1.0,6.329044,0
141,9,0.591,0,1.0,5.4862084,0
141,10,0.566,0,1.0,6.3853774,0
141,11,0.538,0,1.0,3.4742384,0
141,12,0.539,2,-0.05,3.496565,0
141,13,0.518,1,-0.05,3.8480399,0
141,14,0.519,0,1.0,4.9655323,0
141,15,0.509,0,1.0,3.958473,0
141,16,0.507,2,-0.05,3.8905017,0
141,17,0.490,0,1.0,3.9361134,0
141,18,0.480,2,-0.05,4.7842,0
141,19,0.478,2,-0.05,4.5638065,0
141,20,0.476,2,-0.05,1.2470199,0
141,21,0.477,1,-0.05,2.0014322,0
141,22,0.462,0,1.0,3.1362581,0
141,23,0.414,0,1.0,2.6101649,0
141,24,0.423,2,-0.05,3.2444773,0
141,25,0.388,0,1.0,4.634968,0
141,26,0.358,0,1.0,3.9612665,0
141,27,0.335,1,-0.05,1.7287472,0
141,28,0.331,0,1.0,1.9674493,0
141,29,0.308,2,-0.05,2.1569555,0
141,30,0.302,1,-0.05,1.2800523,0
141,31,0.294,1,-0.05,2.0500908,0
141,32,0.285,0,1.0,1.1109868,0
141,33,0.302,0,1.0,4.1890306,0
141,34,0.292,1,-0.05,4.3087034,0
141,35,0.285,2,-0.05,4.1110754,0
141,36,0.289,0,1.0,5.622583,0
141,37,0.281,2,-0.05,1.0373602,0
141,38,0.275,2,-0.05,0.1655832,0
141,39,0.264,2,-0.05,-1.2401581,0
141,40,0.271,1,-0.05,-0.03431034,0
141,41,0.262,1,-0.05,-1.7710385,0
141,42,0.267,2,-0.05,0.21955085,0
141,43,0.242,0,1.0,1.044229,0
141,44,0.226,2,-0.05,-1.3375545,0
141,45,0.228,2,-0.05,-3.6103578,0
141,46,0.221,2,-0.05,-0.24398232,0
141,47,0.215,1,-0.05,-24.622162,0
141,48,0.198,0,-100.0,-30.622992,0
142,0,0.660,0,1.0,4.688323,0
142,1,0.658,0,1.0,6.4178896,0
142,2,0.657,0,1.0,6.380555,0
142,3,0.658,0,1.0,4.9603295,0
142,4,0.654,2,-0.05,6.4463673,0
142,5,0.653,0,1.0,4.8383636,0
142,6,0.675,2,-0.05,6.500243,0
142,7,0.675,0,1.0,5.828014,0
142,8,0.681,0,1.0,5.561818,0
142,9,0.697,0,1.0,6.7593136,0
142,10,0.675,0,1.0,4.6936154,0
142,11,0.670,1,-0.05,4.9881544,0
142,12,0.661,0,1.0,4.952949,0
142,13,0.650,0,1.0,7.6817737,0
142,14,0.642,0,1.0,5.8677974,0
142,15,0.633,0,1.0,7.2683525,0
142,16,0.624,0,1.0,5.791543,0
142,17,0.625,2,-0.05,4.398001,0
142,18,0.614,0,1.0,6.495457,0
142,19,0.595,2,-0.05,5.9745345,0
142,20,0.592,0,1.0,5.4284368,0
142,21,0.569,0,1.0,5.8613954,0
142,22,0.534,2,-0.05,5.871407,0
142,23,0.521,0,1.0,5.837234,0
142,24,0.506,0,1.0,5.4491234,0
142,25,0.472,1,-0.05,5.1227336,0
142,26,0.452,1,-0.05,4.090728,0
142,27,0.434,1,-0.05,2.1267824,0
142,28,0.436,0,1.0,3.976003,0
142,29,0.437,2,-0.05,1.7694998,0
142,30,0.442,2,-0.05,2.176282,0
142,31,0.440,1,-0.05,3.7666368,0
142,32,0.433,2,-0.05,3.785649,0
142,33,0.420,2,-0.05,3.4291527,0
142,34,0.412,0,1.0,3.618762,0
142,35,0.385,1,-0.05,3.5216067,0
142,36,0.385,0,1.0,4.325695,0
142,37,0.354,0,1.0,3.5289547,0
142,38,0.335,0,1.0,5.298694,0
142,39,0.302,2,-0.05,3.6116214,0
142,40,0.296,2,-0.05,2.4898417,0
142,41,0.291,2,-0.05,1.9513228,0
142,42,0.297,1,-0.05,3.7662544,0
142,43,0.273,2,-0.05,2.850963,0
142,44,0.277,0,1.0,3.5120904,0
142,45,0.228,1,-0.05,4.6396027,0
142,46,0.225,2,-0.05,1.7948691,0
142,47,0.206,2,-0.05,-1.7160816,0
142,48,0.200,1,-0.05,-5.281595,0
142,49,0.192,1,-100.0,-2.1208954,0
143,0,0.663,0,1.0,5.630367,0
143,1,0.654,2,-0.05,4.641393,0
143,2,0.669,1,-0.05,4.6434593,0
143,3,0.656,2,-0.05,4.357775,0
143,4,0.667,0,1.0,4.5296154,0
143,5,0.650,2,-0.05,5.151182,0
143,6,0.657,0,1.0,3.5479696,0
143,7,0.681,0,1.0,5.704073,0
143,8,0.690,0,1.0,5.209237,0
143,9,0.689,0,1.0,7.632612,0
143,10,0.693,0,1.0,6.9773145,0
143,11,0.674,0,1.0,7.2064657,0
143,12,0.677,0,1.0,6.331289,0
143,13,0.637,0,1.0,7.584729,0
143,14,0.636,2,-0.05,6.801924,0
143,15,0.635,1,-0.05,5.58885,0
143,16,0.628,1,-0.05,6.5905685,0
143,17,0.625,1,-0.05,5.476234,0
143,18,0.623,2,-0.05,4.200056,0
143,19,0.625,0,1.0,4.4889445,0
143,20,0.640,0,1.0,5.4825172,0
143,21,0.628,1,-0.05,4.5587206,0
143,22,0.632,0,1.0,6.025085,0
143,23,0.629,0,1.0,5.8989253,0
143,24,0.641,1,-0.05,5.436998,0
143,25,0.631,1,-0.05,4.728323,0
143,26,0.635,0,1.0,2.8251405,0
143,27,0.658,0,1.0,3.2436569,0
143,28,0.674,1,-0.05,4.050477,0
143,29,0.706,0,1.0,5.9761677,0
143,30,0.700,1,-0.05,3.1576898,0
143,31,0.700,1,-0.05,3.6775804,0
143,32,0.693,2,-0.05,3.4697149,0
143,33,0.681,0,1.0,3.0439405,0
143,34,0.649,1,-0.05,2.538724,0
143,35,0.658,1,-0.05,1.7925103,0
143,36,0.639,2,-0.05,0.7921372,0
143,37,0.635,2,-0.05,1.2370481,0
143,38,0.619,1,-0.05,3.7298079,0
143,39,0.624,1,-0.05,2.0101862,0
143,40,0.614,2,-0.05,1.1480131,0
143,41,0.596,0,1.0,1.5966483,0
143,42,0.567,0,1.0,2.3200912,0
143,43,0.556,1,-0.05,1.073855,0
143,44,0.556,1,-0.05,0.97341406,0
143,45,0.530,0,1.0,2.7204378,0
143,46,0.497,1,-0.05,1.9754864,0
143,47,0.502,2,-0.05,3.14211,0
143,48,0.466,0,1.0,3.1585226,0
143,49,0.453,0,1.0,4.2808604,0
143,50,0.410,0,1.0,4.4834065,0
143,51,0.388,2,-0.05,4.4919796,0
143,52,0.389,0,1.0,3.3511848,0
143,53,0.346,0,1.0,5.4276276,0
143,54,0.339,1,-0.05,3.9545546,0
143,55,0.336,0,1.0,3.0211256,0
143,56,0.320,1,-0.05,3.7725523,0
143,57,0.299,2,-0.05,1.2174587,0
143,58,0.307,0,1.0,2.628502,0
143,59,0.280,0,1.0,4.100024,0
143,60,0.268,0,1.0,2.9160163,0
143,61,0.248,2,-0.05,0.057166338,0
143,62,0.250,0,1.0,-0.4331169,0
143,63,0.252,0,1.0,6.1580844,0
143,64,0.245,0,1.0,5.466826,0
143,65,0.233,2,-0.05,1.6431453,0
143,66,0.239,1,-0.05,4.0001335,0
143,67,0.239,1,-0.05,4.6349006,0
143,68,0.234,2,-0.05,-0.33492863,0
143,69,0.224,0,1.0,0.9355593,0
143,70,0.222,2,-0.05,4.739155,0
143,71,0.210,0,1.0,4.030511,0
143,72,0.226,2,-0.05,3.434856,0
143,73,0.231,2,-0.05,2.9543304,0
143,74,0.233,2,-0.05,2.7767034,0
143,75,0.233,1,-0.05,2.3720717,0
143,76,0.224,2,-0.05,0.14322758,0
143,77,0.240,1,-0.05,0.49021292,0
143,78,0.244,1,-0.05,2.3118582,0
143,79,0.247,0,1.0,2.7412298,0
143,80,0.257,1,-0.05,3.7037039,0
143,81,0.265,2,-0.05,6.0872784,0
143,82,0.252,0,1.0,4.6537037,0
143,83,0.262,2,-0.05,0.9979682,0
143,84,0.259,2,-0.05,0.81021976,0
143,85,0.261,1,-0.05,-0.25374937,0
143,86,0.284,1,-0.05,-0.7975192,0
143,87,0.269,2,-0.05,-3.4479718,0
143,88,0.270,2,-0.05,-4.1709204,0
143,89,0.276,1,-0.05,-1.8192616,0
143,90,0.282,1,-0.05,-2.3903632,0
143,91,0.276,2,-0.05,-9.522232,0
143,92,0.249,1,-0.05,-6.3791885,0
143,93,0.171,0,-100.0,-12.850455,0
144,0,0.660,0,1.0,4.0999517,0
144,1,0.655,0,1.0,6.7205524,0
144,2,0.660,1,-0.05,5.8788104,0
144,3,0.660,0,1.0,5.4467897,0
144,4,0.657,1,-0.05,4.632921,0
144,5,0.646,0,1.0,4.2757854,0
144,6,0.637,0,1.0,4.7161636,0
144,7,0.625,2,-0.05,4.7682905,0
144,8,0.605,2,-0.05,5.3181386,0
144,9,0.601,0,1.0,4.1941347,0
144,10,0.595,1,-0.05,6.12086,0
144,11,0.609,1,-0.05,3.8115335,0
144,12,0.600,1,-0.05,2.919391,0
144,13,0.588,1,-0.05,2.6386456,0
144,14,0.599,1,-0.05,1.7066779,0
144,15,0.585,0,1.0,2.5823402,0
144,16,0.524,0,1.0,4.0434666,0
144,17,0.496,0,1.0,4.07102,0
144,18,0.442,0,1.0,5.1178102,0
144,19,0.407,0,1.0,6.075062,0
144,20,0.375,2,-0.05,5.714755,0
144,21,0.355,0,1.0,6.0023513,0
144,22,0.299,0,1.0,5.558696,0
144,23,0.223,0,1.0,4.987767,0
144,24,0.217,1,-0.05,-10.196793,0
144,25,0.212,2,-0.05,-23.01411,0
144,26,0.219,1,-0.05,-29.341558,0
144,27,0.206,1,-0.05,-34.560318,0
144,28,0.197,1,-100.0,-22.300158,0
145,0,0.663,0,1.0,4.793259,0
145,1,0.654,0,1.0,3.4613104,0
145,2,0.662,2,-0.05,4.3182483,0
145,3,0.654,1,-0.05,3.8099391,0
145,4,0.675,1,-0.05,3.702734,0
145,5,0.653,0,1.0,4.7532597,0
145,6,0.623,0,1.0,4.026112,0
145,7,0.607,0,1.0,4.4789524,0
145,8,0.563,0,1.0,4.886031,0
145,9,0.545,0,1.0,4.605887,0
145,10,0.515,0,1.0,4.854394,0
145,11,0.491,1,-0.05,5.309393,0
145,12,0.482,0,1.0,3.494946,0
145,13,0.452,2,-0.05,3.3483455,0
145,14,0.447,2,-0.05,3.3283792,0
145,15,0.446,2,-0.05,3.412867,0
145,16,0.428,1,-0.05,3.5558133,0
145,17,0.433,0,1.0,3.5326946,0
145,18,0.381,0,1.0,4.3241606,0
145,19,0.356,0,1.0,3.7836065,0
145,20,0.345,1,-0.05,2.5923407,0
145,21,0.329,0,1.0,4.1160245,0
145,22,0.299,0,1.0,3.7559807,0
145,23,0.259,2,-0.05,3.5438366,0
145,24,0.253,2,-0.05,-0.004442692,0
145,25,0.253,2,-0.05,-2.1401384,0
145,26,0.237,2,-0.05,-0.5875257,0
145,27,0.232,1,-0.05,4.9131064,0
145,28,0.239,0,1.0,3.4343157,0
145,29,0.204,2,-0.05,-6.963008,0
145,30,0.205,2,-0.05,-13.051633,0
145,31,0.206,1,-0.05,-3.425834,0
145,32,0.196,1,-100.0,-6.864271,0
146,0,0.662,2,-0.05,4.09841,0
146,1,0.673,0,1.0,3.8540204,0
146,2,0.669,2,-0.05,4.684619,0
146,3,0.669,0,1.0,4.8771496,0
146,4,0.706,0,1.0,4.7299595,0
146,5,0.703,1,-0.05,6.3180103,0
146,6,0.693,1,-0.05,7.628482,0
146,7,0.683,0,1.0,7.485512,0
146,8,0.674,0,1.0,5.8016763,0
146,9,0.676,1,-0.05,6.7229323,0
146,10,0.675,0,1.0,6.759735,0
146,11,0.689,0,1.0,4.4917784,0
146,12,0.702,2,-0.05,4.4641085,0
146,13,0.700,0,1.0,2.96007,0
146,14,0.697,1,-0.05,3.8608477,0
146,15,0.697,0,1.0,5.120223,0
146,16,0.701,2,-0.05,5.3981123,0
146,17,0.704,2,-0.05,4.639585,0
146,18,0.708,2,-0.05,4.921657,0
146,19,0.698,2,-0.05,4.645085,0
146,20,0.694,2,-0.05,5.149154,0
146,21,0.686,0,1.0,5.104352,0
146,22,0.661,0,1.0,7.8686748,0
146,23,0.628,2,-0.05,9.0787525,0
146,24,0.618,1,-0.05,5.4117455,0
146,25,0.588,0,1.0,5.0714726,0
146,26,0.568,1,-0.05,4.781123,0
146,27,0.559,1,-0.05,4.3123274,0
146,28,0.566,2,-0.05,4.1610303,0
146,29,0.553,1,-0.05,3.0467424,0
146,30,0.554,0,1.0,3.5980155,0
146,31,0.542,0,1.0,5.557798,0
146,32,0.530,2,-0.05,5.4906416,0
146,33,0.532,0,1.0,5.7060156,0
146,34,0.526,0,1.0,5.041602,0
146,35,0.485,0,1.0,5.8859124,0
146,36,0.490,0,1.0,6.3401146,0
146,37,0.475,0,1.0,5.083621,0
146,38,0.456,2,-0.05,4.5130906,0
146,39,0.464,2,-0.05,5.8542295,0
146,40,0.435,0,1.0,4.846124,0
146,41,0.426,0,1.0,4.952708,0
146,42,0.381,0,1.0,4.722654,0
146,43,0.355,1,-0.05,3.6509452,0
146,44,0.346,1,-0.05,2.5036545,0
146,45,0.341,1,-0.05,2.036008,0
146,46,0.339,1,-0.05,0.4172542,0
146,47,0.333,1,-0.05,1.8452792,0
146,48,0.334,0,1.0,4.004194,0
146,49,0.336,0,1.0,5.1801796,0
146,50,0.350,0,1.0,5.653247,0
146,51,0.361,2,-0.05,5.3362007,0
146,52,0.370,1,-0.05,5.7104664,0
146,53,0.377,0,1.0,5.6082115,0
146,54,0.393,2,-0.05,5.5268736,0
146,55,0.404,0,1.0,1.2091525,0
146,56,0.411,0,1.0,0.22962376,0
146,57,0.443,0,1.0,2.2290688,0
146,58,0.443,2,-0.05,2.1229515,0
146,59,0.462,0,1.0,1.3557707,0
146,60,0.491,0,1.0,2.3531964,0
146,61,0.533,1,-0.05,1.6449282,0
146,62,0.569,0,1.0,1.058548,0
146,63,0.612,0,1.0,4.4039717,0
146,64,0.693,2,-0.05,2.4663432,0
146,65,0.691,0,1.0,3.625618,0
146,66,0.767,2,-0.05,3.154321,0
146,67,0.802,0,1.0,1.9432199,0
146,68,0.755,2,-0.05,3.9943843,0
146,69,0.718,2,-0.05,3.22302,0
146,70,0.708,0,1.0,5.2337656,0
146,71,0.612,2,-0.05,5.2625804,0
146,72,0.591,0,1.0,3.456185,0
146,73,0.492,0,1.0,3.2058618,0
146,74,0.414,2,-0.05,2.2086039,0
146,75,0.406,2,-0.05,-1.369751,0
146,76,0.394,2,-0.05,-5.0274286,0
146,77,0.373,2,-0.05,-8.274967,0
146,78,0.359,1,-0.05,-3.8102474,0
146,79,0.360,1,-0.05,-9.621319,0
146,80,0.325,0,1.0,-19.522837,0
146,81,0.253,1,-0.05,-10.303276,0
146,82,0.244,1,-0.05,-14.7114525,0
146,83,0.211,2,-0.05,-25.380306,0
146,84,0.208,1,-0.05,-27.939762,0
146,85,0.144,0,-100.0,-35.360107,0
147,0,0.669,1,-0.05,4.906956,0
147,1,0.660,0,1.0,5.358567,0
147,2,0.651,1,-0.05,4.7936187,0
147,3,0.636,0,1.0,4.8712997,0
147,4,0.618,0,1.0,5.1715355,0
147,5,0.587,0,1.0,5.2197065,0
147,6,0.557,0,1.0,5.3851953,0
147,7,0.531,0,1.0,4.659439,0
147,8,0.503,0,1.0,4.9928513,0
147,9,0.489,1,-0.05,5.9600825,0
147,10,0.482,1,-0.05,5.2771893,0
147,11,0.465,0,1.0,4.593789,0
147,12,0.424,2,-0.05,4.779458,0
147,13,0.411,2,-0.05,4.082721,0
147,14,0.406,2,-0.05,2.7436368,0
147,15,0.404,1,-0.05,4.2369785,0
147,16,0.393,2,-0.05,4.319659,0
147,17,0.395,2,-0.05,3.813793,0
147,18,0.388,0,1.0,5.367701,0
147,19,0.365,0,1.0,5.928622,0
147,20,0.351,2,-0.05,5.462745,0
147,21,0.365,0,1.0,4.6589794,0
147,22,0.358,1,-0.05,5.6029983,0
147,23,0.352,1,-0.05,4.6882977,0
147,24,0.343,1,-0.05,3.955402,0
147,25,0.344,1,-0.05,3.618177,0
147,26,0.358,1,-0.05,2.8258255,0
147,27,0.348,2,-0.05,2.6113183,0
147,28,0.333,1,-0.05,2.4819064,0
147,29,0.324,2,-0.05,2.6658354,0
147,30,0.321,2,-0.05,3.172668,0
147,31,0.322,2,-0.05,2.673665,0
147,32,0.310,1,-0.05,3.9369345,0
147,33,0.307,0,1.0,4.131053,0
147,34,0.276,2,-0.05,1.9841202,0
147,35,0.262,2,-0.05,-0.7818639,0
147,36,0.261,2,-0.05,-2.078323,0
147,37,0.257,1,-0.05,-0.1332714,0
147,38,0.262,2,-0.05,-5.1888046,0
147,39,0.252,0,1.0,-1.4769937,0
147,40,0.241,0,1.0,6.0061374,0
147,41,0.234,1,-0.05,5.256513,0
147,42,0.234,0,1.0,7.0153213,0
147,43,0.240,2,-0.05,3.0506668,0
147,44,0.225,0,1.0,2.8606415,0
147,45,0.213,0,1.0,5.6149693,0
147,46,0.226,2,-0.05,4.7228165,0
147,47,0.223,0,1.0,6.280614,0
147,48,0.219,0,1.0,5.211462,0
147,49,0.229,2,-0.05,5.649316,0
147,50,0.236,0,1.0,6.233428,0
147,51,0.238,2,-0.05,4.8319154,0
147,52,0.248,2,-0.05,5.535029,0
147,53,0.261,0,1.0,5.1080174,0
147,54,0.294,1,-0.05,5.13422,0
147,55,0.289,2,-0.05,4.6345143,0
147,56,0.288,0,1.0,5.8227262,0
147,57,0.344,2,-0.05,5.3689566,0
147,58,0.373,0,1.0,5.683489,0
147,59,0.401,0,1.0,6.129527,0
147,60,0.469,0,1.0,6.424616,0
147,61,0.510,2,-0.05,5.797512,0
147,62,0.528,0,1.0,6.4994946,0
147,63,0.564,0,1.0,4.5484276,0
147,64,0.642,0,1.0,4.653491,0
147,65,0.700,0,1.0,7.651402,0
147,66,0.697,0,1.0,6.4359627,0
147,67,0.650,0,1.0,4.7290144,0
147,68,0.620,1,-0.05,4.0517473,0
147,69,0.628,0,1.0,3.2138612,0
147,70,0.621,1,-0.05,1.8098831,0
147,71,0.631,2,-0.05,2.2440844,0
147,72,0.625,1,-0.05,3.1937995,0
147,73,0.604,1,-0.05,2.387129,0
147,74,0.634,2,-0.05,4.407543,0
147,75,0.646,1,-0.05,2.4175763,0
147,76,0.652,0,1.0,1.9340653,0
147,77,0.654,0,1.0,8.11829,0
147,78,0.731,0,1.0,8.370851,0
147,79,0.750,2,-0.05,8.281832,0
147,80,0.710,2,-0.05,7.773001,0
147,81,0.701,1,-0.05,9.343686,0
147,82,0.671,0,1.0,7.6871715,0
147,83,0.619,1,-0.05,5.8150067,0
147,84,0.601,2,-0.05,6.3537397,0
147,85,0.578,0,1.0,7.5708976,0
147,86,0.490,1,-0.05,6.5393324,0
147,87,0.473,1,-0.05,6.9479113,0
147,88,0.463,1,-0.05,4.8885894,0
147,89,0.438,1,-0.05,6.615261,0
147,90,0.442,2,-0.05,0.5272304,0
147,91,0.428,2,-0.05,1.4152224,0
147,92,0.392,0,1.0,5.2039165,0
147,93,0.317,1,-0.05,1.3652835,0
147,94,0.315,0,1.0,-6.2936153,0
147,95,0.214,1,-0.05,-6.2284393,0
147,96,0.212,2,-0.05,-21.24573,0
147,97,0.189,1,-100.0,-22.891829,0
148,0,0.665,2,-0.05,3.9926555,0
148,1,0.673,0,1.0,4.453543,0
148,2,0.669,2,-0.05,5.432651,0
148,3,0.666,1,-0.05,5.807521,0
148,4,0.694,0,1.0,3.7371507,0
148,5,0.679,0,1.0,5.3077173,0
148,6,0.688,0,1.0,5.7296395,0
148,7,0.673,0,1.0,4.0196714,0
148,8,0.686,0,1.0,4.074512,0
148,9,0.669,0,1.0,5.021877,0
148,10,0.673,2,-0.05,4.475695,0
148,11,0.673,0,1.0,5.02861,0
148,12,0.679,2,-0.05,5.6312437,0
148,13,0.673,0,1.0,5.3427005,0
148,14,0.705,1,-0.05,3.9256973,0
148,15,0.705,1,-0.05,4.342497,0
148,16,0.690,0,1.0,3.5255527,0
148,17,0.702,1,-0.05,3.0445135,0
148,18,0.707,1,-0.05,2.644452,0
148,19,0.703,1,-0.05,3.0361094,0
148,20,0.701,0,1.0,3.8716922,0
148,21,0.678,0,1.0,5.3966084,0
148,22,0.632,0,1.0,5.9051437,0
148,23,0.591,0,1.0,4.9025025,0
148,24,0.580,0,1.0,3.809151,0
148,25,0.533,0,1.0,4.5089474,0
148,26,0.491,0,1.0,4.9372435,0
148,27,0.478,0,1.0,5.3262677,0
148,28,0.437,2,-0.05,5.7471395,0
148,29,0.426,2,-0.05,5.0548887,0
148,30,0.418,0,1.0,5.3114023,0
148,31,0.406,0,1.0,4.821583,0
148,32,0.387,0,1.0,6.0331593,0
148,33,0.365,0,1.0,4.5939817,0
148,34,0.358,1,-0.05,2.2246118,0
148,35,0.378,1,-0.05,1.2677047,0
148,36,0.348,0,1.0,4.0626507,0
148,37,0.332,2,-0.05,4.51091,0
148,38,0.324,2,-0.05,2.7800636,0
148,39,0.307,0,1.0,2.1611013,0
148,40,0.305,2,-0.05,3.6030602,0
148,41,0.299,2,-0.05,2.53965,0
148,42,0.292,0,1.0,2.592,0
148,43,0.305,0,1.0,4.927591,0
148,44,0.303,0,1.0,3.8384337,0
148,45,0.310,0,1.0,4.1662025,0
148,46,0.315,2,-0.05,6.0770216,0
148,47,0.326,0,1.0,7.3846474,0
148,48,0.342,0,1.0,5.800558,0
148,49,0.349,0,1.0,8.922759,0
148,50,0.361,0,1.0,7.393673,0
148,51,0.384,1,-0.05,7.3777194,0
148,52,0.388,0,1.0,5.8963437,0
148,53,0.383,0,1.0,5.054409,0
148,54,0.395,1,-0.05,8.430818,0
148,55,0.396,0,1.0,5.7807617,0
148,56,0.397,2,-0.05,4.316803,0
148,57,0.386,1,-0.05,4.166732,0
148,58,0.396,2,-0.05,5.7646675,0
148,59,0.400,2,-0.05,5.856092,0
148,60,0.395,1,-0.05,7.3823442,0
148,61,0.395,2,-0.05,6.4930034,0
148,62,0.382,2,-0.05,5.8258343,0
148,63,0.400,1,-0.05,5.923347,0
148,64,0.396,1,-0.05,4.609864,0
148,65,0.393,2,-0.05,5.059944,0
148,66,0.393,2,-0.05,5.081565,0
148,67,0.390,2,-0.05,4.900542,0
148,68,0.395,1,-0.05,3.7471824,0
148,69,0.404,0,1.0,2.1770315,0
148,70,0.417,2,-0.05,2.1035984,0
148,71,0.407,2,-0.05,2.653004,0
148,72,0.408,2,-0.05,3.7899072,0
148,73,0.418,1,-0.05,3.0669963,0
148,74,0.412,2,-0.05,2.053864,0
148,75,0.420,2,-0.05,0.22776294,0
148,76,0.428,1,-0.05,3.6017995,0
148,77,0.429,1,-0.05,4.0056667,0
148,78,0.448,1,-0.05,1.1137025,0
148,79,0.450,2,-0.05,2.3034768,0
148,80,0.444,2,-0.05,3.0342891,0
148,81,0.431,2,-0.05,3.965618,0
148,82,0.369,0,1.0,5.176845,0
148,83,0.330,1,-0.05,3.783104,0
148,84,0.311,2,-0.05,3.2900677,0
148,85,0.305,2,-0.05,1.2546825,0
148,86,0.294,1,-0.05,4.752748,0
148,87,0.274,1,-0.05,4.8132,0
148,88,0.258,1,-0.05,-5.1831455,0
148,89,0.246,1,-0.05,-9.884159,0
148,90,0.223,1,-0.05,-6.3473625,0
148,91,0.219,2,-0.05,-26.547508,0
148,92,0.193,2,-100.0,-24.616806,0
149,0,0.657,1,-0.05,3.152087,0
149,1,0.659,1,-0.05,3.284474,0
149,2,0.656,0,1.0,2.1978889,0
149,3,0.638,0,1.0,4.8579803,0
149,4,0.634,0,1.0,3.4124017,0
149,5,0.591,1,-0.05,2.7561808,0
149,6,0.608,1,-0.05,2.7845447,0
149,7,0.581,0,1.0,1.2365184,0
149,8,0.566,1,-0.05,2.4125805,0
149,9,0.553,1,-0.05,4.0565066,0
149,10,0.517,0,1.0,4.3806744,0
149,11,0.511,2,-0.05,4.955966,0
149,12,0.475,2,-0.05,4.623561,0
149,13,0.460,1,-0.05,4.0167437,0
149,14,0.456,0,1.0,4.477399,0
149,15,0.410,2,-0.05,5.43327,0
149,16,0.412,2,-0.05,5.669865,0
149,17,0.393,1,-0.05,5.590677,0
149,18,0.374,1,-0.05,4.307934,0
149,19,0.376,2,-0.05,4.4064255,0
149,20,0.370,2,-0.05,5.3177423,0
149,21,0.358,0,1.0,5.080288,0
149,22,0.305,2,-0.05,5.3453636,0
149,23,0.289,1,-0.05,5.5580635,0
149,24,0.288,0,1.0,4.3771644,0
149,25,0.224,2,-0.05,5.7103944,0
149,26,0.232,2,-0.05,-5.8310127,0
149,27,0.227,2,-0.05,-13.657413,0
149,28,0.211,2,-0.05,-8.368748,0
149,29,0.219,2,-0.05,-8.286914,0
149,30,0.200,2,-0.05,-7.418894,0
149,31,0.205,1,-0.05,3.3486326,0
149,32,0.197,0,-100.0,1.6933627,0
150,0,0.670,1,-0.05,4.8505087,0
150,1,0.669,2,-0.05,3.3186924,0
150,2,0.661,1,-0.05,2.4853258,0
150,3,0.662,0,1.0,1.7366959,0
150,4,0.662,0,1.0,3.4679928,0
150,5,0.620,2,-0.05,4.502567,0
150,6,0.634,0,1.0,5.589025,0
150,7,0.619,0,1.0,4.4898944,0
150,8,0.614,0,1.0,3.6521387,0
150,9,0.596,0,1.0,4.4475813,0
150,10,0.608,1,-0.05,5.124941,0
150,11,0.591,2,-0.05,4.1537547,0
150,12,0.598,1,-0.05,4.2182755,0
150,13,0.597,1,-0.05,3.6289747,0
150,14,0.585,0,1.0,2.9053512,0
150,15,0.558,0,1.0,3.7136915,0
150,16,0.552,1,-0.05,4.32181,0
150,17,0.546,0,1.0,3.7681515,0
150,18,0.522,0,1.0,4.921096,0
150,19,0.473,0,1.0,5.353468,0
150,20,0.414,0,1.0,4.628149,0
150,21,0.415,0,1.0,4.799528,0
150,22,0.379,2,-0.05,4.93635,0
150,23,0.361,2,-0.05,2.9314218,0
150,24,0.363,1,-0.05,3.4369838,0
150,25,0.353,0,1.0,3.7548301,0
150,26,0.313,1,-0.05,4.703786,0
150,27,0.312,0,1.0,3.5276089,0
150,28,0.269,2,-0.05,3.7458034,0
150,29,0.269,2,-0.05,0.9738462,0
150,30,0.253,2,-0.05,0.9319985,0
150,31,0.256,0,1.0,-2.7970262,0
150,32,0.221,0,1.0,-5.0136585,0
150,33,0.213,1,-0.05,-8.744821,0
150,34,0.208,2,-0.05,-11.872396,0
150,35,0.192,0,-100.0,-10.8601,0
151,0,0.667,0,1.0,5.7606306,0
151,1,0.673,0,1.0,7.1788883,0
151,2,0.666,0,1.0,6.125175,0
151,3,0.657,0,1.0,5.869019,0
151,4,0.675,0,1.0,6.430934,0
151,5,0.668,0,1.0,5.0259304,0
151,6,0.669,0,1.0,6.7399416,0
151,7,0.653,0,1.0,6.1577334,0
151,8,0.675,0,1.0,6.3801804,0
151,9,0.662,0,1.0,5.5652857,0
151,10,0.679,0,1.0,4.8166037,0
151,11,0.674,0,1.0,5.961109,0
151,12,0.680,2,-0.05,3.8320708,0
151,13,0.657,0,1.0,5.853707,0
151,14,0.677,0,1.0,7.771995,0
151,15,0.689,1,-0.05,5.467689,0
151,16,0.693,2,-0.05,7.193805,0
151,17,0.683,0,1.0,6.969123,0
151,18,0.681,2,-0.05,6.3721304,0
151,19,0.696,0,1.0,6.319669,0
151,20,0.657,2,-0.05,7.0585704,0
151,21,0.660,1,-0.05,5.8375406,0
151,22,0.648,1,-0.05,5.5710454,0
151,23,0.640,1,-0.05,6.6360493,0
151,24,0.644,2,-0.05,7.1237173,0
151,25,0.627,0,1.0,7.3334537,0
151,26,0.598,0,1.0,5.3240595,0
151,27,0.583,0,1.0,5.4340076,0
151,28,0.556,0,1.0,6.0124364,0
151,29,0.523,0,1.0,6.7028203,0
151,30,0.478,0,1.0,7.1338825,0
151,31,0.460,0,1.0,6.076537,0
151,32,0.422,0,1.0,7.4243827,0
151,33,0.399,1,-0.05,6.2957277,0
151,34,0.396,0,1.0,5.04387,0
151,35,0.384,0,1.0,3.384772,0
151,36,0.355,2,-0.05,2.5558991,0
151,37,0.359,0,1.0,3.052577,0
151,38,0.340,2,-0.05,2.0718844,0
151,39,0.347,0,1.0,2.196299,0
151,40,0.310,0,1.0,2.8499222,0
151,41,0.269,2,-0.05,-0.12503219,0
151,42,0.265,2,-0.05,-0.19957876,0
151,43,0.253,2,-0.05,0.79717135,0
151,44,0.214,0,1.0,2.1794682,0
151,45,0.185,2,-100.0,-2.292423,0
152,0,0.658,2,-0.05,4.868528,0
152,1,0.660,1,-0.05,5.331258,0
152,2,0.660,2,-0.05,5.506786,0
152,3,0.660,0,1.0,4.2092485,0
152,4,0.683,0,1.0,6.433198,0
152,5,0.688,0,1.0,4.380067,0
152,6,0.692,2,-0.05,5.149899,0
152,7,0.705,2,-0.05,5.8608685,0
152,8,0.700,0,1.0,5.894027,0
152,9,0.650,0,1.0,5.5173993,0
152,10,0.616,0,1.0,7.391871,0
152,11,0.589,2,-0.05,5.202979,0
152,12,0.595,0,1.0,4.407235,0
152,13,0.552,1,-0.05,5.8006077,0
152,14,0.542,0,1.0,6.628109,0
152,15,0.493,0,1.0,6.529934,0
152,16,0.434,0,1.0,4.7881756,0
152,17,0.419,0,1.0,4.973982,0
152,18,0.397,2,-0.05,4.226715,0
152,19,0.392,1,-0.05,4.053236,0
152,20,0.372,2,-0.05,4.3765574,0
152,21,0.366,2,-0.05,5.768347,0
152,22,0.367,1,-0.05,4.7045965,0
152,23,0.350,0,1.0,3.830027,0
152,24,0.341,1,-0.05,5.4498763,0
152,25,0.320,2,-0.05,4.590287,0
152,26,0.306,2,-0.05,4.4979076,0
152,27,0.314,2,-0.05,4.7782097,0
152,28,0.309,1,-0.05,5.121828,0
152,29,0.294,0,1.0,7.125719,0
152,30,0.261,1,-0.05,5.592224,0
152,31,0.254,2,-0.05,-1.1618776,0
152,32,0.255,2,-0.05,1.7237563,0
152,33,0.236,2,-0.05,-0.01431942,0
152,34,0.228,2,-0.05,-17.372265,0
152,35,0.217,1,-0.05,-17.84499,0
152,36,0.173,0,-100.0,-33.288155,0
153,0,0.671,0,1.0,3.2972887,0
153,1,0.676,0,1.0,3.2346857,0
153,2,0.662,0,1.0,5.1223087,0
153,3,0.652,2,-0.05,4.1338263,0
153,4,0.668,0,1.0,4.685424,0
153,5,0.652,1,-0.05,5.4041057,0
153,6,0.658,2,-0.05,6.1896873,0
153,7,0.670,0,1.0,7.268207,0
153,8,0.689,0,1.0,7.701289,0
153,9,0.697,2,-0.05,5.005076,0
153,10,0.696,2,-0.05,6.444583,0
153,11,0.697,2,-0.05,6.087548,0
153,12,0.707,1,-0.05,6.291921,0
153,13,0.684,0,1.0,4.262712,0
153,14,0.662,0,1.0,5.1722493,0
153,15,0.644,1,-0.05,6.5440264,0
153,16,0.631,1,-0.05,6.6877,0
153,17,0.626,0,1.0,6.188398,0
153,18,0.631,2,-0.05,4.13274,0
153,19,0.634,1,-0.05,3.3091896,0
153,20,0.638,0,1.0,2.72342,0
153,21,0.641,2,-0.05,4.3438034,0
153,22,0.637,0,1.0,4.9473014,0
153,23,0.634,0,1.0,5.936471,0
153,24,0.644,1,-0.05,4.180445,0
153,25,0.648,0,1.0,3.7083611,0
153,26,0.649,0,1.0,4.019212,0
153,27,0.674,0,1.0,4.299553,0
153,28,0.683,0,1.0,4.0773363,0
153,29,0.694,1,-0.05,2.659649,0
153,30,0.689,0,1.0,2.5112927,0
153,31,0.668,0,1.0,4.745822,0
153,32,0.682,2,-0.05,4.0972557,0
153,33,0.687,0,1.0,4.240082,0
153,34,0.673,1,-0.05,4.7014523,0
153,35,0.663,1,-0.05,3.3247728,0
153,36,0.656,2,-0.05,2.4435816,0
153,37,0.657,0,1.0,2.9773805,0
153,38,0.655,1,-0.05,2.967906,0
153,39,0.653,1,-0.05,2.5492964,0
153,40,0.649,1,-0.05,1.6791786,0
153,41,0.634,0,1.0,1.4733547,0
153,42,0.620,0,1.0,2.4132524,0
153,43,0.585,2,-0.05,4.238241,0
153,44,0.581,0,1.0,4.725376,0
153,45,0.534,0,1.0,4.4420094,0
153,46,0.539,0,1.0,4.410486,0
153,47,0.499,0,1.0,4.519758,0
153,48,0.474,0,1.0,6.765597,0
153,49,0.465,2,-0.05,4.403316,0
153,50,0.454,0,1.0,4.6595936,0
153,51,0.437,1,-0.05,4.739062,0
153,52,0.442,1,-0.05,4.314974,0
153,53,0.427,2,-0.05,3.877671,0
153,54,0.426,1,-0.05,4.386315,0
153,55,0.418,2,-0.05,5.026536,0
153,56,0.419,0,1.0,3.231399,0
153,57,0.412,0,1.0,6.5840745,0
153,58,0.395,0,1.0,3.4579265,0
153,59,0.386,0,1.0,3.0499542,0
153,60,0.364,2,-0.05,4.0188823,0
153,61,0.360,2,-0.05,4.09616,0
153,62,0.349,0,1.0,5.2768645,0
153,63,0.366,0,1.0,6.8486953,0
153,64,0.374,2,-0.05,7.840387,0
153,65,0.374,2,-0.05,4.84851,0
153,66,0.377,2,-0.05,6.7398205,0
153,67,0.381,1,-0.05,7.612068,0
153,68,0.390,2,-0.05,7.5529423,0
153,69,0.390,2,-0.05,7.8027244,0
153,70,0.384,1,-0.05,7.8739905,0
153,71,0.389,0,1.0,6.526714,0
153,72,0.417,2,-0.05,4.363324,0
153,73,0.425,1,-0.05,3.363483,0
153,74,0.428,0,1.0,2.3200574,0
153,75,0.429,2,-0.05,3.1979465,0
153,76,0.418,0,1.0,4.494019,0
153,77,0.437,2,-0.05,3.6827612,0
153,78,0.438,2,-0.05,3.012108,0
153,79,0.435,2,-0.05,3.873873,0
153,80,0.444,1,-0.05,6.7183285,0
153,81,0.457,1,-0.05,5.910783,0
153,82,0.445,1,-0.05,4.8408327,0
153,83,0.424,0,1.0,5.924805,0
153,84,0.294,0,1.0,6.3575673,0
153,85,0.239,2,-0.05,3.703491,0
153,86,0.227,2,-0.05,-5.9313536,0
153,87,0.197,2,-100.0,-18.160248,0
154,0,0.663,0,1.0,7.0534196,0
154,1,0.673,2,-0.05,6.0826087,0
154,2,0.662,2,-0.05,5.184763,0
154,3,0.663,0,1.0,4.873629,0
154,4,0.683,2,-0.05,5.0057693,0
154,5,0.687,0,1.0,4.605628,0
154,6,0.694,1,-0.05,3.6865854,0
154,7,0.687,0,1.0,5.688649,0
154,8,0.670,0,1.0,4.7204113,0
154,9,0.634,0,1.0,6.1692195,0
154,10,0.620,0,1.0,7.0338187,0
154,11,0.610,0,1.0,4.077009,0
154,12,0.594,2,-0.05,4.8795757,0
154,13,0.582,0,1.0,5.022439,0
154,14,0.544,1,-0.05,4.5723543,0
154,15,0.548,1,-0.05,5.647231,0
154,16,0.541,1,-0.05,5.3665323,0
154,17,0.535,1,-0.05,5.242259,0
154,18,0.547,0,1.0,4.7131724,0
154,19,0.558,1,-0.05,4.82884,0
154,20,0.547,0,1.0,3.630713,0
154,21,0.559,1,-0.05,3.072978,0
154,22,0.563,0,1.0,3.0349822,0
154,23,0.582,1,-0.05,1.4757222,0
154,24,0.595,0,1.0,4.7322373,0
154,25,0.616,2,-0.05,5.2382593,0
154,26,0.631,0,1.0,5.087908,0
154,27,0.659,0,1.0,4.027647,0
154,28,0.669,0,1.0,5.542457,0
154,29,0.698,0,1.0,5.527483,0
154,30,0.697,1,-0.05,4.9480896,0
154,31,0.679,0,1.0,4.9071765,0
154,32,0.650,1,-0.05,4.0567713,0
154,33,0.645,1,-0.05,3.4554613,0
154,34,0.634,0,1.0,3.6090224,0
154,35,0.603,0,1.0,3.349932,0
154,36,0.534,0,1.0,4.596465,0
154,37,0.483,2,-0.05,2.160537,0
154,38,0.479,0,1.0,3.1881886,0
154,39,0.436,0,1.0,3.6033838,0
154,40,0.370,0,1.0,2.3218346,0
154,41,0.354,1,-0.05,2.8080616,0
154,42,0.339,2,-0.05,2.9642985,0
154,43,0.321,0,1.0,3.8429,0
154,44,0.311,2,-0.05,2.9223614,0
154,45,0.307,2,-0.05,2.4528599,0
154,46,0.294,1,-0.05,2.0052848,0
154,47,0.301,1,-0.05,2.8956885,0
154,48,0.293,2,-0.05,2.6705391,0
154,49,0.286,2,-0.05,2.9479754,0
154,50,0.289,1,-0.05,2.2629852,0
154,51,0.287,1,-0.05,2.3998394,0
154,52,0.286,1,-0.05,1.8474035,0
154,53,0.274,1,-0.05,0.42408514,0
154,54,0.280,1,-0.05,-0.7928715,0
154,55,0.267,1,-0.05,-6.253075,0
154,56,0.255,1,-0.05,-12.136601,0
154,57,0.248,2,-0.05,-27.678198,0
154,58,0.240,1,-0.05,-32.38486,0
154,59,0.231,1,-0.05,-37.947037,0
154,60,0.218,1,-0.05,-45.30967,0
154,61,0.158,0,-100.0,-57.72635,0
155,0,0.662,0,1.0,4.1441455,0
155,1,0.676,0,1.0,5.8709054,0
155,2,0.661,2,-0.05,4.595728,0
155,3,0.652,2,-0.05,3.2884433,0
155,4,0.673,0,1.0,5.544034,0
155,5,0.677,0,1.0,6.5198755,0
155,6,0.681,1,-0.05,7.8064194,0
155,7,0.691,1,-0.05,6.52672,0
155,8,0.711,0,1.0,7.1257544,0
155,9,0.699,2,-0.05,4.0076056,0
155,10,0.699,0,1.0,2.6072888,0
155,11,0.698,0,1.0,6.928179,0
155,12,0.698,0,1.0,6.6903915,0
155,13,0.703,0,1.0,6.072628,0
155,14,0.687,0,1.0,4.6388197,0
155,15,0.683,0,1.0,5.4983997,0
155,16,0.683,0,1.0,5.0321927,0
155,17,0.661,0,1.0,6.2150736,0
155,18,0.672,0,1.0,6.3471913,0
155,19,0.659,0,1.0,6.8297195,0
155,20,0.656,0,1.0,6.636978,0
155,21,0.644,0,1.0,6.717944,0
155,22,0.638,1,-0.05,7.4359627,0
155,23,0.645,0,1.0,5.19868,0
155,24,0.637,0,1.0,4.984386,0
155,25,0.642,2,-0.05,3.4278705,0
155,26,0.634,1,-0.05,3.5640125,0
155,27,0.636,2,-0.05,4.3078227,0
155,28,0.636,2,-0.05,3.0288253,0
155,29,0.651,2,-0.05,4.8669205,0
155,30,0.642,2,-0.05,3.7585204,0
155,31,0.644,2,-0.05,5.692253,0
155,32,0.628,0,1.0,4.660289,0
155,33,0.590,0,1.0,6.6601686,0
155,34,0.553,0,1.0,5.6781425,0
155,35,0.502,0,1.0,5.848646,0
155,36,0.484,2,-0.05,5.3301272,0
155,37,0.457,0,1.0,5.817869,0
155,38,0.422,0,1.0,4.427233,0
155,39,0.386,2,-0.05,4.587187,0
155,40,0.379,0,1.0,5.222432,0
155,41,0.303,0,1.0,3.9874241,0
155,42,0.265,2,-0.05,1.2533982,0
155,43,0.257,2,-0.05,-1.9699187,0
155,44,0.248,2,-0.05,-3.8696907,0
155,45,0.242,2,-0.05,-18.169909,0
155,46,0.213,1,-0.05,-14.967291,0
155,47,0.203,1,-0.05,-22.748877,0
155,48,0.202,2,-0.05,-48.422157,0
155,49,0.184,2,-100.0,-62.74311,0
156,0,0.663,0,1.0,4.9134216,0
156,1,0.662,1,-0.05,5.4887514,0
156,2,0.668,2,-0.05,5.336013,0
156,3,0.667,2,-0.05,4.757971,0
156,4,0.670,2,-0.05,5.489357,0
156,5,0.674,0,1.0,6.2430143,0
156,6,0.709,0,1.0,7.72163,0
156,7,0.664,0,1.0,6.8340516,0
156,8,0.645,0,1.0,6.323112,0
156,9,0.603,0,1.0,7.7887554,0
156,10,0.577,0,1.0,7.370767,0
156,11,0.541,0,1.0,8.158084,0
156,12,0.509,2,-0.05,7.6407003,0
156,13,0.506,0,1.0,7.4979544,0
156,14,0.451,0,1.0,7.9979277,0
156,15,0.428,1,-0.05,6.2608147,0
156,16,0.414,0,1.0,6.145366,0
156,17,0.374,0,1.0,5.3706765,0
156,18,0.345,2,-0.05,4.0537214,0
156,19,0.344,2,-0.05,4.340491,0
156,20,0.340,2,-0.05,4.3398113,0
156,21,0.345,1,-0.05,3.6503937,0
156,22,0.319,2,-0.05,4.9434624,0
156,23,0.317,2,-0.05,4.163245,0
156,24,0.293,0,1.0,2.5574331,0
156,25,0.241,1,-0.05,1.9161949,0
156,26,0.232,1,-0.05,-11.821289,0
156,27,0.216,2,-0.05,-21.541716,0
156,28,0.215,2,-0.05,-36.823936,0
156,29,0.205,1,-0.05,-32.50093,0
156,30,0.189,2,-100.0,-43.81537,0
157,0,0.663,0,1.0,4.080724,0
157,1,0.663,0,1.0,4.9260116,0
157,2,0.668,0,1.0,6.470674,0
157,3,0.673,0,1.0,7.057705,0
157,4,0.682,0,1.0,5.564061,0
157,5,0.680,0,1.0,5.2520375,0
157,6,0.690,0,1.0,5.9005294,0
157,7,0.685,0,1.0,5.6031466,0
157,8,0.685,0,1.0,5.5586147,0
157,9,0.691,2,-0.05,4.0136395,0
157,10,0.675,2,-0.05,3.440084,0
157,11,0.686,1,-0.05,3.4600067,0
157,12,0.693,0,1.0,3.8609362,0
157,13,0.685,2,-0.05,3.581231,0
157,14,0.687,2,-0.05,2.4584608,0
157,15,0.692,0,1.0,4.6935906,0
157,16,0.696,0,1.0,4.873415,0
157,17,0.701,2,-0.05,4.5811915,0
157,18,0.679,0,1.0,6.835442,0
157,19,0.655,2,-0.05,7.3498473,0
157,20,0.664,2,-0.05,7.2444205,0
157,21,0.635,0,1.0,7.4378047,0
157,22,0.622,1,-0.05,6.9297333,0
157,23,0.597,2,-0.05,3.6979365,0
157,24,0.575,0,1.0,7.38755,0
157,25,0.546,0,1.0,7.3885374,0
157,26,0.487,0,1.0,5.2610073,0
157,27,0.441,1,-0.05,3.6779017,0
157,28,0.433,2,-0.05,1.8346865,0
157,29,0.427,2,-0.05,2.508477,0
157,30,0.382,0,1.0,1.3891597,0
157,31,0.352,1,-0.05,-2.611045,0
157,32,0.335,1,-0.05,-1.4186177,0
157,33,0.321,2,-0.05,-2.1132371,0
157,34,0.317,1,-0.05,-1.1553113,0
157,35,0.288,1,-0.05,-1.9020793,0
157,36,0.297,2,-0.05,0.46643496,0
157,37,0.257,0,1.0,-1.9466166,0
157,38,0.226,1,-0.05,-32.8324,0
157,39,0.206,2,-0.05,-65.258896,0
157,40,0.201,2,-0.05,-75.87003,0
157,41,0.183,0,-100.0,-65.099945,0
158,0,0.655,0,1.0,6.2912955,0
158,1,0.673,0,1.0,5.6269617,0
158,2,0.672,0,1.0,5.697329,0
158,3,0.661,1,-0.05,6.2340665,0
158,4,0.678,0,1.0,4.8055015,0
158,5,0.645,0,1.0,3.2770245,0
158,6,0.657,0,1.0,3.9554305,0
158,7,0.651,0,1.0,4.0514975,0
158,8,0.634,0,1.0,4.5873957,0
158,9,0.629,0,1.0,4.370949,0
158,10,0.618,1,-0.05,5.3998303,0
158,11,0.621,0,1.0,4.6029644,0
158,12,0.607,0,1.0,4.067958,0
158,13,0.600,1,-0.05,4.597802,0
158,14,0.587,0,1.0,3.961086,0
158,15,0.570,0,1.0,5.475884,0
158,16,0.536,0,1.0,5.456837,0
158,17,0.518,1,-0.05,4.341092,0
158,18,0.498,0,1.0,4.54702,0
158,19,0.453,0,1.0,4.2209826,0
158,20,0.441,0,1.0,3.7220807,0
158,21,0.388,0,1.0,4.8635116,0
158,22,0.344,0,1.0,2.9050584,0
158,23,0.332,0,1.0,3.2175727,0
158,24,0.277,0,1.0,1.4565833,0
158,25,0.251,2,-0.05,-5.2016892,0
158,26,0.246,0,1.0,-8.566012,0
158,27,0.223,2,-0.05,-22.715664,0
158,28,0.218,2,-0.05,-21.250542,0
158,29,0.216,1,-0.05,-17.780483,0
158,30,0.206,1,-0.05,-20.820805,0
158,31,0.214,1,-0.05,-21.393888,0
158,32,0.203,2,-0.05,-22.233534,0
158,33,0.191,0,-100.0,-21.438011,0
159,0,0.667,0,1.0,4.993185,0
159,1,0.673,0,1.0,5.765876,0
159,2,0.666,0,1.0,4.429365,0
159,3,0.656,1,-0.05,5.7846465,0
159,4,0.684,0,1.0,6.3104496,0
159,5,0.662,1,-0.05,4.3078446,0
159,6,0.659,0,1.0,3.287564,0
159,7,0.650,0,1.0,5.0504327,0
159,8,0.622,0,1.0,3.9457557,0
159,9,0.596,0,1.0,4.3202305,0
159,10,0.588,0,1.0,3.22329,0
159,11,0.562,0,1.0,4.5838795,0
159,12,0.550,2,-0.05,3.9475489,0
159,13,0.541,1,-0.05,3.5580835,0
159,14,0.536,0,1.0,3.3279092,0
159,15,0.522,1,-0.05,3.4114344,0
159,16,0.505,2,-0.05,2.6465986,0
159,17,0.497,0,1.0,3.6996582,0
159,18,0.477,0,1.0,3.998656,0
159,19,0.459,0,1.0,4.910466,0
159,20,0.444,2,-0.05,5.531562,0
159,21,0.434,0,1.0,4.2746153,0
159,22,0.420,0,1.0,4.271676,0
159,23,0.414,0,1.0,6.077701,0
159,24,0.395,1,-0.05,5.820017,0
159,25,0.395,0,1.0,6.324483,0
159,26,0.381,0,1.0,5.3066263,0
159,27,0.363,0,1.0,5.87917,0
159,28,0.347,1,-0.05,5.4178934,0
159,29,0.336,0,1.0,3.383451,0
159,30,0.302,2,-0.05,5.4164815,0
159,31,0.312,0,1.0,2.6955624,0
159,32,0.298,0,1.0,3.7979612,0
159,33,0.270,2,-0.05,1.889495,0
159,34,0.278,1,-0.05,1.2407312,0
159,35,0.262,0,1.0,1.6889178,0
159,36,0.233,2,-0.05,-0.5712137,0
159,37,0.233,1,-0.05,-3.7013729,0
159,38,0.200,0,1.0,-14.104921,0
159,39,0.182,2,-100.0,-26.766968,0
160,0,0.663,0,1.0,6.51783,0
160,1,0.674,0,1.0,5.913819,0
160,2,0.670,0,1.0,6.431077,0
160,3,0.661,1,-0.05,4.4709435,0
160,4,0.683,0,1.0,5.630085,0
160,5,0.669,0,1.0,4.856683,0
160,6,0.662,0,1.0,4.9802036,0
160,7,0.643,0,1.0,3.9837232,0
160,8,0.648,2,-0.05,3.3518398,0
160,9,0.643,2,-0.05,2.9426672,0
160,10,0.633,2,-0.05,4.504863,0
160,11,0.643,0,1.0,4.51708,0
160,12,0.673,0,1.0,6.495539,0
160,13,0.687,0,1.0,6.8297,0
160,14,0.704,0,1.0,8.147509,0
160,15,0.690,0,1.0,6.4866667,0
160,16,0.665,0,1.0,5.23812,0
160,17,0.650,0,1.0,6.868867,0
160,18,0.623,0,1.0,6.8451757,0
160,19,0.619,1,-0.05,7.233776,0
160,20,0.606,1,-0.05,7.2002277,0
160,21,0.607,0,1.0,8.369078,0
160,22,0.602,1,-0.05,4.765765,0
160,23,0.601,0,1.0,4.208212,0
160,24,0.604,1,-0.05,1.584498,0
160,25,0.603,0,1.0,3.2824993,0
160,26,0.621,0,1.0,3.7128534,0
160,27,0.624,1,-0.05,4.680237,0
160,28,0.650,2,-0.05,4.554311,0
160,29,0.649,1,-0.05,3.8118343,0
160,30,0.646,0,1.0,5.0454483,0
160,31,0.685,0,1.0,4.050329,0
160,32,0.693,0,1.0,2.6476378,0
160,33,0.695,1,-0.05,4.7224016,0
160,34,0.691,2,-0.05,3.1482775,0
160,35,0.675,2,-0.05,2.6438007,0
160,36,0.670,0,1.0,4.28382,0
160,37,0.677,0,1.0,5.649494,0
160,38,0.665,0,1.0,6.133811,0
160,39,0.660,0,1.0,4.991907,0
160,40,0.655,0,1.0,3.226173,0
160,41,0.651,0,1.0,4.565446,0
160,42,0.653,0,1.0,4.446473,0
160,43,0.647,0,1.0,5.5045757,0
160,44,0.642,0,1.0,7.726751,0
160,45,0.640,1,-0.05,4.986389,0
160,46,0.641,0,1.0,4.3259773,0
160,47,0.631,0,1.0,3.2801797,0
160,48,0.618,0,1.0,2.9169161,0
160,49,0.616,0,1.0,3.8778546,0
160,50,0.593,0,1.0,2.6665688,0
160,51,0.578,0,1.0,4.6921406,0
160,52,0.557,0,1.0,5.7280483,0
160,53,0.564,2,-0.05,5.9451394,0
160,54,0.543,1,-0.05,4.9564734,0
160,55,0.566,0,1.0,3.8890674,0
160,56,0.523,0,1.0,9.806528,0
160,57,0.522,2,-0.05,10.362099,0
160,58,0.500,0,1.0,9.954344,0
160,59,0.466,0,1.0,4.0782685,0
160,60,0.367,2,-0.05,2.3488965,0
160,61,0.352,2,-0.05,0.6378894,0
160,62,0.330,2,-0.05,3.7137072,0
160,63,0.305,2,-0.05,1.0101113,0
160,64,0.296,2,-0.05,-3.839202,0
160,65,0.293,2,-0.05,-2.9115195,0
160,66,0.267,2,-0.05,-1.5909028,0
160,67,0.267,0,1.0,-2.503354,0
160,68,0.186,1,-100.0,-6.063862,0
161,0,0.672,2,-0.05,1.8036375,0
161,1,0.669,2,-0.05,3.3930895,0
161,2,0.663,2,-0.05,4.5814075,0
161,3,0.665,1,-0.05,7.258025,0
161,4,0.686,0,1.0,7.28126,0
161,5,0.684,1,-0.05,5.0459585,0
161,6,0.696,1,-0.05,5.1743937,0
161,7,0.695,2,-0.05,3.7300432,0
161,8,0.686,0,1.0,3.923179,0
161,9,0.687,2,-0.05,2.5195386,0
161,10,0.695,2,-0.05,4.047794,0
161,11,0.699,0,1.0,5.2583566,0
161,12,0.684,0,1.0,5.315367,0
161,13,0.654,1,-0.05,4.618534,0
161,14,0.650,0,1.0,2.861947,0
161,15,0.613,0,1.0,5.8219895,0
161,16,0.590,0,1.0,5.728253,0
161,17,0.569,0,1.0,6.2617846,0
161,18,0.552,1,-0.05,5.726887,0
161,19,0.539,0,1.0,6.205613,0
161,20,0.534,0,1.0,5.894116,0
161,21,0.513,0,1.0,6.64081,0
161,22,0.511,0,1.0,7.4582024,0
161,23,0.489,0,1.0,7.8044477,0
161,24,0.475,1,-0.05,6.735898,0
161,25,0.473,0,1.0,5.288172,0
161,26,0.472,2,-0.05,6.6914234,0
161,27,0.464,1,-0.05,3.8175714,0
161,28,0.464,0,1.0,3.1991613,0
161,29,0.480,0,1.0,2.6875954,0
161,30,0.474,0,1.0,3.7103772,0
161,31,0.481,2,-0.05,4.837217,0
161,32,0.495,0,1.0,5.843105,0
161,33,0.492,0,1.0,4.29842,0
161,34,0.492,1,-0.05,5.4159565,0
161,35,0.494,2,-0.05,5.1288967,0
161,36,0.484,1,-0.05,5.100775,0
161,37,0.486,0,1.0,5.3349576,0
161,38,0.492,2,-0.05,4.9504557,0
161,39,0.508,0,1.0,2.6150777,0
161,40,0.488,0,1.0,2.77989,0
161,41,0.501,1,-0.05,3.2635138,0
161,42,0.497,0,1.0,3.9291365,0
161,43,0.502,0,1.0,3.086122,0
161,44,0.505,1,-0.05,3.6218185,0
161,45,0.493,2,-0.05,4.3259544,0
161,46,0.503,0,1.0,5.044386,0
161,47,0.512,1,-0.05,3.2392173,0
161,48,0.493,0,1.0,4.373616,0
161,49,0.500,0,1.0,2.7593353,0
161,50,0.503,2,-0.05,2.782731,0
161,51,0.513,0,1.0,3.3107557,0
161,52,0.482,0,1.0,5.4998736,0
161,53,0.507,0,1.0,6.110912,0
161,54,0.514,0,1.0,3.8401546,0
161,55,0.557,0,1.0,3.7224371,0
161,56,0.576,0,1.0,3.2574725,0
161,57,0.656,0,1.0,3.6266325,0
161,58,0.692,1,-0.05,3.5797713,0
161,59,0.705,0,1.0,2.4079347,0
161,60,0.767,2,-0.05,0.44817933,0
161,61,0.786,1,-0.05,3.6298862,0
161,62,0.758,0,1.0,3.9369316,0
161,63,0.636,0,1.0,5.1127815,0
161,64,0.528,0,1.0,5.6348133,0
161,65,0.484,1,-0.05,3.2951336,0
161,66,0.439,0,1.0,0.842327,0
161,67,0.378,1,-0.05,1.590619,0
161,68,0.373,2,-0.05,-8.385997,0
161,69,0.347,2,-0.05,-9.672702,0
161,70,0.334,2,-0.05,-11.637354,0
161,71,0.326,2,-0.05,-11.6600895,0
161,72,0.304,1,-0.05,-8.761145,0
161,73,0.280,2,-0.05,-13.39715,0
161,74,0.279,2,-0.05,-19.203976,0
161,75,0.249,2,-0.05,-19.037258,0
161,76,0.226,2,-0.05,-21.72311,0
161,77,0.223,1,-0.05,-16.429611,0
161,78,0.205,2,-0.05,-25.728855,0
161,79,0.194,1,-100.0,-29.908693,0
162,0,0.663,0,1.0,3.301847,0
162,1,0.669,0,1.0,5.401159,0
162,2,0.649,2,-0.05,5.4488378,0
162,3,0.653,0,1.0,5.146017,0
162,4,0.667,0,1.0,6.0848556,0
162,5,0.661,2,-0.05,4.6053953,0
162,6,0.663,2,-0.05,4.6630335,0
162,7,0.647,2,-0.05,4.5381203,0
162,8,0.681,0,1.0,4.4188805,0
162,9,0.694,0,1.0,5.712857,0
162,10,0.685,0,1.0,5.5664415,0
162,11,0.645,0,1.0,5.7029977,0
162,12,0.621,0,1.0,6.3180776,0
162,13,0.588,0,1.0,5.73232,0
162,14,0.559,0,1.0,7.3676457,0
162,15,0.528,2,-0.05,6.2782187,0
162,16,0.527,2,-0.05,6.823173,0
162,17,0.502,0,1.0,5.716415,0
162,18,0.485,1,-0.05,4.8771586,0
162,19,0.464,0,1.0,6.078273,0
162,20,0.428,0,1.0,7.5032454,0
162,21,0.390,0,1.0,5.308244,0
162,22,0.359,2,-0.05,4.0992785,0
162,23,0.354,2,-0.05,3.5205586,0
162,24,0.323,0,1.0,2.107356,0
162,25,0.289,2,-0.05,-0.12655604,0
162,26,0.289,2,-0.05,-1.024128,0
162,27,0.266,1,-0.05,-2.7105582,0
162,28,0.256,2,-0.05,0.3160467,0
162,29,0.255,1,-0.05,-0.90188456,0
162,30,0.233,2,-0.05,-6.851017,0
162,31,0.239,2,-0.05,-15.333291,0
162,32,0.231,0,1.0,-10.851407,0
162,33,0.139,1,-100.0,-26.972282,0
163,0,0.651,0,1.0,5.4461613,0
163,1,0.665,0,1.0,4.7783394,0
163,2,0.654,0,1.0,6.020843,0
163,3,0.664,0,1.0,6.7457757,0
163,4,0.653,0,1.0,5.2969913,0
163,5,0.650,0,1.0,4.55534,0
163,6,0.654,2,-0.05,5.7803206,0
163,7,0.651,2,-0.05,5.0619464,0
163,8,0.651,0,1.0,7.0836663,0
163,9,0.652,0,1.0,6.262615,0
163,10,0.682,0,1.0,7.027091,0
163,11,0.696,0,1.0,4.8563046,0
163,12,0.695,0,1.0,6.8487673,0
163,13,0.669,0,1.0,5.4762635,0
163,14,0.668,0,1.0,4.2459145,0
163,15,0.661,0,1.0,5.0728073,0
163,16,0.648,2,-0.05,5.981575,0
163,17,0.632,0,1.0,5.918505,0
163,18,0.620,1,-0.05,7.4929776,0
163,19,0.612,0,1.0,5.3053756,0
163,20,0.598,1,-0.05,6.480913,0
163,21,0.596,1,-0.05,8.431564,0
163,22,0.591,0,1.0,6.8618274,0
163,23,0.597,0,1.0,5.5400863,0
163,24,0.592,0,1.0,4.8154206,0
163,25,0.597,2,-0.05,2.7290158,0
163,26,0.607,0,1.0,2.3012056,0
163,27,0.607,1,-0.05,5.3126984,0
163,28,0.598,0,1.0,5.492771,0
163,29,0.602,0,1.0,2.6348164,0
163,30,0.605,1,-0.05,1.9464794,0
163,31,0.611,0,1.0,3.650178,0
163,32,0.623,0,1.0,3.5647042,0
163,33,0.630,0,1.0,3.9192011,0
163,34,0.633,2,-0.05,5.23925,0
163,35,0.653,0,1.0,3.6201603,0
163,36,0.656,0,1.0,4.691944,0
163,37,0.660,1,-0.05,2.6097639,0
163,38,0.662,2,-0.05,2.029172,0
163,39,0.660,0,1.0,2.7013288,0
163,40,0.653,0,1.0,4.138242,0
163,41,0.644,2,-0.05,4.567896,0
163,42,0.639,0,1.0,4.514269,0
163,43,0.628,0,1.0,6.1657643,0
163,44,0.585,0,1.0,6.161313,0
163,45,0.606,0,1.0,7.7197666,0
163,46,0.615,0,1.0,5.0357924,0
163,47,0.640,0,1.0,4.2197695,0
163,48,0.669,2,-0.05,5.364028,0
163,49,0.692,0,1.0,7.1336517,0
163,50,0.732,0,1.0,7.504789,0
163,51,0.771,0,1.0,6.705351,0
163,52,0.785,0,1.0,8.632662,0
163,53,0.684,1,-0.05,5.6784573,0
163,54,0.661,1,-0.05,4.671465,0
163,55,0.672,1,-0.05,6.5895743,0
163,56,0.636,1,-0.05,4.7634254,0
163,57,0.579,0,1.0,4.5210304,0
163,58,0.507,0,1.0,6.902629,0
163,59,0.406,0,1.0,1.4038523,0
163,60,0.406,0,1.0,-9.750021,0
163,61,0.292,2,-0.05,-13.936901,0
163,62,0.267,2,-0.05,-36.99748,0
163,63,0.249,2,-0.05,-37.580154,0
163,64,0.211,0,1.0,-32.587105,0
163,65,0.146,2,-100.0,-43.335022,0
164,0,0.659,2,-0.05,6.0005794,0
164,1,0.660,0,1.0,6.247579,0
164,2,0.686,1,-0.05,5.253744,0
164,3,0.687,1,-0.05,5.740576,0
164,4,0.700,1,-0.05,5.724538,0
164,5,0.685,0,1.0,5.203054,0
164,6,0.685,0,1.0,3.6472409,0
164,7,0.667,2,-0.05,3.752183,0
164,8,0.665,2,-0.05,3.5483694,0
164,9,0.667,0,1.0,4.3556023,0
164,10,0.666,1,-0.05,4.656287,0
164,11,0.671,0,1.0,6.320288,0
164,12,0.676,0,1.0,6.8737154,0
164,13,0.680,2,-0.05,4.7761383,0
164,14,0.672,0,1.0,5.633312,0
164,15,0.678,0,1.0,5.5448604,0
164,16,0.695,0,1.0,5.9167767,0
164,17,0.701,0,1.0,8.075347,0
164,18,0.701,1,-0.05,7.002866,0
164,19,0.710,0,1.0,6.937988,0
164,20,0.691,2,-0.05,4.7368393,0
164,21,0.706,2,-0.05,4.157489,0
164,22,0.699,0,1.0,5.8867884,0
164,23,0.690,2,-0.05,5.7681327,0
164,24,0.677,2,-0.05,6.4293175,0
164,25,0.655,0,1.0,7.8541155,0
164,26,0.621,2,-0.05,7.014682,0
164,27,0.643,1,-0.05,5.519271,0
164,28,0.624,0,1.0,6.9725075,0
164,29,0.590,0,1.0,7.487223,0
164,30,0.547,0,1.0,5.383007,0
164,31,0.552,0,1.0,4.96924,0
164,32,0.531,1,-0.05,6.6851444,0
164,33,0.517,0,1.0,7.365008,0
164,34,0.503,1,-0.05,4.3003793,0
164,35,0.503,1,-0.05,4.791444,0
164,36,0.502,2,-0.05,4.7381506,0
164,37,0.491,0,1.0,5.571045,0
164,38,0.486,2,-0.05,7.046009,0
164,39,0.482,0,1.0,5.504103,0
164,40,0.451,0,1.0,3.8653,0
164,41,0.428,0,1.0,4.5472507,0
164,42,0.387,0,1.0,4.029582,0
164,43,0.371,0,1.0,1.8536065,0
164,44,0.339,0,1.0,2.375577,0
164,45,0.329,1,-0.05,2.0560975,0
164,46,0.316,1,-0.05,-0.18104231,0
164,47,0.315,0,1.0,0.7121922,0
164,48,0.296,1,-0.05,1.741671,0
164,49,0.303,2,-0.05,0.96844006,0
164,50,0.294,2,-0.05,1.0532956,0
164,51,0.302,2,-0.05,-0.9103358,0
164,52,0.294,2,-0.05,-1.9504917,0
164,53,0.303,2,-0.05,-1.8661821,0
164,54,0.290,2,-0.05,1.967561,0
164,55,0.270,1,-0.05,2.6006677,0
164,56,0.259,1,-0.05,2.9323416,0
164,57,0.254,0,1.0,-2.2477813,0
164,58,0.204,0,1.0,-1.3777289,0
164,59,0.189,1,-100.0,-0.90117455,0
165,0,0.663,0,1.0,5.284602,0
165,1,0.653,0,1.0,4.24739,0
165,2,0.659,2,-0.05,4.1418643,0
165,3,0.654,2,-0.05,2.7837987,0
165,4,0.667,0,1.0,6.0450664,0
165,5,0.667,0,1.0,7.2725596,0
165,6,0.692,0,1.0,6.2802663,0
165,7,0.707,0,1.0,7.99715,0
165,8,0.694,2,-0.05,8.597708,0
165,9,0.675,0,1.0,5.7058067,0
165,10,0.667,2,-0.05,5.1221323,0
165,11,0.666,2,-0.05,5.3032737,0
165,12,0.666,2,-0.05,6.7989845,0
165,13,0.627,0,1.0,7.049804,0
165,14,0.607,1,-0.05,6.4480205,0
165,15,0.570,0,1.0,8.842442,0
165,16,0.556,0,1.0,8.654739,0
165,17,0.508,2,-0.05,9.569385,0
165,18,0.465,0,1.0,8.096774,0
165,19,0.450,2,-0.05,7.9795346,0
165,20,0.413,0,1.0,8.699208,0
165,21,0.345,0,1.0,5.6724424,0
165,22,0.320,1,-0.05,2.6580868,0
165,23,0.312,1,-0.05,1.5332144,0
165,24,0.293,2,-0.05,2.5173388,0
165,25,0.283,0,1.0,3.009324,0
165,26,0.223,2,-0.05,0.36054897,0
165,27,0.223,0,1.0,-20.092525,0
165,28,0.171,2,-100.0,-33.73837,0
166,0,0.663,0,1.0,4.745463,0
166,1,0.674,2,-0.05,6.782336,0
166,2,0.668,0,1.0,6.7555304,0
166,3,0.670,0,1.0,7.120829,0
166,4,0.701,0,1.0,6.208321,0
166,5,0.692,2,-0.05,5.703538,0
166,6,0.692,0,1.0,5.2971935,0
166,7,0.687,0,1.0,6.474812,0
166,8,0.672,0,1.0,6.897759,0
166,9,0.642,0,1.0,7.438139,0
166,10,0.634,0,1.0,7.2542386,0
166,11,0.616,0,1.0,7.077816,0
166,12,0.580,0,1.0,6.8950243,0
166,13,0.570,0,1.0,5.8222275,0
166,14,0.550,0,1.0,6.0356326,0
166,15,0.538,0,1.0,6.015558,0
166,16,0.515,1,-0.05,4.7746363,0
166,17,0.510,0,1.0,3.5236144,0
166,18,0.485,0,1.0,3.9474201,0
166,19,0.476,2,-0.05,4.6984143,0
166,20,0.465,2,-0.05,4.2654386,0
166,21,0.454,1,-0.05,4.947549,0
166,22,0.445,0,1.0,7.0950947,0
166,23,0.440,0,1.0,6.2407775,0
166,24,0.434,1,-0.05,4.8565617,0
166,25,0.421,0,1.0,5.627272,0
166,26,0.419,2,-0.05,6.1664753,0
166,27,0.420,2,-0.05,4.745874,0
166,28,0.422,1,-0.05,3.731309,0
166,29,0.411,1,-0.05,6.1798368,0
166,30,0.415,2,-0.05,3.786279,0
166,31,0.406,0,1.0,1.7772576,0
166,32,0.397,0,1.0,4.833645,0
166,33,0.392,0,1.0,6.007585,0
166,34,0.360,0,1.0,6.953976,0
166,35,0.354,0,1.0,5.9256244,0
166,36,0.340,0,1.0,4.6907134,0
166,37,0.316,0,1.0,3.450491,0
166,38,0.321,2,-0.05,1.4377666,0
166,39,0.320,2,-0.05,0.52086467,0
166,40,0.313,1,-0.05,-0.012082577,0
166,41,0.305,2,-0.05,0.1337263,0
166,42,0.290,2,-0.05,-0.10419679,0
166,43,0.284,0,1.0,3.1500328,0
166,44,0.240,0,1.0,3.8298624,0
166,45,0.209,2,-0.05,1.5005438,0
166,46,0.214,2,-0.05,-1.0446618,0
166,47,0.201,1,-0.05,0.1341269,0
166,48,0.197,2,-100.0,-1.702518,0
167,0,0.663,0,1.0,5.6502094,0
167,1,0.672,2,-0.05,7.9565296,0
167,2,0.665,0,1.0,6.0630364,0
167,3,0.672,2,-0.05,7.0204244,0
167,4,0.683,0,1.0,5.909895,0
167,5,0.701,2,-0.05,6.5857015,0
167,6,0.698,0,1.0,6.5678787,0
167,7,0.686,2,-0.05,7.3731318,0
167,8,0.671,0,1.0,6.0982604,0
167,9,0.613,0,1.0,6.1658745,0
167,10,0.601,2,-0.05,6.389943,0
167,11,0.600,2,-0.05,6.089714,0
167,12,0.578,1,-0.05,5.87306,0
167,13,0.579,1,-0.05,5.631332,0
167,14,0.560,1,-0.05,4.494792,0
167,15,0.559,1,-0.05,4.582802,0
167,16,0.552,0,1.0,4.162677,0
167,17,0.539,2,-0.05,3.432345,0
167,18,0.542,0,1.0,4.3213053,0
167,19,0.525,0,1.0,6.3542624,0
167,20,0.499,0,1.0,7.1157637,0
167,21,0.493,0,1.0,6.141033,0
167,22,0.453,0,1.0,6.4688888,0
167,23,0.467,0,1.0,7.056798,0
167,24,0.439,1,-0.05,6.1323853,0
167,25,0.427,0,1.0,7.7978864,0
167,26,0.426,0,1.0,4.9619393,0
167,27,0.407,2,-0.05,5.9547505,0
167,28,0.409,0,1.0,6.04989,0
167,29,0.401,2,-0.05,5.84368,0
167,30,0.404,0,1.0,5.8281875,0
167,31,0.362,1,-0.05,2.5574539,0
167,32,0.357,1,-0.05,1.2398955,0
167,33,0.343,1,-0.05,3.425341,0
167,34,0.322,1,-0.05,3.91381,0
167,35,0.338,0,1.0,5.762559,0
167,36,0.350,0,1.0,5.01746,0
167,37,0.351,0,1.0,6.793827,0
167,38,0.373,0,1.0,5.4825478,0
167,39,0.364,2,-0.05,7.13333,0
167,40,0.380,0,1.0,5.4265976,0
167,41,0.366,0,1.0,4.8234153,0
167,42,0.378,0,1.0,4.7947993,0
167,43,0.377,2,-0.05,2.7338421,0
167,44,0.390,2,-0.05,2.2991312,0
167,45,0.371,0,1.0,5.1842046,0
167,46,0.361,0,1.0,2.5718222,0
167,47,0.320,2,-0.05,3.3741608,0
167,48,0.329,0,1.0,3.543124,0
167,49,0.317,2,-0.05,0.54924893,0
167,50,0.288,0,1.0,0.4926954,0
167,51,0.259,0,1.0,0.17752957,0
167,52,0.237,2,-0.05,1.9351692,0
167,53,0.225,2,-0.05,2.8488579,0
167,54,0.215,0,1.0,0.9741641,0
167,55,0.161,0,-100.0,0.74639237,0
168,0,0.662,0,1.0,6.08968,0
168,1,0.672,0,1.0,6.8858337,0
168,2,0.654,0,1.0,5.417282,0
168,3,0.663,2,-0.05,5.072757,0
168,4,0.668,2,-0.05,3.3453476,0
168,5,0.668,0,1.0,4.2855225,0
168,6,0.695,0,1.0,7.151625,0
168,7,0.678,0,1.0,6.427298,0
168,8,0.703,2,-0.05,7.04487,0
168,9,0.681,1,-0.05,7.3543916,0
168,10,0.691,1,-0.05,5.503588,0
168,11,0.682,0,1.0,6.2740593,0
168,12,0.699,0,1.0,4.134222,0
168,13,0.702,0,1.0,2.7683625,0
168,14,0.706,0,1.0,4.287281,0
168,15,0.703,0,1.0,4.1131144,0
168,16,0.702,0,1.0,4.733329,0
168,17,0.679,1,-0.05,5.0389194,0
168,18,0.682,2,-0.05,3.6762137,0
168,19,0.695,2,-0.05,2.70215,0
168,20,0.683,2,-0.05,5.3691406,0
168,21,0.681,2,-0.05,6.293124,0
168,22,0.679,1,-0.05,8.658743,0
168,23,0.679,0,1.0,6.0245967,0
168,24,0.701,2,-0.05,6.42766,0
168,25,0.700,0,1.0,7.159654,0
168,26,0.678,0,1.0,7.311236,0
168,27,0.676,2,-0.05,6.493386,0
168,28,0.669,0,1.0,6.6042676,0
168,29,0.641,1,-0.05,6.046247,0
168,30,0.639,1,-0.05,7.2378144,0
168,31,0.619,0,1.0,3.901005,0
168,32,0.633,2,-0.05,4.096363,0
168,33,0.604,0,1.0,3.339253,0
168,34,0.594,1,-0.05,6.866673,0
168,35,0.582,0,1.0,7.795242,0
168,36,0.571,0,1.0,6.855925,0
168,37,0.580,2,-0.05,6.928534,0
168,38,0.567,1,-0.05,7.090609,0
168,39,0.560,0,1.0,4.8173857,0
168,40,0.549,1,-0.05,4.4338984,0
168,41,0.559,1,-0.05,3.8555782,0
168,42,0.570,0,1.0,2.6378572,0
168,43,0.580,1,-0.05,0.49630806,0
168,44,0.588,1,-0.05,1.3177798,0
168,45,0.608,2,-0.05,4.398836,0
168,46,0.595,1,-0.05,3.0551877,0
168,47,0.608,0,1.0,5.0340576,0
168,48,0.636,0,1.0,2.142697,0
168,49,0.680,2,-0.05,2.3889942,0
168,50,0.707,0,1.0,3.2211885,0
168,51,0.691,0,1.0,4.637985,0
168,52,0.657,1,-0.05,3.0335166,0
168,53,0.643,1,-0.05,1.710051,0
168,54,0.640,0,1.0,-0.1481998,0
168,55,0.580,0,1.0,1.7305385,0
168,56,0.545,0,1.0,4.6323466,0
168,57,0.512,1,-0.05,5.4565825,0
168,58,0.471,0,1.0,7.072987,0
168,59,0.446,2,-0.05,3.4997604,0
168,60,0.419,2,-0.05,2.0240855,0
168,61,0.403,2,-0.05,4.020032,0
168,62,0.381,2,-0.05,7.820004,0
168,63,0.391,0,1.0,7.2256975,0
168,64,0.360,0,1.0,3.6403894,0
168,65,0.333,0,1.0,5.3818884,0
168,66,0.309,0,1.0,5.734866,0
168,67,0.290,1,-0.05,5.848148,0
168,68,0.279,0,1.0,4.102297,0
168,69,0.265,0,1.0,10.34382,0
168,70,0.235,2,-0.05,6.6442556,0
168,71,0.223,2,-0.05,6.184381,0
168,72,0.212,2,-0.05,0.46208477,0
168,73,0.219,2,-0.05,0.5551238,0
168,74,0.208,2,-0.05,4.0310893,0
168,75,0.207,2,-0.05,3.2886055,0
168,76,0.208,0,1.0,2.4662223,0
168,77,0.221,1,-0.05,1.3632059,0
168,78,0.217,1,-0.05,-1.3182812,0
168,79,0.241,1,-0.05,-5.9436593,0
168,80,0.229,2,-0.05,-4.5530286,0
168,81,0.240,2,-0.05,-8.0889015,0
168,82,0.231,1,-0.05,-6.2918334,0
168,83,0.244,0,1.0,-3.617334,0
168,84,0.250,2,-0.05,-0.20324421,0
168,85,0.241,2,-0.05,0.25290108,0
168,86,0.250,0,1.0,-1.8545866,0
168,87,0.178,2,-100.0,-8.654868,0
169,0,0.663,0,1.0,3.951345,0
169,1,0.673,2,-0.05,4.6679406,0
169,2,0.662,2,-0.05,4.056075,0
169,3,0.657,1,-0.05,2.3829107,0
169,4,0.678,1,-0.05,3.2863524,0
169,5,0.673,0,1.0,3.3193789,0
169,6,0.665,2,-0.05,4.4150076,0
169,7,0.651,2,-0.05,4.594208,0
169,8,0.663,1,-0.05,4.6126337,0
169,9,0.663,0,1.0,4.581069,0
169,10,0.630,0,1.0,5.3194695,0
169,11,0.634,1,-0.05,5.0625067,0
169,12,0.626,0,1.0,4.859824,0
169,13,0.600,0,1.0,5.3552976,0
169,14,0.567,0,1.0,4.2912283,0
169,15,0.545,0,1.0,4.5065794,0
169,16,0.524,0,1.0,5.450205,0
169,17,0.483,0,1.0,4.8720613,0
169,18,0.443,0,1.0,5.254357,0
169,19,0.445,2,-0.05,6.15456,0
169,20,0.431,0,1.0,5.991128,0
169,21,0.424,0,1.0,5.48331,0
169,22,0.398,1,-0.05,3.190812,0
169,23,0.392,2,-0.05,2.970586,0
169,24,0.388,0,1.0,3.2375336,0
169,25,0.382,1,-0.05,2.7258835,0
169,26,0.375,1,-0.05,2.9371333,0
169,27,0.387,1,-0.05,3.61241,0
169,28,0.384,1,-0.05,2.5668716,0
169,29,0.371,0,1.0,2.555104,0
169,30,0.329,0,1.0,4.083523,0
169,31,0.293,2,-0.05,4.853261,0
169,32,0.293,2,-0.05,4.588298,0
169,33,0.281,1,-0.05,2.5788128,0
169,34,0.270,0,1.0,4.4193883,0
169,35,0.233,2,-0.05,1.5341439,0
169,36,0.231,1,-0.05,-14.069998,0
169,37,0.224,1,-0.05,-14.784821,0
169,38,0.219,1,-0.05,-24.332458,0
169,39,0.215,2,-0.05,-23.230095,0
169,40,0.197,2,-100.0,-25.24791,0
170,0,0.659,2,-0.05,5.355628,0
170,1,0.660,0,1.0,5.8780003,0
170,2,0.674,0,1.0,6.3531227,0
170,3,0.688,0,1.0,6.988832,0
170,4,0.696,2,-0.05,8.055233,0
170,5,0.687,1,-0.05,5.9146614,0
170,6,0.704,2,-0.05,4.3755226,0
170,7,0.688,0,1.0,5.5937448,0
170,8,0.676,2,-0.05,7.0147023,0
170,9,0.653,1,-0.05,6.8963003,0
170,10,0.645,0,1.0,6.037709,0
170,11,0.631,0,1.0,7.317754,0
170,12,0.617,0,1.0,6.770041,0
170,13,0.596,1,-0.05,6.630109,0
170,14,0.589,0,1.0,4.960942,0
170,15,0.589,0,1.0,4.652422,0
170,16,0.583,2,-0.05,5.646212,0
170,17,0.587,2,-0.05,5.0411844,0
170,18,0.580,0,1.0,4.7872005,0
170,19,0.583,2,-0.05,3.2732801,0
170,20,0.561,0,1.0,2.9931998,0
170,21,0.523,0,1.0,5.5710235,0
170,22,0.501,0,1.0,5.7882376,0
170,23,0.457,0,1.0,4.8333683,0
170,24,0.437,2,-0.05,5.7623534,0
170,25,0.411,0,1.0,5.1068506,0
170,26,0.371,0,1.0,4.6755643,0
170,27,0.352,0,1.0,4.432131,0
170,28,0.299,0,1.0,3.6546903,0
170,29,0.270,0,1.0,2.3724594,0
170,30,0.235,2,-0.05,0.6647134,0
170,31,0.217,2,-0.05,-5.372699,0
170,32,0.221,2,-0.05,-14.587919,0
170,33,0.205,1,-0.05,-55.370758,0
170,34,0.180,0,-100.0,-53.399387,0
171,0,0.662,0,1.0,5.668429,0
171,1,0.676,1,-0.05,4.640129,0
171,2,0.660,0,1.0,4.168694,0
171,3,0.646,0,1.0,4.673003,0
171,4,0.644,0,1.0,4.547268,0
171,5,0.632,0,1.0,3.7808042,0
171,6,0.628,2,-0.05,1.6759716,0
171,7,0.627,0,1.0,1.9209195,0
171,8,0.615,0,1.0,5.098486,0
171,9,0.615,1,-0.05,5.867166,0
171,10,0.606,0,1.0,5.1354003,0
171,11,0.622,0,1.0,4.9585547,0
171,12,0.587,0,1.0,5.5555606,0
171,13,0.581,0,1.0,4.8852863,0
171,14,0.573,1,-0.05,3.3444388,0
171,15,0.564,0,1.0,2.622373,0
171,16,0.539,0,1.0,2.6525118,0
171,17,0.539,0,1.0,3.5727422,0
171,18,0.508,0,1.0,5.1003475,0
171,19,0.504,0,1.0,5.3830986,0
171,20,0.463,0,1.0,5.316678,0
171,21,0.436,0,1.0,3.3502417,0
171,22,0.430,2,-0.05,3.6196222,0
171,23,0.424,0,1.0,4.0689316,0
171,24,0.418,0,1.0,4.061078,0
171,25,0.396,2,-0.05,4.7818217,0
171,26,0.401,0,1.0,3.6849363,0
171,27,0.395,1,-0.05,4.7888885,0
171,28,0.402,0,1.0,3.7998521,0
171,29,0.380,2,-0.05,1.4699137,0
171,30,0.376,2,-0.05,1.6567765,0
171,31,0.367,2,-0.05,2.804677,0
171,32,0.382,1,-0.05,2.252711,0
171,33,0.380,1,-0.05,2.9051979,0
171,34,0.382,0,1.0,2.91548,0
171,35,0.368,0,1.0,3.5993378,0
171,36,0.347,0,1.0,4.020287,0
171,37,0.345,2,-0.05,6.470029,0
171,38,0.338,0,1.0,5.5849714,0
171,39,0.316,1,-0.05,6.1929626,0
171,40,0.329,0,1.0,4.527042,0
171,41,0.308,0,1.0,4.2866864,0
171,42,0.305,0,1.0,4.537833,0
171,43,0.292,1,-0.05,0.8481535,0
171,44,0.286,0,1.0,0.5452828,0
171,45,0.269,1,-0.05,-0.5729188,0
171,46,0.259,0,1.0,-6.0465326,0
171,47,0.239,2,-0.05,-5.227311,0
171,48,0.220,2,-0.05,-11.358332,0
171,49,0.223,2,-0.05,-3.0485897,0
171,50,0.210,2,-0.05,2.0540662,0
171,51,0.219,2,-0.05,7.9662294,0
171,52,0.203,1,-0.05,5.0862956,0
171,53,0.206,2,-0.05,3.3555686,0
171,54,0.214,0,1.0,5.7884445,0
171,55,0.237,1,-0.05,7.3286796,0
171,56,0.239,2,-0.05,7.966438,0
171,57,0.248,1,-0.05,8.75365,0
171,58,0.241,0,1.0,8.39542,0
171,59,0.260,0,1.0,6.709738,0
171,60,0.264,1,-0.05,6.6138067,0
171,61,0.252,2,-0.05,6.3414803,0
171,62,0.270,0,1.0,6.30413,0
171,63,0.297,2,-0.05,4.8804,0
171,64,0.295,1,-0.05,5.962662,0
171,65,0.300,1,-0.05,5.429583,0
171,66,0.302,2,-0.05,4.15827,0
171,67,0.313,0,1.0,3.7834947,0
171,68,0.324,2,-0.05,4.641009,0
171,69,0.325,2,-0.05,5.883954,0
171,70,0.345,0,1.0,6.218648,0
171,71,0.354,1,-0.05,4.878745,0
171,72,0.377,1,-0.05,4.3861113,0
171,73,0.389,1,-0.05,3.0340056,0
171,74,0.396,2,-0.05,3.4700422,0
171,75,0.411,1,-0.05,2.2348359,0
171,76,0.404,1,-0.05,2.8499103,0
171,77,0.405,2,-0.05,3.910702,0
171,78,0.417,2,-0.05,3.6017299,0
171,79,0.414,1,-0.05,3.6020505,0
171,80,0.406,1,-0.05,4.384965,0
171,81,0.398,2,-0.05,6.5688643,0
171,82,0.384,1,-0.05,6.134035,0
171,83,0.373,2,-0.05,5.8812904,0
171,84,0.345,2,-0.05,6.052815,0
171,85,0.323,0,1.0,2.3593676,0
171,86,0.268,1,-0.05,1.452713,0
171,87,0.232,1,-0.05,-3.5514202,0
171,88,0.220,2,-0.05,-4.5104504,0
171,89,0.219,2,-0.05,-10.84465,0
171,90,0.198,2,-100.0,-19.014118,0
172,0,0.672,1,-0.05,6.482826,0
172,1,0.659,2,-0.05,5.6879334,0
172,2,0.666,0,1.0,7.0927587,0
172,3,0.663,0,1.0,7.1494126,0
172,4,0.682,2,-0.05,6.587988,0
172,5,0.674,1,-0.05,7.3146043,0
172,6,0.687,2,-0.05,6.5670643,0
172,7,0.686,0,1.0,7.0593524,0
172,8,0.708,1,-0.05,6.443848,0
172,9,0.696,0,1.0,4.17525,0
172,10,0.684,0,1.0,6.218957,0
172,11,0.682,0,1.0,6.3630614,0
172,12,0.657,0,1.0,7.5850883,0
172,13,0.650,0,1.0,5.2090445,0
172,14,0.645,0,1.0,4.974827,0
172,15,0.625,1,-0.05,6.1598153,0
172,16,0.616,0,1.0,6.367092,0
172,17,0.622,2,-0.05,6.2596335,0
172,18,0.616,2,-0.05,5.9726963,0
172,19,0.616,0,1.0,6.432509,0
172,20,0.596,1,-0.05,4.3849854,0
172,21,0.605,1,-0.05,3.6175208,0
172,22,0.576,0,1.0,5.618014,0
172,23,0.580,0,1.0,6.3597827,0
172,24,0.587,0,1.0,4.7865458,0
172,25,0.561,0,1.0,4.8868685,0
172,26,0.568,1,-0.05,3.7526054,0
172,27,0.568,2,-0.05,5.197215,0
172,28,0.570,0,1.0,4.374075,0
172,29,0.553,2,-0.05,5.411847,0
172,30,0.549,0,1.0,6.2657266,0
172,31,0.547,2,-0.05,4.7612276,0
172,32,0.523,1,-0.05,5.219745,0
172,33,0.518,1,-0.05,4.8128715,0
172,34,0.513,0,1.0,6.325666,0
172,35,0.516,0,1.0,5.4152775,0
172,36,0.518,0,1.0,5.4659247,0
172,37,0.509,0,1.0,4.6080475,0
172,38,0.502,0,1.0,3.6501744,0
172,39,0.513,0,1.0,3.9753761,0
172,40,0.499,0,1.0,3.6575267,0
172,41,0.505,2,-0.05,3.384712,0
172,42,0.492,0,1.0,2.8940854,0
172,43,0.498,1,-0.05,3.9295895,0
172,44,0.472,0,1.0,2.3932147,0
172,45,0.481,0,1.0,3.484714,0
172,46,0.488,0,1.0,4.6158605,0
172,47,0.486,0,1.0,3.9466062,0
172,48,0.478,0,1.0,5.0798244,0
172,49,0.483,0,1.0,5.4883423,0
172,50,0.487,2,-0.05,1.6547699,0
172,51,0.495,2,-0.05,3.3179219,0
172,52,0.505,1,-0.05,4.649165,0
172,53,0.493,0,1.0,3.8669078,0
172,54,0.543,2,-0.05,4.1882224,0
172,55,0.563,0,1.0,3.4588923,0
172,56,0.617,0,1.0,5.903117,0
172,57,0.647,1,-0.05,5.68503,0
172,58,0.665,1,-0.05,3.8157203,0
172,59,0.712,0,1.0,2.081061,0
172,60,0.729,1,-0.05,4.2708445,0
172,61,0.787,0,1.0,5.607007,0
172,62,0.689,0,1.0,7.1388693,0
172,63,0.633,0,1.0,8.6686945,0
172,64,0.499,0,1.0,6.8105183,0
172,65,0.443,0,1.0,3.7782047,0
172,66,0.329,0,1.0,2.1482882,0
172,67,0.214,0,1.0,-25.103798,0
172,68,0.168,2,-100.0,-41.38118,0
173,0,0.666,0,1.0,6.4488173,0
173,1,0.674,0,1.0,6.421436,0
173,2,0.669,2,-0.05,5.8501506,0
173,3,0.659,0,1.0,6.3315773,0
173,4,0.684,1,-0.05,6.428421,0
173,5,0.686,1,-0.05,6.868492,0
173,6,0.686,1,-0.05,5.4640675,0
173,7,0.693,2,-0.05,4.9028997,0
173,8,0.678,2,-0.05,3.67813,0
173,9,0.681,0,1.0,5.7340245,0
173,10,0.682,2,-0.05,6.389837,0
173,11,0.697,0,1.0,6.3089952,0
173,12,0.698,0,1.0,4.958442,0
173,13,0.679,0,1.0,7.067706,0
173,14,0.639,2,-0.05,5.8388715,0
173,15,0.650,1,-0.05,5.7260303,0
173,16,0.645,0,1.0,7.3371553,0
173,17,0.630,0,1.0,6.2099514,0
173,18,0.628,0,1.0,5.7730103,0
173,19,0.629,0,1.0,6.1447053,0
173,20,0.589,2,-0.05,5.0822434,0
173,21,0.610,2,-0.05,5.621014,0
173,22,0.596,0,1.0,5.617266,0
173,23,0.565,0,1.0,5.700898,0
173,24,0.558,0,1.0,4.378786,0
173,25,0.502,0,1.0,6.3948545,0
173,26,0.494,0,1.0,5.2214746,0
173,27,0.482,1,-0.05,3.5388074,0
173,28,0.474,2,-0.05,4.606639,0
173,29,0.451,0,1.0,3.7206616,0
173,30,0.424,1,-0.05,2.4882007,0
173,31,0.409,0,1.0,2.7297854,0
173,32,0.373,0,1.0,2.532402,0
173,33,0.335,2,-0.05,2.1820102,0
173,34,0.351,2,-0.05,0.22505337,0
173,35,0.334,2,-0.05,1.7120969,0
173,36,0.330,2,-0.05,1.412781,0
173,37,0.325,2,-0.05,0.8282261,0
173,38,0.311,1,-0.05,-5.352153,0
173,39,0.289,0,1.0,-4.3076687,0
173,40,0.238,1,-0.05,-4.0481668,0
173,41,0.238,2,-0.05,-34.59519,0
173,42,0.227,2,-0.05,-36.12752,0
173,43,0.173,0,-100.0,-80.81401,0
174,0,0.655,0,1.0,6.2331347,0
174,1,0.673,0,1.0,4.7694635,0
174,2,0.672,0,1.0,5.5942545,0
174,3,0.666,2,-0.05,6.000897,0
174,4,0.681,0,1.0,6.9353447,0
174,5,0.673,0,1.0,5.7128243,0
174,6,0.685,0,1.0,6.502299,0
174,7,0.708,0,1.0,6.0830574,0
174,8,0.704,0,1.0,6.627552,0
174,9,0.700,1,-0.05,5.0002766,0
174,10,0.690,0,1.0,5.3096523,0
174,11,0.687,0,1.0,6.8051586,0
174,12,0.683,2,-0.05,5.776397,0
174,13,0.697,1,-0.05,5.99952,0
174,14,0.693,2,-0.05,5.0977783,0
174,15,0.689,2,-0.05,5.7628627,0
174,16,0.684,2,-0.05,5.3070383,0
174,17,0.676,0,1.0,5.3316445,0
174,18,0.654,2,-0.05,5.3254714,0
174,19,0.652,2,-0.05,5.8627987,0
174,20,0.649,2,-0.05,4.393542,0
174,21,0.646,1,-0.05,4.6369033,0
174,22,0.647,2,-0.05,4.5818744,0
174,23,0.608,0,1.0,5.699295,0
174,24,0.566,1,-0.05,8.155615,0
174,25,0.558,0,1.0,6.770163,0
174,26,0.509,1,-0.05,6.4644337,0
174,27,0.467,0,1.0,4.4435797,0
174,28,0.436,0,1.0,5.8349533,0
174,29,0.394,0,1.0,4.0253515,0
174,30,0.372,2,-0.05,0.46973556,0
174,31,0.347,0,1.0,-1.3759694,0
174,32,0.297,0,1.0,-1.2415011,0
174,33,0.257,1,-0.05,0.04538536,0
174,34,0.253,2,-0.05,-19.142574,0
174,35,0.234,2,-0.05,-40.218765,0
174,36,0.231,2,-0.05,-62.609055,0
174,37,0.215,1,-0.05,-50.00958,0
174,38,0.202,1,-0.05,-62.753498,0
174,39,0.194,1,-100.0,-89.58648,0
175,0,0.665,2,-0.05,5.4614086,0
175,1,0.673,0,1.0,4.597262,0
175,2,0.673,0,1.0,6.7105308,0
175,3,0.676,0,1.0,6.3450494,0
175,4,0.704,1,-0.05,4.1386924,0
175,5,0.698,1,-0.05,5.4453278,0
175,6,0.706,0,1.0,5.893954,0
175,7,0.696,0,1.0,4.936329,0
175,8,0.704,0,1.0,5.3768215,0
175,9,0.688,0,1.0,5.376202,0
175,10,0.676,0,1.0,4.9995775,0
175,11,0.686,0,1.0,4.5379696,0
175,12,0.665,0,1.0,3.8732803,0
175,13,0.670,0,1.0,5.2078567,0
175,14,0.648,0,1.0,4.7304797,0
175,15,0.653,0,1.0,5.5126176,0
175,16,0.655,0,1.0,4.5475874,0
175,17,0.644,0,1.0,5.7862344,0
175,18,0.638,1,-0.05,3.870111,0
175,19,0.625,0,1.0,4.055086,0
175,20,0.620,1,-0.05,3.694654,0
175,21,0.628,1,-0.05,5.186322,0
175,22,0.618,2,-0.05,3.9410322,0
175,23,0.611,0,1.0,3.8048975,0
175,24,0.600,2,-0.05,4.0934467,0
175,25,0.596,0,1.0,3.6613922,0
175,26,0.585,0,1.0,4.395691,0
175,27,0.570,0,1.0,4.984,0
175,28,0.587,0,1.0,4.236517,0
175,29,0.574,0,1.0,4.696156,0
175,30,0.573,0,1.0,4.2765903,0
175,31,0.576,1,-0.05,3.7514563,0
175,32,0.577,2,-0.05,4.722217,0
175,33,0.563,0,1.0,4.4120617,0
175,34,0.591,2,-0.05,3.7600462,0
175,35,0.593,1,-0.05,4.818733,0
175,36,0.575,0,1.0,4.2344494,0
175,37,0.574,0,1.0,4.7415667,0
175,38,0.585,0,1.0,3.7738643,0
175,39,0.573,2,-0.05,2.895403,0
175,40,0.580,0,1.0,4.0094295,0
175,41,0.567,0,1.0,4.7602253,0
175,42,0.585,0,1.0,2.0966587,0
175,43,0.596,2,-0.05,3.882291,0
175,44,0.593,0,1.0,5.8037457,0
175,45,0.621,2,-0.05,6.292025,0
175,46,0.622,0,1.0,6.684727,0
175,47,0.635,2,-0.05,3.52852,0
175,48,0.640,0,1.0,4.9990044,0
175,49,0.682,0,1.0,2.1927524,0
175,50,0.704,0,1.0,4.19956,0
175,51,0.751,2,-0.05,5.141185,0
175,52,0.775,0,1.0,7.256079,0
175,53,0.790,1,-0.05,4.3677406,0
175,54,0.808,0,1.0,3.9764855,0
175,55,0.825,2,-0.05,10.373928,0
175,56,0.827,0,1.0,10.4120245,0
175,57,0.781,0,1.0,8.565081,0
175,58,0.657,0,1.0,9.020882,0
175,59,0.560,0,1.0,8.321335,0
175,60,0.512,1,-0.05,5.954361,0
175,61,0.494,1,-0.05,5.6092963,0
175,62,0.494,1,-0.05,4.807084,0
175,63,0.471,1,-0.05,4.751045,0
175,64,0.457,1,-0.05,3.0779397,0
175,65,0.415,0,1.0,1.2167797,0
175,66,0.345,2,-0.05,3.3503146,0
175,67,0.322,2,-0.05,-6.9113736,0
175,68,0.288,1,-0.05,-17.4448,0
175,69,0.293,2,-0.05,-28.116852,0
175,70,0.244,0,1.0,-20.559862,0
175,71,0.178,2,-100.0,-38.67869,0
176,0,0.658,2,-0.05,5.383265,0
176,1,0.659,0,1.0,5.9931946,0
176,2,0.680,0,1.0,4.4091845,0
176,3,0.688,0,1.0,5.8220844,0
176,4,0.693,0,1.0,6.087399,0
176,5,0.668,0,1.0,5.997207,0
176,6,0.660,2,-0.05,5.5940175,0
176,7,0.666,0,1.0,6.883732,0
176,8,0.627,0,1.0,4.0272584,0
176,9,0.613,2,-0.05,5.329234,0
176,10,0.607,1,-0.05,3.7788076,0
176,11,0.602,0,1.0,4.617299,0
176,12,0.583,0,1.0,7.142875,0
176,13,0.570,0,1.0,7.5091023,0
176,14,0.541,0,1.0,7.014331,0
176,15,0.536,0,1.0,6.448655,0
176,16,0.535,1,-0.05,6.548055,0
176,17,0.527,0,1.0,5.276408,0
176,18,0.512,0,1.0,5.836164,0
176,19,0.507,0,1.0,6.320162,0
176,20,0.509,0,1.0,5.115166,0
176,21,0.508,2,-0.05,4.9491096,0
176,22,0.502,1,-0.05,4.7722554,0
176,23,0.512,0,1.0,4.3028483,0
176,24,0.512,0,1.0,3.7628338,0
176,25,0.516,0,1.0,4.420847,0
176,26,0.532,0,1.0,3.489501,0
176,27,0.551,0,1.0,3.2519305,0
176,28,0.557,2,-0.05,3.6274328,0
176,29,0.564,0,1.0,4.2502103,0
176,30,0.567,0,1.0,2.7503457,0
176,31,0.552,0,1.0,3.968891,0
176,32,0.560,0,1.0,3.2692294,0
176,33,0.571,0,1.0,2.7816124,0
176,34,0.564,0,1.0,3.4496324,0
176,35,0.570,0,1.0,5.3971825,0
176,36,0.565,2,-0.05,3.3089764,0
176,37,0.568,0,1.0,2.7546322,0
176,38,0.555,0,1.0,4.2061253,0
176,39,0.544,0,1.0,5.201661,0
176,40,0.552,0,1.0,4.407165,0
176,41,0.571,1,-0.05,6.605723,0
176,42,0.564,0,1.0,7.5460186,0
176,43,0.596,1,-0.05,4.3530736,0
176,44,0.615,2,-0.05,3.3792298,0
176,45,0.613,1,-0.05,5.936899,0
176,46,0.640,2,-0.05,3.6902444,0
176,47,0.641,1,-0.05,4.7289248,0
176,48,0.646,2,-0.05,1.5370123,0
176,49,0.668,2,-0.05,2.8862839,0
176,50,0.672,1,-0.05,6.369055,0
176,51,0.667,0,1.0,5.780127,0
176,52,0.731,1,-0.05,3.4897645,0
176,53,0.761,1,-0.05,3.1535907,0
176,54,0.797,0,1.0,5.7573547,0
176,55,0.789,0,1.0,8.699162,0
176,56,0.677,0,1.0,8.546865,0
176,57,0.557,0,1.0,7.990549,0
176,58,0.500,0,1.0,9.766666,0
176,59,0.398,1,-0.05,7.394147,0
176,60,0.352,0,1.0,-3.3685741,0
176,61,0.289,2,-0.05,-10.287687,0
176,62,0.261,2,-0.05,-15.330997,0
176,63,0.242,2,-0.05,-38.471165,0
176,64,0.238,2,-0.05,-42.375362,0
176,65,0.207,2,-0.05,-38.25132,0
176,66,0.204,2,-0.05,-44.97061,0
176,67,0.153,0,-100.0,-59.509357,0
177,0,0.672,0,1.0,5.6853976,0
177,1,0.672,0,1.0,7.4455442,0
177,2,0.661,0,1.0,5.2746696,0
177,3,0.659,0,1.0,5.0821385,0
177,4,0.666,0,1.0,6.1237106,0
177,5,0.664,0,1.0,5.3489757,0
177,6,0.671,0,1.0,5.7444725,0
177,7,0.666,1,-0.05,5.0698953,0
177,8,0.662,0,1.0,5.4790187,0
177,9,0.644,0,1.0,4.7427316,0
177,10,0.645,2,-0.05,3.3321257,0
177,11,0.646,1,-0.05,3.611175,0
177,12,0.637,0,1.0,4.660306,0
177,13,0.630,1,-0.05,3.805821,0
177,14,0.626,0,1.0,3.485519,0
177,15,0.582,0,1.0,3.481132,0
177,16,0.546,0,1.0,5.0851746,0
177,17,0.527,0,1.0,4.9458494,0
177,18,0.484,2,-0.05,5.370264,0
177,19,0.487,1,-0.05,4.610062,0
177,20,0.491,1,-0.05,4.638363,0
177,21,0.465,0,1.0,4.465984,0
177,22,0.404,0,1.0,4.6196756,0
177,23,0.361,0,1.0,5.866216,0
177,24,0.307,1,-0.05,5.0066338,0
177,25,0.304,1,-0.05,4.573808,0
177,26,0.297,2,-0.05,6.4435954,0
177,27,0.276,2,-0.05,4.2011957,0
177,28,0.264,1,-0.05,3.8137245,0
177,29,0.270,1,-0.05,0.66395664,0
177,30,0.253,1,-0.05,1.4294996,0
177,31,0.249,1,-0.05,-14.873127,0
177,32,0.241,1,-0.05,-33.27183,0
177,33,0.235,1,-0.05,-29.382326,0
177,34,0.207,1,-0.05,-34.461037,0
177,35,0.181,1,-100.0,-21.641441,0
178,0,0.672,2,-0.05,4.4424906,0
178,1,0.669,2,-0.05,6.0335116,0
178,2,0.667,0,1.0,6.74046,0
178,3,0.686,0,1.0,6.971812,0
178,4,0.708,0,1.0,5.078357,0
178,5,0.677,0,1.0,6.0201054,0
178,6,0.664,2,-0.05,5.305739,0
178,7,0.653,0,1.0,4.543979,0
178,8,0.624,1,-0.05,4.5854993,0
178,9,0.614,1,-0.05,5.3173804,0
178,10,0.616,0,1.0,6.257207,0
178,11,0.598,2,-0.05,4.6004,0
178,12,0.597,1,-0.05,6.805141,0
178,13,0.595,1,-0.05,5.41612,0
178,14,0.580,2,-0.05,4.5306487,0
178,15,0.588,2,-0.05,6.069648,0
178,16,0.583,0,1.0,6.0906434,0
178,17,0.569,0,1.0,6.1375427,0
178,18,0.550,1,-0.05,5.3913116,0
178,19,0.539,0,1.0,3.6644096,0
178,20,0.525,1,-0.05,6.037404,0
178,21,0.495,0,1.0,6.397658,0
178,22,0.510,0,1.0,4.2939453,0
178,23,0.496,0,1.0,4.7478795,0
178,24,0.494,0,1.0,5.1176004,0
178,25,0.499,2,-0.05,5.8760376,0
178,26,0.492,1,-0.05,5.351829,0
178,27,0.470,0,1.0,3.325627,0
178,28,0.505,2,-0.05,5.1506596,0
178,29,0.498,0,1.0,4.0202627,0
178,30,0.495,2,-0.05,3.4976792,0
178,31,0.487,0,1.0,4.6674833,0
178,32,0.494,0,1.0,6.112626,0
178,33,0.475,0,1.0,5.7629714,0
178,34,0.475,1,-0.05,5.2338505,0
178,35,0.454,0,1.0,4.951065,0
178,36,0.461,1,-0.05,3.6628387,0
178,37,0.450,1,-0.05,2.549759,0
178,38,0.450,0,1.0,4.859293,0
178,39,0.471,2,-0.05,4.966421,0
178,40,0.475,1,-0.05,5.6397943,0
178,41,0.470,2,-0.05,3.9908102,0
178,42,0.481,0,1.0,5.3041162,0
178,43,0.502,1,-0.05,3.0527859,0
178,44,0.489,0,1.0,4.318007,0
178,45,0.512,1,-0.05,3.1377878,0
178,46,0.515,1,-0.05,3.8061407,0
178,47,0.535,0,1.0,2.6205113,0
178,48,0.562,1,-0.05,4.766683,0
178,49,0.565,0,1.0,2.5909948,0
178,50,0.615,0,1.0,2.1708407,0
178,51,0.641,0,1.0,2.8725204,0
178,52,0.693,0,1.0,1.8660197,0
178,53,0.668,0,1.0,0.4634571,0
178,54,0.634,2,-0.05,1.3411012,0
178,55,0.626,2,-0.05,1.5788068,0
178,56,0.615,2,-0.05,2.7433252,0
178,57,0.618,2,-0.05,3.571708,0
178,58,0.618,2,-0.05,2.4349356,0
178,59,0.612,0,1.0,4.872808,0
178,60,0.621,0,1.0,4.599485,0
178,61,0.627,0,1.0,3.5588472,0
178,62,0.618,0,1.0,4.1662803,0
178,63,0.619,0,1.0,5.510461,0
178,64,0.624,0,1.0,4.4097557,0
178,65,0.610,2,-0.05,5.671258,0
178,66,0.616,0,1.0,6.3240356,0
178,67,0.609,0,1.0,6.8280153,0
178,68,0.635,0,1.0,7.3476973,0
178,69,0.590,0,1.0,7.106851,0
178,70,0.498,1,-0.05,6.8847265,0
178,71,0.470,1,-0.05,9.277343,0
178,72,0.466,2,-0.05,6.7489853,0
178,73,0.438,1,-0.05,7.320478,0
178,74,0.437,2,-0.05,5.8121595,0
178,75,0.419,1,-0.05,5.9741726,0
178,76,0.359,0,1.0,4.9627233,0
178,77,0.322,2,-0.05,3.8737988,0
178,78,0.299,2,-0.05,2.8921783,0
178,79,0.277,2,-0.05,-0.69288015,0
178,80,0.223,0,1.0,-19.721275,0
178,81,0.126,0,-100.0,-37.391785,0
179,0,0.662,0,1.0,6.0407987,0
179,1,0.659,0,1.0,6.196423,0
179,2,0.654,0,1.0,4.6783705,0
179,3,0.657,0,1.0,6.5244436,0
179,4,0.673,1,-0.05,5.6701813,0
179,5,0.656,0,1.0,4.872848,0
179,6,0.659,1,-0.05,5.0119314,0
179,7,0.652,1,-0.05,4.199938,0
179,8,0.657,0,1.0,4.64366,0
179,9,0.613,0,1.0,5.38699,0
179,10,0.603,2,-0.05,5.0341196,0
179,11,0.607,1,-0.05,3.5147545,0
179,12,0.581,0,1.0,2.204103,0
179,13,0.553,0,1.0,4.371422,0
179,14,0.521,2,-0.05,3.7357092,0
179,15,0.483,0,1.0,5.305315,0
179,16,0.476,1,-0.05,4.6781263,0
179,17,0.463,0,1.0,5.2612395,0
179,18,0.434,0,1.0,4.642007,0
179,19,0.377,2,-0.05,4.123046,0
179,20,0.380,1,-0.05,3.7597816,0
179,21,0.380,2,-0.05,2.8353634,0
179,22,0.367,2,-0.05,3.998812,0
179,23,0.370,2,-0.05,4.341199,0
179,24,0.351,1,-0.05,4.901428,0
179,25,0.367,1,-0.05,4.6791477,0
179,26,0.361,2,-0.05,4.203623,0
179,27,0.335,2,-0.05,2.7479799,0
179,28,0.356,1,-0.05,4.6572065,0
179,29,0.343,1,-0.05,3.8542871,0
179,30,0.334,0,1.0,4.4096212,0
179,31,0.302,1,-0.05,4.3109493,0
179,32,0.302,2,-0.05,3.5568838,0
179,33,0.298,2,-0.05,3.8598654,0
179,34,0.277,2,-0.05,-1.013205,0
179,35,0.279,2,-0.05,-0.008508563,0
179,36,0.276,1,-0.05,3.9397683,0
179,37,0.259,0,1.0,0.9668574,0
179,38,0.256,2,-0.05,-1.6239395,0
179,39,0.237,0,1.0,-10.058691,0
179,40,0.224,0,1.0,-3.0445154,0
179,41,0.212,1,-0.05,-5.161641,0
179,42,0.211,2,-0.05,-9.907185,0
179,43,0.201,1,-0.05,-7.040098,0
179,44,0.202,2,-0.05,-9.516531,0
179,45,0.203,0,1.0,-2.9915388,0
179,46,0.195,2,-100.0,2.6719666,0
180,0,0.663,0,1.0,6.6632996,0
180,1,0.674,0,1.0,5.991579,0
180,2,0.668,0,1.0,6.675116,0
180,3,0.661,2,-0.05,5.8838234,0
180,4,0.684,0,1.0,5.383764,0
180,5,0.677,0,1.0,7.6250653,0
180,6,0.698,0,1.0,5.1723747,0
180,7,0.700,0,1.0,5.6774287,0
180,8,0.692,0,1.0,6.0566707,0
180,9,0.666,0,1.0,6.238261,0
180,10,0.670,0,1.0,6.853734,0
180,11,0.655,0,1.0,5.831579,0
180,12,0.652,1,-0.05,7.2086735,0
180,13,0.644,2,-0.05,5.681853,0
180,14,0.652,0,1.0,7.171352,0
180,15,0.619,0,1.0,5.506288,0
180,16,0.604,1,-0.05,4.401598,0
180,17,0.591,0,1.0,5.2775316,0
180,18,0.562,0,1.0,6.8593845,0
180,19,0.552,0,1.0,5.7592835,0
180,20,0.534,0,1.0,6.21272,0
180,21,0.522,1,-0.05,4.2750125,0
180,22,0.522,0,1.0,4.055812,0
180,23,0.524,0,1.0,6.4389873,0
180,24,0.513,0,1.0,6.7843184,0
180,25,0.503,1,-0.05,4.9491253,0
180,26,0.497,0,1.0,5.1896663,0
180,27,0.500,0,1.0,3.3934484,0
180,28,0.517,0,1.0,2.4665766,0
180,29,0.510,2,-0.05,4.2775154,0
180,30,0.520,0,1.0,1.9698509,0
180,31,0.511,0,1.0,3.876083,0
180,32,0.507,2,-0.05,3.943144,0
180,33,0.503,1,-0.05,4.8282595,0
180,34,0.492,1,-0.05,3.0763488,0
180,35,0.503,0,1.0,4.70031,0
180,36,0.511,2,-0.05,3.0022955,0
180,37,0.525,0,1.0,3.744942,0
180,38,0.533,0,1.0,1.7422111,0
180,39,0.547,2,-0.05,2.5019433,0
180,40,0.536,1,-0.05,4.1524076,0
180,41,0.537,0,1.0,4.1737823,0
180,42,0.573,0,1.0,3.6895342,0
180,43,0.593,2,-0.05,1.2323875,0
180,44,0.593,2,-0.05,0.91968924,0
180,45,0.606,2,-0.05,2.1810973,0
180,46,0.601,2,-0.05,3.2262788,0
180,47,0.602,2,-0.05,4.00714,0
180,48,0.616,0,1.0,6.9030766,0
180,49,0.616,2,-0.05,4.4567304,0
180,50,0.606,2,-0.05,5.8806415,0
180,51,0.589,0,1.0,1.7912364,0
180,52,0.596,1,-0.05,1.565437,0
180,53,0.579,2,-0.05,2.0461361,0
180,54,0.595,0,1.0,0.6254503,0
180,55,0.592,1,-0.05,0.32553625,0
180,56,0.590,1,-0.05,0.29910666,0
180,57,0.604,2,-0.05,-0.768263,0
180,58,0.589,1,-0.05,0.95670384,0
180,59,0.598,2,-0.05,0.1558569,0
180,60,0.599,1,-0.05,0.73321915,0
180,61,0.598,0,1.0,0.96453387,0
180,62,0.661,0,1.0,8.599422,0
180,63,0.705,0,1.0,9.01329,0
180,64,0.758,1,-0.05,9.524899,0
180,65,0.752,1,-0.05,6.617257,0
180,66,0.733,1,-0.05,5.6644826,0
180,67,0.707,2,-0.05,4.586361,0
180,68,0.704,1,-0.05,5.785201,0
180,69,0.684,1,-0.05,5.814449,0
180,70,0.622,0,1.0,3.2982433,0
180,71,0.557,0,1.0,5.2873797,0
180,72,0.472,1,-0.05,4.388547,0
180,73,0.454,2,-0.05,-0.22386026,0
180,74,0.432,1,-0.05,-0.6519251,0
180,75,0.377,0,1.0,-2.8403263,0
180,76,0.343,1,-0.05,-19.651602,0
180,77,0.318,2,-0.05,-30.414986,0
180,78,0.290,2,-0.05,-40.649273,0
180,79,0.279,2,-0.05,-41.555702,0
180,80,0.260,2,-0.05,-32.16437,0
180,81,0.233,2,-0.05,-39.84685,0
180,82,0.227,1,-0.05,-22.52708,0
180,83,0.200,2,-0.05,-44.450226,0
180,84,0.199,2,-100.0,-42.17403,0
181,0,0.663,0,1.0,5.7644734,0
181,1,0.664,0,1.0,6.2396765,0
181,2,0.668,0,1.0,6.689159,0
181,3,0.673,0,1.0,6.810506,0
181,4,0.680,1,-0.05,5.7274723,0
181,5,0.681,0,1.0,6.1890182,0
181,6,0.673,1,-0.05,5.639231,0
181,7,0.668,2,-0.05,5.141082,0
181,8,0.661,0,1.0,2.8688743,0
181,9,0.672,0,1.0,6.608377,0
181,10,0.677,0,1.0,7.330263,0
181,11,0.691,0,1.0,5.6979904,0
181,12,0.696,0,1.0,7.1295686,0
181,13,0.694,0,1.0,7.026535,0
181,14,0.701,2,-0.05,6.5024023,0
181,15,0.700,2,-0.05,6.9465404,0
181,16,0.687,0,1.0,5.0138774,0
181,17,0.674,1,-0.05,3.8557742,0
181,18,0.656,0,1.0,5.009612,0
181,19,0.642,0,1.0,6.059515,0
181,20,0.642,2,-0.05,5.924342,0
181,21,0.619,0,1.0,6.546639,0
181,22,0.601,0,1.0,4.170494,0
181,23,0.597,1,-0.05,5.3087487,0
181,24,0.592,2,-0.05,6.7236676,0
181,25,0.556,0,1.0,4.3934255,0
181,26,0.558,0,1.0,3.3668742,0
181,27,0.505,0,1.0,4.890767,0
181,28,0.487,0,1.0,5.401107,0
181,29,0.452,0,1.0,4.163782,0
181,30,0.443,1,-0.05,3.0353475,0
181,31,0.419,0,1.0,2.8671415,0
181,32,0.396,1,-0.05,3.3927555,0
181,33,0.375,0,1.0,2.1350026,0
181,34,0.373,0,1.0,2.8206308,0
181,35,0.358,0,1.0,3.4848728,0
181,36,0.349,0,1.0,0.6202647,0
181,37,0.337,2,-0.05,1.2013404,0
181,38,0.340,1,-0.05,-0.038291216,0
181,39,0.333,2,-0.05,1.2383056,0
181,40,0.347,2,-0.05,0.8154936,0
181,41,0.330,2,-0.05,-1.8075969,0
181,42,0.334,2,-0.05,-2.734653,0
181,43,0.324,0,1.0,0.513263,0
181,44,0.277,1,-0.05,0.50195634,0
181,45,0.260,1,-0.05,-1.9411476,0
181,46,0.244,0,1.0,-5.118864,0
181,47,0.225,2,-0.05,-9.302656,0
181,48,0.214,2,-0.05,-10.579803,0
181,49,0.215,2,-0.05,-12.1170025,0
181,50,0.205,2,-0.05,-10.688997,0
181,51,0.191,1,-100.0,-6.4570465,0
182,0,0.666,0,1.0,3.4887915,0
182,1,0.659,0,1.0,5.55379,0
182,2,0.661,2,-0.05,4.944868,0
182,3,0.657,2,-0.05,5.78756,0
182,4,0.658,2,-0.05,5.417991,0
182,5,0.673,0,1.0,5.302764,0
182,6,0.691,0,1.0,5.8586774,0
182,7,0.701,0,1.0,6.730568,0
182,8,0.693,1,-0.05,5.3929896,0
182,9,0.667,0,1.0,5.308992,0
182,10,0.670,2,-0.05,5.991441,0
182,11,0.654,0,1.0,5.1635146,0
182,12,0.648,0,1.0,5.955331,0
182,13,0.607,1,-0.05,6.5136714,0
182,14,0.612,1,-0.05,5.19961,0
182,15,0.607,0,1.0,6.1155434,0
182,16,0.604,2,-0.05,6.250699,0
182,17,0.599,0,1.0,7.3334603,0
182,18,0.578,0,1.0,5.0430017,0
182,19,0.562,0,1.0,6.262353,0
182,20,0.553,1,-0.05,5.6064463,0
182,21,0.548,0,1.0,5.7056303,0
182,22,0.539,2,-0.05,6.4162574,0
182,23,0.529,0,1.0,5.2814302,0
182,24,0.520,0,1.0,6.538382,0
182,25,0.502,2,-0.05,5.679509,0
182,26,0.508,2,-0.05,4.901254,0
182,27,0.494,0,1.0,3.0661352,0
182,28,0.467,2,-0.05,5.1969976,0
182,29,0.461,0,1.0,2.8507032,0
182,30,0.413,0,1.0,3.666311,0
182,31,0.351,0,1.0,1.339348,0
182,32,0.323,0,1.0,1.4895147,0
182,33,0.281,0,1.0,0.371495,0
182,34,0.263,2,-0.05,-8.081066,0
182,35,0.225,0,1.0,-19.021244,0
182,36,0.192,2,-100.0,-48.19108,0
183,0,0.666,0,1.0,6.1687937,0
183,1,0.674,0,1.0,6.472013,0
183,2,0.670,0,1.0,5.909782,0
183,3,0.685,0,1.0,6.2430596,0
183,4,0.681,2,-0.05,6.5646544,0
183,5,0.663,0,1.0,5.617953,0
183,6,0.684,0,1.0,4.8719273,0
183,7,0.696,2,-0.05,6.2285357,0
183,8,0.701,0,1.0,5.0094,0
183,9,0.685,0,1.0,5.7558846,0
183,10,0.671,0,1.0,4.44687,0
183,11,0.664,0,1.0,6.301372,0
183,12,0.639,0,1.0,4.938411,0
183,13,0.611,1,-0.05,5.3452435,0
183,14,0.609,0,1.0,5.6936717,0
183,15,0.585,0,1.0,5.6625886,0
183,16,0.583,2,-0.05,4.3435426,0
183,17,0.588,0,1.0,6.093959,0
183,18,0.555,0,1.0,4.373246,0
183,19,0.552,2,-0.05,4.4780426,0
183,20,0.531,1,-0.05,6.416415,0
183,21,0.537,1,-0.05,4.3795276,0
183,22,0.535,1,-0.05,3.1715114,0
183,23,0.529,0,1.0,3.6207738,0
183,24,0.532,2,-0.05,4.1696787,0
183,25,0.542,0,1.0,4.180619,0
183,26,0.546,0,1.0,4.333703,0
183,27,0.542,1,-0.05,4.4710927,0
183,28,0.553,0,1.0,4.2616653,0
183,29,0.571,0,1.0,3.9636054,0
183,30,0.571,0,1.0,4.2492533,0
183,31,0.586,0,1.0,1.9755993,0
183,32,0.598,2,-0.05,3.9452753,0
183,33,0.599,0,1.0,2.7768388,0
183,34,0.611,1,-0.05,3.53499,0
183,35,0.599,0,1.0,2.7216496,0
183,36,0.613,1,-0.05,3.7507675,0
183,37,0.622,0,1.0,3.1685133,0
183,38,0.635,2,-0.05,2.4774113,0
183,39,0.643,1,-0.05,2.8302753,0
183,40,0.635,0,1.0,2.775568,0
183,41,0.687,0,1.0,3.456056,0
183,42,0.703,2,-0.05,2.2625659,0
183,43,0.711,1,-0.05,4.2777023,0
183,44,0.682,0,1.0,3.6973393,0
183,45,0.651,0,1.0,1.3562183,0
183,46,0.620,2,-0.05,0.8482577,0
183,47,0.597,2,-0.05,1.6744292,0
183,48,0.591,2,-0.05,0.86073345,0
183,49,0.581,2,-0.05,1.10241,0
183,50,0.578,0,1.0,4.8515882,0
183,51,0.571,1,-0.05,5.373002,0
183,52,0.551,0,1.0,5.677731,0
183,53,0.543,1,-0.05,6.552807,0
183,54,0.529,0,1.0,6.156948,0
183,55,0.503,0,1.0,8.483762,0
183,56,0.479,2,-0.05,9.475449,0
183,57,0.454,0,1.0,9.572908,0
183,58,0.449,2,-0.05,8.87499,0
183,59,0.435,0,1.0,10.655693,0
183,60,0.407,0,1.0,6.9450717,0
183,61,0.406,0,1.0,8.31385,0
183,62,0.380,0,1.0,10.380803,0
183,63,0.367,0,1.0,9.726833,0
183,64,0.363,1,-0.05,10.2977915,0
183,65,0.352,2,-0.05,10.343279,0
183,66,0.340,2,-0.05,9.200934,0
183,67,0.351,2,-0.05,8.378648,0
183,68,0.335,2,-0.05,7.61615,0
183,69,0.341,2,-0.05,6.3236566,0
183,70,0.355,2,-0.05,6.4227257,0
183,71,0.345,1,-0.05,4.219671,0
183,72,0.356,2,-0.05,3.5272574,0
183,73,0.367,1,-0.05,2.513917,0
183,74,0.370,1,-0.05,4.631533,0
183,75,0.385,1,-0.05,4.426502,0
183,76,0.384,2,-0.05,3.0132053,0
183,77,0.385,1,-0.05,0.8497231,0
183,78,0.368,0,1.0,5.3874044,0
183,79,0.285,1,-0.05,10.219543,0
183,80,0.262,2,-0.05,-5.416604,0
183,81,0.261,2,-0.05,-26.015408,0
183,82,0.236,1,-0.05,-36.858566,0
183,83,0.216,2,-0.05,-44.401905,0
183,84,0.196,2,-100.0,-39.44913,0
184,0,0.663,0,1.0,5.8306017,0
184,1,0.663,1,-0.05,4.66981,0
184,2,0.663,0,1.0,4.9427705,0
184,3,0.663,2,-0.05,5.6640873,0
184,4,0.667,2,-0.05,5.623537,0
184,5,0.655,2,-0.05,6.1024394,0
184,6,0.664,2,-0.05,6.8328347,0
184,7,0.671,1,-0.05,7.203024,0
184,8,0.680,0,1.0,5.5290346,0
184,9,0.675,0,1.0,7.71897,0
184,10,0.690,0,1.0,5.5724096,0
184,11,0.698,0,1.0,6.12095,0
184,12,0.696,0,1.0,6.4425015,0
184,13,0.695,0,1.0,6.6207914,0
184,14,0.680,0,1.0,4.8780546,0
184,15,0.663,0,1.0,6.7487407,0
184,16,0.663,2,-0.05,6.321578,0
184,17,0.661,0,1.0,6.0035295,0
184,18,0.646,0,1.0,6.280147,0
184,19,0.630,1,-0.05,5.7693343,0
184,20,0.614,0,1.0,5.828857,0
184,21,0.604,0,1.0,5.8461266,0
184,22,0.590,0,1.0,4.642083,0
184,23,0.567,0,1.0,5.7188773,0
184,24,0.547,0,1.0,5.7314677,0
184,25,0.528,0,1.0,5.5542827,0
184,26,0.525,0,1.0,7.1539087,0
184,27,0.495,2,-0.05,6.176146,0
184,28,0.511,0,1.0,6.747417,0
184,29,0.480,0,1.0,4.1671267,0
184,30,0.457,1,-0.05,3.1463597,0
184,31,0.457,0,1.0,1.7137611,0
184,32,0.436,0,1.0,4.8201585,0
184,33,0.407,0,1.0,4.149519,0
184,34,0.401,0,1.0,3.0572414,0
184,35,0.378,0,1.0,0.86482406,0
184,36,0.359,0,1.0,0.42039114,0
184,37,0.345,0,1.0,-0.51527286,0
184,38,0.334,2,-0.05,-1.8257914,0
184,39,0.325,0,1.0,-0.4650364,0
184,40,0.307,2,-0.05,-0.816277,0
184,41,0.295,2,-0.05,-1.3116741,0
184,42,0.293,2,-0.05,0.6493143,0
184,43,0.272,0,1.0,-0.22007143,0
184,44,0.224,0,1.0,-2.272771,0
184,45,0.192,2,-100.0,1.2605793,0
185,0,0.666,0,1.0,6.647732,0
185,1,0.674,0,1.0,5.7602015,0
185,2,0.669,1,-0.05,7.3422694,0
185,3,0.673,0,1.0,5.254364,0
185,4,0.675,0,1.0,4.4159527,0
185,5,0.643,1,-0.05,5.323511,0
185,6,0.660,2,-0.05,4.7413073,0
185,7,0.656,0,1.0,5.0366983,0
185,8,0.658,0,1.0,6.0469317,0
185,9,0.665,0,1.0,6.3191047,0
185,10,0.663,1,-0.05,5.3093348,0
185,11,0.674,0,1.0,7.36523,0
185,12,0.674,0,1.0,4.7082863,0
185,13,0.672,1,-0.05,5.573763,0
185,14,0.660,0,1.0,5.57406,0
185,15,0.659,0,1.0,3.4157364,0
185,16,0.645,1,-0.05,4.7657137,0
185,17,0.649,0,1.0,3.535518,0
185,18,0.618,0,1.0,3.4303627,0
185,19,0.610,1,-0.05,5.4659934,0
185,20,0.605,0,1.0,3.8752904,0
185,21,0.573,2,-0.05,4.3064065,0
185,22,0.580,0,1.0,4.6892815,0
185,23,0.537,0,1.0,4.4206104,0
185,24,0.514,1,-0.05,3.3220341,0
185,25,0.529,0,1.0,4.1385865,0
185,26,0.479,0,1.0,5.50791,0
185,27,0.455,0,1.0,4.8502746,0
185,28,0.427,0,1.0,3.2930374,0
185,29,0.394,0,1.0,3.4180586,0
185,30,0.376,1,-0.05,4.287284,0
185,31,0.367,0,1.0,3.5375173,0
185,32,0.316,0,1.0,3.2888625,0
185,33,0.301,2,-0.05,3.3916688,0
185,34,0.290,2,-0.05,3.2685506,0
185,35,0.272,1,-0.05,-0.44294572,0
185,36,0.278,2,-0.05,2.108245,0
185,37,0.260,2,-0.05,0.688815,0
185,38,0.257,0,1.0,-4.602518,0
185,39,0.256,0,1.0,-1.0198045,0
185,40,0.230,0,1.0,-1.639533,0
185,41,0.230,2,-0.05,-0.63596845,0
185,42,0.226,1,-0.05,0.75959057,0
185,43,0.229,1,-0.05,-1.3210516,0
185,44,0.216,1,-0.05,-22.508852,0
185,45,0.223,1,-0.05,-31.60399,0
185,46,0.215,1,-0.05,-28.780546,0
185,47,0.217,1,-0.05,-57.18902,0
185,48,0.211,1,-0.05,-58.512184,0
185,49,0.190,1,-100.0,-53.03374,0
186,0,0.657,0,1.0,4.45924,0
186,1,0.654,2,-0.05,4.643538,0
186,2,0.656,0,1.0,5.979426,0
186,3,0.658,0,1.0,5.697453,0
186,4,0.664,2,-0.05,4.940414,0
186,5,0.670,0,1.0,4.8727074,0
186,6,0.680,0,1.0,5.422633,0
186,7,0.699,2,-0.05,5.686598,0
186,8,0.699,1,-0.05,4.743464,0
186,9,0.702,0,1.0,4.6833076,0
186,10,0.686,2,-0.05,5.7379584,0
186,11,0.701,1,-0.05,4.866397,0
186,12,0.702,1,-0.05,6.004233,0
186,13,0.693,1,-0.05,3.5014687,0
186,14,0.711,0,1.0,5.2283263,0
186,15,0.699,2,-0.05,3.5186975,0
186,16,0.694,0,1.0,3.88732,0
186,17,0.676,0,1.0,3.9154568,0
186,18,0.679,1,-0.05,4.54315,0
186,19,0.662,0,1.0,5.118871,0
186,20,0.653,0,1.0,4.0233192,0
186,21,0.618,0,1.0,3.730253,0
186,22,0.616,1,-0.05,3.4848409,0
186,23,0.609,0,1.0,3.991264,0
186,24,0.581,0,1.0,3.0907004,0
186,25,0.540,0,1.0,4.940963,0
186,26,0.539,2,-0.05,3.6193426,0
186,27,0.510,0,1.0,4.7095566,0
186,28,0.489,1,-0.05,5.0215645,0
186,29,0.491,0,1.0,4.690245,0
186,30,0.473,2,-0.05,4.107026,0
186,31,0.459,0,1.0,4.2105103,0
186,32,0.432,1,-0.05,5.3262377,0
186,33,0.441,1,-0.05,5.0018167,0
186,34,0.429,0,1.0,1.859148,0
186,35,0.381,0,1.0,3.164961,0
186,36,0.369,2,-0.05,1.905764,0
186,37,0.357,2,-0.05,4.757538,0
186,38,0.328,0,1.0,2.9661448,0
186,39,0.338,2,-0.05,1.40398,0
186,40,0.318,1,-0.05,2.0301027,0
186,41,0.327,1,-0.05,1.2337577,0
186,42,0.318,2,-0.05,3.5076997,0
186,43,0.304,1,-0.05,1.5151224,0
186,44,0.276,0,1.0,1.9298558,0
186,45,0.274,1,-0.05,-3.3444138,0
186,46,0.250,1,-0.05,-13.699625,0
186,47,0.247,1,-0.05,-28.030674,0
186,48,0.243,1,-0.05,-5.21719,0
186,49,0.227,1,-0.05,-31.494421,0
186,50,0.215,1,-0.05,-47.12003,0
186,51,0.203,1,-0.05,-47.241554,0
186,52,0.178,1,-100.0,-35.229034,0
187,0,0.671,0,1.0,4.8737993,0
187,1,0.658,0,1.0,5.4080715,0
187,2,0.659,0,1.0,5.918154,0
187,3,0.653,0,1.0,5.77965,0
187,4,0.646,0,1.0,6.1418214,0
187,5,0.645,2,-0.05,4.8635826,0
187,6,0.643,2,-0.05,5.003668,0
187,7,0.655,0,1.0,3.8018034,0
187,8,0.659,0,1.0,2.7637072,0
187,9,0.689,2,-0.05,4.421207,0
187,10,0.671,1,-0.05,4.568763,0
187,11,0.690,2,-0.05,4.5050497,0
187,12,0.701,2,-0.05,5.727651,0
187,13,0.680,2,-0.05,5.504331,0
187,14,0.686,0,1.0,4.1283693,0
187,15,0.684,2,-0.05,6.524328,0
187,16,0.668,0,1.0,4.9765334,0
187,17,0.625,2,-0.05,5.9615307,0
187,18,0.624,1,-0.05,4.9621606,0
187,19,0.593,1,-0.05,5.614889,0
187,20,0.580,0,1.0,7.3343635,0
187,21,0.559,2,-0.05,3.9700103,0
187,22,0.552,2,-0.05,3.8715708,0
187,23,0.549,1,-0.05,4.96579,0
187,24,0.517,0,1.0,4.6061497,0
187,25,0.503,0,1.0,4.246436,0
187,26,0.481,1,-0.05,4.600672,0
187,27,0.472,0,1.0,3.7093358,0
187,28,0.447,0,1.0,4.5878873,0
187,29,0.442,1,-0.05,4.8901486,0
187,30,0.434,0,1.0,3.7754984,0
187,31,0.420,0,1.0,5.5635366,0
187,32,0.417,0,1.0,5.006326,0
187,33,0.405,0,1.0,3.9418287,0
187,34,0.404,1,-0.05,5.8196106,0
187,35,0.393,0,1.0,3.8802688,0
187,36,0.411,0,1.0,4.694353,0
187,37,0.403,0,1.0,3.8606331,0
187,38,0.402,0,1.0,5.336177,0
187,39,0.411,0,1.0,3.2573864,0
187,40,0.410,1,-0.05,3.6312213,0
187,41,0.408,0,1.0,4.505883,0
187,42,0.419,0,1.0,4.519736,0
187,43,0.441,0,1.0,3.9287207,0
187,44,0.454,0,1.0,3.5822663,0
187,45,0.467,0,1.0,2.751065,0
187,46,0.482,0,1.0,3.4308383,0
187,47,0.506,0,1.0,2.0462084,0
187,48,0.513,0,1.0,3.2389426,0
187,49,0.498,1,-0.05,1.9518696,0
187,50,0.540,2,-0.05,2.977637,0
187,51,0.547,2,-0.05,3.4348607,0
187,52,0.551,2,-0.05,3.5062494,0
187,53,0.559,2,-0.05,4.546547,0
187,54,0.577,0,1.0,4.832251,0
187,55,0.570,2,-0.05,4.5955086,0
187,56,0.582,0,1.0,5.1745143,0
187,57,0.577,0,1.0,3.785074,0
187,58,0.600,2,-0.05,3.6327136,0
187,59,0.630,0,1.0,4.585513,0
187,60,0.642,1,-0.05,1.8202386,0
187,61,0.673,0,1.0,3.2263339,0
187,62,0.719,0,1.0,7.5315332,0
187,63,0.737,0,1.0,8.76158,0
187,64,0.643,2,-0.05,6.6630106,0
187,65,0.632,1,-0.05,8.03169,0
187,66,0.614,1,-0.05,8.410694,0
187,67,0.593,1,-0.05,6.3476343,0
187,68,0.583,0,1.0,4.486684,0
187,69,0.454,0,1.0,4.267619,0
187,70,0.404,2,-0.05,1.5608957,0
187,71,0.375,2,-0.05,-4.440525,0
187,72,0.367,2,-0.05,-4.2033205,0
187,73,0.342,2,-0.05,-7.573666,0
187,74,0.332,2,-0.05,1.654259,0
187,75,0.321,1,-0.05,-5.324291,0
187,76,0.312,1,-0.05,-7.855595,0
187,77,0.292,2,-0.05,-10.207659,0
187,78,0.287,2,-0.05,-22.877588,0
187,79,0.237,0,1.0,-26.07288,0
187,80,0.199,1,-100.0,-61.208298,0
188,0,0.663,0,1.0,4.8164296,0
188,1,0.653,0,1.0,6.1142597,0
188,2,0.659,0,1.0,5.1560693,0
188,3,0.670,0,1.0,5.487557,0
188,4,0.671,2,-0.05,4.7930636,0
188,5,0.655,1,-0.05,5.301486,0
188,6,0.654,0,1.0,3.9332945,0
188,7,0.633,0,1.0,4.8751593,0
188,8,0.628,0,1.0,4.4251947,0
188,9,0.627,0,1.0,5.031917,0
188,10,0.592,0,1.0,3.3110192,0
188,11,0.582,0,1.0,3.236798,0
188,12,0.568,0,1.0,5.7568617,0
188,13,0.544,2,-0.05,4.81075,0
188,14,0.526,0,1.0,3.9933095,0
188,15,0.531,0,1.0,4.485299,0
188,16,0.525,1,-0.05,6.2713065,0
188,17,0.521,1,-0.05,6.3788533,0
188,18,0.496,0,1.0,3.8431115,0
188,19,0.489,0,1.0,4.49683,0
188,20,0.478,1,-0.05,4.413759,0
188,21,0.471,1,-0.05,3.2402706,0
188,22,0.462,0,1.0,4.142331,0
188,23,0.407,0,1.0,2.0739255,0
188,24,0.376,0,1.0,2.517687,0
188,25,0.328,2,-0.05,4.4295197,0
188,26,0.307,0,1.0,4.3736854,0
188,27,0.276,2,-0.05,3.0121262,0
188,28,0.279,2,-0.05,0.98386204,0
188,29,0.273,2,-0.05,-0.89261985,0
188,30,0.260,1,-0.05,0.8724071,0
188,31,0.274,1,-0.05,-2.93326,0
188,32,0.262,2,-0.05,-3.9643767,0
188,33,0.254,2,-0.05,-4.649319,0
188,34,0.253,1,-0.05,0.7313179,0
188,35,0.233,1,-0.05,-0.46345067,0
188,36,0.238,2,-0.05,-7.913345,0
188,37,0.244,1,-0.05,-7.927387,0
188,38,0.237,1,-0.05,-8.570949,0
188,39,0.230,2,-0.05,-14.573351,0
188,40,0.218,2,-0.05,-31.502686,0
188,41,0.210,1,-0.05,-25.79544,0
188,42,0.217,1,-0.05,-25.829952,0
188,43,0.218,1,-0.05,-25.240131,0
188,44,0.217,1,-0.05,-10.377777,0
188,45,0.203,2,-0.05,-39.650265,0
188,46,0.200,1,-0.05,-38.331894,0
188,47,0.170,0,-100.0,-42.789925,0
189,0,0.671,0,1.0,5.4700475,0
189,1,0.676,1,-0.05,6.0581346,0
189,2,0.666,1,-0.05,5.5167155,0
189,3,0.672,0,1.0,4.1236887,0
189,4,0.658,1,-0.05,3.8395734,0
189,5,0.640,0,1.0,3.9629717,0
189,6,0.607,0,1.0,4.4858036,0
189,7,0.584,0,1.0,3.6070464,0
189,8,0.542,1,-0.05,4.0476146,0
189,9,0.530,2,-0.05,4.8312206,0
189,10,0.514,0,1.0,2.731715,0
189,11,0.512,0,1.0,4.814018,0
189,12,0.492,2,-0.05,4.530407,0
189,13,0.466,0,1.0,4.982953,0
189,14,0.460,0,1.0,6.2697115,0
189,15,0.463,0,1.0,6.138504,0
189,16,0.450,0,1.0,5.84602,0
189,17,0.435,0,1.0,6.549572,0
189,18,0.424,1,-0.05,5.1384487,0
189,19,0.438,0,1.0,3.425589,0
189,20,0.409,0,1.0,5.7618504,0
189,21,0.399,0,1.0,4.578919,0
189,22,0.369,2,-0.05,3.3663328,0
189,23,0.366,0,1.0,3.9288344,0
189,24,0.366,0,1.0,4.369401,0
189,25,0.356,0,1.0,5.1807165,0
189,26,0.343,0,1.0,3.3684387,0
189,27,0.336,2,-0.05,3.4613454,0
189,28,0.311,0,1.0,4.531211,0
189,29,0.331,0,1.0,5.136652,0
189,30,0.314,0,1.0,5.1010838,0
189,31,0.325,2,-0.05,5.0833416,0
189,32,0.316,2,-0.05,5.073139,0
189,33,0.323,0,1.0,4.98895,0
189,34,0.351,0,1.0,4.4675007,0
189,35,0.367,0,1.0,6.003517,0
189,36,0.380,0,1.0,6.7966323,0
189,37,0.405,0,1.0,4.5693126,0
189,38,0.416,0,1.0,6.095242,0
189,39,0.425,1,-0.05,1.5602798,0
189,40,0.447,0,1.0,4.0641255,0
189,41,0.450,0,1.0,8.820057,0
189,42,0.459,0,1.0,5.51105,0
189,43,0.468,2,-0.05,6.278762,0
189,44,0.472,0,1.0,5.467712,0
189,45,0.477,0,1.0,6.696113,0
189,46,0.494,0,1.0,5.983651,0
189,47,0.523,0,1.0,6.740586,0
189,48,0.526,0,1.0,7.6702833,0
189,49,0.543,0,1.0,6.387824,0
189,50,0.568,0,1.0,5.642113,0
189,51,0.582,0,1.0,5.9729486,0
189,52,0.523,0,1.0,7.009875,0
189,53,0.472,1,-0.05,6.847819,0
189,54,0.441,2,-0.05,6.136338,0
189,55,0.426,0,1.0,5.3530354,0
189,56,0.303,0,1.0,4.6012115,0
189,57,0.252,0,1.0,-4.3437567,0
189,58,0.163,1,-100.0,-20.770355,0
190,0,0.658,0,1.0,5.966383,0
190,1,0.654,0,1.0,5.235152,0
190,2,0.663,1,-0.05,5.2666516,0
190,3,0.664,0,1.0,4.531928,0
190,4,0.656,0,1.0,5.1248517,0
190,5,0.641,2,-0.05,5.0229745,0
190,6,0.625,0,1.0,5.7679768,0
190,7,0.639,2,-0.05,4.835067,0
190,8,0.643,0,1.0,5.6943817,0
190,9,0.637,0,1.0,5.518857,0
190,10,0.635,0,1.0,5.4739943,0
190,11,0.649,0,1.0,8.020282,0
190,12,0.659,0,1.0,6.502695,0
190,13,0.663,0,1.0,5.868877,0
190,14,0.654,2,-0.05,4.1568966,0
190,15,0.670,0,1.0,5.8281074,0
190,16,0.675,0,1.0,5.9986324,0
190,17,0.699,0,1.0,5.904241,0
190,18,0.706,0,1.0,6.7099357,0
190,19,0.695,0,1.0,6.4561033,0
190,20,0.669,0,1.0,6.0576563,0
190,21,0.663,0,1.0,6.480341,0
190,22,0.644,0,1.0,6.3905053,0
190,23,0.625,0,1.0,5.713893,0
190,24,0.617,0,1.0,4.844973,0
190,25,0.597,0,1.0,6.868167,0
190,26,0.581,0,1.0,4.3806853,0
190,27,0.561,0,1.0,2.8038855,0
190,28,0.555,0,1.0,4.294343,0
190,29,0.529,1,-0.05,6.336397,0
190,30,0.531,0,1.0,4.8838363,0
190,31,0.528,1,-0.05,3.6780057,0
190,32,0.524,0,1.0,3.5621598,0
190,33,0.520,1,-0.05,4.146641,0
190,34,0.524,0,1.0,2.578548,0
190,35,0.544,0,1.0,1.1477201,0
190,36,0.556,0,1.0,3.3080032,0
190,37,0.564,0,1.0,2.3527448,0
190,38,0.576,1,-0.05,4.0614376,0
190,39,0.573,2,-0.05,1.3342355,0
190,40,0.592,2,-0.05,2.871446,0
190,41,0.592,2,-0.05,4.674167,0
190,42,0.594,0,1.0,5.354252,0
190,43,0.590,0,1.0,6.310436,0
190,44,0.612,0,1.0,5.5496774,0
190,45,0.648,0,1.0,5.5912323,0
190,46,0.681,0,1.0,5.2946644,0
190,47,0.714,2,-0.05,6.301336,0
190,48,0.699,1,-0.05,5.627851,0
190,49,0.752,0,1.0,5.5164084,0
190,50,0.781,0,1.0,3.9457395,0
190,51,0.637,0,1.0,4.311865,0
190,52,0.545,0,1.0,6.440277,0
190,53,0.492,2,-0.05,4.561225,0
190,54,0.445,0,1.0,7.500422,0
190,55,0.370,2,-0.05,1.5856397,0
190,56,0.352,1,-0.05,-10.488888,0
190,57,0.339,1,-0.05,-15.878877,0
190,58,0.316,2,-0.05,-19.382666,0
190,59,0.309,2,-0.05,-24.814896,0
190,60,0.286,2,-0.05,-29.540533,0
190,61,0.277,2,-0.05,-21.959948,0
190,62,0.261,2,-0.05,-18.106455,0
190,63,0.233,1,-0.05,-35.36124,0
190,64,0.223,1,-0.05,-35.087967,0
190,65,0.197,0,-100.0,-42.23497,0
191,0,0.662,0,1.0,5.445869,0
191,1,0.676,0,1.0,5.9812136,0
191,2,0.661,2,-0.05,5.680887,0
191,3,0.653,0,1.0,4.623967,0
191,4,0.675,0,1.0,6.65001,0
191,5,0.672,1,-0.05,6.2556286,0
191,6,0.688,0,1.0,5.441423,0
191,7,0.687,2,-0.05,4.5380235,0
191,8,0.686,0,1.0,5.8412137,0
191,9,0.679,2,-0.05,6.5076857,0
191,10,0.679,0,1.0,6.3692594,0
191,11,0.708,0,1.0,6.6491113,0
191,12,0.686,0,1.0,3.422729,0
191,13,0.664,0,1.0,5.726308,0
191,14,0.637,0,1.0,5.7944465,0
191,15,0.614,0,1.0,4.3030744,0
191,16,0.597,0,1.0,5.638179,0
191,17,0.589,0,1.0,5.5979667,0
191,18,0.544,0,1.0,5.6119018,0
191,19,0.531,0,1.0,5.4418344,0
191,20,0.516,0,1.0,5.262291,0
191,21,0.493,0,1.0,5.576767,0
191,22,0.472,1,-0.05,5.1920443,0
191,23,0.472,0,1.0,3.1621747,0
191,24,0.458,0,1.0,5.437047,0
191,25,0.443,0,1.0,6.868949,0
191,26,0.421,0,1.0,5.704375,0
191,27,0.425,0,1.0,2.762049,0
191,28,0.411,2,-0.05,2.948944,0
191,29,0.412,1,-0.05,4.591113,0
191,30,0.409,0,1.0,3.2697217,0
191,31,0.412,1,-0.05,4.3826847,0
191,32,0.410,2,-0.05,3.989753,0
191,33,0.405,0,1.0,3.5967185,0
191,34,0.390,0,1.0,3.1367593,0
191,35,0.384,0,1.0,1.7388196,0
191,36,0.379,1,-0.05,1.3586416,0
191,37,0.374,0,1.0,2.8220754,0
191,38,0.368,2,-0.05,1.6694754,0
191,39,0.363,0,1.0,3.9660282,0
191,40,0.355,0,1.0,3.749174,0
191,41,0.339,0,1.0,4.498096,0
191,42,0.328,2,-0.05,1.997929,0
191,43,0.327,0,1.0,4.4282246,0
191,44,0.318,1,-0.05,4.6192856,0
191,45,0.323,0,1.0,5.6250105,0
191,46,0.339,0,1.0,4.787312,0
191,47,0.360,2,-0.05,4.912531,0
191,48,0.364,2,-0.05,5.1328187,0
191,49,0.383,2,-0.05,5.4031844,0
191,50,0.405,2,-0.05,6.0031624,0
191,51,0.422,0,1.0,5.696238,0
191,52,0.441,1,-0.05,2.032019,0
191,53,0.420,1,-0.05,3.1153622,0
191,54,0.469,2,-0.05,6.6587315,0
191,55,0.476,0,1.0,5.258866,0
191,56,0.526,0,1.0,1.9437597,0
191,57,0.580,2,-0.05,1.6247679,0
191,58,0.601,2,-0.05,4.1454773,0
191,59,0.647,0,1.0,2.0025651,0
191,60,0.684,2,-0.05,2.26644,0
191,61,0.710,0,1.0,1.9484214,0
191,62,0.647,0,1.0,4.956385,0
191,63,0.602,2,-0.05,0.83802205,0
191,64,0.584,0,1.0,1.3905637,0
191,65,0.534,2,-0.05,-0.17276716,0
191,66,0.510,1,-0.05,1.3170257,0
191,67,0.508,2,-0.05,1.602674,0
191,68,0.488,2,-0.05,1.0366322,0
191,69,0.469,0,1.0,3.7524586,0
191,70,0.456,0,1.0,7.4069557,0
191,71,0.394,0,1.0,4.495142,0
191,72,0.358,0,1.0,1.8790433,0
191,73,0.326,1,-0.05,0.8461481,0
191,74,0.322,2,-0.05,0.85606277,0
191,75,0.321,2,-0.05,1.9198961,0
191,76,0.317,2,-0.05,1.4234649,0
191,77,0.304,0,1.0,0.59832275,0
191,78,0.299,0,1.0,4.561133,0
191,79,0.296,2,-0.05,6.3663883,0
191,80,0.297,0,1.0,2.8301291,0
191,81,0.295,0,1.0,4.486537,0
191,82,0.310,0,1.0,6.1978664,0
191,83,0.308,0,1.0,4.3359675,0
191,84,0.318,0,1.0,3.16894,0
191,85,0.323,2,-0.05,2.901155,0
191,86,0.333,0,1.0,3.9685843,0
191,87,0.338,0,1.0,3.7702913,0
191,88,0.362,0,1.0,2.5231407,0
191,89,0.375,0,1.0,6.611637,0
191,90,0.378,1,-0.05,5.0767813,0
191,91,0.388,0,1.0,4.8121576,0
191,92,0.390,0,1.0,2.5903437,0
191,93,0.407,0,1.0,2.5947285,0
191,94,0.399,0,1.0,4.4238057,0
191,95,0.415,1,-0.05,8.236897,0
191,96,0.423,0,1.0,8.188801,0
191,97,0.419,0,1.0,5.026444,0
191,98,0.419,2,-0.05,4.2701244,0
191,99,0.419,0,1.0,5.449011,0
191,100,0.427,2,-0.05,4.9940095,0
191,101,0.432,0,1.0,6.182407,0
191,102,0.444,0,1.0,6.422866,0
191,103,0.464,1,-0.05,6.0643373,0
191,104,0.450,2,-0.05,7.4851136,0
191,105,0.459,0,1.0,6.287171,0
191,106,0.487,2,-0.05,6.813731,0
191,107,0.497,0,1.0,6.67909,0
191,108,0.534,0,1.0,5.9886065,0
191,109,0.578,2,-0.05,6.1909947,0
191,110,0.580,0,1.0,8.100283,0
191,111,0.535,2,-0.05,5.9836893,0
191,112,0.529,1,-0.05,7.0449944,0
191,113,0.513,1,-0.05,7.4178224,0
191,114,0.482,1,-0.05,6.9485946,0
191,115,0.479,2,-0.05,6.0465784,0
191,116,0.435,0,1.0,5.557028,0
191,117,0.370,1,-0.05,5.759612,0
191,118,0.354,1,-0.05,2.8961968,0
191,119,0.344,1,-0.05,3.854865,0
191,120,0.303,0,1.0,3.5747242,0
191,121,0.225,2,-0.05,-1.1886959,0
191,122,0.213,2,-0.05,-33.223953,0
191,123,0.188,1,-100.0,-39.476875,0
192,0,0.663,0,1.0,4.8910832,0
192,1,0.659,1,-0.05,5.98064,0
192,2,0.655,0,1.0,5.011338,0
192,3,0.648,0,1.0,4.959276,0
192,4,0.641,0,1.0,4.5867815,0
192,5,0.636,0,1.0,2.787231,0
192,6,0.598,0,1.0,5.4821277,0
192,7,0.590,0,1.0,5.39549,0
192,8,0.595,1,-0.05,3.9596927,0
192,9,0.578,0,1.0,4.611205,0
192,10,0.557,0,1.0,3.7681606,0
192,11,0.541,2,-0.05,4.763033,0
192,12,0.531,0,1.0,5.8960395,0
192,13,0.517,0,1.0,6.820684,0
192,14,0.511,0,1.0,5.0613394,0
192,15,0.510,2,-0.05,5.7764955,0
192,16,0.504,0,1.0,5.106759,0
192,17,0.486,1,-0.05,5.8745785,0
192,18,0.496,0,1.0,5.3910913,0
192,19,0.484,2,-0.05,4.993867,0
192,20,0.475,0,1.0,4.4808483,0
192,21,0.472,1,-0.05,6.7424335,0
192,22,0.466,0,1.0,5.1746354,0
192,23,0.457,0,1.0,5.619234,0
192,24,0.453,1,-0.05,5.0143094,0
192,25,0.454,0,1.0,3.2233012,0
192,26,0.440,1,-0.05,4.660278,0
192,27,0.439,0,1.0,5.0021944,0
192,28,0.406,1,-0.05,3.750501,0
192,29,0.386,0,1.0,2.0961847,0
192,30,0.351,0,1.0,3.9017618,0
192,31,0.321,2,-0.05,3.94742,0
192,32,0.304,0,1.0,3.881648,0
192,33,0.270,2,-0.05,0.20890829,0
192,34,0.278,1,-0.05,-1.5519494,0
192,35,0.266,2,-0.05,-0.48895168,0
192,36,0.254,0,1.0,-1.4815872,0
192,37,0.245,1,-0.05,-4.217272,0
192,38,0.236,1,-0.05,-11.13045,0
192,39,0.233,2,-0.05,-7.653842,0
192,40,0.224,1,-0.05,-5.4655094,0
192,41,0.216,0,1.0,-8.9433155,0
192,42,0.193,1,-100.0,-25.08185,0
193,0,0.657,0,1.0,4.7808523,0
193,1,0.654,0,1.0,4.9275103,0
193,2,0.661,0,1.0,5.3589864,0
193,3,0.671,0,1.0,6.884599,0
193,4,0.666,1,-0.05,5.152814,0
193,5,0.656,0,1.0,4.778425,0
193,6,0.624,0,1.0,5.2681913,0
193,7,0.616,0,1.0,3.8579063,0
193,8,0.612,0,1.0,5.8554015,0
193,9,0.599,0,1.0,3.9657784,0
193,10,0.598,0,1.0,5.1662335,0
193,11,0.582,1,-0.05,5.1775074,0
193,12,0.555,0,1.0,6.2215924,0
193,13,0.550,0,1.0,5.226196,0
193,14,0.536,0,1.0,4.3309298,0
193,15,0.516,0,1.0,5.283687,0
193,16,0.491,2,-0.05,4.7858505,0
193,17,0.484,1,-0.05,5.907836,0
193,18,0.486,2,-0.05,4.3651104,0
193,19,0.475,2,-0.05,4.7071075,0
193,20,0.475,1,-0.05,3.9942338,0
193,21,0.467,0,1.0,4.1532445,0
193,22,0.436,0,1.0,4.100642,0
193,23,0.423,1,-0.05,4.539956,0
193,24,0.419,1,-0.05,4.312662,0
193,25,0.412,2,-0.05,2.9282157,0
193,26,0.403,2,-0.05,3.5037475,0
193,27,0.386,2,-0.05,4.453562,0
193,28,0.388,0,1.0,5.715598,0
193,29,0.387,1,-0.05,6.1183677,0
193,30,0.380,1,-0.05,2.7063372,0
193,31,0.390,2,-0.05,3.0344958,0
193,32,0.379,0,1.0,4.354047,0
193,33,0.380,0,1.0,4.7071705,0
193,34,0.370,0,1.0,4.468152,0
193,35,0.374,0,1.0,4.7797966,0
193,36,0.382,0,1.0,4.623778,0
193,37,0.367,0,1.0,5.068835,0
193,38,0.376,0,1.0,3.026533,0
193,39,0.354,0,1.0,3.7034025,0
193,40,0.371,2,-0.05,3.3640816,0
193,41,0.368,0,1.0,5.457518,0
193,42,0.384,0,1.0,2.490658,0
193,43,0.398,0,1.0,3.693447,0
193,44,0.411,1,-0.05,6.1671667,0
193,45,0.400,0,1.0,5.934085,0
193,46,0.405,1,-0.05,5.591001,0
193,47,0.421,0,1.0,4.8759003,0
193,48,0.407,1,-0.05,4.7793627,0
193,49,0.400,2,-0.05,2.22235,0
193,50,0.407,0,1.0,2.5424027,0
193,51,0.406,0,1.0,6.0569034,0
193,52,0.410,0,1.0,6.586565,0
193,53,0.416,0,1.0,5.4711657,0
193,54,0.425,0,1.0,6.3584657,0
193,55,0.423,0,1.0,6.162341,0
193,56,0.437,0,1.0,5.9272637,0
193,57,0.440,0,1.0,7.3795485,0
193,58,0.439,0,1.0,6.5903077,0
193,59,0.393,2,-0.05,6.540675,0
193,60,0.382,2,-0.05,9.498326,0
193,61,0.369,2,-0.05,6.761322,0
193,62,0.342,2,-0.05,5.2943797,0
193,63,0.341,1,-0.05,0.02074194,0
193,64,0.313,2,-0.05,-0.62839127,0
193,65,0.312,1,-0.05,-4.360937,0
193,66,0.296,1,-0.05,-4.792519,0
193,67,0.271,1,-0.05,-11.624636,0
193,68,0.249,2,-0.05,-28.827877,0
193,69,0.230,0,1.0,-31.712265,0
193,70,0.154,1,-100.0,-34.404015,0
194,0,0.663,0,1.0,5.6417336,0
194,1,0.654,1,-0.05,5.1699076,0
194,2,0.665,0,1.0,3.6242938,0
194,3,0.646,2,-0.05,5.610815,0
194,4,0.646,0,1.0,3.850317,0
194,5,0.656,0,1.0,4.3660264,0
194,6,0.643,0,1.0,5.075779,0
194,7,0.647,0,1.0,5.894012,0
194,8,0.634,0,1.0,5.565114,0
194,9,0.630,0,1.0,5.6290345,0
194,10,0.627,0,1.0,6.0594473,0
194,11,0.613,0,1.0,5.553697,0
194,12,0.622,0,1.0,5.39074,0
194,13,0.621,0,1.0,4.2468014,0
194,14,0.592,0,1.0,4.5532227,0
194,15,0.609,1,-0.05,6.3436055,0
194,16,0.618,0,1.0,4.836846,0
194,17,0.601,2,-0.05,5.573944,0
194,18,0.588,0,1.0,5.229079,0
194,19,0.589,2,-0.05,5.3139153,0
194,20,0.599,1,-0.05,4.5147495,0
194,21,0.574,0,1.0,5.001935,0
194,22,0.554,0,1.0,2.8404822,0
194,23,0.553,0,1.0,5.787976,0
194,24,0.509,0,1.0,3.764495,0
194,25,0.512,0,1.0,4.314443,0
194,26,0.484,0,1.0,3.9657478,0
194,27,0.456,0,1.0,4.1047688,0
194,28,0.439,0,1.0,3.659281,0
194,29,0.424,0,1.0,2.2112255,0
194,30,0.403,0,1.0,2.3722725,0
194,31,0.384,0,1.0,4.5994263,0
194,32,0.361,0,1.0,3.1163445,0
194,33,0.337,0,1.0,5.510256,0
194,34,0.320,0,1.0,5.8913617,0
194,35,0.305,1,-0.05,3.3175318,0
194,36,0.287,0,1.0,2.6842873,0
194,37,0.279,2,-0.05,1.1452801,0
194,38,0.255,1,-0.05,1.7624245,0
194,39,0.253,1,-0.05,1.4858209,0
194,40,0.259,1,-0.05,-9.4029665,0
194,41,0.248,1,-0.05,-23.157026,0
194,42,0.243,1,-0.05,-29.59907,0
194,43,0.231,1,-0.05,-24.905457,0
194,44,0.215,2,-0.05,-73.6006,0
194,45,0.197,2,-100.0,-76.03061,0
195,0,0.658,0,1.0,5.948751,0
195,1,0.658,0,1.0,6.117869,0
195,2,0.670,0,1.0,5.8708944,0
195,3,0.671,2,-0.05,4.4526806,0
195,4,0.676,0,1.0,5.776845,0
195,5,0.672,0,1.0,4.695276,0
195,6,0.705,0,1.0,6.931698,0
195,7,0.704,1,-0.05,5.6597457,0
195,8,0.708,0,1.0,5.716136,0
195,9,0.681,2,-0.05,6.962657,0
195,10,0.696,0,1.0,4.600864,0
195,11,0.677,0,1.0,5.8438,0
195,12,0.672,0,1.0,5.760103,0
195,13,0.638,0,1.0,6.530029,0
195,14,0.653,0,1.0,5.364495,0
195,15,0.637,0,1.0,4.621982,0
195,16,0.619,0,1.0,5.2096105,0
195,17,0.613,0,1.0,6.1652365,0
195,18,0.596,1,-0.05,6.7922254,0
195,19,0.599,2,-0.05,6.590429,0
195,20,0.590,2,-0.05,6.910567,0
195,21,0.577,0,1.0,6.077657,0
195,22,0.563,0,1.0,5.6238375,0
195,23,0.517,0,1.0,4.53451,0
195,24,0.466,0,1.0,2.8738513,0
195,25,0.458,1,-0.05,0.60747224,0
195,26,0.455,2,-0.05,1.6725032,0
195,27,0.430,0,1.0,2.6973383,0
195,28,0.403,0,1.0,3.5285382,0
195,29,0.347,1,-0.05,1.0747947,0
195,30,0.334,1,-0.05,1.0146586,0
195,31,0.323,0,1.0,-0.8479686,0
195,32,0.293,0,1.0,-3.4094765,0
195,33,0.258,2,-0.05,-2.5883975,0
195,34,0.254,0,1.0,-7.517726,0
195,35,0.230,2,-0.05,-8.205994,0
195,36,0.229,2,-0.05,-34.069748,0
195,37,0.225,2,-0.05,-45.676273,0
195,38,0.203,2,-0.05,-74.539314,0
195,39,0.212,2,-0.05,-90.08748,0
195,40,0.184,2,-100.0,-82.421326,0
196,0,0.663,0,1.0,7.4540634,0
196,1,0.674,0,1.0,6.7667165,0
196,2,0.670,0,1.0,5.6883016,0
196,3,0.662,0,1.0,4.473606,0
196,4,0.681,0,1.0,7.56796,0
196,5,0.665,0,1.0,6.3929024,0
196,6,0.669,1,-0.05,6.797359,0
196,7,0.673,1,-0.05,7.2435837,0
196,8,0.680,0,1.0,4.1605225,0
196,9,0.661,0,1.0,4.727481,0
196,10,0.661,1,-0.05,2.134802,0
196,11,0.647,0,1.0,3.907168,0
196,12,0.612,0,1.0,4.0667553,0
196,13,0.608,0,1.0,4.882415,0
196,14,0.563,0,1.0,4.292776,0
196,15,0.550,0,1.0,4.5464044,0
196,16,0.531,0,1.0,4.224167,0
196,17,0.508,0,1.0,5.0069304,0
196,18,0.483,1,-0.05,5.0077624,0
196,19,0.479,0,1.0,5.6155434,0
196,20,0.454,1,-0.05,4.294123,0
196,21,0.452,1,-0.05,3.838548,0
196,22,0.442,0,1.0,2.0913966,0
196,23,0.412,0,1.0,4.299044,0
196,24,0.356,1,-0.05,3.4606967,0
196,25,0.336,1,-0.05,4.447025,0
196,26,0.345,1,-0.05,4.2443213,0
196,27,0.336,1,-0.05,4.381147,0
196,28,0.332,1,-0.05,1.9203577,0
196,29,0.305,1,-0.05,-5.534273,0
196,30,0.294,1,-0.05,-10.731397,0
196,31,0.285,2,-0.05,-17.784927,0
196,32,0.224,0,1.0,-21.502384,0
196,33,0.200,1,-100.0,-40.14866,0
197,0,0.659,1,-0.05,5.115886,0
197,1,0.673,0,1.0,5.735426,0
197,2,0.643,0,1.0,4.7526846,0
197,3,0.636,0,1.0,4.0618095,0
197,4,0.615,0,1.0,4.5101824,0
197,5,0.589,0,1.0,5.674838,0
197,6,0.588,0,1.0,5.368065,0
197,7,0.552,0,1.0,4.9060693,0
197,8,0.534,0,1.0,3.8416147,0
197,9,0.523,0,1.0,5.5526404,0
197,10,0.500,0,1.0,5.2562914,0
197,11,0.487,2,-0.05,4.836829,0
197,12,0.486,0,1.0,5.054958,0
197,13,0.473,2,-0.05,4.6942697,0
197,14,0.464,2,-0.05,6.9173512,0
197,15,0.474,0,1.0,5.7964277,0
197,16,0.480,0,1.0,4.4706597,0
197,17,0.482,0,1.0,6.204581,0
197,18,0.507,1,-0.05,6.670472,0
197,19,0.500,2,-0.05,6.2933354,0
197,20,0.505,1,-0.05,5.325391,0
197,21,0.505,1,-0.05,7.2880135,0
197,22,0.517,0,1.0,5.911183,0
197,23,0.491,0,1.0,2.6490529,0
197,24,0.485,0,1.0,4.8287783,0
197,25,0.484,0,1.0,5.49975,0
197,26,0.464,0,1.0,4.582815,0
197,27,0.455,0,1.0,3.5490553,0
197,28,0.432,0,1.0,3.6424468,0
197,29,0.427,2,-0.05,3.7582726,0
197,30,0.441,0,1.0,3.6797225,0
197,31,0.429,0,1.0,4.124233,0
197,32,0.426,0,1.0,4.7905126,0
197,33,0.429,0,1.0,4.392021,0
197,34,0.437,0,1.0,2.1972792,0
197,35,0.426,0,1.0,3.7174714,0
197,36,0.430,0,1.0,4.347719,0
197,37,0.431,0,1.0,5.5241165,0
197,38,0.427,0,1.0,5.5020514,0
197,39,0.418,0,1.0,6.655757,0
197,40,0.428,0,1.0,5.6083417,0
197,41,0.430,0,1.0,4.8806763,0
197,42,0.425,2,-0.05,5.1214046,0
197,43,0.422,0,1.0,3.1430662,0
197,44,0.444,0,1.0,4.396367,0
197,45,0.453,2,-0.05,5.0992436,0
197,46,0.443,2,-0.05,5.761566,0
197,47,0.449,0,1.0,8.41507,0
197,48,0.503,0,1.0,6.427302,0
197,49,0.498,0,1.0,7.154731,0
197,50,0.540,0,1.0,6.198482,0
197,51,0.572,1,-0.05,6.6595535,0
197,52,0.544,0,1.0,6.3177304,0
197,53,0.442,0,1.0,7.5114737,0
197,54,0.360,1,-0.05,6.327831,0
197,55,0.353,2,-0.05,3.307858,0
197,56,0.333,2,-0.05,3.4750152,0
197,57,0.313,1,-0.05,3.6418772,0
197,58,0.289,1,-0.05,0.64622784,0
197,59,0.275,2,-0.05,-8.914757,0
197,60,0.258,2,-0.05,-20.652674,0
197,61,0.254,2,-0.05,-14.665014,0
197,62,0.244,1,-0.05,-37.51058,0
197,63,0.227,1,-0.05,-31.504715,0
197,64,0.217,2,-0.05,-40.773163,0
197,65,0.197,1,-100.0,-46.889317,0
198,0,0.672,1,-0.05,7.0053706,0
198,1,0.659,1,-0.05,4.7627525,0
198,2,0.663,1,-0.05,4.8341694,0
198,3,0.659,1,-0.05,3.5606098,0
198,4,0.666,2,-0.05,4.436202,0
198,5,0.637,0,1.0,4.1124372,0
198,6,0.630,0,1.0,3.6351523,0
198,7,0.597,0,1.0,5.079794,0
198,8,0.571,0,1.0,4.3711257,0
198,9,0.562,0,1.0,4.1294446,0
198,10,0.529,0,1.0,5.0873637,0
198,11,0.513,0,1.0,5.1000667,0
198,12,0.488,0,1.0,5.3342695,0
198,13,0.450,0,1.0,4.9706783,0
198,14,0.434,0,1.0,4.8388877,0
198,15,0.423,1,-0.05,5.096154,0
198,16,0.422,0,1.0,4.764376,0
198,17,0.384,0,1.0,5.716278,0
198,18,0.359,2,-0.05,4.148205,0
198,19,0.351,2,-0.05,4.4294167,0
198,20,0.337,0,1.0,4.28135,0
198,21,0.347,1,-0.05,5.579842,0
198,22,0.327,1,-0.05,3.656415,0
198,23,0.321,1,-0.05,4.498181,0
198,24,0.330,2,-0.05,3.4386866,0
198,25,0.326,1,-0.05,3.383787,0
198,26,0.318,1,-0.05,3.4815636,0
198,27,0.310,1,-0.05,3.0742033,0
198,28,0.305,2,-0.05,5.771797,0
198,29,0.285,0,1.0,5.3080564,0
198,30,0.275,2,-0.05,2.38792,0
198,31,0.269,2,-0.05,-0.46163964,0
198,32,0.262,1,-0.05,-3.2341895,0
198,33,0.262,2,-0.05,-2.7515976,0
198,34,0.253,1,-0.05,-1.8917718,0
198,35,0.237,2,-0.05,-8.269453,0
198,36,0.242,0,1.0,-6.742673,0
198,37,0.228,1,-0.05,-5.086116,0
198,38,0.230,2,-0.05,-3.8107185,0
198,39,0.221,1,-0.05,-4.047636,0
198,40,0.232,1,-0.05,-13.245188,0
198,41,0.223,1,-0.05,-25.637787,0
198,42,0.211,1,-0.05,-41.633106,0
198,43,0.215,1,-0.05,-47.0718,0
198,44,0.210,1,-0.05,-39.632202,0
198,45,0.205,1,-0.05,-46.402924,0
198,46,0.199,1,-100.0,-45.240837,0
199,0,0.663,0,1.0,5.066333,0
199,1,0.670,1,-0.05,5.239969,0
199,2,0.673,1,-0.05,5.0785313,0
199,3,0.661,0,1.0,3.7755597,0
199,4,0.643,0,1.0,4.7807417,0
199,5,0.608,0,1.0,3.8906136,0
199,6,0.566,0,1.0,5.175292,0
199,7,0.567,0,1.0,3.8453348,0
199,8,0.543,0,1.0,4.7574425,0
199,9,0.521,0,1.0,5.021715,0
199,10,0.505,0,1.0,5.0618386,0
199,11,0.474,1,-0.05,5.038382,0
199,12,0.469,0,1.0,5.258942,0
199,13,0.430,0,1.0,5.7669516,0
199,14,0.408,0,1.0,6.4614844,0
199,15,0.356,0,1.0,4.6114235,0
199,16,0.336,2,-0.05,4.301203,0
199,17,0.330,1,-0.05,3.6064448,0
199,18,0.335,2,-0.05,4.691948,0
199,19,0.325,2,-0.05,4.343045,0
199,20,0.309,2,-0.05,3.403665,0
199,21,0.314,0,1.0,4.333304,0
199,22,0.297,0,1.0,5.2706723,0
199,23,0.299,1,-0.05,5.2288547,0
199,24,0.311,2,-0.05,4.8064713,0
199,25,0.302,2,-0.05,3.3491492,0
199,26,0.304,0,1.0,5.2053022,0
199,27,0.322,0,1.0,4.9885683,0
199,28,0.341,2,-0.05,4.2638674,0
199,29,0.341,2,-0.05,4.328006,0
199,30,0.356,2,-0.05,5.0626817,0
199,31,0.369,0,1.0,6.882462,0
199,32,0.395,2,-0.05,2.6668081,0
199,33,0.400,2,-0.05,2.9501925,0
199,34,0.413,2,-0.05,4.6258197,0
199,35,0.426,2,-0.05,3.1710863,0
199,36,0.426,1,-0.05,6.7659917,0
199,37,0.452,1,-0.05,4.3163795,0
199,38,0.454,2,-0.05,4.064083,0
199,39,0.466,2,-0.05,4.0222926,0
199,40,0.484,2,-0.05,4.8002815,0
199,41,0.494,2,-0.05,5.967679,0
199,42,0.522,0,1.0,2.3672895,0
199,43,0.623,0,1.0,1.1136128,0
199,44,0.681,2,-0.05,2.3459842,0
199,45,0.701,0,1.0,0.54646105,0
199,46,0.595,0,1.0,4.4758196,0
199,47,0.528,1,-0.05,0.13987851,0
199,48,0.502,0,1.0,1.6904387,0
199,49,0.395,0,1.0,-1.477072,0
199,50,0.329,1,-0.05,-5.906299,0
199,51,0.306,2,-0.05,-12.643534,0
199,52,0.296,1,-0.05,-15.23671,0
199,53,0.274,1,-0.05,-18.957266,0
199,54,0.264,2,-0.05,-17.405401,0
199,55,0.251,1,-0.05,-22.43716,0
199,56,0.244,1,-0.05,-25.191727,0
199,57,0.214,1,-0.05,-38.499516,0
199,58,0.195,2,-100.0,-69.10264,0
200,0,0.652,0,1.0,6.3417587,0
200,1,0.674,0,1.0,5.900003,0
200,2,0.674,2,-0.05,7.01684,0
200,3,0.671,0,1.0,6.2697396,0
200,4,0.692,1,-0.05,5.9674306,0
200,5,0.683,0,1.0,7.135473,0
200,6,0.693,2,-0.05,4.416407,0
200,7,0.686,0,1.0,5.6165547,0
200,8,0.702,0,1.0,6.6102743,0
200,9,0.688,0,1.0,5.6207213,0
200,10,0.689,1,-0.05,6.8010116,0
200,11,0.684,0,1.0,5.228561,0
200,12,0.680,0,1.0,4.349899,0
200,13,0.677,0,1.0,6.144273,0
200,14,0.674,0,1.0,5.8730607,0
200,15,0.656,0,1.0,5.8377724,0
200,16,0.665,0,1.0,5.8524556,0
200,17,0.666,0,1.0,5.833204,0
200,18,0.664,0,1.0,5.5825777,0
200,19,0.659,0,1.0,5.4225326,0
200,20,0.653,1,-0.05,5.6573653,0
200,21,0.640,0,1.0,4.677165,0
200,22,0.656,0,1.0,4.4085317,0
200,23,0.664,0,1.0,4.4796906,0
200,24,0.659,2,-0.05,1.850452,0
200,25,0.677,2,-0.05,3.049338,0
200,26,0.676,2,-0.05,3.6345737,0
200,27,0.671,0,1.0,6.661736,0
200,28,0.647,1,-0.05,5.529097,0
200,29,0.658,0,1.0,5.9679484,0
200,30,0.643,0,1.0,4.5197625,0
200,31,0.636,0,1.0,5.276831,0
200,32,0.621,0,1.0,5.357958,0
200,33,0.602,0,1.0,5.5991306,0
200,34,0.594,0,1.0,4.40191,0
200,35,0.591,0,1.0,2.367391,0
200,36,0.569,0,1.0,4.6228857,0
200,37,0.559,0,1.0,5.210368,0
200,38,0.561,0,1.0,5.085181,0
200,39,0.535,0,1.0,6.0984616,0
200,40,0.520,0,1.0,5.1105833,0
200,41,0.526,0,1.0,5.556566,0
200,42,0.493,0,1.0,4.8285627,0
200,43,0.520,2,-0.05,3.9970398,0
200,44,0.532,0,1.0,5.7454944,0
200,45,0.565,0,1.0,5.1338573,0
200,46,0.579,0,1.0,5.808315,0
200,47,0.627,1,-0.05,5.866329,0
200,48,0.630,2,-0.05,6.7275352,0
200,49,0.665,0,1.0,7.1376743,0
200,50,0.710,2,-0.05,9.118534,0
200,51,0.707,1,-0.05,9.67848,0
200,52,0.716,2,-0.05,9.072763,0
200,53,0.760,0,1.0,8.820799,0
200,54,0.690,0,1.0,7.870475,0
200,55,0.587,0,1.0,8.911463,0
200,56,0.542,2,-0.05,7.6547356,0
200,57,0.495,0,1.0,5.4925547,0
200,58,0.439,1,-0.05,5.9488044,0
200,59,0.416,1,-0.05,5.123626,0
200,60,0.418,1,-0.05,6.4735045,0
200,61,0.384,2,-0.05,5.73152,0
200,62,0.378,0,1.0,4.4360175,0
200,63,0.302,1,-0.05,0.55578136,0
200,64,0.277,1,-0.05,-38.53143,0
200,65,0.277,1,-0.05,-19.418806,0
200,66,0.260,1,-0.05,-13.5629425,0
200,67,0.225,2,-0.05,-55.753113,0
200,68,0.232,1,-0.05,-47.045776,0
200,69,0.201,2,-0.05,-66.677124,0
200,70,0.190,2,-100.0,-69.28636,0
201,0,0.665,0,1.0,5.45326,0
201,1,0.662,0,1.0,5.531704,0
201,2,0.674,0,1.0,6.52082,0
201,3,0.673,0,1.0,7.2898717,0
201,4,0.682,0,1.0,5.5109797,0
201,5,0.681,2,-0.05,6.7063174,0
201,6,0.689,0,1.0,6.992006,0
201,7,0.677,0,1.0,6.855706,0
201,8,0.701,0,1.0,4.9216633,0
201,9,0.696,0,1.0,6.4337964,0
201,10,0.685,0,1.0,6.597332,0
201,11,0.675,0,1.0,6.28467,0
201,12,0.650,0,1.0,6.659255,0
201,13,0.643,1,-0.05,7.603496,0
201,14,0.642,2,-0.05,5.6915092,0
201,15,0.640,1,-0.05,5.737756,0
201,16,0.642,0,1.0,5.745595,0
201,17,0.642,0,1.0,5.6537695,0
201,18,0.620,0,1.0,6.6693916,0
201,19,0.629,2,-0.05,4.3449497,0
201,20,0.634,2,-0.05,4.3026094,0
201,21,0.634,0,1.0,5.8300743,0
201,22,0.611,1,-0.05,5.128323,0
201,23,0.610,0,1.0,3.2032676,0
201,24,0.595,0,1.0,6.235763,0
201,25,0.582,0,1.0,5.649847,0
201,26,0.581,2,-0.05,5.3224773,0
201,27,0.569,1,-0.05,3.8012402,0
201,28,0.567,2,-0.05,3.119907,0
201,29,0.575,2,-0.05,5.1601562,0
201,30,0.563,0,1.0,5.538076,0
201,31,0.533,0,1.0,4.667573,0
201,32,0.502,0,1.0,3.808549,0
201,33,0.485,1,-0.05,4.325409,0
201,34,0.477,2,-0.05,3.8677955,0
201,35,0.463,0,1.0,4.3518667,0
201,36,0.427,1,-0.05,2.2376988,0
201,37,0.425,0,1.0,1.3903303,0
201,38,0.373,1,-0.05,1.9351832,0
201,39,0.374,0,1.0,2.6002808,0
201,40,0.347,1,-0.05,-1.0347375,0
201,41,0.332,2,-0.05,-0.8505323,0
201,42,0.357,2,-0.05,-3.4294577,0
201,43,0.330,0,1.0,0.056435764,0
201,44,0.295,1,-0.05,-2.3058174,0
201,45,0.297,0,1.0,-1.7652488,0
201,46,0.252,1,-0.05,-5.54107,0
201,47,0.241,0,1.0,-10.564121,0
201,48,0.217,1,-0.05,-12.775555,0
201,49,0.202,0,1.0,-9.233812,0
201,50,0.176,0,-100.0,-2.141018,0
202,0,0.662,0,1.0,5.2840147,0
202,1,0.672,0,1.0,3.6570926,0
202,2,0.654,0,1.0,6.8913,0
202,3,0.662,0,1.0,6.3847156,0
202,4,0.665,0,1.0,6.494706,0
202,5,0.669,0,1.0,5.5292373,0
202,6,0.671,0,1.0,6.6850195,0
202,7,0.646,0,1.0,5.387782,0
202,8,0.665,0,1.0,5.377123,0
202,9,0.667,0,1.0,5.418334,0
202,10,0.657,1,-0.05,5.7046976,0
202,11,0.658,2,-0.05,3.1469243,0
202,12,0.662,0,1.0,4.240014,0
202,13,0.669,0,1.0,6.4312205,0
202,14,0.665,1,-0.05,6.4229584,0
202,15,0.670,0,1.0,5.4022946,0
202,16,0.691,0,1.0,6.1580553,0
202,17,0.675,0,1.0,5.902636,0
202,18,0.685,2,-0.05,4.1337614,0
202,19,0.685,0,1.0,6.7323833,0
202,20,0.701,2,-0.05,6.0919604,0
202,21,0.698,0,1.0,6.1751714,0
202,22,0.699,0,1.0,5.543393,0
202,23,0.680,2,-0.05,5.2322946,0
202,24,0.676,0,1.0,4.4804096,0
202,25,0.638,0,1.0,5.586173,0
202,26,0.627,0,1.0,5.7518606,0
202,27,0.588,0,1.0,4.032517,0
202,28,0.573,0,1.0,5.491236,0
202,29,0.534,0,1.0,5.480725,0
202,30,0.519,2,-0.05,3.4127467,0
202,31,0.497,0,1.0,3.5373824,0
202,32,0.457,0,1.0,3.130355,0
202,33,0.430,0,1.0,1.7651038,0
202,34,0.365,0,1.0,1.4565341,0
202,35,0.363,0,1.0,-1.5125699,0
202,36,0.322,0,1.0,-3.7467427,0
202,37,0.273,1,-0.05,-2.5547495,0
202,38,0.252,0,1.0,-3.888022,0
202,39,0.249,2,-0.05,-1.3440907,0
202,40,0.237,2,-0.05,-2.0679126,0
202,41,0.249,2,-0.05,-1.8847795,0
202,42,0.219,0,1.0,-1.6042409,0
202,43,0.173,1,-100.0,-0.39118683,0
203,0,0.665,2,-0.05,4.257351,0
203,1,0.672,0,1.0,6.438354,0
203,2,0.673,0,1.0,7.3842597,0
203,3,0.689,1,-0.05,5.4090624,0
203,4,0.694,1,-0.05,5.711562,0
203,5,0.696,0,1.0,6.3054643,0
203,6,0.687,2,-0.05,4.667898,0
203,7,0.687,2,-0.05,5.0906324,0
203,8,0.679,0,1.0,6.4855504,0
203,9,0.690,0,1.0,5.7613897,0
203,10,0.707,0,1.0,5.3688116,0
203,11,0.690,0,1.0,6.452169,0
203,12,0.685,0,1.0,4.913723,0
203,13,0.668,2,-0.05,6.329485,0
203,14,0.653,0,1.0,4.769407,0
203,15,0.633,0,1.0,5.741949,0
203,16,0.617,2,-0.05,4.103812,0
203,17,0.625,2,-0.05,4.6681066,0
203,18,0.613,0,1.0,5.6854696,0
203,19,0.588,1,-0.05,4.6908703,0
203,20,0.558,1,-0.05,5.2636237,0
203,21,0.558,1,-0.05,4.9141364,0
203,22,0.548,0,1.0,5.4728684,0
203,23,0.535,0,1.0,7.362823,0
203,24,0.531,0,1.0,6.2168794,0
203,25,0.511,1,-0.05,4.5697656,0
203,26,0.510,0,1.0,7.6257668,0
203,27,0.512,2,-0.05,4.3061333,0
203,28,0.511,0,1.0,4.927351,0
203,29,0.486,0,1.0,5.72801,0
203,30,0.478,0,1.0,4.359599,0
203,31,0.475,0,1.0,5.918893,0
203,32,0.465,0,1.0,6.047188,0
203,33,0.451,0,1.0,5.14562,0
203,34,0.458,0,1.0,3.7883976,0
203,35,0.422,0,1.0,4.0330195,0
203,36,0.412,0,1.0,2.767733,0
203,37,0.405,0,1.0,3.1788902,0
203,38,0.392,0,1.0,2.7094316,0
203,39,0.387,1,-0.05,3.0944703,0
203,40,0.379,0,1.0,1.446867,0
203,41,0.367,2,-0.05,2.5394752,0
203,42,0.386,2,-0.05,2.3718958,0
203,43,0.380,2,-0.05,4.5334153,0
203,44,0.367,0,1.0,2.3730662,0
203,45,0.351,2,-0.05,2.5749712,0
203,46,0.327,0,1.0,5.8647366,0
203,47,0.304,2,-0.05,4.4265203,0
203,48,0.289,0,1.0,4.0740547,0
203,49,0.277,2,-0.05,2.6220427,0
203,50,0.273,0,1.0,2.6322627,0
203,51,0.276,2,-0.05,0.16450214,0
203,52,0.268,0,1.0,1.6613344,0
203,53,0.316,0,1.0,1.223586,0
203,54,0.336,2,-0.05,1.9611502,0
203,55,0.354,0,1.0,1.2604042,0
203,56,0.388,2,-0.05,1.2526743,0
203,57,0.414,2,-0.05,1.9489062,0
203,58,0.456,0,1.0,5.426854,0
203,59,0.478,0,1.0,4.966832,0
203,60,0.519,0,1.0,0.6554139,0
203,61,0.585,0,1.0,2.1725936,0
203,62,0.665,0,1.0,6.21878,0
203,63,0.698,0,1.0,7.3152676,0
203,64,0.648,0,1.0,4.600007,0
203,65,0.591,0,1.0,1.4363322,0
203,66,0.561,0,1.0,2.367659,0
203,67,0.510,0,1.0,3.107246,0
203,68,0.457,0,1.0,3.234972,0
203,69,0.398,1,-0.05,3.0117605,0
203,70,0.398,2,-0.05,2.2418919,0
203,71,0.363,0,1.0,1.9277534,0
203,72,0.337,2,-0.05,1.7486991,0
203,73,0.341,1,-0.05,2.8194003,0
203,74,0.334,2,-0.05,2.5289369,0
203,75,0.318,2,-0.05,2.0956383,0
203,76,0.320,1,-0.05,-0.35244632,0
203,77,0.302,1,-0.05,1.1015431,0
203,78,0.318,1,-0.05,-0.8410206,0
203,79,0.303,2,-0.05,-3.9967752,0
203,80,0.291,2,-0.05,-16.198292,0
203,81,0.279,2,-0.05,-11.787022,0
203,82,0.267,2,-0.05,-7.1103287,0
203,83,0.270,1,-0.05,-2.0639822,0
203,84,0.264,2,-0.05,-9.558974,0
203,85,0.259,1,-0.05,-6.0553064,0
203,86,0.254,2,-0.05,-17.785885,0
203,87,0.252,1,-0.05,-23.429205,0
203,88,0.231,0,1.0,-24.846992,0
203,89,0.200,1,-0.05,-28.325333,0
203,90,0.193,1,-100.0,-61.632942,0
204,0,0.663,0,1.0,5.716783,0
204,1,0.672,0,1.0,5.02232,0
204,2,0.659,0,1.0,5.0919623,0
204,3,0.661,0,1.0,6.0058165,0
204,4,0.659,0,1.0,4.757287,0
204,5,0.647,2,-0.05,4.513803,0
204,6,0.652,1,-0.05,5.0971956,0
204,7,0.653,2,-0.05,4.7747245,0
204,8,0.641,0,1.0,5.85527,0
204,9,0.648,0,1.0,4.9651675,0
204,10,0.666,0,1.0,6.7578707,0
204,11,0.675,0,1.0,6.49531,0
204,12,0.665,1,-0.05,7.305317,0
204,13,0.666,0,1.0,5.3971934,0
204,14,0.673,0,1.0,5.0781326,0
204,15,0.672,0,1.0,5.635873,0
204,16,0.679,0,1.0,4.763809,0
204,17,0.664,0,1.0,6.3819246,0
204,18,0.666,0,1.0,6.6824965,0
204,19,0.665,1,-0.05,3.5635319,0
204,20,0.647,1,-0.05,4.553301,0
204,21,0.664,1,-0.05,3.7454023,0
204,22,0.660,1,-0.05,3.4860594,0
204,23,0.634,0,1.0,3.6352508,0
204,24,0.604,0,1.0,2.8821735,0
204,25,0.566,0,1.0,3.063777,0
204,26,0.517,0,1.0,2.8545392,0
204,27,0.476,1,-0.05,4.489447,0
204,28,0.485,1,-0.05,4.4943285,0
204,29,0.473,2,-0.05,4.156965,0
204,30,0.476,2,-0.05,4.4235506,0
204,31,0.453,0,1.0,4.019849,0
204,32,0.428,0,1.0,3.7608385,0
204,33,0.404,0,1.0,4.9545064,0
204,34,0.372,0,1.0,5.726372,0
204,35,0.335,0,1.0,6.3889866,0
204,36,0.305,0,1.0,5.945468,0
204,37,0.286,1,-0.05,4.0903006,0
204,38,0.282,1,-0.05,4.440672,0
204,39,0.259,0,1.0,2.1890504,0
204,40,0.233,2,-0.05,-14.342228,0
204,41,0.211,1,-0.05,-26.281904,0
204,42,0.214,1,-0.05,-40.957687,0
204,43,0.198,1,-100.0,-55.37618,0
205,0,0.672,2,-0.05,6.888454,0
205,1,0.657,0,1.0,5.508734,0
205,2,0.675,0,1.0,6.837316,0
205,3,0.682,1,-0.05,6.2321854,0
205,4,0.694,0,1.0,4.924187,0
205,5,0.692,2,-0.05,6.422377,0
205,6,0.680,0,1.0,5.52418,0
205,7,0.700,0,1.0,7.0764403,0
205,8,0.707,0,1.0,6.0783305,0
205,9,0.684,1,-0.05,6.5572553,0
205,10,0.672,0,1.0,6.0213227,0
205,11,0.687,2,-0.05,6.363968,0
205,12,0.681,0,1.0,5.6232123,0
205,13,0.660,0,1.0,6.1142797,0
205,14,0.644,0,1.0,6.269743,0
205,15,0.629,0,1.0,7.096277,0
205,16,0.626,0,1.0,4.503908,0
205,17,0.616,0,1.0,6.5100083,0
205,18,0.614,2,-0.05,3.7537682,0
205,19,0.601,1,-0.05,6.2367425,0
205,20,0.596,0,1.0,5.9583926,0
205,21,0.582,0,1.0,4.030122,0
205,22,0.595,0,1.0,3.822508,0
205,23,0.608,0,1.0,5.2740507,0
205,24,0.612,2,-0.05,5.007606,0
205,25,0.611,0,1.0,5.214679,0
205,26,0.607,0,1.0,5.9159822,0
205,27,0.592,0,1.0,6.397463,0
205,28,0.595,2,-0.05,5.2287626,0
205,29,0.590,0,1.0,4.674651,0
205,30,0.586,0,1.0,5.652291,0
205,31,0.562,2,-0.05,5.603146,0
205,32,0.561,0,1.0,4.7126646,0
205,33,0.543,1,-0.05,4.101908,0
205,34,0.533,0,1.0,3.1274714,0
205,35,0.525,2,-0.05,5.0963845,0
205,36,0.524,1,-0.05,4.4195247,0
205,37,0.509,0,1.0,4.99697,0
205,38,0.512,0,1.0,4.5856133,0
205,39,0.527,0,1.0,3.1573772,0
205,40,0.513,2,-0.05,5.0436935,0
205,41,0.522,0,1.0,3.1832623,0
205,42,0.515,0,1.0,3.4158375,0
205,43,0.513,0,1.0,3.9717126,0
205,44,0.496,0,1.0,5.767351,0
205,45,0.497,2,-0.05,6.074629,0
205,46,0.507,0,1.0,4.8308687,0
205,47,0.490,1,-0.05,5.611102,0
205,48,0.492,0,1.0,5.1132727,0
205,49,0.538,0,1.0,4.347125,0
205,50,0.572,0,1.0,4.019185,0
205,51,0.572,0,1.0,3.272321,0
205,52,0.652,0,1.0,3.8157601,0
205,53,0.685,0,1.0,0.601525,0
205,54,0.717,1,-0.05,2.0819395,0
205,55,0.728,1,-0.05,0.2545131,0
205,56,0.780,0,1.0,3.410511,0
205,57,0.686,0,1.0,5.1024423,0
205,58,0.617,0,1.0,7.408472,0
205,59,0.531,1,-0.05,8.572653,0
205,60,0.470,0,1.0,9.606331,0
205,61,0.409,0,1.0,2.6341577,0
205,62,0.296,0,1.0,-4.4249797,0
205,63,0.204,2,-0.05,-38.48143,0
205,64,0.191,0,-100.0,-67.400314,0
206,0,0.662,0,1.0,6.1498013,0
206,1,0.672,1,-0.05,6.135594,0
206,2,0.674,0,1.0,5.6879826,0
206,3,0.651,1,-0.05,4.759146,0
206,4,0.659,0,1.0,4.233092,0
206,5,0.628,0,1.0,4.2284417,0
206,6,0.623,1,-0.05,5.285341,0
206,7,0.605,0,1.0,5.654904,0
206,8,0.571,0,1.0,4.2650557,0
206,9,0.558,0,1.0,4.247754,0
206,10,0.523,1,-0.05,4.3537025,0
206,11,0.511,0,1.0,3.8825743,0
206,12,0.466,0,1.0,4.1463575,0
206,13,0.433,0,1.0,4.5803127,0
206,14,0.413,2,-0.05,2.9939768,0
206,15,0.396,2,-0.05,4.087888,0
206,16,0.379,2,-0.05,4.489915,0
206,17,0.385,2,-0.05,4.791579,0
206,18,0.388,1,-0.05,4.8405156,0
206,19,0.374,0,1.0,5.0627394,0
206,20,0.362,1,-0.05,3.7487543,0
206,21,0.356,1,-0.05,4.8288603,0
206,22,0.346,2,-0.05,3.2452135,0
206,23,0.351,1,-0.05,2.8903277,0
206,24,0.326,2,-0.05,2.9324756,0
206,25,0.332,1,-0.05,2.2810345,0
206,26,0.325,2,-0.05,3.3110485,0
206,27,0.329,0,1.0,4.0895452,0
206,28,0.307,1,-0.05,2.8086133,0
206,29,0.301,1,-0.05,1.2541445,0
206,30,0.306,2,-0.05,0.6692947,0
206,31,0.278,2,-0.05,0.25346172,0
206,32,0.292,1,-0.05,3.4722395,0
206,33,0.274,0,1.0,-0.4987948,0
206,34,0.256,2,-0.05,-2.9084492,0
206,35,0.243,2,-0.05,-16.994095,0
206,36,0.237,1,-0.05,-12.106366,0
206,37,0.243,1,-0.05,-11.389994,0
206,38,0.240,2,-0.05,-19.629875,0
206,39,0.223,2,-0.05,-27.02366,0
206,40,0.232,1,-0.05,-28.56042,0
206,41,0.233,1,-0.05,-25.063925,0
206,42,0.215,2,-0.05,-29.6475,0
206,43,0.198,2,-100.0,-36.828262,0
207,0,0.658,0,1.0,6.1276507,0
207,1,0.658,0,1.0,4.6702976,0
207,2,0.670,0,1.0,7.1095953,0
207,3,0.680,0,1.0,5.536742,0
207,4,0.680,0,1.0,5.8086805,0
207,5,0.678,1,-0.05,5.1678066,0
207,6,0.685,1,-0.05,6.9673314,0
207,7,0.683,0,1.0,4.455833,0
207,8,0.667,0,1.0,5.301447,0
207,9,0.648,1,-0.05,4.844445,0
207,10,0.643,2,-0.05,4.7513323,0
207,11,0.629,0,1.0,4.5182056,0
207,12,0.631,0,1.0,4.897341,0
207,13,0.625,0,1.0,5.906869,0
207,14,0.624,2,-0.05,6.137124,0
207,15,0.617,0,1.0,5.0710335,0
207,16,0.629,2,-0.05,3.9766412,0
207,17,0.632,2,-0.05,6.218726,0
207,18,0.643,0,1.0,7.7535024,0
207,19,0.661,0,1.0,5.6301436,0
207,20,0.671,1,-0.05,6.6072545,0
207,21,0.692,0,1.0,8.001936,0
207,22,0.694,0,1.0,5.987273,0
207,23,0.698,2,-0.05,4.8773985,0
207,24,0.675,1,-0.05,6.8306823,0
207,25,0.692,0,1.0,6.039166,0
207,26,0.683,0,1.0,5.448347,0
207,27,0.679,2,-0.05,5.8042617,0
207,28,0.673,0,1.0,5.355136,0
207,29,0.679,0,1.0,5.506463,0
207,30,0.668,0,1.0,4.7375097,0
207,31,0.665,0,1.0,7.1812487,0
207,32,0.654,0,1.0,3.552551,0
207,33,0.624,0,1.0,2.7601523,0
207,34,0.629,0,1.0,4.544211,0
207,35,0.622,0,1.0,4.640429,0
207,36,0.611,2,-0.05,3.4648008,0
207,37,0.614,0,1.0,4.3382072,0
207,38,0.589,0,1.0,2.4938054,0
207,39,0.585,0,1.0,2.2127292,0
207,40,0.574,0,1.0,3.2088227,0
207,41,0.545,0,1.0,4.5576687,0
207,42,0.550,0,1.0,5.1164207,0
207,43,0.524,1,-0.05,3.6945996,0
207,44,0.523,1,-0.05,2.3012962,0
207,45,0.513,0,1.0,6.0058413,0
207,46,0.520,0,1.0,5.133787,0
207,47,0.527,0,1.0,4.349896,0
207,48,0.552,0,1.0,4.32343,0
207,49,0.603,1,-0.05,3.3212166,0
207,50,0.603,0,1.0,2.1676102,0
207,51,0.632,1,-0.05,3.0487335,0
207,52,0.633,0,1.0,3.6978288,0
207,53,0.736,0,1.0,5.583427,0
207,54,0.765,0,1.0,3.6944628,0
207,55,0.789,0,1.0,5.3086348,0
207,56,0.681,0,1.0,6.4913087,0
207,57,0.615,0,1.0,9.391748,0
207,58,0.494,0,1.0,8.769322,0
207,59,0.428,2,-0.05,8.457049,0
207,60,0.403,0,1.0,5.16453,0
207,61,0.288,0,1.0,6.713896,0
207,62,0.207,2,-0.05,-18.415485,0
207,63,0.205,2,-0.05,-52.126015,0
207,64,0.178,1,-100.0,-40.949104,0
208,0,0.666,0,1.0,5.172751,0
208,1,0.659,2,-0.05,4.8723707,0
208,2,0.664,0,1.0,5.5357203,0
208,3,0.681,0,1.0,6.288511,0
208,4,0.675,0,1.0,6.7532396,0
208,5,0.674,1,-0.05,6.025116,0
208,6,0.677,0,1.0,6.5239606,0
208,7,0.675,0,1.0,4.3167515,0
208,8,0.678,2,-0.05,2.893258,0
208,9,0.681,2,-0.05,4.1754217,0
208,10,0.676,2,-0.05,5.6277657,0
208,11,0.669,0,1.0,6.748663,0
208,12,0.700,0,1.0,5.3607717,0
208,13,0.663,0,1.0,7.2962503,0
208,14,0.645,0,1.0,5.3433137,0
208,15,0.638,2,-0.05,6.2355485,0
208,16,0.609,0,1.0,4.984892,0
208,17,0.589,1,-0.05,4.2700586,0
208,18,0.580,2,-0.05,4.50904,0
208,19,0.584,1,-0.05,4.5027895,0
208,20,0.545,0,1.0,3.179234,0
208,21,0.522,0,1.0,6.178961,0
208,22,0.512,0,1.0,4.042197,0
208,23,0.468,0,1.0,4.839478,0
208,24,0.445,0,1.0,2.652972,0
208,25,0.419,2,-0.05,5.060792,0
208,26,0.422,0,1.0,1.8304824,0
208,27,0.365,0,1.0,1.3420203,0
208,28,0.326,0,1.0,1.5766386,0
208,29,0.305,0,1.0,-0.33513784,0
208,30,0.263,2,-0.05,-2.9717965,0
208,31,0.264,2,-0.05,-11.414213,0
208,32,0.224,0,1.0,-14.9396515,0
208,33,0.200,0,1.0,-53.052902,0
208,34,0.149,2,-100.0,-103.50721,0
209,0,0.666,0,1.0,6.390423,0
209,1,0.674,0,1.0,6.786084,0
209,2,0.670,0,1.0,7.3741255,0
209,3,0.685,0,1.0,7.2455406,0
209,4,0.681,0,1.0,6.014432,0
209,5,0.680,2,-0.05,6.0272603,0
209,6,0.686,0,1.0,6.3499312,0
209,7,0.700,1,-0.05,3.2484968,0
209,8,0.686,1,-0.05,5.545952,0
209,9,0.701,0,1.0,5.9899693,0
209,10,0.697,0,1.0,4.7635417,0
209,11,0.682,0,1.0,5.8621764,0
209,12,0.660,0,1.0,3.234308,0
209,13,0.667,0,1.0,5.13078,0
209,14,0.663,0,1.0,5.529346,0
209,15,0.656,0,1.0,5.885354,0
209,16,0.633,0,1.0,3.8794837,0
209,17,0.634,0,1.0,4.134641,0
209,18,0.629,0,1.0,4.743383,0
209,19,0.614,1,-0.05,3.3274367,0
209,20,0.600,0,1.0,4.691951,0
209,21,0.589,0,1.0,5.1732044,0
209,22,0.581,0,1.0,3.7206056,0
209,23,0.574,1,-0.05,3.4837227,0
209,24,0.562,0,1.0,2.4211366,0
209,25,0.547,0,1.0,3.0902834,0
209,26,0.517,0,1.0,2.1802409,0
209,27,0.498,2,-0.05,3.5603034,0
209,28,0.479,0,1.0,4.7315426,0
209,29,0.457,0,1.0,3.05185,0
209,30,0.456,2,-0.05,5.1929655,0
209,31,0.439,0,1.0,3.6482437,0
209,32,0.437,0,1.0,3.8567677,0
209,33,0.419,0,1.0,3.3675623,0
209,34,0.411,0,1.0,5.343006,0
209,35,0.411,0,1.0,6.847911,0
209,36,0.395,0,1.0,6.8268523,0
209,37,0.392,0,1.0,5.533497,0
209,38,0.373,1,-0.05,3.8686008,0
209,39,0.376,0,1.0,6.3960547,0
209,40,0.358,0,1.0,3.3250058,0
209,41,0.355,2,-0.05,4.626233,0
209,42,0.345,2,-0.05,5.6015024,0
209,43,0.343,0,1.0,5.093231,0
209,44,0.347,0,1.0,7.622199,0
209,45,0.334,2,-0.05,7.353837,0
209,46,0.346,0,1.0,6.55277,0
209,47,0.345,0,1.0,5.9451647,0
209,48,0.365,0,1.0,5.5158134,0
209,49,0.380,0,1.0,7.392177,0
209,50,0.388,0,1.0,4.9334774,0
209,51,0.387,2,-0.05,7.544334,0
209,52,0.410,0,1.0,8.750775,0
209,53,0.406,0,1.0,7.324208,0
209,54,0.423,0,1.0,7.9737134,0
209,55,0.332,1,-0.05,6.4764867,0
209,56,0.322,2,-0.05,7.5891237,0
209,57,0.303,1,-0.05,5.2284584,0
209,58,0.297,2,-0.05,6.9719667,0
209,59,0.272,2,-0.05,-2.3301415,0
209,60,0.266,1,-0.05,-4.3206477,0
209,61,0.240,1,-0.05,-11.746181,0
209,62,0.234,2,-0.05,-26.639786,0
209,63,0.218,2,-0.05,-23.49796,0
209,64,0.195,1,-100.0,-13.918858,0
210,0,0.663,0,1.0,5.433475,0
210,1,0.654,2,-0.05,4.6211724,0
210,2,0.663,2,-0.05,4.199991,0
210,3,0.656,0,1.0,6.2217116,0
210,4,0.686,0,1.0,5.7445316,0
210,5,0.686,0,1.0,5.6276565,0
210,6,0.696,0,1.0,6.65387,0
210,7,0.683,0,1.0,7.4060307,0
210,8,0.667,0,1.0,6.1790795,0
210,9,0.654,1,-0.05,6.080801,0
210,10,0.653,1,-0.05,6.1863112,0
210,11,0.661,1,-0.05,5.0801973,0
210,12,0.650,0,1.0,5.055668,0
210,13,0.670,0,1.0,4.869399,0
210,14,0.685,1,-0.05,5.3946652,0
210,15,0.701,0,1.0,4.4004803,0
210,16,0.704,2,-0.05,3.509732,0
210,17,0.696,0,1.0,4.9938345,0
210,18,0.684,2,-0.05,4.4761543,0
210,19,0.675,0,1.0,3.5412188,0
210,20,0.671,0,1.0,6.2139797,0
210,21,0.661,0,1.0,5.058135,0
210,22,0.661,0,1.0,4.833493,0
210,23,0.658,0,1.0,5.8925548,0
210,24,0.647,0,1.0,4.121297,0
210,25,0.646,2,-0.05,2.5853236,0
210,26,0.626,2,-0.05,3.4395068,0
210,27,0.639,2,-0.05,5.3704815,0
210,28,0.650,0,1.0,5.2907996,0
210,29,0.653,0,1.0,4.5506973,0
210,30,0.691,1,-0.05,4.7994623,0
210,31,0.701,0,1.0,3.2959168,0
210,32,0.696,0,1.0,4.655591,0
210,33,0.671,0,1.0,4.539118,0
210,34,0.678,2,-0.05,3.1786432,0
210,35,0.660,2,-0.05,3.3999047,0
210,36,0.662,0,1.0,1.9864843,0
210,37,0.649,2,-0.05,2.8985217,0
210,38,0.604,0,1.0,0.2018213,0
210,39,0.566,0,1.0,1.049714,0
210,40,0.531,1,-0.05,0.5323959,0
210,41,0.523,1,-0.05,1.0363934,0
210,42,0.517,0,1.0,2.9122708,0
210,43,0.499,1,-0.05,2.262267,0
210,44,0.482,1,-0.05,1.3377849,0
210,45,0.495,2,-0.05,3.8570547,0
210,46,0.482,0,1.0,3.7736986,0
210,47,0.460,2,-0.05,2.5190992,0
210,48,0.459,2,-0.05,5.1306334,0
210,49,0.444,0,1.0,1.0222052,0
210,50,0.409,0,1.0,2.7918358,0
210,51,0.360,0,1.0,2.5561645,0
210,52,0.339,0,1.0,1.604074,0
210,53,0.337,0,1.0,0.58196354,0
210,54,0.371,1,-0.05,1.6467923,0
210,55,0.392,0,1.0,2.649562,0
210,56,0.438,2,-0.05,5.255332,0
210,57,0.445,2,-0.05,6.5360456,0
210,58,0.451,2,-0.05,3.1059957,0
210,59,0.465,0,1.0,1.6626872,0
210,60,0.514,2,-0.05,1.3778131,0
210,61,0.516,2,-0.05,1.4077041,0
210,62,0.535,2,-0.05,1.4563652,0
210,63,0.548,0,1.0,3.6561742,0
210,64,0.592,0,1.0,5.9385376,0
210,65,0.669,0,1.0,6.5465527,0
210,66,0.697,0,1.0,4.3990765,0
210,67,0.667,1,-0.05,2.8310108,0
210,68,0.660,2,-0.05,0.024835706,0
210,69,0.634,0,1.0,2.4436502,0
210,70,0.599,0,1.0,1.7042598,0
210,71,0.548,1,-0.05,2.5572517,0
210,72,0.548,0,1.0,3.332031,0
210,73,0.490,0,1.0,3.593311,0
210,74,0.465,1,-0.05,4.337428,0
210,75,0.460,2,-0.05,5.567839,0
210,76,0.450,1,-0.05,5.153479,0
210,77,0.436,2,-0.05,5.1070204,0
210,78,0.404,0,1.0,4.8787403,0
210,79,0.388,0,1.0,3.006594,0
210,80,0.358,2,-0.05,2.8088384,0
210,81,0.336,0,1.0,3.6710386,0
210,82,0.296,1,-0.05,2.418467,0
210,83,0.306,0,1.0,2.7880445,0
210,84,0.255,0,1.0,1.5917978,0
210,85,0.235,2,-0.05,-19.85974,0
210,86,0.214,0,1.0,-26.8778,0
210,87,0.201,2,-0.05,-47.85253,0
210,88,0.192,2,-100.0,-60.01084,0
211,0,0.661,1,-0.05,6.6212816,0
211,1,0.659,2,-0.05,6.0504746,0
211,2,0.653,0,1.0,5.73346,0
211,3,0.680,0,1.0,6.955114,0
211,4,0.695,0,1.0,6.5318985,0
211,5,0.691,0,1.0,6.353056,0
211,6,0.699,0,1.0,5.8021135,0
211,7,0.701,0,1.0,5.6549263,0
211,8,0.698,0,1.0,4.876271,0
211,9,0.682,0,1.0,7.4297304,0
211,10,0.668,1,-0.05,5.9460626,0
211,11,0.669,0,1.0,7.2589965,0
211,12,0.683,2,-0.05,5.046274,0
211,13,0.672,1,-0.05,5.3869495,0
211,14,0.659,1,-0.05,3.352809,0
211,15,0.675,1,-0.05,3.7316494,0
211,16,0.664,1,-0.05,3.6148162,0
211,17,0.674,1,-0.05,4.743662,0
211,18,0.678,1,-0.05,5.5633183,0
211,19,0.704,0,1.0,6.373227,0
211,20,0.688,0,1.0,7.628707,0
211,21,0.618,2,-0.05,6.3055058,0
211,22,0.619,0,1.0,5.688403,0
211,23,0.564,0,1.0,7.177292,0
211,24,0.509,0,1.0,3.8936105,0
211,25,0.483,1,-0.05,5.1546354,0
211,26,0.458,0,1.0,4.1740522,0
211,27,0.406,0,1.0,4.169528,0
211,28,0.371,1,-0.05,3.3321803,0
211,29,0.368,1,-0.05,4.6042967,0
211,30,0.336,1,-0.05,5.573358,0
211,31,0.335,1,-0.05,3.2536612,0
211,32,0.342,1,-0.05,-3.4943714,0
211,33,0.296,0,1.0,-9.463936,0
211,34,0.213,1,-0.05,-15.752405,0
211,35,0.198,1,-100.0,-31.899586,0
212,0,0.665,2,-0.05,5.285924,0
212,1,0.672,0,1.0,5.2929783,0
212,2,0.673,0,1.0,6.2973757,0
212,3,0.691,0,1.0,4.64574,0
212,4,0.698,0,1.0,5.6967616,0
212,5,0.712,0,1.0,6.5207725,0
212,6,0.677,0,1.0,5.820423,0
212,7,0.682,1,-0.05,4.7998195,0
212,8,0.658,0,1.0,6.3749514,0
212,9,0.659,1,-0.05,6.5743556,0
212,10,0.671,0,1.0,4.3734117,0
212,11,0.666,0,1.0,4.4221087,0
212,12,0.661,0,1.0,4.968498,0
212,13,0.688,0,1.0,4.123493,0
212,14,0.697,0,1.0,4.7725677,0
212,15,0.687,0,1.0,4.9102335,0
212,16,0.701,0,1.0,2.6080189,0
212,17,0.702,0,1.0,4.8750267,0
212,18,0.696,0,1.0,4.2469234,0
212,19,0.695,2,-0.05,2.818541,0
212,20,0.698,2,-0.05,4.4463196,0
212,21,0.691,0,1.0,5.032441,0
212,22,0.701,0,1.0,5.128401,0
212,23,0.696,0,1.0,5.2925596,0
212,24,0.666,0,1.0,4.7226334,0
212,25,0.669,0,1.0,5.049174,0
212,26,0.660,0,1.0,5.3193083,0
212,27,0.636,0,1.0,5.0675387,0
212,28,0.640,2,-0.05,4.7015853,0
212,29,0.622,0,1.0,5.7185307,0
212,30,0.601,2,-0.05,3.9459226,0
212,31,0.599,0,1.0,3.6511116,0
212,32,0.542,0,1.0,1.766608,0
212,33,0.538,0,1.0,4.3362265,0
212,34,0.508,1,-0.05,3.344442,0
212,35,0.487,0,1.0,2.3589249,0
212,36,0.478,0,1.0,5.580988,0
212,37,0.458,2,-0.05,4.362231,0
212,38,0.434,1,-0.05,3.082824,0
212,39,0.445,0,1.0,4.484357,0
212,40,0.439,0,1.0,3.9464064,0
212,41,0.441,2,-0.05,5.2622867,0
212,42,0.463,2,-0.05,4.389518,0
212,43,0.455,1,-0.05,5.531213,0
212,44,0.461,2,-0.05,5.7518616,0
212,45,0.475,1,-0.05,4.3362436,0
212,46,0.475,0,1.0,5.554191,0
212,47,0.519,2,-0.05,4.414502,0
212,48,0.521,2,-0.05,4.7318993,0
212,49,0.547,0,1.0,3.6892195,0
212,50,0.600,2,-0.05,3.979763,0
212,51,0.602,1,-0.05,2.8246226,0
212,52,0.657,0,1.0,4.5131164,0
212,53,0.669,1,-0.05,3.1061473,0
212,54,0.683,2,-0.05,1.8504186,0
212,55,0.703,1,-0.05,3.3396692,0
212,56,0.709,1,-0.05,2.371529,0
212,57,0.724,1,-0.05,2.9914243,0
212,58,0.766,0,1.0,5.457076,0
212,59,0.716,0,1.0,4.69726,0
212,60,0.601,0,1.0,5.267811,0
212,61,0.479,0,1.0,6.0626516,0
212,62,0.420,0,1.0,2.3279176,0
212,63,0.330,1,-0.05,-2.9030912,0
212,64,0.300,0,1.0,-26.810347,0
212,65,0.221,2,-0.05,-25.436298,0
212,66,0.196,0,-100.0,-36.775055,0
213,0,0.672,0,1.0,4.649161,0
213,1,0.672,0,1.0,5.7734833,0
213,2,0.661,0,1.0,5.526844,0
213,3,0.659,0,1.0,5.9546638,0
213,4,0.666,0,1.0,4.4135656,0
213,5,0.669,0,1.0,6.3223176,0
213,6,0.671,0,1.0,6.5332994,0
213,7,0.646,0,1.0,5.5899186,0
213,8,0.672,0,1.0,5.411158,0
213,9,0.663,0,1.0,7.5335507,0
213,10,0.661,0,1.0,5.8464646,0
213,11,0.656,0,1.0,5.678045,0
213,12,0.661,0,1.0,5.05651,0
213,13,0.662,0,1.0,5.908102,0
213,14,0.665,0,1.0,5.4187183,0
213,15,0.660,0,1.0,5.811864,0
213,16,0.678,0,1.0,6.8887134,0
213,17,0.667,0,1.0,5.3760476,0
213,18,0.659,0,1.0,5.023866,0
213,19,0.660,2,-0.05,4.3347216,0
213,20,0.653,0,1.0,5.0119987,0
213,21,0.668,1,-0.05,5.256433,0
213,22,0.661,0,1.0,5.6306033,0
213,23,0.673,2,-0.05,5.61058,0
213,24,0.673,0,1.0,4.5539083,0
213,25,0.671,0,1.0,4.582214,0
213,26,0.682,0,1.0,6.2690883,0
213,27,0.679,0,1.0,4.005514,0
213,28,0.707,0,1.0,4.5920534,0
213,29,0.703,0,1.0,5.305178,0
213,30,0.696,0,1.0,3.8393273,0
213,31,0.687,2,-0.05,5.7949214,0
213,32,0.682,0,1.0,5.4096766,0
213,33,0.673,0,1.0,3.2427957,0
213,34,0.662,0,1.0,5.648986,0
213,35,0.625,0,1.0,3.6513708,0
213,36,0.599,0,1.0,4.1750336,0
213,37,0.616,0,1.0,5.5536413,0
213,38,0.617,0,1.0,4.667946,0
213,39,0.632,1,-0.05,5.070841,0
213,40,0.635,0,1.0,6.034447,0
213,41,0.690,0,1.0,6.3457074,0
213,42,0.703,1,-0.05,4.503653,0
213,43,0.725,0,1.0,2.7072735,0
213,44,0.812,2,-0.05,0.7101818,0
213,45,0.810,2,-0.05,1.446822,0
213,46,0.811,0,1.0,3.388183,0
213,47,0.690,0,1.0,4.6988325,0
213,48,0.645,1,-0.05,6.966027,0
213,49,0.613,0,1.0,5.336127,0
213,50,0.507,0,1.0,6.5620384,0
213,51,0.379,0,1.0,6.377875,0
213,52,0.303,2,-0.05,0.224581,0
213,53,0.304,2,-0.05,-12.836578,0
213,54,0.283,2,-0.05,-9.158279,0
213,55,0.260,1,-0.05,-7.5874577,0
213,56,0.249,2,-0.05,-19.026289,0
213,57,0.222,2,-0.05,-24.085909,0
213,58,0.214,1,-0.05,-26.343622,0
213,59,0.201,1,-0.05,-31.271635,0
213,60,0.181,2,-100.0,-64.38346,0
214,0,0.658,0,1.0,5.9050307,0
214,1,0.658,0,1.0,5.041804,0
214,2,0.670,0,1.0,6.642571,0
214,3,0.680,0,1.0,5.572626,0
214,4,0.679,1,-0.05,6.6854563,0
214,5,0.683,0,1.0,5.174186,0
214,6,0.673,0,1.0,6.119069,0
214,7,0.664,2,-0.05,4.752438,0
214,8,0.661,0,1.0,4.857989,0
214,9,0.674,0,1.0,6.2204657,0
214,10,0.672,0,1.0,6.2696986,0
214,11,0.676,0,1.0,6.8868666,0
214,12,0.675,2,-0.05,5.3631935,0
214,13,0.683,0,1.0,6.2852077,0
214,14,0.699,0,1.0,5.7028832,0
214,15,0.696,0,1.0,4.103629,0
214,16,0.689,0,1.0,5.3768907,0
214,17,0.683,0,1.0,6.37544,0
214,18,0.661,0,1.0,6.780963,0
214,19,0.648,2,-0.05,5.016666,0
214,20,0.650,0,1.0,5.9356513,0
214,21,0.630,0,1.0,5.6974792,0
214,22,0.602,0,1.0,4.119892,0
214,23,0.579,0,1.0,5.522024,0
214,24,0.545,0,1.0,5.126144,0
214,25,0.539,0,1.0,5.9050784,0
214,26,0.510,0,1.0,5.36052,0
214,27,0.482,0,1.0,4.378632,0
214,28,0.472,2,-0.05,5.344136,0
214,29,0.463,0,1.0,3.2523344,0
214,30,0.437,0,1.0,3.2418058,0
214,31,0.387,0,1.0,3.6617157,0
214,32,0.352,0,1.0,1.3688972,0
214,33,0.320,0,1.0,-2.255774,0
214,34,0.288,0,1.0,-3.5061383,0
214,35,0.272,2,-0.05,-4.0842266,0
214,36,0.270,1,-0.05,-2.6976452,0
214,37,0.263,2,-0.05,-2.670742,0
214,38,0.258,2,-0.05,-1.6577473,0
214,39,0.257,2,-0.05,-4.145785,0
214,40,0.248,2,-0.05,-6.0452204,0
214,41,0.240,2,-0.05,-5.09074,0
214,42,0.208,0,1.0,-9.956972,0
214,43,0.161,0,-100.0,-8.796381,0
215,0,0.662,2,-0.05,6.0533,0
215,1,0.672,0,1.0,5.4444766,0
215,2,0.683,0,1.0,7.417379,0
215,3,0.681,2,-0.05,4.7154183,0
215,4,0.707,0,1.0,6.5053434,0
215,5,0.688,1,-0.05,4.7780304,0
215,6,0.671,0,1.0,5.901873,0
215,7,0.674,1,-0.05,4.858102,0
215,8,0.664,1,-0.05,4.326323,0
215,9,0.664,1,-0.05,5.3201957,0
215,10,0.660,0,1.0,5.392518,0
215,11,0.669,2,-0.05,4.3229923,0
215,12,0.672,0,1.0,4.9115767,0
215,13,0.677,0,1.0,4.497037,0
215,14,0.672,0,1.0,6.3746023,0
215,15,0.671,0,1.0,5.6404867,0
215,16,0.665,0,1.0,5.2657604,0
215,17,0.659,2,-0.05,5.569011,0
215,18,0.667,2,-0.05,4.879933,0
215,19,0.662,2,-0.05,4.8577127,0
215,20,0.668,0,1.0,6.103555,0
215,21,0.626,0,1.0,5.5921874,0
215,22,0.598,0,1.0,4.868718,0
215,23,0.585,0,1.0,6.165913,0
215,24,0.533,0,1.0,5.686267,0
215,25,0.537,2,-0.05,3.9082775,0
215,26,0.515,0,1.0,6.1385818,0
215,27,0.474,0,1.0,3.9587996,0
215,28,0.441,0,1.0,3.6418765,0
215,29,0.400,0,1.0,2.3471847,0
215,30,0.357,0,1.0,4.5594234,0
215,31,0.325,0,1.0,3.3473747,0
215,32,0.286,0,1.0,1.8828862,0
215,33,0.254,2,-0.05,-0.62961984,0
215,34,0.241,2,-0.05,-7.491993,0
215,35,0.241,2,-0.05,-42.933434,0
215,36,0.238,2,-0.05,-38.82699,0
215,37,0.219,2,-0.05,-70.07837,0
215,38,0.197,0,-100.0,-51.49164,0
216,0,0.661,2,-0.05,3.3773987,0
216,1,0.669,0,1.0,5.595506,0
216,2,0.679,0,1.0,5.7963495,0
216,3,0.696,0,1.0,6.138803,0
216,4,0.695,0,1.0,4.786202,0
216,5,0.677,1,-0.05,5.4932923,0
216,6,0.678,0,1.0,6.2567325,0
216,7,0.670,0,1.0,6.059785,0
216,8,0.654,0,1.0,5.7608323,0
216,9,0.655,1,-0.05,6.0174794,0
216,10,0.652,1,-0.05,5.545123,0
216,11,0.657,0,1.0,5.0081964,0
216,12,0.665,0,1.0,3.234048,0
216,13,0.684,0,1.0,5.159415,0
216,14,0.690,0,1.0,2.8726103,0
216,15,0.704,0,1.0,4.736347,0
216,16,0.686,0,1.0,4.3195934,0
216,17,0.673,0,1.0,5.5897856,0
216,18,0.664,0,1.0,4.09664,0
216,19,0.647,0,1.0,3.531984,0
216,20,0.641,0,1.0,3.5853631,0
216,21,0.617,0,1.0,4.9933105,0
216,22,0.601,0,1.0,3.548855,0
216,23,0.601,0,1.0,5.0610247,0
216,24,0.584,0,1.0,3.3612983,0
216,25,0.583,1,-0.05,4.60406,0
216,26,0.569,0,1.0,3.6276367,0
216,27,0.558,0,1.0,2.028081,0
216,28,0.527,2,-0.05,3.109056,0
216,29,0.520,0,1.0,5.145682,0
216,30,0.503,0,1.0,3.3895328,0
216,31,0.494,0,1.0,4.7488956,0
216,32,0.482,0,1.0,6.67685,0
216,33,0.467,0,1.0,4.640502,0
216,34,0.454,0,1.0,5.8619404,0
216,35,0.436,0,1.0,5.1722474,0
216,36,0.427,1,-0.05,6.733425,0
216,37,0.430,0,1.0,5.45059,0
216,38,0.395,1,-0.05,4.0189304,0
216,39,0.401,0,1.0,6.054692,0
216,40,0.366,0,1.0,4.8017983,0
216,41,0.338,0,1.0,6.4949694,0
216,42,0.310,0,1.0,8.553898,0
216,43,0.279,0,1.0,8.376168,0
216,44,0.234,2,-0.05,6.0889883,0
216,45,0.255,2,-0.05,5.903227,0
216,46,0.248,1,-0.05,3.8287234,0
216,47,0.237,2,-0.05,2.737917,0
216,48,0.228,2,-0.05,2.8368595,0
216,49,0.240,2,-0.05,3.3077192,0
216,50,0.215,2,-0.05,1.8772119,0
216,51,0.227,2,-0.05,1.8536134,0
216,52,0.224,1,-0.05,1.735446,0
216,53,0.229,0,1.0,2.111815,0
216,54,0.226,2,-0.05,2.6784654,0
216,55,0.231,2,-0.05,7.82233,0
216,56,0.225,2,-0.05,3.1033075,0
216,57,0.234,2,-0.05,1.2355549,0
216,58,0.243,1,-0.05,1.21492,0
216,59,0.254,0,1.0,-0.14209318,0
216,60,0.250,2,-0.05,5.2602406,0
216,61,0.265,2,-0.05,6.240635,0
216,62,0.266,2,-0.05,-1.1087193,0
216,63,0.265,0,1.0,-2.0711813,0
216,64,0.304,1,-0.05,-0.4980731,0
216,65,0.312,1,-0.05,-6.581442,0
216,66,0.294,1,-0.05,-7.3829293,0
216,67,0.276,2,-0.05,-2.336647,0
216,68,0.265,2,-0.05,-10.569811,0
216,69,0.243,1,-0.05,-11.20798,0
216,70,0.247,2,-0.05,-13.44974,0
216,71,0.205,2,-0.05,-18.578423,0
216,72,0.214,1,-0.05,-32.890858,0
216,73,0.188,1,-100.0,-26.138283,0
217,0,0.663,0,1.0,5.1840835,0
217,1,0.669,0,1.0,3.2333322,0
217,2,0.650,1,-0.05,4.2338552,0
217,3,0.659,0,1.0,4.586293,0
217,4,0.652,0,1.0,5.9379907,0
217,5,0.636,2,-0.05,5.339164,0
217,6,0.643,0,1.0,5.0347404,0
217,7,0.636,1,-0.05,5.245289,0
217,8,0.636,0,1.0,6.146949,0
217,9,0.617,0,1.0,4.4379573,0
217,10,0.602,0,1.0,5.212552,0
217,11,0.594,2,-0.05,4.79435,0
217,12,0.600,0,1.0,4.1126647,0
217,13,0.593,1,-0.05,5.2290325,0
217,14,0.589,0,1.0,7.659622,0
217,15,0.585,0,1.0,4.751684,0
217,16,0.567,2,-0.05,5.100723,0
217,17,0.564,0,1.0,4.0331078,0
217,18,0.569,0,1.0,5.3691845,0
217,19,0.550,0,1.0,6.2308826,0
217,20,0.563,0,1.0,6.805542,0
217,21,0.542,0,1.0,5.345892,0
217,22,0.543,0,1.0,6.4328885,0
217,23,0.538,0,1.0,2.6870842,0
217,24,0.530,1,-0.05,4.4154353,0
217,25,0.542,2,-0.05,3.176553,0
217,26,0.535,2,-0.05,4.3165293,0
217,27,0.545,0,1.0,4.4616103,0
217,28,0.563,0,1.0,4.190732,0
217,29,0.585,0,1.0,4.4818554,0
217,30,0.597,0,1.0,4.3726444,0
217,31,0.612,2,-0.05,4.6935472,0
217,32,0.621,1,-0.05,4.107302,0
217,33,0.633,0,1.0,4.3161983,0
217,34,0.645,1,-0.05,5.5607076,0
217,35,0.651,0,1.0,4.2708797,0
217,36,0.650,2,-0.05,3.3654943,0
217,37,0.632,0,1.0,5.148786,0
217,38,0.633,2,-0.05,3.4360485,0
217,39,0.638,0,1.0,5.2371993,0
217,40,0.658,0,1.0,4.3004446,0
217,41,0.668,0,1.0,4.1466265,0
217,42,0.682,1,-0.05,5.173981,0
217,43,0.678,0,1.0,3.7221906,0
217,44,0.688,0,1.0,2.6348886,0
217,45,0.685,0,1.0,3.5943084,0
217,46,0.701,0,1.0,4.8668456,0
217,47,0.701,0,1.0,5.436727,0
217,48,0.707,0,1.0,5.977941,0
217,49,0.708,0,1.0,5.4743967,0
217,50,0.712,0,1.0,4.238718,0
217,51,0.708,0,1.0,4.8542237,0
217,52,0.709,0,1.0,3.1139994,0
217,53,0.718,2,-0.05,3.7061205,0
217,54,0.726,0,1.0,2.5586693,0
217,55,0.731,0,1.0,3.6577551,0
217,56,0.728,0,1.0,6.0949707,0
217,57,0.654,0,1.0,5.852085,0
217,58,0.587,0,1.0,5.3237967,0
217,59,0.470,0,1.0,5.359188,0
217,60,0.414,0,1.0,4.50794,0
217,61,0.330,2,-0.05,3.65443,0
217,62,0.320,2,-0.05,-0.07648134,0
217,63,0.311,2,-0.05,-0.17431355,0
217,64,0.291,1,-0.05,-6.743496,0
217,65,0.260,2,-0.05,-6.5156236,0
217,66,0.262,2,-0.05,-10.55459,0
217,67,0.248,1,-0.05,-23.814068,0
217,68,0.235,1,-0.05,-22.564701,0
217,69,0.208,2,-0.05,-44.908257,0
217,70,0.200,2,-100.0,-36.261322,0
218,0,0.663,0,1.0,6.384542,0
218,1,0.663,0,1.0,6.1184874,0
218,2,0.667,2,-0.05,5.6879005,0
218,3,0.669,0,1.0,6.5816474,0
218,4,0.680,2,-0.05,7.2362523,0
218,5,0.683,0,1.0,6.2874765,0
218,6,0.673,0,1.0,5.711035,0
218,7,0.701,0,1.0,6.153571,0
218,8,0.702,2,-0.05,5.528286,0
218,9,0.706,0,1.0,4.867225,0
218,10,0.701,0,1.0,5.2158055,0
218,11,0.664,0,1.0,6.7209606,0
218,12,0.652,0,1.0,4.677833,0
218,13,0.625,0,1.0,5.1606526,0
218,14,0.618,0,1.0,5.9582777,0
218,15,0.592,0,1.0,5.739925,0
218,16,0.575,1,-0.05,6.9920897,0
218,17,0.578,0,1.0,5.3722258,0
218,18,0.554,1,-0.05,5.096305,0
218,19,0.567,2,-0.05,6.634109,0
218,20,0.557,0,1.0,6.345335,0
218,21,0.539,0,1.0,4.902679,0
218,22,0.495,0,1.0,5.5068183,0
218,23,0.482,0,1.0,5.428818,0
218,24,0.467,2,-0.05,4.9142566,0
218,25,0.460,0,1.0,4.0450535,0
218,26,0.425,0,1.0,0.8391986,0
218,27,0.395,0,1.0,2.928041,0
218,28,0.340,0,1.0,2.275412,0
218,29,0.339,0,1.0,-0.77260244,0
218,30,0.279,0,1.0,-2.2454648,0
218,31,0.267,2,-0.05,-4.017872,0
218,32,0.257,2,-0.05,-5.791474,0
218,33,0.237,2,-0.05,-21.09091,0
218,34,0.240,2,-0.05,-26.620129,0
218,35,0.231,1,-0.05,-37.87898,0
218,36,0.223,1,-0.05,-32.31731,0
218,37,0.209,2,-0.05,-49.023834,0
218,38,0.203,2,-0.05,-56.58708,0
218,39,0.205,2,-0.05,-72.79664,0
218,40,0.196,2,-100.0,-87.06137,0
219,0,0.662,0,1.0,6.2228127,0
219,1,0.662,0,1.0,5.366654,0
219,2,0.662,0,1.0,6.387934,0
219,3,0.658,2,-0.05,5.298456,0
219,4,0.664,0,1.0,6.5338016,0
219,5,0.671,2,-0.05,5.0949426,0
219,6,0.685,0,1.0,6.6771283,0
219,7,0.694,0,1.0,6.402281,0
219,8,0.701,0,1.0,4.8027782,0
219,9,0.678,0,1.0,6.155546,0
219,10,0.668,0,1.0,6.4943595,0
219,11,0.640,0,1.0,4.584726,0
219,12,0.623,0,1.0,6.0612063,0
219,13,0.601,0,1.0,5.5900717,0
219,14,0.582,0,1.0,7.283846,0
219,15,0.562,2,-0.05,6.3253193,0
219,16,0.570,1,-0.05,3.788176,0
219,17,0.558,0,1.0,4.5945616,0
219,18,0.549,0,1.0,6.044233,0
219,19,0.537,2,-0.05,4.3199916,0
219,20,0.527,2,-0.05,6.0238466,0
219,21,0.543,2,-0.05,5.6660585,0
219,22,0.533,0,1.0,6.0969386,0
219,23,0.498,0,1.0,4.7490935,0
219,24,0.475,1,-0.05,4.5873556,0
219,25,0.471,2,-0.05,3.9701333,0
219,26,0.437,0,1.0,2.124311,0
219,27,0.410,0,1.0,3.4024506,0
219,28,0.350,0,1.0,1.9723002,0
219,29,0.300,1,-0.05,-0.7769182,0
219,30,0.303,2,-0.05,-3.856997,0
219,31,0.291,1,-0.05,-3.13548,0
219,32,0.287,2,-0.05,-2.31244,0
219,33,0.281,2,-0.05,-2.9158473,0
219,34,0.256,0,1.0,-23.550352,0
219,35,0.201,1,-0.05,-35.984005,0
219,36,0.183,2,-100.0,-94.50543,0
220,0,0.658,0,1.0,6.1311936,0
220,1,0.658,0,1.0,6.0874505,0
220,2,0.671,0,1.0,4.732894,0
220,3,0.681,0,1.0,6.4248796,0
220,4,0.680,0,1.0,7.0142317,0
220,5,0.679,0,1.0,5.77013,0
220,6,0.685,1,-0.05,4.31013,0
220,7,0.688,2,-0.05,6.2880716,0
220,8,0.682,1,-0.05,6.39955,0
220,9,0.696,1,-0.05,4.821919,0
220,10,0.687,1,-0.05,3.0823364,0
220,11,0.676,0,1.0,5.053752,0
220,12,0.653,1,-0.05,3.1353707,0
220,13,0.654,2,-0.05,4.239425,0
220,14,0.652,1,-0.05,4.8550887,0
220,15,0.651,2,-0.05,3.2376864,0
220,16,0.645,0,1.0,2.8985643,0
220,17,0.622,2,-0.05,4.928273,0
220,18,0.613,0,1.0,5.0932155,0
220,19,0.611,0,1.0,6.6231236,0
220,20,0.613,0,1.0,7.048834,0
220,21,0.606,2,-0.05,4.678163,0
220,22,0.603,0,1.0,6.9005075,0
220,23,0.620,0,1.0,4.6914735,0
220,24,0.619,0,1.0,5.14353,0
220,25,0.610,0,1.0,5.5915856,0
220,26,0.617,0,1.0,5.572182,0
220,27,0.620,0,1.0,6.542945,0
220,28,0.622,0,1.0,4.624652,0
220,29,0.635,1,-0.05,5.3361745,0
220,30,0.643,0,1.0,5.3680325,0
220,31,0.635,0,1.0,3.4763222,0
220,32,0.634,2,-0.05,5.1042833,0
220,33,0.627,0,1.0,4.5109406,0
220,34,0.623,0,1.0,4.142422,0
220,35,0.631,0,1.0,5.6705923,0
220,36,0.640,0,1.0,4.28994,0
220,37,0.641,1,-0.05,5.4125547,0
220,38,0.644,0,1.0,4.9596243,0
220,39,0.643,0,1.0,1.29228,0
220,40,0.641,1,-0.05,3.843074,0
220,41,0.647,0,1.0,3.7075686,0
220,42,0.621,0,1.0,2.3400311,0
220,43,0.609,0,1.0,5.2798367,0
220,44,0.596,0,1.0,5.385595,0
220,45,0.580,0,1.0,4.9692774,0
220,46,0.583,1,-0.05,3.7041812,0
220,47,0.573,0,1.0,4.777021,0
220,48,0.545,0,1.0,5.684662,0
220,49,0.530,0,1.0,9.234967,0
220,50,0.503,0,1.0,8.017157,0
220,51,0.480,0,1.0,11.2205,0
220,52,0.458,0,1.0,13.229083,0
220,53,0.432,0,1.0,12.889162,0
220,54,0.418,0,1.0,14.725705,0
220,55,0.410,0,1.0,15.350665,0
220,56,0.399,1,-0.05,14.593511,0
220,57,0.372,2,-0.05,12.802396,0
220,58,0.377,2,-0.05,10.570599,0
220,59,0.368,2,-0.05,11.221164,0
220,60,0.360,2,-0.05,7.1598477,0
220,61,0.350,2,-0.05,4.7373495,0
220,62,0.339,2,-0.05,-6.143069,0
220,63,0.328,2,-0.05,-1.1442461,0
220,64,0.305,2,-0.05,-11.569429,0
220,65,0.293,1,-0.05,-14.617569,0
220,66,0.272,1,-0.05,-18.058765,0
220,67,0.273,2,-0.05,-18.721325,0
220,68,0.233,0,1.0,-28.526613,0
220,69,0.187,2,-100.0,-45.518166,0
221,0,0.663,0,1.0,7.1056166,0
221,1,0.662,0,1.0,5.5926657,0
221,2,0.668,1,-0.05,6.1621995,0
221,3,0.653,0,1.0,5.9519353,0
221,4,0.665,2,-0.05,4.1456013,0
221,5,0.672,2,-0.05,4.063963,0
221,6,0.668,2,-0.05,4.927433,0
221,7,0.665,2,-0.05,5.8204026,0
221,8,0.676,0,1.0,4.169818,0
221,9,0.676,2,-0.05,5.3019104,0
221,10,0.682,0,1.0,5.78688,0
221,11,0.688,0,1.0,6.088662,0
221,12,0.654,0,1.0,5.0313606,0
221,13,0.621,0,1.0,5.2621703,0
221,14,0.617,0,1.0,4.670455,0
221,15,0.564,0,1.0,5.923446,0
221,16,0.545,1,-0.05,3.4979148,0
221,17,0.530,0,1.0,4.9449754,0
221,18,0.521,2,-0.05,4.83944,0
221,19,0.517,0,1.0,4.59704,0
221,20,0.485,1,-0.05,4.8540463,0
221,21,0.479,1,-0.05,3.437203,0
221,22,0.462,0,1.0,4.7192,0
221,23,0.448,0,1.0,4.6789308,0
221,24,0.446,1,-0.05,5.9504676,0
221,25,0.430,0,1.0,5.531292,0
221,26,0.438,1,-0.05,6.160081,0
221,27,0.420,1,-0.05,3.509643,0
221,28,0.423,0,1.0,5.2434196,0
221,29,0.431,0,1.0,6.243644,0
221,30,0.437,1,-0.05,5.612384,0
221,31,0.431,0,1.0,4.9034204,0
221,32,0.451,2,-0.05,4.1385593,0
221,33,0.446,0,1.0,5.700975,0
221,34,0.462,0,1.0,5.4362326,0
221,35,0.457,1,-0.05,5.74038,0
221,36,0.471,0,1.0,5.0304465,0
221,37,0.482,0,1.0,3.9461348,0
221,38,0.503,0,1.0,2.0482693,0
221,39,0.530,0,1.0,3.9009488,0
221,40,0.533,0,1.0,4.5731535,0
221,41,0.568,0,1.0,1.6949437,0
221,42,0.580,0,1.0,1.7243737,0
221,43,0.617,0,1.0,2.1246407,0
221,44,0.611,0,1.0,2.584967,0
221,45,0.637,0,1.0,2.0215852,0
221,46,0.646,0,1.0,2.247933,0
221,47,0.657,0,1.0,3.6865592,0
221,48,0.686,0,1.0,2.8983848,0
221,49,0.704,0,1.0,1.7137381,0
221,50,0.706,2,-0.05,3.051277,0
221,51,0.690,2,-0.05,4.2538466,0
221,52,0.685,2,-0.05,2.430693,0
221,53,0.682,0,1.0,5.2249684,0
221,54,0.707,1,-0.05,4.6570964,0
221,55,0.701,0,1.0,5.294097,0
221,56,0.700,0,1.0,2.989099,0
221,57,0.708,2,-0.05,3.7727752,0
221,58,0.713,0,1.0,2.4742868,0
221,59,0.712,2,-0.05,5.391245,0
221,60,0.719,0,1.0,4.4529257,0
221,61,0.720,1,-0.05,6.904917,0
221,62,0.646,0,1.0,7.1680427,0
221,63,0.583,0,1.0,3.4653316,0
221,64,0.470,0,1.0,3.5479178,0
221,65,0.401,0,1.0,1.1886665,0
221,66,0.296,2,-0.05,2.0514383,0
221,67,0.279,2,-0.05,-15.730858,0
221,68,0.262,2,-0.05,-17.62945,0
221,69,0.250,2,-0.05,-13.225426,0
221,70,0.212,0,1.0,-28.280695,0
221,71,0.156,1,-100.0,-74.94054,0
222,0,0.663,0,1.0,6.376859,0
222,1,0.653,0,1.0,6.7803783,0
222,2,0.661,0,1.0,5.2597704,0
222,3,0.670,0,1.0,5.4326205,0
222,4,0.659,0,1.0,4.1200514,0
222,5,0.645,0,1.0,6.2105856,0
222,6,0.648,1,-0.05,4.4413767,0
222,7,0.635,1,-0.05,3.557458,0
222,8,0.639,0,1.0,4.835088,0
222,9,0.614,0,1.0,3.329028,0
222,10,0.610,0,1.0,4.925852,0
222,11,0.572,0,1.0,4.4179463,0
222,12,0.556,1,-0.05,1.5885869,0
222,13,0.551,0,1.0,3.0260391,0
222,14,0.510,0,1.0,3.8105,0
222,15,0.500,1,-0.05,4.1575747,0
222,16,0.494,1,-0.05,4.948446,0
222,17,0.482,0,1.0,5.11154,0
222,18,0.443,1,-0.05,4.6909456,0
222,19,0.404,0,1.0,4.653225,0
222,20,0.388,2,-0.05,4.4748907,0
222,21,0.354,0,1.0,5.1448274,0
222,22,0.295,0,1.0,5.356998,0
222,23,0.257,2,-0.05,4.848803,0
222,24,0.249,2,-0.05,-6.58232,0
222,25,0.251,2,-0.05,0.16653156,0
222,26,0.239,2,-0.05,-15.388912,0
222,27,0.229,2,-0.05,-16.63727,0
222,28,0.224,2,-0.05,-1.4983804,0
222,29,0.212,2,-0.05,5.4421163,0
222,30,0.222,2,-0.05,3.8092165,0
222,31,0.230,2,-0.05,3.018211,0
222,32,0.211,1,-0.05,1.3797582,0
222,33,0.235,0,1.0,3.4760237,0
222,34,0.262,0,1.0,4.232035,0
222,35,0.268,0,1.0,4.597233,0
222,36,0.280,0,1.0,4.1544123,0
222,37,0.298,2,-0.05,3.4730341,0
222,38,0.305,0,1.0,4.600177,0
222,39,0.319,0,1.0,2.655757,0
222,40,0.363,0,1.0,4.802798,0
222,41,0.391,0,1.0,6.12356,0
222,42,0.413,0,1.0,3.8725514,0
222,43,0.445,0,1.0,2.0187855,0
222,44,0.465,0,1.0,3.2822075,0
222,45,0.493,0,1.0,4.02206,0
222,46,0.515,0,1.0,3.8813028,0
222,47,0.551,0,1.0,3.1538942,0
222,48,0.553,0,1.0,3.4450643,0
222,49,0.590,0,1.0,4.1746626,0
222,50,0.627,0,1.0,6.192581,0
222,51,0.642,0,1.0,8.764662,0
222,52,0.675,0,1.0,6.8891892,0
222,53,0.693,1,-0.05,5.902966,0
222,54,0.704,0,1.0,7.388471,0
222,55,0.728,2,-0.05,5.0164733,0
222,56,0.712,1,-0.05,5.3430967,0
222,57,0.727,1,-0.05,4.78889,0
222,58,0.732,0,1.0,4.088271,0
222,59,0.726,1,-0.05,3.6971989,0
222,60,0.673,0,1.0,4.9242144,0
222,61,0.553,0,1.0,10.424352,0
222,62,0.512,0,1.0,12.238482,0
222,63,0.389,2,-0.05,13.255558,0
222,64,0.335,0,1.0,10.232354,0
222,65,0.298,2,-0.05,9.629568,0
222,66,0.247,0,1.0,6.635825,0
222,67,0.192,2,-100.0,-6.884966,0
223,0,0.663,0,1.0,4.684051,0
223,1,0.674,0,1.0,5.9400854,0
223,2,0.670,0,1.0,6.321304,0
223,3,0.661,2,-0.05,6.292794,0
223,4,0.679,0,1.0,4.751115,0
223,5,0.681,0,1.0,6.35802,0
223,6,0.690,2,-0.05,7.982042,0
223,7,0.685,0,1.0,6.904762,0
223,8,0.704,0,1.0,6.3663006,0
223,9,0.682,0,1.0,6.588552,0
223,10,0.675,2,-0.05,5.124076,0
223,11,0.656,1,-0.05,5.083121,0
223,12,0.668,0,1.0,7.383022,0
223,13,0.642,0,1.0,7.2333245,0
223,14,0.643,0,1.0,4.956242,0
223,15,0.627,2,-0.05,4.9063363,0
223,16,0.624,0,1.0,5.99102,0
223,17,0.623,1,-0.05,6.455151,0
223,18,0.616,0,1.0,6.0081716,0
223,19,0.583,0,1.0,6.3091693,0
223,20,0.601,0,1.0,6.0043883,0
223,21,0.597,2,-0.05,7.561877,0
223,22,0.581,0,1.0,5.2535834,0
223,23,0.573,2,-0.05,7.4345675,0
223,24,0.565,1,-0.05,6.2346272,0
223,25,0.581,2,-0.05,5.334514,0
223,26,0.569,2,-0.05,5.7849846,0
223,27,0.562,1,-0.05,4.6943665,0
223,28,0.557,0,1.0,4.768053,0
223,29,0.547,2,-0.05,7.0946636,0
223,30,0.557,0,1.0,6.329869,0
223,31,0.509,0,1.0,6.437254,0
223,32,0.518,0,1.0,5.10268,0
223,33,0.500,0,1.0,5.892941,0
223,34,0.455,0,1.0,4.367096,0
223,35,0.448,0,1.0,4.0426016,0
223,36,0.427,0,1.0,4.4641905,0
223,37,0.396,0,1.0,1.8418989,0
223,38,0.378,1,-0.05,1.0661545,0
223,39,0.371,2,-0.05,0.6856628,0
223,40,0.369,2,-0.05,-0.35955143,0
223,41,0.372,0,1.0,0.8311423,0
223,42,0.337,2,-0.05,0.30533457,0
223,43,0.306,0,1.0,-2.153691,0
223,44,0.271,0,1.0,-2.7916293,0
223,45,0.212,0,1.0,-7.9800982,0
223,46,0.189,2,-100.0,-35.545734,0
224,0,0.663,0,1.0,5.36952,0
224,1,0.673,2,-0.05,5.326573,0
224,2,0.667,0,1.0,7.36206,0
224,3,0.680,1,-0.05,4.8855124,0
224,4,0.688,0,1.0,7.3278365,0
224,5,0.680,0,1.0,4.9026456,0
224,6,0.673,0,1.0,5.51329,0
224,7,0.692,1,-0.05,6.098359,0
224,8,0.696,0,1.0,4.7787147,0
224,9,0.687,0,1.0,4.184312,0
224,10,0.674,2,-0.05,4.259265,0
224,11,0.678,0,1.0,6.323861,0
224,12,0.693,1,-0.05,5.7616596,0
224,13,0.679,1,-0.05,5.866409,0
224,14,0.680,0,1.0,5.6373715,0
224,15,0.665,0,1.0,4.565604,0
224,16,0.662,0,1.0,4.45956,0
224,17,0.642,0,1.0,4.642506,0
224,18,0.634,1,-0.05,3.5202186,0
224,19,0.624,0,1.0,5.1574745,0
224,20,0.610,2,-0.05,3.990607,0
224,21,0.607,0,1.0,3.7716029,0
224,22,0.587,0,1.0,4.5133767,0
224,23,0.577,2,-0.05,2.3215652,0
224,24,0.575,0,1.0,4.236776,0
224,25,0.543,2,-0.05,1.8794955,0
224,26,0.540,0,1.0,4.19621,0
224,27,0.553,2,-0.05,2.025198,0
224,28,0.555,1,-0.05,3.3961787,0
224,29,0.554,0,1.0,2.167674,0
224,30,0.511,0,1.0,3.8630466,0
224,31,0.508,0,1.0,3.8903623,0
224,32,0.491,0,1.0,4.8565893,0
224,33,0.471,0,1.0,4.4267187,0
224,34,0.456,0,1.0,3.8356714,0
224,35,0.428,0,1.0,2.8220472,0
224,36,0.421,0,1.0,4.757188,0
224,37,0.407,0,1.0,4.0427685,0
224,38,0.391,0,1.0,7.3914733,0
224,39,0.363,0,1.0,6.7150054,0
224,40,0.345,1,-0.05,6.6936846,0
224,41,0.354,1,-0.05,6.524924,0
224,42,0.346,1,-0.05,7.0711327,0
224,43,0.337,1,-0.05,4.955473,0
224,44,0.339,1,-0.05,0.18007189,0
224,45,0.333,2,-0.05,2.244802,0
224,46,0.321,2,-0.05,0.15042508,0
224,47,0.312,1,-0.05,0.47359854,0
224,48,0.307,1,-0.05,2.8769236,0
224,49,0.295,1,-0.05,0.9269526,0
224,50,0.280,0,1.0,-0.6432071,0
224,51,0.238,1,-0.05,-8.778955,0
224,52,0.216,1,-0.05,-52.119957,0
224,53,0.208,0,1.0,-77.803825,0
224,54,0.132,2,-100.0,-83.20371,0
225,0,0.663,0,1.0,6.1391654,0
225,1,0.674,1,-0.05,6.224815,0
225,2,0.658,0,1.0,5.79281,0
225,3,0.679,2,-0.05,5.8080573,0
225,4,0.660,2,-0.05,3.8856933,0
225,5,0.661,0,1.0,5.1124516,0
225,6,0.673,0,1.0,5.2875056,0
225,7,0.672,1,-0.05,3.630382,0
225,8,0.681,0,1.0,5.0556974,0
225,9,0.679,0,1.0,4.6024933,0
225,10,0.688,0,1.0,6.438192,0
225,11,0.686,0,1.0,5.8278112,0
225,12,0.691,2,-0.05,5.612287,0
225,13,0.695,0,1.0,4.63655,0
225,14,0.688,0,1.0,5.635381,0
225,15,0.699,0,1.0,6.198544,0
225,16,0.694,1,-0.05,7.6072993,0
225,17,0.681,1,-0.05,6.1801596,0
225,18,0.700,2,-0.05,4.267702,0
225,19,0.694,0,1.0,5.0299554,0
225,20,0.681,1,-0.05,4.7452607,0
225,21,0.668,0,1.0,4.6185803,0
225,22,0.660,0,1.0,5.569521,0
225,23,0.667,0,1.0,5.2951403,0
225,24,0.657,0,1.0,5.330305,0
225,25,0.645,0,1.0,4.8577724,0
225,26,0.647,0,1.0,3.1634252,0
225,27,0.632,0,1.0,5.6889014,0
225,28,0.628,0,1.0,5.39301,0
225,29,0.628,2,-0.05,5.5258813,0
225,30,0.611,1,-0.05,6.995377,0
225,31,0.622,0,1.0,4.852755,0
225,32,0.604,0,1.0,3.9129124,0
225,33,0.628,0,1.0,3.575397,0
225,34,0.610,0,1.0,3.0644653,0
225,35,0.623,0,1.0,4.464057,0
225,36,0.639,2,-0.05,3.6140006,0
225,37,0.630,0,1.0,2.8476214,0
225,38,0.640,1,-0.05,4.818986,0
225,39,0.633,0,1.0,4.8764267,0
225,40,0.640,0,1.0,2.6949823,0
225,41,0.642,0,1.0,2.7613573,0
225,42,0.650,0,1.0,4.3074393,0
225,43,0.657,0,1.0,4.8613577,0
225,44,0.668,0,1.0,4.701033,0
225,45,0.682,2,-0.05,5.8864107,0
225,46,0.683,2,-0.05,5.0772705,0
225,47,0.685,0,1.0,5.5270476,0
225,48,0.690,0,1.0,7.67705,0
225,49,0.717,0,1.0,6.9702644,0
225,50,0.752,1,-0.05,6.431099,0
225,51,0.754,0,1.0,4.7020154,0
225,52,0.784,0,1.0,5.9814444,0
225,53,0.787,1,-0.05,3.075388,0
225,54,0.790,1,-0.05,2.847516,0
225,55,0.791,0,1.0,3.5804713,0
225,56,0.758,0,1.0,7.6145597,0
225,57,0.640,0,1.0,6.909398,0
225,58,0.573,0,1.0,9.211201,0
225,59,0.450,0,1.0,11.980663,0
225,60,0.399,0,1.0,10.884394,0
225,61,0.298,2,-0.05,5.1555123,0
225,62,0.277,2,-0.05,-12.0181055,0
225,63,0.252,2,-0.05,-5.30037,0
225,64,0.227,1,-0.05,-12.153084,0
225,65,0.236,2,-0.05,-16.413443,0
225,66,0.218,2,-0.05,-23.949986,0
225,67,0.195,2,-100.0,-55.471893,0
226,0,0.663,0,1.0,6.9674907,0
226,1,0.666,0,1.0,4.8877974,0
226,2,0.652,2,-0.05,5.580116,0
226,3,0.680,0,1.0,6.107817,0
226,4,0.672,0,1.0,5.2474384,0
226,5,0.692,0,1.0,6.331107,0
226,6,0.708,0,1.0,5.8852444,0
226,7,0.694,0,1.0,6.9767447,0
226,8,0.693,2,-0.05,5.6406403,0
226,9,0.665,0,1.0,5.988125,0
226,10,0.658,0,1.0,6.236169,0
226,11,0.625,0,1.0,2.960918,0
226,12,0.629,0,1.0,5.1527944,0
226,13,0.611,1,-0.05,4.165343,0
226,14,0.594,0,1.0,5.2283254,0
226,15,0.586,0,1.0,7.018196,0
226,16,0.574,0,1.0,7.190911,0
226,17,0.572,0,1.0,6.9073296,0
226,18,0.552,0,1.0,6.5364137,0
226,19,0.539,0,1.0,6.204084,0
226,20,0.540,0,1.0,6.6060696,0
226,21,0.517,2,-0.05,6.2805214,0
226,22,0.514,0,1.0,4.095579,0
226,23,0.492,0,1.0,3.3908708,0
226,24,0.482,0,1.0,5.864805,0
226,25,0.445,0,1.0,5.563743,0
226,26,0.417,0,1.0,4.1488457,0
226,27,0.402,0,1.0,3.7244096,0
226,28,0.384,0,1.0,3.8663235,0
226,29,0.382,0,1.0,3.0993004,0
226,30,0.351,0,1.0,2.618993,0
226,31,0.326,0,1.0,-1.2238616,0
226,32,0.300,0,1.0,-1.321502,0
226,33,0.285,0,1.0,-1.9450662,0
226,34,0.276,2,-0.05,-3.3422484,0
226,35,0.259,2,-0.05,-1.565222,0
226,36,0.252,2,-0.05,-3.090053,0
226,37,0.252,2,-0.05,-9.233469,0
226,38,0.254,2,-0.05,-8.476519,0
226,39,0.227,0,1.0,-9.026937,0
226,40,0.193,2,-100.0,-10.113062,0
227,0,0.672,1,-0.05,6.009741,0
227,1,0.675,1,-0.05,5.792139,0
227,2,0.664,1,-0.05,4.9069076,0
227,3,0.658,0,1.0,4.4653473,0
227,4,0.636,0,1.0,4.6947727,0
227,5,0.585,0,1.0,4.8816557,0
227,6,0.570,0,1.0,3.8610053,0
227,7,0.531,0,1.0,4.7239003,0
227,8,0.489,0,1.0,4.589431,0
227,9,0.472,0,1.0,4.848112,0
227,10,0.430,0,1.0,5.2405014,0
227,11,0.403,0,1.0,4.8746142,0
227,12,0.361,0,1.0,4.5428305,0
227,13,0.326,0,1.0,3.9446702,0
227,14,0.306,0,1.0,3.7915745,0
227,15,0.269,2,-0.05,3.831308,0
227,16,0.269,2,-0.05,2.3537846,0
227,17,0.260,2,-0.05,-0.04943204,0
227,18,0.260,1,-0.05,0.7442093,0
227,19,0.264,1,-0.05,0.5543628,0
227,20,0.246,2,-0.05,-1.4763632,0
227,21,0.237,0,1.0,-1.9434314,0
227,22,0.227,1,-0.05,1.252424,0
227,23,0.234,1,-0.05,3.718828,0
227,24,0.225,1,-0.05,-3.9690738,0
227,25,0.221,2,-0.05,-24.917145,0
227,26,0.209,1,-0.05,-37.58454,0
227,27,0.209,2,-0.05,-45.022,0
227,28,0.213,2,-0.05,-56.701313,0
227,29,0.195,0,-100.0,-37.050087,0
228,0,0.667,0,1.0,6.2245655,0
228,1,0.673,0,1.0,6.4236865,0
228,2,0.666,2,-0.05,5.8881135,0
228,3,0.660,1,-0.05,6.6281986,0
228,4,0.676,0,1.0,5.5261087,0
228,5,0.663,1,-0.05,5.000537,0
228,6,0.659,1,-0.05,5.7559443,0
228,7,0.650,1,-0.05,3.2782583,0
228,8,0.642,2,-0.05,5.045707,0
228,9,0.638,0,1.0,5.2426047,0
228,10,0.613,0,1.0,4.1924696,0
228,11,0.605,0,1.0,5.5522423,0
228,12,0.582,0,1.0,3.2476106,0
228,13,0.568,2,-0.05,5.0895696,0
228,14,0.553,0,1.0,5.5305963,0
228,15,0.545,0,1.0,4.7799616,0
228,16,0.531,0,1.0,5.3538446,0
228,17,0.522,0,1.0,5.5737095,0
228,18,0.496,0,1.0,3.8635044,0
228,19,0.491,0,1.0,5.092928,0
228,20,0.470,0,1.0,5.362178,0
228,21,0.444,0,1.0,6.6141934,0
228,22,0.445,2,-0.05,5.4093504,0
228,23,0.432,0,1.0,6.59845,0
228,24,0.420,0,1.0,4.5044675,0
228,25,0.427,0,1.0,5.486612,0
228,26,0.428,1,-0.05,5.7275763,0
228,27,0.409,0,1.0,3.882851,0
228,28,0.399,0,1.0,4.7339296,0
228,29,0.397,1,-0.05,3.7614722,0
228,30,0.387,1,-0.05,4.6270504,0
228,31,0.384,0,1.0,2.3029017,0
228,32,0.355,0,1.0,4.2328486,0
228,33,0.305,0,1.0,3.7972388,0
228,34,0.304,1,-0.05,1.9709957,0
228,35,0.301,1,-0.05,1.1156702,0
228,36,0.287,1,-0.05,2.1650317,0
228,37,0.286,1,-0.05,-5.304722,0
228,38,0.280,2,-0.05,1.0004189,0
228,39,0.268,1,-0.05,-1.9460077,0
228,40,0.268,1,-0.05,-11.04631,0
228,41,0.244,1,-0.05,-6.089011,0
228,42,0.234,2,-0.05,-30.705315,0
228,43,0.208,0,1.0,-38.481873,0
228,44,0.175,1,-100.0,-54.424984,0
229,0,0.663,0,1.0,5.8308187,0
229,1,0.654,0,1.0,6.7182975,0
229,2,0.661,0,1.0,5.0831237,0
229,3,0.670,0,1.0,5.635325,0
229,4,0.659,0,1.0,6.1889873,0
229,5,0.651,0,1.0,4.420313,0
229,6,0.649,2,-0.05,6.2904563,0
229,7,0.633,0,1.0,5.9023843,0
229,8,0.655,0,1.0,7.592997,0
229,9,0.655,0,1.0,5.9671555,0
229,10,0.664,1,-0.05,5.4739213,0
229,11,0.666,2,-0.05,6.5101037,0
229,12,0.659,0,1.0,5.5411887,0
229,13,0.676,1,-0.05,5.751458,0
229,14,0.687,1,-0.05,6.07557,0
229,15,0.687,1,-0.05,5.9091015,0
229,16,0.694,0,1.0,5.5981054,0
229,17,0.689,0,1.0,4.22531,0
229,18,0.693,2,-0.05,3.4634082,0
229,19,0.675,1,-0.05,4.170777,0
229,20,0.681,0,1.0,2.6763341,0
229,21,0.659,0,1.0,4.3270307,0
229,22,0.638,0,1.0,2.8189971,0
229,23,0.635,2,-0.05,3.935731,0
229,24,0.612,0,1.0,3.6868098,0
229,25,0.605,0,1.0,3.8669465,0
229,26,0.603,0,1.0,3.7434049,0
229,27,0.586,0,1.0,4.120344,0
229,28,0.579,0,1.0,0.5793108,0
229,29,0.559,0,1.0,3.0228434,0
229,30,0.541,0,1.0,3.5037847,0
229,31,0.551,0,1.0,3.6973746,0
229,32,0.524,0,1.0,4.7072706,0
229,33,0.521,0,1.0,1.9119629,0
229,34,0.518,0,1.0,2.318222,0
229,35,0.498,0,1.0,3.430016,0
229,36,0.481,2,-0.05,5.1104884,0
229,37,0.482,2,-0.05,4.138156,0
229,38,0.466,0,1.0,4.389741,0
229,39,0.470,0,1.0,2.6702561,0
229,40,0.500,0,1.0,2.216723,0
229,41,0.488,0,1.0,3.3952386,0
229,42,0.517,0,1.0,6.060461,0
229,43,0.523,0,1.0,4.21142,0
229,44,0.517,0,1.0,4.188778,0
229,45,0.524,0,1.0,4.71213,0
229,46,0.530,2,-0.05,4.3729444,0
229,47,0.534,2,-0.05,3.390922,0
229,48,0.538,0,1.0,5.1800795,0
229,49,0.559,0,1.0,7.361319,0
229,50,0.576,0,1.0,8.555845,0
229,51,0.594,1,-0.05,9.379374,0
229,52,0.591,0,1.0,7.288005,0
229,53,0.629,0,1.0,6.830472,0
229,54,0.559,1,-0.05,5.2799726,0
229,55,0.540,0,1.0,5.062546,0
229,56,0.452,1,-0.05,6.0372787,0
229,57,0.432,1,-0.05,4.609916,0
229,58,0.392,0,1.0,5.756818,0
229,59,0.324,0,1.0,8.372223,0
229,60,0.225,2,-0.05,5.451597,0
229,61,0.211,2,-0.05,-16.206715,0
229,62,0.183,0,-100.0,-19.16941,0
230,0,0.662,0,1.0,5.9228406,0
230,1,0.672,0,1.0,4.2893324,0
230,2,0.661,0,1.0,6.2041264,0
230,3,0.663,2,-0.05,3.9099784,0
230,4,0.662,0,1.0,5.1038423,0
230,5,0.661,0,1.0,5.4693174,0
230,6,0.683,0,1.0,7.8754735,0
230,7,0.682,0,1.0,6.3874617,0
230,8,0.697,0,1.0,6.9675145,0
230,9,0.700,0,1.0,6.137389,0
230,10,0.694,0,1.0,6.9515452,0
230,11,0.682,0,1.0,7.2977395,0
230,12,0.671,2,-0.05,5.924879,0
230,13,0.675,0,1.0,5.75152,0
230,14,0.664,0,1.0,5.699667,0
230,15,0.642,0,1.0,4.736189,0
230,16,0.623,0,1.0,6.697216,0
230,17,0.592,0,1.0,5.8301153,0
230,18,0.574,0,1.0,4.860748,0
230,19,0.571,0,1.0,5.458137,0
230,20,0.555,0,1.0,5.6045556,0
230,21,0.531,1,-0.05,6.6554747,0
230,22,0.524,0,1.0,5.8430433,0
230,23,0.522,0,1.0,4.4473767,0
230,24,0.498,0,1.0,4.152504,0
230,25,0.503,1,-0.05,5.1801543,0
230,26,0.491,0,1.0,6.7804394,0
230,27,0.497,0,1.0,4.05089,0
230,28,0.487,0,1.0,2.1113691,0
230,29,0.491,0,1.0,3.3112102,0
230,30,0.481,0,1.0,3.9461377,0
230,31,0.481,0,1.0,4.0061007,0
230,32,0.489,0,1.0,4.3043075,0
230,33,0.481,0,1.0,3.5505903,0
230,34,0.476,0,1.0,3.1458561,0
230,35,0.469,0,1.0,4.079343,0
230,36,0.484,2,-0.05,3.2881782,0
230,37,0.487,0,1.0,3.78143,0
230,38,0.473,0,1.0,5.3020415,0
230,39,0.499,2,-0.05,4.272755,0
230,40,0.510,2,-0.05,4.239812,0
230,41,0.521,2,-0.05,5.1137342,0
230,42,0.518,0,1.0,7.342889,0
230,43,0.541,0,1.0,3.594631,0
230,44,0.549,0,1.0,5.9681263,0
230,45,0.588,0,1.0,7.5220847,0
230,46,0.672,0,1.0,9.107525,0
230,47,0.714,0,1.0,7.9947114,0
230,48,0.654,0,1.0,7.9582086,0
230,49,0.556,0,1.0,5.2138042,0
230,50,0.494,1,-0.05,5.1040797,0
230,51,0.492,1,-0.05,3.259654,0
230,52,0.426,0,1.0,4.683772,0
230,53,0.373,2,-0.05,-2.1972346,0
230,54,0.356,2,-0.05,-9.1267395,0
230,55,0.330,2,-0.05,1.1987358,0
230,56,0.317,2,-0.05,-6.5969715,0
230,57,0.292,2,-0.05,-13.906234,0
230,58,0.255,0,1.0,-38.913944,0
230,59,0.214,1,-0.05,-72.99655,0
230,60,0.197,1,-100.0,-96.66266,0
231,0,0.663,0,1.0,5.494172,0
231,1,0.655,2,-0.05,4.7287455,0
231,2,0.661,0,1.0,5.2660594,0
231,3,0.662,0,1.0,5.81448,0
231,4,0.676,0,1.0,5.167342,0
231,5,0.678,0,1.0,6.883364,0
231,6,0.682,0,1.0,5.464194,0
231,7,0.689,0,1.0,6.642977,0
231,8,0.696,0,1.0,5.887164,0
231,9,0.697,0,1.0,6.565662,0
231,10,0.697,0,1.0,6.3057046,0
231,11,0.695,1,-0.05,4.9207783,0
231,12,0.711,2,-0.05,6.5480876,0
231,13,0.701,0,1.0,6.4714084,0
231,14,0.680,0,1.0,5.085877,0
231,15,0.658,0,1.0,5.3148847,0
231,16,0.629,0,1.0,5.3804493,0
231,17,0.624,1,-0.05,5.173265,0
231,18,0.616,0,1.0,5.593567,0
231,19,0.603,1,-0.05,5.4706435,0
231,20,0.597,0,1.0,6.303597,0
231,21,0.589,1,-0.05,3.5096338,0
231,22,0.596,0,1.0,5.388537,0
231,23,0.606,0,1.0,3.42021,0
231,24,0.611,1,-0.05,3.1418412,0
231,25,0.614,0,1.0,3.7801476,0
231,26,0.611,1,-0.05,2.2035542,0
231,27,0.633,0,1.0,4.027794,0
231,28,0.643,0,1.0,2.5413,0
231,29,0.679,0,1.0,2.4389815,0
231,30,0.692,0,1.0,1.6584098,0
231,31,0.700,2,-0.05,2.2814922,0
231,32,0.681,0,1.0,2.686355,0
231,33,0.677,1,-0.05,4.9496093,0
231,34,0.661,2,-0.05,3.3491507,0
231,35,0.673,0,1.0,2.5271983,0
231,36,0.659,0,1.0,4.149413,0
231,37,0.662,2,-0.05,1.8601911,0
231,38,0.664,0,1.0,3.7238276,0
231,39,0.669,0,1.0,2.7253838,0
231,40,0.675,0,1.0,3.6214325,0
231,41,0.673,0,1.0,3.6885004,0
231,42,0.678,2,-0.05,4.804148,0
231,43,0.688,0,1.0,5.210754,0
231,44,0.703,0,1.0,2.3080258,0
231,45,0.714,0,1.0,5.9323997,0
231,46,0.721,0,1.0,5.16889,0
231,47,0.721,0,1.0,4.988501,0
231,48,0.736,1,-0.05,2.5883892,0
231,49,0.732,1,-0.05,4.8624024,0
231,50,0.761,2,-0.05,3.5086806,0
231,51,0.759,1,-0.05,5.7654524,0
231,52,0.760,1,-0.05,4.0759373,0
231,53,0.768,1,-0.05,2.3828683,0
231,54,0.783,1,-0.05,4.3673124,0
231,55,0.772,0,1.0,6.180949,0
231,56,0.742,0,1.0,7.438546,0
231,57,0.717,2,-0.05,7.772688,0
231,58,0.728,2,-0.05,7.4557753,0
231,59,0.727,2,-0.05,6.3835464,0
231,60,0.706,0,1.0,6.923375,0
231,61,0.663,0,1.0,3.2035787,0
231,62,0.571,2,-0.05,4.254679,0
231,63,0.559,0,1.0,3.7341216,0
231,64,0.425,0,1.0,4.2206745,0
231,65,0.348,2,-0.05,3.5347776,0
231,66,0.344,2,-0.05,3.1131036,0
231,67,0.320,2,-0.05,0.70849967,0
231,68,0.303,1,-0.05,3.963921,0
231,69,0.287,2,-0.05,1.8215859,0
231,70,0.284,2,-0.05,1.3625745,0
231,71,0.272,2,-0.05,1.4450108,0
231,72,0.247,0,1.0,-11.674712,0
231,73,0.158,0,-100.0,-33.11029,0
232,0,0.667,0,1.0,6.10799,0
232,1,0.673,0,1.0,5.4345393,0
232,2,0.666,0,1.0,5.235974,0
232,3,0.657,0,1.0,6.809498,0
232,4,0.675,1,-0.05,6.0291452,0
232,5,0.667,0,1.0,6.7448077,0
232,6,0.666,1,-0.05,5.8543744,0
232,7,0.668,0,1.0,4.819837,0
232,8,0.647,0,1.0,5.0712924,0
232,9,0.632,0,1.0,4.100169,0
232,10,0.626,1,-0.05,5.184309,0
232,11,0.627,0,1.0,5.101164,0
232,12,0.596,2,-0.05,3.4572902,0
232,13,0.598,1,-0.05,3.687389,0
232,14,0.595,0,1.0,3.841527,0
232,15,0.555,2,-0.05,4.3559856,0
232,16,0.531,0,1.0,5.281089,0
232,17,0.514,0,1.0,3.8559062,0
232,18,0.465,0,1.0,3.992922,0
232,19,0.433,0,1.0,5.7371473,0
232,20,0.429,0,1.0,3.8308666,0
232,21,0.376,0,1.0,4.8526573,0
232,22,0.348,0,1.0,3.2373443,0
232,23,0.328,2,-0.05,0.97829115,0
232,24,0.315,2,-0.05,2.1339653,0
232,25,0.311,2,-0.05,2.949581,0
232,26,0.317,0,1.0,3.5190356,0
232,27,0.305,1,-0.05,6.4360576,0
232,28,0.304,0,1.0,4.2580028,0
232,29,0.298,0,1.0,3.1298118,0
232,30,0.281,0,1.0,1.4263576,0
232,31,0.275,0,1.0,2.1276941,0
232,32,0.266,2,-0.05,-3.2243652,0
232,33,0.246,2,-0.05,-3.358822,0
232,34,0.265,0,1.0,2.2398152,0
232,35,0.267,0,1.0,2.8857718,0
232,36,0.271,0,1.0,3.7452006,0
232,37,0.270,0,1.0,2.9250798,0
232,38,0.277,2,-0.05,2.525063,0
232,39,0.279,0,1.0,2.5480554,0
232,40,0.292,0,1.0,5.3081827,0
232,41,0.308,0,1.0,5.44855,0
232,42,0.313,0,1.0,4.563802,0
232,43,0.324,2,-0.05,4.5463886,0
232,44,0.333,2,-0.05,4.951795,0
232,45,0.361,0,1.0,3.803842,0
232,46,0.374,1,-0.05,2.4387345,0
232,47,0.383,0,1.0,3.3065925,0
232,48,0.393,0,1.0,3.5390751,0
232,49,0.419,2,-0.05,7.666622,0
232,50,0.429,0,1.0,7.926941,0
232,51,0.475,0,1.0,6.0476007,0
232,52,0.490,2,-0.05,6.6624627,0
232,53,0.506,0,1.0,7.374465,0
232,54,0.550,2,-0.05,5.5364895,0
232,55,0.556,1,-0.05,6.2344794,0
232,56,0.554,2,-0.05,4.875703,0
232,57,0.563,2,-0.05,6.8795605,0
232,58,0.584,2,-0.05,3.3354366,0
232,59,0.581,0,1.0,3.3984919,0
232,60,0.665,0,1.0,2.9802818,0
232,61,0.688,0,1.0,0.8313305,0
232,62,0.591,0,1.0,1.8935925,0
232,63,0.561,1,-0.05,2.0107682,0
232,64,0.545,1,-0.05,2.5314527,0
232,65,0.535,2,-0.05,2.936497,0
232,66,0.509,1,-0.05,3.2603786,0
232,67,0.511,1,-0.05,4.0307684,0
232,68,0.488,1,-0.05,4.792316,0
232,69,0.484,1,-0.05,5.3438334,0
232,70,0.463,0,1.0,5.004746,0
232,71,0.355,0,1.0,6.471583,0
232,72,0.278,1,-0.05,5.020326,0
232,73,0.265,2,-0.05,-7.394043,0
232,74,0.230,2,-0.05,-7.1665683,0
232,75,0.232,1,-0.05,-13.455324,0
232,76,0.213,2,-0.05,-27.930965,0
232,77,0.188,2,-100.0,-29.958624,0
233,0,0.662,0,1.0,4.6701407,0
233,1,0.658,0,1.0,5.882144,0
233,2,0.670,0,1.0,6.67236,0
233,3,0.686,0,1.0,4.7318273,0
233,4,0.678,1,-0.05,6.6962724,0
233,5,0.677,0,1.0,6.438932,0
233,6,0.682,2,-0.05,4.8071322,0
233,7,0.653,0,1.0,4.4488845,0
233,8,0.672,2,-0.05,6.7176924,0
233,9,0.673,0,1.0,5.4445453,0
233,10,0.692,2,-0.05,7.7232814,0
233,11,0.677,0,1.0,6.2340527,0
233,12,0.700,0,1.0,6.3365445,0
233,13,0.695,0,1.0,5.185514,0
233,14,0.676,0,1.0,6.5091243,0
233,15,0.651,0,1.0,4.935758,0
233,16,0.630,0,1.0,5.6926894,0
233,17,0.625,1,-0.05,3.658278,0
233,18,0.602,0,1.0,5.1914463,0
233,19,0.601,1,-0.05,4.6785717,0
233,20,0.599,2,-0.05,6.03503,0
233,21,0.589,0,1.0,4.854843,0
233,22,0.574,2,-0.05,6.4155297,0
233,23,0.573,0,1.0,5.686465,0
233,24,0.536,0,1.0,5.3192945,0
233,25,0.515,0,1.0,3.0262961,0
233,26,0.479,0,1.0,5.4972873,0
233,27,0.434,0,1.0,5.0335374,0
233,28,0.415,0,1.0,2.4307375,0
233,29,0.366,0,1.0,2.2896113,0
233,30,0.346,0,1.0,1.0986042,0
233,31,0.317,2,-0.05,-0.455364,0
233,32,0.312,0,1.0,-1.3372917,0
233,33,0.261,0,1.0,-1.4448276,0
233,34,0.251,1,-0.05,-9.982054,0
233,35,0.231,2,-0.05,-17.908873,0
233,36,0.234,2,-0.05,-49.588253,0
233,37,0.213,0,1.0,-66.73595,0
233,38,0.162,2,-100.0,-88.91911,0
234,0,0.659,2,-0.05,6.7532754,0
234,1,0.660,0,1.0,4.1756573,0
234,2,0.695,0,1.0,7.7536597,0
234,3,0.694,0,1.0,4.9486265,0
234,4,0.688,0,1.0,6.5042977,0
234,5,0.685,2,-0.05,6.0635133,0
234,6,0.664,0,1.0,5.8666124,0
234,7,0.641,0,1.0,7.3335,0
234,8,0.623,0,1.0,6.671354,0
234,9,0.564,0,1.0,6.244546,0
234,10,0.561,1,-0.05,4.8864293,0
234,11,0.557,1,-0.05,5.011633,0
234,12,0.559,0,1.0,6.1718216,0
234,13,0.547,2,-0.05,5.395228,0
234,14,0.537,0,1.0,5.516474,0
234,15,0.531,0,1.0,5.1565905,0
234,16,0.514,2,-0.05,4.2540665,0
234,17,0.508,0,1.0,5.385383,0
234,18,0.476,0,1.0,4.9685326,0
234,19,0.447,0,1.0,6.8338027,0
234,20,0.424,0,1.0,4.8400197,0
234,21,0.392,0,1.0,3.0712469,0
234,22,0.387,1,-0.05,2.3315415,0
234,23,0.361,0,1.0,2.10858,0
234,24,0.362,1,-0.05,3.4160213,0
234,25,0.351,1,-0.05,4.2459993,0
234,26,0.356,0,1.0,3.667608,0
234,27,0.352,0,1.0,3.0712168,0
234,28,0.353,0,1.0,2.7412682,0
234,29,0.356,0,1.0,5.4014077,0
234,30,0.351,0,1.0,3.885349,0
234,31,0.363,0,1.0,1.8307424,0
234,32,0.351,0,1.0,3.8349237,0
234,33,0.349,0,1.0,3.4932613,0
234,34,0.321,0,1.0,2.582141,0
234,35,0.361,0,1.0,2.524981,0
234,36,0.354,0,1.0,1.5247841,0
234,37,0.349,0,1.0,3.7800164,0
234,38,0.359,0,1.0,2.6633084,0
234,39,0.363,0,1.0,1.1089939,0
234,40,0.357,2,-0.05,1.59702,0
234,41,0.365,0,1.0,2.767208,0
234,42,0.355,2,-0.05,3.3474998,0
234,43,0.373,2,-0.05,3.4126472,0
234,44,0.373,1,-0.05,4.575149,0
234,45,0.357,2,-0.05,3.4619672,0
234,46,0.362,2,-0.05,4.256244,0
234,47,0.387,2,-0.05,3.765412,0
234,48,0.385,2,-0.05,2.9445267,0
234,49,0.381,0,1.0,1.7691458,0
234,50,0.374,0,1.0,0.9748975,0
234,51,0.402,0,1.0,0.16337138,0
234,52,0.443,0,1.0,-0.06770122,0
234,53,0.479,0,1.0,0.6253871,0
234,54,0.514,0,1.0,2.2516825,0
234,55,0.608,2,-0.05,2.5717287,0
234,56,0.587,2,-0.05,4.742852,0
234,57,0.623,2,-0.05,3.5085301,0
234,58,0.668,0,1.0,0.91333425,0
234,59,0.708,0,1.0,4.4047713,0
234,60,0.651,0,1.0,2.2710128,0
234,61,0.548,0,1.0,1.6057673,0
234,62,0.529,2,-0.05,2.909876,0
234,63,0.514,1,-0.05,5.024417,0
234,64,0.494,2,-0.05,5.408953,0
234,65,0.465,2,-0.05,5.019753,0
234,66,0.469,2,-0.05,1.2229002,0
234,67,0.471,2,-0.05,1.9219494,0
234,68,0.451,0,1.0,5.580229,0
234,69,0.420,0,1.0,6.0016203,0
234,70,0.390,0,1.0,1.4949962,0
234,71,0.361,0,1.0,2.9944956,0
234,72,0.338,2,-0.05,1.9548748,0
234,73,0.330,2,-0.05,2.574801,0
234,74,0.306,2,-0.05,1.727742,0
234,75,0.320,1,-0.05,2.095414,0
234,76,0.307,0,1.0,1.7001494,0
234,77,0.297,2,-0.05,1.1486906,0
234,78,0.295,2,-0.05,0.66875833,0
234,79,0.287,2,-0.05,-0.19379318,0
234,80,0.286,0,1.0,0.4176266,0
234,81,0.275,0,1.0,5.436736,0
234,82,0.280,0,1.0,7.4443197,0
234,83,0.283,0,1.0,2.700189,0
234,84,0.273,0,1.0,3.9207897,0
234,85,0.283,0,1.0,2.5498633,0
234,86,0.293,0,1.0,3.9615698,0
234,87,0.286,2,-0.05,4.3210993,0
234,88,0.281,0,1.0,3.1651707,0
234,89,0.285,1,-0.05,3.1233478,0
234,90,0.290,0,1.0,4.7165833,0
234,91,0.299,0,1.0,3.9865968,0
234,92,0.292,1,-0.05,4.0324388,0
234,93,0.296,1,-0.05,3.8230336,0
234,94,0.298,0,1.0,2.699082,0
234,95,0.275,1,-0.05,2.6311913,0
234,96,0.260,0,1.0,-2.314359,0
234,97,0.245,1,-0.05,-1.6181357,0
234,98,0.242,2,-0.05,-2.9546256,0
234,99,0.231,1,-0.05,-2.5715258,0
234,100,0.240,1,-0.05,-4.902936,0
234,101,0.234,1,-0.05,-18.632286,0
234,102,0.238,1,-0.05,-34.757034,0
234,103,0.220,2,-0.05,-32.49813,0
234,104,0.204,0,1.0,-45.161724,0
234,105,0.166,1,-100.0,-48.057518,0
235,0,0.669,1,-0.05,5.0991645,0
235,1,0.658,0,1.0,5.280642,0
235,2,0.653,0,1.0,5.2318883,0
235,3,0.634,0,1.0,4.3417234,0
235,4,0.623,2,-0.05,5.048346,0
235,5,0.609,0,1.0,3.0336013,0
235,6,0.592,0,1.0,5.150902,0
235,7,0.583,0,1.0,5.1571217,0
235,8,0.596,0,1.0,7.413066,0
235,9,0.589,0,1.0,5.684799,0
235,10,0.571,0,1.0,5.173507,0
235,11,0.565,2,-0.05,4.5818152,0
235,12,0.562,0,1.0,5.6032686,0
235,13,0.563,0,1.0,5.667077,0
235,14,0.556,0,1.0,7.790826,0
235,15,0.559,0,1.0,6.810992,0
235,16,0.562,0,1.0,6.0446486,0
235,17,0.566,0,1.0,7.949049,0
235,18,0.564,2,-0.05,6.4493732,0
235,19,0.558,2,-0.05,6.519327,0
235,20,0.564,0,1.0,6.560318,0
235,21,0.588,0,1.0,5.8524537,0
235,22,0.596,1,-0.05,6.125221,0
235,23,0.603,0,1.0,4.8298635,0
235,24,0.612,1,-0.05,6.0175624,0
235,25,0.619,0,1.0,5.4767675,0
235,26,0.622,0,1.0,5.53898,0
235,27,0.625,1,-0.05,6.0481057,0
235,28,0.623,1,-0.05,4.2581367,0
235,29,0.622,0,1.0,4.551427,0
235,30,0.609,0,1.0,4.19214,0
235,31,0.582,1,-0.05,2.9434228,0
235,32,0.574,0,1.0,3.0786839,0
235,33,0.563,0,1.0,2.2242165,0
235,34,0.532,0,1.0,3.8625908,0
235,35,0.499,0,1.0,5.670118,0
235,36,0.483,1,-0.05,3.8481944,0
235,37,0.481,2,-0.05,3.619795,0
235,38,0.470,0,1.0,4.388426,0
235,39,0.450,2,-0.05,5.126713,0
235,40,0.462,0,1.0,4.613957,0
235,41,0.447,0,1.0,4.7870197,0
235,42,0.446,0,1.0,5.1628804,0
235,43,0.437,0,1.0,6.6203175,0
235,44,0.442,0,1.0,4.5260715,0
235,45,0.432,0,1.0,6.040188,0
235,46,0.436,0,1.0,4.8496256,0
235,47,0.432,0,1.0,4.8305697,0
235,48,0.431,0,1.0,3.5389962,0
235,49,0.429,0,1.0,4.7009296,0
235,50,0.420,0,1.0,5.645206,0
235,51,0.428,0,1.0,7.3399096,0
235,52,0.429,0,1.0,7.272689,0
235,53,0.415,0,1.0,8.37693,0
235,54,0.422,0,1.0,6.659095,0
235,55,0.391,0,1.0,3.8116386,0
235,56,0.320,2,-0.05,2.6873658,0
235,57,0.307,2,-0.05,1.6952784,0
235,58,0.286,2,-0.05,-6.836163,0
235,59,0.267,1,-0.05,-4.9525065,0
235,60,0.242,0,1.0,-18.471474,0
235,61,0.148,2,-100.0,-27.816814,0
236,0,0.658,2,-0.05,7.02288,0
236,1,0.659,0,1.0,7.2037253,0
236,2,0.678,1,-0.05,5.1431913,0
236,3,0.688,0,1.0,5.8321495,0
236,4,0.700,0,1.0,4.7294517,0
236,5,0.706,1,-0.05,4.2344112,0
236,6,0.700,0,1.0,5.757589,0
236,7,0.704,0,1.0,5.225645,0
236,8,0.704,2,-0.05,5.1519756,0
236,9,0.700,0,1.0,3.3648002,0
236,10,0.700,0,1.0,6.23229,0
236,11,0.694,2,-0.05,4.510762,0
236,12,0.696,2,-0.05,5.606548,0
236,13,0.690,0,1.0,4.4194393,0
236,14,0.674,0,1.0,6.531022,0
236,15,0.651,0,1.0,5.0777245,0
236,16,0.632,0,1.0,4.5339417,0
236,17,0.599,2,-0.05,4.5300927,0
236,18,0.605,0,1.0,4.370373,0
236,19,0.573,1,-0.05,3.848772,0
236,20,0.554,0,1.0,4.8076835,0
236,21,0.546,1,-0.05,4.6480556,0
236,22,0.532,0,1.0,3.8902164,0
236,23,0.528,2,-0.05,2.8186135,0
236,24,0.519,0,1.0,5.5191646,0
236,25,0.491,0,1.0,4.015978,0
236,26,0.464,0,1.0,4.42581,0
236,27,0.442,0,1.0,2.786215,0
236,28,0.430,1,-0.05,1.1680872,0
236,29,0.409,1,-0.05,1.4282427,0
236,30,0.404,0,1.0,4.491918,0
236,31,0.404,2,-0.05,4.8531084,0
236,32,0.414,0,1.0,3.8292985,0
236,33,0.398,1,-0.05,4.656226,0
236,34,0.401,2,-0.05,4.482012,0
236,35,0.391,1,-0.05,2.5928068,0
236,36,0.384,1,-0.05,4.34461,0
236,37,0.379,0,1.0,3.8416016,0
236,38,0.390,0,1.0,4.0580864,0
236,39,0.388,0,1.0,4.9579473,0
236,40,0.395,1,-0.05,4.71418,0
236,41,0.385,0,1.0,2.8792887,0
236,42,0.401,1,-0.05,1.5748237,0
236,43,0.428,0,1.0,2.6759791,0
236,44,0.436,2,-0.05,3.5882716,0
236,45,0.440,2,-0.05,1.0346416,0
236,46,0.449,1,-0.05,3.4499893,0
236,47,0.451,0,1.0,3.9941564,0
236,48,0.472,0,1.0,3.5248487,0
236,49,0.505,1,-0.05,-0.6544976,0
236,50,0.507,2,-0.05,1.0380838,0
236,51,0.529,0,1.0,0.9235277,0
236,52,0.528,2,-0.05,1.1951585,0
236,53,0.543,1,-0.05,0.025786877,0
236,54,0.537,0,1.0,2.9992502,0
236,55,0.569,0,1.0,-1.1890943,0
236,56,0.606,2,-0.05,1.2028637,0
236,57,0.633,0,1.0,3.0729613,0
236,58,0.667,0,1.0,2.701647,0
236,59,0.735,0,1.0,4.9187775,0
236,60,0.738,0,1.0,6.4660625,0
236,61,0.730,0,1.0,6.802058,0
236,62,0.719,2,-0.05,8.404627,0
236,63,0.705,0,1.0,8.074378,0
236,64,0.700,0,1.0,6.5076184,0
236,65,0.679,0,1.0,7.4450936,0
236,66,0.626,2,-0.05,7.55853,0
236,67,0.565,0,1.0,9.411291,0
236,68,0.504,0,1.0,6.290593,0
236,69,0.402,0,1.0,7.010184,0
236,70,0.333,0,1.0,5.189887,0
236,71,0.235,1,-0.05,-0.4144683,0
236,72,0.221,1,-0.05,-23.964478,0
236,73,0.215,2,-0.05,-28.903776,0
236,74,0.192,2,-100.0,-39.483223,0
237,0,0.658,0,1.0,6.0285234,0
237,1,0.658,1,-0.05,5.0743246,0
237,2,0.665,0,1.0,6.4524384,0
237,3,0.659,0,1.0,5.7691,0
237,4,0.660,0,1.0,4.8459425,0
237,5,0.644,0,1.0,3.3322613,0
237,6,0.638,0,1.0,6.6777573,0
237,7,0.635,0,1.0,4.125922,0
237,8,0.622,0,1.0,4.8712153,0
237,9,0.622,0,1.0,5.243497,0
237,10,0.607,0,1.0,6.088729,0
237,11,0.609,0,1.0,5.743428,0
237,12,0.595,0,1.0,5.7064667,0
237,13,0.589,0,1.0,4.4912114,0
237,14,0.587,0,1.0,5.9177117,0
237,15,0.573,0,1.0,3.8931026,0
237,16,0.582,1,-0.05,5.3430996,0
237,17,0.569,0,1.0,3.7803843,0
237,18,0.565,0,1.0,4.5985913,0
237,19,0.531,0,1.0,6.254694,0
237,20,0.527,0,1.0,3.9296458,0
237,21,0.513,0,1.0,4.968194,0
237,22,0.495,0,1.0,3.6826987,0
237,23,0.473,2,-0.05,3.9057815,0
237,24,0.486,0,1.0,4.135547,0
237,25,0.468,0,1.0,4.59109,0
237,26,0.468,2,-0.05,4.5423,0
237,27,0.464,0,1.0,4.364077,0
237,28,0.473,1,-0.05,5.090205,0
237,29,0.472,0,1.0,3.4654286,0
237,30,0.453,0,1.0,2.9002428,0
237,31,0.451,0,1.0,5.038435,0
237,32,0.441,0,1.0,4.115841,0
237,33,0.448,0,1.0,4.311338,0
237,34,0.431,0,1.0,3.9513993,0
237,35,0.428,0,1.0,5.4198413,0
237,36,0.409,0,1.0,3.926595,0
237,37,0.403,2,-0.05,4.9596496,0
237,38,0.410,0,1.0,7.1441536,0
237,39,0.415,1,-0.05,3.3525302,0
237,40,0.418,0,1.0,2.6264312,0
237,41,0.402,2,-0.05,3.6842928,0
237,42,0.400,0,1.0,4.1333303,0
237,43,0.407,0,1.0,5.7665772,0
237,44,0.412,0,1.0,6.2351246,0
237,45,0.404,0,1.0,6.428532,0
237,46,0.419,2,-0.05,5.826048,0
237,47,0.413,2,-0.05,6.870764,0
237,48,0.424,0,1.0,5.6988544,0
237,49,0.438,1,-0.05,6.8668747,0
237,50,0.442,0,1.0,6.361476,0
237,51,0.456,0,1.0,7.279647,0
237,52,0.466,0,1.0,5.330574,0
237,53,0.411,0,1.0,6.219717,0
237,54,0.280,0,1.0,3.3549268,0
237,55,0.239,2,-0.05,-11.3607025,0
237,56,0.201,2,-0.05,-33.097687,0
237,57,0.184,2,-100.0,-42.04209,0
238,0,0.666,0,1.0,6.9322343,0
238,1,0.674,2,-0.05,4.712733,0
238,2,0.672,1,-0.05,4.939886,0
238,3,0.666,0,1.0,5.5434527,0
238,4,0.661,0,1.0,6.012668,0
238,5,0.644,1,-0.05,5.1352515,0
238,6,0.656,0,1.0,4.8230867,0
238,7,0.620,0,1.0,4.8699183,0
238,8,0.618,0,1.0,3.5089135,0
238,9,0.595,2,-0.05,2.035718,0
238,10,0.575,0,1.0,4.0432653,0
238,11,0.566,0,1.0,5.659616,0
238,12,0.557,0,1.0,4.103882,0
238,13,0.531,0,1.0,5.394593,0
238,14,0.531,0,1.0,5.1421876,0
238,15,0.512,0,1.0,5.8405,0
238,16,0.494,0,1.0,5.7052464,0
238,17,0.476,0,1.0,4.4118757,0
238,18,0.454,0,1.0,3.8871045,0
238,19,0.444,0,1.0,5.0317025,0
238,20,0.430,2,-0.05,4.9057665,0
238,21,0.434,0,1.0,6.2568073,0
238,22,0.427,0,1.0,5.179613,0
238,23,0.397,0,1.0,5.693371,0
238,24,0.405,0,1.0,6.5475726,0
238,25,0.393,0,1.0,6.0223546,0
238,26,0.389,0,1.0,7.123271,0
238,27,0.381,0,1.0,5.1544294,0
238,28,0.383,0,1.0,4.510504,0
238,29,0.383,0,1.0,3.2630782,0
238,30,0.379,0,1.0,6.041069,0
238,31,0.368,0,1.0,3.2942767,0
238,32,0.357,0,1.0,6.0830994,0
238,33,0.355,0,1.0,6.04325,0
238,34,0.336,2,-0.05,4.437978,0
238,35,0.347,0,1.0,3.8492076,0
238,36,0.345,2,-0.05,4.4929924,0
238,37,0.349,0,1.0,4.7983265,0
238,38,0.353,0,1.0,4.0131693,0
238,39,0.361,2,-0.05,3.3976498,0
238,40,0.370,2,-0.05,3.2845192,0
238,41,0.370,2,-0.05,2.5831218,0
238,42,0.367,1,-0.05,4.1161175,0
238,43,0.373,1,-0.05,4.265068,0
238,44,0.385,1,-0.05,3.3862035,0
238,45,0.391,0,1.0,5.8627114,0
238,46,0.390,2,-0.05,3.6211271,0
238,47,0.392,0,1.0,5.2483273,0
238,48,0.407,0,1.0,4.7933917,0
238,49,0.389,0,1.0,5.5235443,0
238,50,0.414,0,1.0,4.0402613,0
238,51,0.425,0,1.0,4.845818,0
238,52,0.407,2,-0.05,4.94736,0
238,53,0.434,0,1.0,3.4456382,0
238,54,0.441,0,1.0,4.7187715,0
238,55,0.435,0,1.0,6.5263405,0
238,56,0.464,0,1.0,6.338616,0
238,57,0.390,0,1.0,6.171336,0
238,58,0.350,1,-0.05,2.1736367,0
238,59,0.326,2,-0.05,-1.0524979,0
238,60,0.304,2,-0.05,-4.284131,0
238,61,0.287,0,1.0,-9.087421,0
238,62,0.209,1,-0.05,-18.106928,0
238,63,0.147,0,-100.0,-54.256725,0
239,0,0.672,0,1.0,6.401626,0
239,1,0.672,0,1.0,6.3674254,0
239,2,0.661,0,1.0,4.9629474,0
239,3,0.662,0,1.0,6.063531,0
239,4,0.666,0,1.0,4.633102,0
239,5,0.661,2,-0.05,6.5137734,0
239,6,0.654,0,1.0,6.20705,0
239,7,0.675,0,1.0,5.7239947,0
239,8,0.657,1,-0.05,6.321859,0
239,9,0.680,1,-0.05,5.7137957,0
239,10,0.671,0,1.0,5.158644,0
239,11,0.666,0,1.0,5.715025,0
239,12,0.659,0,1.0,4.937671,0
239,13,0.638,1,-0.05,5.224315,0
239,14,0.642,0,1.0,5.4493604,0
239,15,0.627,2,-0.05,5.075143,0
239,16,0.617,0,1.0,2.7001436,0
239,17,0.589,1,-0.05,5.1530313,0
239,18,0.603,0,1.0,4.6098065,0
239,19,0.577,0,1.0,3.9237456,0
239,20,0.561,0,1.0,3.897035,0
239,21,0.534,0,1.0,4.555201,0
239,22,0.514,0,1.0,3.570669,0
239,23,0.493,2,-0.05,5.139449,0
239,24,0.482,0,1.0,4.559784,0
239,25,0.485,0,1.0,4.617797,0
239,26,0.464,0,1.0,4.515742,0
239,27,0.443,0,1.0,3.3065448,0
239,28,0.450,0,1.0,4.465773,0
239,29,0.438,2,-0.05,4.110175,0
239,30,0.443,1,-0.05,3.925366,0
239,31,0.436,0,1.0,3.582416,0
239,32,0.401,0,1.0,5.011958,0
239,33,0.357,0,1.0,5.3870826,0
239,34,0.350,2,-0.05,4.577158,0
239,35,0.346,2,-0.05,5.614551,0
239,36,0.323,0,1.0,5.9210916,0
239,37,0.327,0,1.0,5.6708136,0
239,38,0.318,0,1.0,6.1906285,0
239,39,0.301,1,-0.05,5.406587,0
239,40,0.302,1,-0.05,4.0451765,0
239,41,0.299,1,-0.05,4.0003867,0
239,42,0.304,1,-0.05,3.442425,0
239,43,0.305,1,-0.05,-0.07409981,0
239,44,0.294,1,-0.05,0.37688875,0
239,45,0.288,1,-0.05,-3.715209,0
239,46,0.285,1,-0.05,-0.9883907,0
239,47,0.271,2,-0.05,-11.461393,0
239,48,0.246,1,-0.05,-16.423212,0
239,49,0.249,2,-0.05,-24.76203,0
239,50,0.235,2,-0.05,-36.144875,0
239,51,0.201,0,1.0,-50.236538,0
239,52,0.182,1,-100.0,-72.38718,0
240,0,0.663,0,1.0,4.9683204,0
240,1,0.672,0,1.0,5.7609444,0
240,2,0.651,2,-0.05,4.6855025,0
240,3,0.651,2,-0.05,4.4924927,0
240,4,0.672,0,1.0,6.7677045,0
240,5,0.670,1,-0.05,3.7005153,0
240,6,0.671,0,1.0,5.657087,0
240,7,0.670,1,-0.05,6.447988,0
240,8,0.685,0,1.0,5.3482957,0
240,9,0.691,1,-0.05,4.6279554,0
240,10,0.688,0,1.0,3.620356,0
240,11,0.680,0,1.0,4.7314205,0
240,12,0.662,0,1.0,4.7155113,0
240,13,0.655,0,1.0,5.374979,0
240,14,0.640,0,1.0,5.529878,0
240,15,0.632,1,-0.05,4.497917,0
240,16,0.621,0,1.0,5.2816696,0
240,17,0.616,0,1.0,4.9211807,0
240,18,0.585,0,1.0,4.217591,0
240,19,0.586,1,-0.05,2.9849772,0
240,20,0.577,1,-0.05,3.8368697,0
240,21,0.572,0,1.0,3.9761946,0
240,22,0.542,0,1.0,4.654485,0
240,23,0.523,0,1.0,5.5071282,0
240,24,0.474,0,1.0,4.3850193,0
240,25,0.445,0,1.0,2.5712938,0
240,26,0.398,0,1.0,4.3848667,0
240,27,0.391,0,1.0,3.895021,0
240,28,0.320,0,1.0,3.387076,0
240,29,0.310,0,1.0,2.8036175,0
240,30,0.272,0,1.0,2.0595593,0
240,31,0.224,0,1.0,0.18264496,0
240,32,0.200,1,-0.05,-11.480881,0
240,33,0.198,2,-100.0,-30.659817,0
241,0,0.663,0,1.0,6.245437,0
241,1,0.663,1,-0.05,4.511699,0
241,2,0.664,0,1.0,6.979463,0
241,3,0.666,0,1.0,5.324208,0
241,4,0.662,0,1.0,5.7871294,0
241,5,0.650,2,-0.05,4.517553,0
241,6,0.659,0,1.0,4.7943416,0
241,7,0.662,0,1.0,5.904782,0
241,8,0.658,1,-0.05,6.7920074,0
241,9,0.670,0,1.0,5.267174,0
241,10,0.646,0,1.0,4.2673798,0
241,11,0.643,0,1.0,6.04132,0
241,12,0.653,1,-0.05,5.9689884,0
241,13,0.635,0,1.0,5.4437876,0
241,14,0.634,1,-0.05,3.82277,0
241,15,0.628,1,-0.05,5.0508432,0
241,16,0.624,1,-0.05,4.4373693,0
241,17,0.614,0,1.0,1.6105255,0
241,18,0.586,2,-0.05,3.2169003,0
241,19,0.573,2,-0.05,3.6303496,0
241,20,0.568,0,1.0,3.4175258,0
241,21,0.522,0,1.0,4.067321,0
241,22,0.510,0,1.0,4.2253504,0
241,23,0.480,0,1.0,4.6319885,0
241,24,0.461,0,1.0,4.251927,0
241,25,0.421,0,1.0,3.944607,0
241,26,0.411,0,1.0,4.523567,0
241,27,0.374,0,1.0,4.344405,0
241,28,0.351,0,1.0,4.0208597,0
241,29,0.334,0,1.0,2.8191936,0
241,30,0.294,2,-0.05,1.642079,0
241,31,0.305,1,-0.05,-0.32956195,0
241,32,0.294,1,-0.05,0.661869,0
241,33,0.273,0,1.0,3.2493455,0
241,34,0.238,1,-0.05,3.0325186,0
241,35,0.244,1,-0.05,-16.735641,0
241,36,0.236,1,-0.05,-35.78595,0
241,37,0.237,1,-0.05,-10.060215,0
241,38,0.218,1,-0.05,-23.45616,0
241,39,0.198,1,-100.0,-63.742363,0
242,0,0.663,0,1.0,4.762169,0
242,1,0.672,0,1.0,6.125274,0
242,2,0.659,0,1.0,5.2437887,0
242,3,0.648,2,-0.05,2.8879952,0
242,4,0.664,0,1.0,4.5130424,0
242,5,0.647,0,1.0,6.2175045,0
242,6,0.667,0,1.0,5.278651,0
242,7,0.661,0,1.0,6.728307,0
242,8,0.676,0,1.0,6.658267,0
242,9,0.676,1,-0.05,4.360734,0
242,10,0.680,0,1.0,6.3208976,0
242,11,0.676,0,1.0,5.131279,0
242,12,0.672,1,-0.05,4.9795666,0
242,13,0.674,0,1.0,5.6854587,0
242,14,0.667,0,1.0,4.6902323,0
242,15,0.659,0,1.0,5.0075364,0
242,16,0.651,0,1.0,4.013788,0
242,17,0.628,0,1.0,5.69063,0
242,18,0.608,0,1.0,4.4602704,0
242,19,0.605,0,1.0,3.3394184,0
242,20,0.590,0,1.0,4.4480743,0
242,21,0.570,0,1.0,4.7999325,0
242,22,0.561,0,1.0,5.2137146,0
242,23,0.553,0,1.0,4.9359236,0
242,24,0.524,0,1.0,4.1615906,0
242,25,0.520,0,1.0,4.3847656,0
242,26,0.527,1,-0.05,4.849904,0
242,27,0.502,0,1.0,5.002874,0
242,28,0.489,0,1.0,2.2231371,0
242,29,0.482,0,1.0,6.575558,0
242,30,0.454,2,-0.05,5.8456435,0
242,31,0.444,0,1.0,5.370431,0
242,32,0.425,0,1.0,4.336902,0
242,33,0.419,2,-0.05,7.7519407,0
242,34,0.418,0,1.0,6.0158286,0
242,35,0.417,0,1.0,6.0727663,0
242,36,0.398,0,1.0,5.609225,0
242,37,0.404,0,1.0,6.0729146,0
242,38,0.395,2,-0.05,3.565196,0
242,39,0.403,0,1.0,5.602675,0
242,40,0.406,2,-0.05,5.8414383,0
242,41,0.406,0,1.0,6.408909,0
242,42,0.415,0,1.0,6.960302,0
242,43,0.419,0,1.0,7.1485624,0
242,44,0.445,0,1.0,6.4737544,0
242,45,0.447,2,-0.05,6.0709257,0
242,46,0.458,0,1.0,5.042576,0
242,47,0.476,0,1.0,8.110273,0
242,48,0.501,0,1.0,6.9982634,0
242,49,0.516,0,1.0,7.9372807,0
242,50,0.550,0,1.0,8.037796,0
242,51,0.559,2,-0.05,6.4606223,0
242,52,0.563,0,1.0,6.1751585,0
242,53,0.500,2,-0.05,6.195357,0
242,54,0.475,1,-0.05,5.7056026,0
242,55,0.424,0,1.0,5.9406786,0
242,56,0.367,0,1.0,4.2108927,0
242,57,0.317,2,-0.05,2.4023695,0
242,58,0.284,1,-0.05,-2.9406266,0
242,59,0.259,2,-0.05,-9.512762,0
242,60,0.256,2,-0.05,-18.779243,0
242,61,0.230,2,-0.05,-20.931885,0
242,62,0.205,1,-0.05,-23.422115,0
242,63,0.200,1,-0.05,-35.84246,0
242,64,0.191,1,-100.0,-65.85887,0
243,0,0.672,1,-0.05,5.851325,0
243,1,0.657,0,1.0,3.1115398,0
243,2,0.649,0,1.0,5.2778454,0
243,3,0.631,0,1.0,5.997208,0
243,4,0.614,0,1.0,4.305401,0
243,5,0.589,0,1.0,3.4146996,0
243,6,0.582,0,1.0,5.176404,0
243,7,0.550,0,1.0,5.299697,0
243,8,0.542,1,-0.05,5.281966,0
243,9,0.529,0,1.0,4.881327,0
243,10,0.514,1,-0.05,4.878851,0
243,11,0.496,0,1.0,4.3697834,0
243,12,0.466,0,1.0,3.8916743,0
243,13,0.428,0,1.0,3.1675,0
243,14,0.379,0,1.0,3.7744336,0
243,15,0.349,0,1.0,3.328578,0
243,16,0.312,2,-0.05,4.455439,0
243,17,0.298,2,-0.05,2.2830777,0
243,18,0.302,0,1.0,1.9521863,0
243,19,0.278,1,-0.05,3.3235586,0
243,20,0.286,1,-0.05,2.5145717,0
243,21,0.272,2,-0.05,0.32042408,0
243,22,0.269,2,-0.05,0.2315042,0
243,23,0.257,0,1.0,3.959123,0
243,24,0.239,0,1.0,4.2413473,0
243,25,0.247,0,1.0,3.859004,0
243,26,0.242,1,-0.05,4.009635,0
243,27,0.251,1,-0.05,3.0824332,0
243,28,0.227,1,-0.05,1.0928309,0
243,29,0.240,2,-0.05,-18.278082,0
243,30,0.236,1,-0.05,-15.203833,0
243,31,0.231,0,1.0,-20.709341,0
243,32,0.196,0,-100.0,-28.237894,0
244,0,0.667,0,1.0,5.686727,0
244,1,0.669,0,1.0,6.590124,0
244,2,0.667,0,1.0,4.768681,0
244,3,0.657,0,1.0,6.0822644,0
244,4,0.665,0,1.0,4.459876,0
244,5,0.660,0,1.0,5.5897846,0
244,6,0.659,0,1.0,5.491902,0
244,7,0.656,0,1.0,6.2316155,0
244,8,0.665,0,1.0,4.8371882,0
244,9,0.651,1,-0.05,2.3957548,0
244,10,0.664,0,1.0,5.0449586,0
244,11,0.646,0,1.0,5.088695,0
244,12,0.626,0,1.0,5.22637,0
244,13,0.619,0,1.0,4.325268,0
244,14,0.625,2,-0.05,4.7235003,0
244,15,0.611,0,1.0,4.8166814,0
244,16,0.614,0,1.0,5.4543757,0
244,17,0.613,0,1.0,4.762995,0
244,18,0.599,0,1.0,4.7716904,0
244,19,0.613,0,1.0,5.310361,0
244,20,0.596,0,1.0,5.806561,0
244,21,0.603,0,1.0,5.53175,0
244,22,0.600,0,1.0,4.575732,0
244,23,0.596,0,1.0,3.2194233,0
244,24,0.606,2,-0.05,5.3749776,0
244,25,0.600,2,-0.05,4.6827393,0
244,26,0.609,0,1.0,5.392255,0
244,27,0.610,0,1.0,4.6375046,0
244,28,0.627,1,-0.05,3.9694953,0
244,29,0.638,0,1.0,3.5508335,0
244,30,0.640,0,1.0,4.7702637,0
244,31,0.654,1,-0.05,4.114412,0
244,32,0.653,0,1.0,5.63826,0
244,33,0.640,2,-0.05,2.145822,0
244,34,0.651,0,1.0,4.246681,0
244,35,0.664,0,1.0,4.287092,0
244,36,0.669,0,1.0,3.7295406,0
244,37,0.662,0,1.0,4.866041,0
244,38,0.664,0,1.0,5.8047276,0
244,39,0.698,0,1.0,5.5258512,0
244,40,0.691,0,1.0,4.39227,0
244,41,0.700,0,1.0,5.4347334,0
244,42,0.705,1,-0.05,5.092079,0
244,43,0.723,0,1.0,4.683052,0
244,44,0.721,0,1.0,2.2855473,0
244,45,0.713,0,1.0,3.359501,0
244,46,0.724,1,-0.05,3.1857333,0
244,47,0.715,1,-0.05,2.9924803,0
244,48,0.718,1,-0.05,4.255932,0
244,49,0.722,1,-0.05,8.123635,0
244,50,0.720,0,1.0,9.636405,0
244,51,0.619,0,1.0,7.742735,0
244,52,0.587,1,-0.05,7.561245,0
244,53,0.515,0,1.0,8.4264145,0
244,54,0.472,2,-0.05,10.38946,0
244,55,0.466,1,-0.05,11.214893,0
244,56,0.455,1,-0.05,13.627041,0
244,57,0.443,1,-0.05,16.811699,0
244,58,0.435,2,-0.05,4.8714685,0
244,59,0.431,2,-0.05,6.3117085,0
244,60,0.414,1,-0.05,16.029188,0
244,61,0.397,1,-0.05,16.201735,0
244,62,0.367,1,-0.05,2.1711447,0
244,63,0.363,2,-0.05,-48.74328,0
244,64,0.323,0,1.0,-30.714272,0
244,65,0.295,2,-0.05,-1.2309599,0
244,66,0.277,1,-0.05,-13.150013,0
244,67,0.261,0,1.0,-39.41801,0
244,68,0.203,1,-0.05,-78.1954,0
244,69,0.190,2,-100.0,-115.91213,0
245,0,0.666,0,1.0,6.354071,0
245,1,0.658,0,1.0,6.3056207,0
245,2,0.669,1,-0.05,3.8518863,0
245,3,0.683,0,1.0,5.5203032,0
245,4,0.673,2,-0.05,4.9090657,0
245,5,0.649,2,-0.05,3.9680808,0
245,6,0.656,2,-0.05,4.742995,0
245,7,0.667,1,-0.05,3.8689616,0
245,8,0.663,0,1.0,5.0338607,0
245,9,0.675,0,1.0,5.6986923,0
245,10,0.658,0,1.0,5.356613,0
245,11,0.665,0,1.0,4.0614605,0
245,12,0.670,1,-0.05,5.805792,0
245,13,0.656,1,-0.05,3.5136447,0
245,14,0.662,1,-0.05,5.0319047,0
245,15,0.658,0,1.0,4.6322308,0
245,16,0.619,0,1.0,4.6519384,0
245,17,0.586,0,1.0,4.348019,0
245,18,0.557,0,1.0,4.8351035,0
245,19,0.516,0,1.0,4.65805,0
245,20,0.493,0,1.0,4.8817315,0
245,21,0.461,0,1.0,4.818598,0
245,22,0.418,0,1.0,4.606195,0
245,23,0.402,2,-0.05,4.4592757,0
245,24,0.382,0,1.0,1.3444109,0
245,25,0.344,0,1.0,4.5113535,0
245,26,0.337,0,1.0,2.1955824,0
245,27,0.312,0,1.0,3.2582798,0
245,28,0.290,2,-0.05,-0.5912416,0
245,29,0.274,2,-0.05,-3.075614,0
245,30,0.275,1,-0.05,-0.97092783,0
245,31,0.283,1,-0.05,-0.74571455,0
245,32,0.277,1,-0.05,-3.0868769,0
245,33,0.277,1,-0.05,0.085473776,0
245,34,0.268,1,-0.05,3.945683,0
245,35,0.268,1,-0.05,2.7337265,0
245,36,0.248,1,-0.05,-5.3952065,0
245,37,0.214,0,1.0,-9.7845,0
245,38,0.181,2,-100.0,-61.49887,0
246,0,0.666,0,1.0,6.838977,0
246,1,0.674,0,1.0,6.1058464,0
246,2,0.669,1,-0.05,6.9474983,0
246,3,0.673,0,1.0,6.362639,0
246,4,0.676,2,-0.05,5.645568,0
246,5,0.648,0,1.0,3.225776,0
246,6,0.651,0,1.0,6.144522,0
246,7,0.677,0,1.0,7.149465,0
246,8,0.664,0,1.0,6.0486345,0
246,9,0.668,0,1.0,5.8975587,0
246,10,0.668,0,1.0,5.7721977,0
246,11,0.676,0,1.0,6.7974253,0
246,12,0.676,0,1.0,6.3931437,0
246,13,0.674,1,-0.05,6.171417,0
246,14,0.682,0,1.0,5.627572,0
246,15,0.682,0,1.0,5.1514473,0
246,16,0.687,0,1.0,4.803143,0
246,17,0.665,0,1.0,4.741325,0
246,18,0.659,0,1.0,4.530389,0
246,19,0.660,0,1.0,5.0183344,0
246,20,0.652,0,1.0,4.0429893,0
246,21,0.636,0,1.0,4.087143,0
246,22,0.629,0,1.0,3.938273,0
246,23,0.630,1,-0.05,4.4949465,0
246,24,0.635,0,1.0,4.563555,0
246,25,0.622,0,1.0,3.6636865,0
246,26,0.611,0,1.0,3.125527,0
246,27,0.578,0,1.0,3.2753706,0
246,28,0.569,0,1.0,3.663021,0
246,29,0.560,0,1.0,3.3473082,0
246,30,0.531,0,1.0,3.351067,0
246,31,0.524,0,1.0,5.6152163,0
246,32,0.506,0,1.0,4.9390507,0
246,33,0.494,0,1.0,3.7595153,0
246,34,0.485,0,1.0,4.641449,0
246,35,0.467,1,-0.05,5.8579664,0
246,36,0.464,0,1.0,4.321372,0
246,37,0.444,1,-0.05,7.7399683,0
246,38,0.436,0,1.0,7.6090684,0
246,39,0.421,2,-0.05,7.957555,0
246,40,0.386,0,1.0,7.932568,0
246,41,0.382,0,1.0,7.454682,0
246,42,0.355,0,1.0,6.400676,0
246,43,0.338,2,-0.05,5.329256,0
246,44,0.332,1,-0.05,6.574333,0
246,45,0.339,1,-0.05,6.4572606,0
246,46,0.319,0,1.0,6.921331,0
246,47,0.301,2,-0.05,3.7819319,0
246,48,0.286,1,-0.05,-1.3562472,0
246,49,0.282,1,-0.05,-5.314216,0
246,50,0.272,1,-0.05,-3.8519096,0
246,51,0.254,1,-0.05,5.952825,0
246,52,0.252,1,-0.05,-1.9707427,0
246,53,0.225,2,-0.05,-31.891455,0
246,54,0.211,2,-0.05,-24.689465,0
246,55,0.222,1,-0.05,-11.080483,0
246,56,0.198,1,-100.0,-12.81649,0
247,0,0.663,0,1.0,5.80333,0
247,1,0.669,0,1.0,4.990304,0
247,2,0.650,1,-0.05,5.4070973,0
247,3,0.657,2,-0.05,5.7854543,0
247,4,0.662,2,-0.05,3.4221454,0
247,5,0.654,0,1.0,5.3050838,0
247,6,0.688,0,1.0,5.052449,0
247,7,0.706,0,1.0,6.6346526,0
247,8,0.697,0,1.0,5.827063,0
247,9,0.656,0,1.0,5.5702186,0
247,10,0.642,0,1.0,5.362023,0
247,11,0.639,2,-0.05,6.02838,0
247,12,0.626,0,1.0,5.489378,0
247,13,0.579,0,1.0,5.2788897,0
247,14,0.573,1,-0.05,6.018399,0
247,15,0.547,0,1.0,4.52761,0
247,16,0.526,0,1.0,6.244706,0
247,17,0.514,0,1.0,6.1724143,0
247,18,0.488,2,-0.05,5.0563,0
247,19,0.499,2,-0.05,5.417354,0
247,20,0.485,0,1.0,4.4528837,0
247,21,0.441,0,1.0,4.553801,0
247,22,0.379,0,1.0,6.1701508,0
247,23,0.371,1,-0.05,2.2474792,0
247,24,0.344,0,1.0,2.84843,0
247,25,0.322,0,1.0,0.6577817,0
247,26,0.294,1,-0.05,-2.1362622,0
247,27,0.277,0,1.0,-4.000337,0
247,28,0.267,1,-0.05,0.3642876,0
247,29,0.263,1,-0.05,1.2766125,0
247,30,0.248,1,-0.05,1.8743724,0
247,31,0.254,1,-0.05,4.4607224,0
247,32,0.246,0,1.0,3.2295198,0
247,33,0.276,0,1.0,3.3617465,0
247,34,0.287,2,-0.05,3.485558,0
247,35,0.295,2,-0.05,2.920906,0
247,36,0.307,0,1.0,3.5953274,0
247,37,0.304,0,1.0,2.4747252,0
247,38,0.290,0,1.0,1.0877733,0
247,39,0.298,0,1.0,1.5061746,0
247,40,0.297,0,1.0,1.6812103,0
247,41,0.304,0,1.0,0.32029384,0
247,42,0.293,0,1.0,2.0555763,0
247,43,0.299,0,1.0,1.2512856,0
247,44,0.294,0,1.0,3.069918,0
247,45,0.300,0,1.0,0.5451778,0
247,46,0.298,0,1.0,-0.6813177,0
247,47,0.324,0,1.0,1.5097234,0
247,48,0.386,0,1.0,1.8732183,0
247,49,0.428,2,-0.05,2.8059535,0
247,50,0.437,0,1.0,3.937207,0
247,51,0.528,2,-0.05,4.58811,0
247,52,0.525,1,-0.05,4.0232196,0
247,53,0.535,0,1.0,5.238923,0
247,54,0.628,1,-0.05,3.2786782,0
247,55,0.615,2,-0.05,4.8880386,0
247,56,0.654,0,1.0,4.5723114,0
247,57,0.721,2,-0.05,0.4008925,0
247,58,0.738,2,-0.05,0.47967404,0
247,59,0.731,2,-0.05,3.0869255,0
247,60,0.664,0,1.0,5.525171,0
247,61,0.623,2,-0.05,6.1778917,0
247,62,0.559,0,1.0,5.4742513,0
247,63,0.524,2,-0.05,5.9286304,0
247,64,0.485,1,-0.05,3.9729052,0
247,65,0.464,2,-0.05,0.8879166,0
247,66,0.468,2,-0.05,1.7687343,0
247,67,0.450,1,-0.05,2.014059,0
247,68,0.440,2,-0.05,-3.294475,0
247,69,0.429,1,-0.05,-3.293548,0
247,70,0.409,1,-0.05,-6.407584,0
247,71,0.397,2,-0.05,-3.513064,0
247,72,0.384,2,-0.05,0.6289661,0
247,73,0.372,1,-0.05,-10.023567,0
247,74,0.354,1,-0.05,-15.374836,0
247,75,0.342,2,-0.05,-6.738993,0
247,76,0.323,2,-0.05,-18.967894,0
247,77,0.284,0,1.0,-35.379417,0
247,78,0.248,2,-0.05,-64.00743,0
247,79,0.225,1,-0.05,-91.169586,0
247,80,0.218,1,-0.05,-92.77448,0
247,81,0.179,0,-100.0,-101.117386,0
248,0,0.671,2,-0.05,6.0290885,0
248,1,0.666,2,-0.05,6.3655605,0
248,2,0.665,0,1.0,6.3829393,0
248,3,0.689,0,1.0,7.274347,0
248,4,0.705,0,1.0,6.587249,0
248,5,0.691,2,-0.05,6.65025,0
248,6,0.661,0,1.0,5.2550616,0
248,7,0.655,0,1.0,6.650745,0
248,8,0.640,0,1.0,4.8855953,0
248,9,0.622,0,1.0,6.31339,0
248,10,0.585,0,1.0,3.6574788,0
248,11,0.586,0,1.0,5.650432,0
248,12,0.562,1,-0.05,6.137081,0
248,13,0.549,0,1.0,4.935799,0
248,14,0.532,0,1.0,5.201464,0
248,15,0.521,0,1.0,6.3753233,0
248,16,0.519,0,1.0,5.7631974,0
248,17,0.498,0,1.0,5.679635,0
248,18,0.488,2,-0.05,6.260361,0
248,19,0.478,0,1.0,5.4799685,0
248,20,0.473,0,1.0,5.875029,0
248,21,0.437,0,1.0,3.1087036,0
248,22,0.425,0,1.0,4.6440134,0
248,23,0.409,1,-0.05,5.5462894,0
248,24,0.395,0,1.0,3.9892275,0
248,25,0.384,0,1.0,3.9890175,0
248,26,0.370,0,1.0,5.150395,0
248,27,0.364,0,1.0,4.5252438,0
248,28,0.351,0,1.0,3.449654,0
248,29,0.343,0,1.0,3.7163563,0
248,30,0.333,0,1.0,2.8608415,0
248,31,0.308,0,1.0,1.6439934,0
248,32,0.292,0,1.0,0.33678114,0
248,33,0.291,2,-0.05,-2.8541298,0
248,34,0.284,2,-0.05,-2.9265895,0
248,35,0.283,2,-0.05,-4.5729246,0
248,36,0.268,0,1.0,-8.98514,0
248,37,0.241,2,-0.05,-11.186695,0
248,38,0.211,0,1.0,-17.578005,0
248,39,0.188,1,-100.0,-26.885687,0
249,0,0.663,0,1.0,6.163967,0
249,1,0.654,0,1.0,4.804924,0
249,2,0.661,0,1.0,5.222971,0
249,3,0.670,0,1.0,4.7682366,0
249,4,0.659,0,1.0,5.1555967,0
249,5,0.645,0,1.0,4.990338,0
249,6,0.648,0,1.0,5.8973536,0
249,7,0.649,2,-0.05,5.272462,0
249,8,0.640,0,1.0,4.634493,0
249,9,0.644,0,1.0,6.844309,0
249,10,0.660,0,1.0,8.9564085,0
249,11,0.661,0,1.0,6.4355536,0
249,12,0.672,0,1.0,6.156493,0
249,13,0.680,0,1.0,5.6974397,0
249,14,0.677,0,1.0,6.913897,0
249,15,0.693,0,1.0,5.1083493,0
249,16,0.686,0,1.0,4.8760176,0
249,17,0.712,0,1.0,5.221442,0
249,18,0.706,1,-0.05,6.393767,0
249,19,0.701,2,-0.05,4.035304,0
249,20,0.689,0,1.0,4.8100348,0
249,21,0.680,0,1.0,5.0467052,0
249,22,0.667,1,-0.05,5.513868,0
249,23,0.654,2,-0.05,4.8404264,0
249,24,0.648,0,1.0,6.813681,0
249,25,0.604,0,1.0,5.6809487,0
249,26,0.586,0,1.0,4.9256687,0
249,27,0.531,0,1.0,4.1094084,0
249,28,0.521,1,-0.05,3.1949027,0
249,29,0.497,0,1.0,5.6700196,0
249,30,0.458,0,1.0,4.222518,0
249,31,0.418,0,1.0,2.0649028,0
249,32,0.419,0,1.0,-1.6496162,0
249,33,0.372,0,1.0,-2.7559602,0
249,34,0.355,0,1.0,-2.3576849,0
249,35,0.339,2,-0.05,-5.0035243,0
249,36,0.329,2,-0.05,-2.0834317,0
249,37,0.325,2,-0.05,-3.7574039,0
249,38,0.323,2,-0.05,-6.0666757,0
249,39,0.313,2,-0.05,-5.2447658,0
249,40,0.304,0,1.0,-7.347815,0
249,41,0.225,0,1.0,-5.119922,0
249,42,0.128,0,-100.0,-10.491632,0
250,0,0.662,0,1.0,3.7404866,0
250,1,0.672,0,1.0,4.8952327,0
250,2,0.661,0,1.0,5.721231,0
250,3,0.659,2,-0.05,4.8255954,0
250,4,0.678,1,-0.05,6.1153564,0
250,5,0.664,0,1.0,5.7332826,0
250,6,0.660,0,1.0,3.9042976,0
250,7,0.626,1,-0.05,4.5703063,0
250,8,0.636,0,1.0,5.051795,0
250,9,0.623,0,1.0,6.473474,0
250,10,0.588,0,1.0,3.9407046,0
250,11,0.558,0,1.0,5.1952024,0
250,12,0.556,0,1.0,4.5514936,0
250,13,0.513,0,1.0,4.7827587,0
250,14,0.519,0,1.0,4.5952797,0
250,15,0.487,0,1.0,5.336517,0
250,16,0.455,1,-0.05,5.121768,0
250,17,0.461,2,-0.05,5.207631,0
250,18,0.452,1,-0.05,5.3144445,0
250,19,0.455,1,-0.05,5.2151275,0
250,20,0.444,0,1.0,4.769238,0
250,21,0.400,0,1.0,4.171726,0
250,22,0.384,2,-0.05,2.4403415,0
250,23,0.348,0,1.0,2.7966442,0
250,24,0.330,2,-0.05,2.0409532,0
250,25,0.313,2,-0.05,1.5066422,0
250,26,0.318,2,-0.05,2.532127,0
250,27,0.314,1,-0.05,4.1351156,0
250,28,0.317,1,-0.05,2.9747198,0
250,29,0.313,2,-0.05,1.5404847,0
250,30,0.308,2,-0.05,1.5578084,0
250,31,0.302,1,-0.05,3.0611575,0
250,32,0.297,1,-0.05,1.5374264,0
250,33,0.280,2,-0.05,-0.18530309,0
250,34,0.292,2,-0.05,0.0067982078,0
250,35,0.287,2,-0.05,0.5550122,0
250,36,0.278,1,-0.05,4.389993,0
250,37,0.278,1,-0.05,2.9135213,0
250,38,0.269,0,1.0,1.4420328,0
250,39,0.260,2,-0.05,0.48667765,0
250,40,0.240,0,1.0,0.003181696,0
250,41,0.234,2,-0.05,-3.9822977,0
250,42,0.226,0,1.0,-13.811629,0
250,43,0.211,1,-0.05,-2.3696504,0
250,44,0.205,1,-0.05,-5.817049,0
250,45,0.211,1,-0.05,-30.664467,0
250,46,0.202,0,1.0,-45.7679,0
250,47,0.167,1,-100.0,-31.232424,0
251,0,0.663,0,1.0,5.038085,0
251,1,0.673,1,-0.05,2.9399712,0
251,2,0.655,0,1.0,4.9404044,0
251,3,0.645,0,1.0,4.655469,0
251,4,0.641,0,1.0,4.8640375,0
251,5,0.610,0,1.0,4.6307898,0
251,6,0.624,1,-0.05,6.061257,0
251,7,0.616,0,1.0,5.3991404,0
251,8,0.585,0,1.0,5.5082564,0
251,9,0.577,0,1.0,4.5654583,0
251,10,0.546,0,1.0,4.7219176,0
251,11,0.543,0,1.0,4.579401,0
251,12,0.508,0,1.0,5.6017513,0
251,13,0.470,0,1.0,4.4538283,0
251,14,0.476,0,1.0,5.9728527,0
251,15,0.445,1,-0.05,6.278732,0
251,16,0.428,0,1.0,5.152505,0
251,17,0.418,0,1.0,4.382884,0
251,18,0.383,0,1.0,3.6605132,0
251,19,0.351,0,1.0,3.169977,0
251,20,0.312,2,-0.05,1.4571187,0
251,21,0.308,2,-0.05,2.451431,0
251,22,0.315,2,-0.05,3.33943,0
251,23,0.312,1,-0.05,2.9899728,0
251,24,0.309,2,-0.05,3.9478304,0
251,25,0.299,1,-0.05,3.253389,0
251,26,0.299,2,-0.05,1.1867363,0
251,27,0.295,2,-0.05,2.280769,0
251,28,0.306,0,1.0,5.504239,0
251,29,0.304,0,1.0,6.0726633,0
251,30,0.301,0,1.0,5.748072,0
251,31,0.311,0,1.0,5.2696514,0
251,32,0.312,1,-0.05,5.6922483,0
251,33,0.302,1,-0.05,4.759301,0
251,34,0.306,0,1.0,5.513419,0
251,35,0.306,2,-0.05,1.2601793,0
251,36,0.291,2,-0.05,1.5096328,0
251,37,0.283,1,-0.05,4.0162163,0
251,38,0.295,0,1.0,2.1095421,0
251,39,0.283,0,1.0,1.6882634,0
251,40,0.261,1,-0.05,2.7738023,0
251,41,0.274,1,-0.05,1.4116004,0
251,42,0.240,0,1.0,3.6809964,0
251,43,0.234,1,-0.05,-12.356821,0
251,44,0.229,1,-0.05,-21.760832,0
251,45,0.229,1,-0.05,-16.44269,0
251,46,0.219,1,-0.05,-48.12162,0
251,47,0.209,0,1.0,-42.951584,0
251,48,0.155,1,-100.0,-52.926163,0
252,0,0.663,0,1.0,5.982359,0
252,1,0.672,0,1.0,5.733414,0
252,2,0.659,0,1.0,5.872437,0
252,3,0.647,2,-0.05,5.5162826,0
252,4,0.669,1,-0.05,5.956877,0
252,5,0.662,1,-0.05,5.8605065,0
252,6,0.655,0,1.0,5.317697,0
252,7,0.619,1,-0.05,3.129514,0
252,8,0.636,1,-0.05,4.0210633,0
252,9,0.605,0,1.0,4.191426,0
252,10,0.584,0,1.0,4.602053,0
252,11,0.545,2,-0.05,2.9197812,0
252,12,0.515,0,1.0,4.438529,0
252,13,0.503,0,1.0,4.33245,0
252,14,0.446,0,1.0,4.5120883,0
252,15,0.431,2,-0.05,5.038031,0
252,16,0.416,0,1.0,4.8938537,0
252,17,0.379,0,1.0,4.402821,0
252,18,0.363,0,1.0,3.5251946,0
252,19,0.343,1,-0.05,2.8699253,0
252,20,0.336,1,-0.05,3.003701,0
252,21,0.332,1,-0.05,3.6760926,0
252,22,0.324,2,-0.05,4.188805,0
252,23,0.326,1,-0.05,2.487234,0
252,24,0.300,2,-0.05,3.0482392,0
252,25,0.298,1,-0.05,2.387651,0
252,26,0.299,2,-0.05,2.176818,0
252,27,0.291,2,-0.05,2.3075533,0
252,28,0.273,2,-0.05,1.6831892,0
252,29,0.283,2,-0.05,2.3294365,0
252,30,0.263,1,-0.05,2.046171,0
252,31,0.273,1,-0.05,4.5669727,0
252,32,0.259,0,1.0,0.77058125,0
252,33,0.237,2,-0.05,-5.0387573,0
252,34,0.235,2,-0.05,-15.039558,0
252,35,0.232,1,-0.05,-13.292798,0
252,36,0.227,1,-0.05,-12.036081,0
252,37,0.206,0,1.0,-17.124214,0
252,38,0.181,1,-100.0,-54.19458,0
253,0,0.658,0,1.0,5.2779155,0
253,1,0.654,0,1.0,5.139438,0
253,2,0.662,0,1.0,5.233649,0
253,3,0.671,2,-0.05,3.3204114,0
253,4,0.665,0,1.0,5.4496665,0
253,5,0.663,0,1.0,5.8578343,0
253,6,0.673,0,1.0,6.2034774,0
253,7,0.676,0,1.0,6.8544207,0
253,8,0.681,0,1.0,5.1333604,0
253,9,0.685,0,1.0,6.297137,0
253,10,0.680,0,1.0,4.8501077,0
253,11,0.699,1,-0.05,6.310337,0
253,12,0.701,2,-0.05,5.003189,0
253,13,0.685,0,1.0,7.0893035,0
253,14,0.705,0,1.0,6.798531,0
253,15,0.677,0,1.0,6.086736,0
253,16,0.656,1,-0.05,4.706807,0
253,17,0.671,1,-0.05,5.49699,0
253,18,0.654,0,1.0,5.935137,0
253,19,0.654,2,-0.05,6.3513594,0
253,20,0.658,2,-0.05,5.721968,0
253,21,0.660,2,-0.05,3.8967228,0
253,22,0.648,0,1.0,3.4477963,0
253,23,0.629,0,1.0,5.093731,0
253,24,0.593,0,1.0,4.5149965,0
253,25,0.568,2,-0.05,4.6494193,0
253,26,0.562,0,1.0,5.689939,0
253,27,0.536,0,1.0,1.4816864,0
253,28,0.515,2,-0.05,2.9160042,0
253,29,0.499,1,-0.05,3.5446696,0
253,30,0.484,2,-0.05,3.9773197,0
253,31,0.475,2,-0.05,3.6382341,0
253,32,0.461,0,1.0,3.2002954,0
253,33,0.442,1,-0.05,1.6427885,0
253,34,0.412,0,1.0,2.812543,0
253,35,0.395,1,-0.05,1.2082868,0
253,36,0.374,1,-0.05,1.0132306,0
253,37,0.340,0,1.0,1.1615474,0
253,38,0.326,0,1.0,-0.9668176,0
253,39,0.293,1,-0.05,-0.44241297,0
253,40,0.298,1,-0.05,-2.6420884,0
253,41,0.294,1,-0.05,-2.3494515,0
253,42,0.277,1,-0.05,-0.0613631,0
253,43,0.287,1,-0.05,0.27745777,0
253,44,0.273,0,1.0,1.3686322,0
253,45,0.286,2,-0.05,3.3785079,0
253,46,0.308,0,1.0,3.9665174,0
253,47,0.298,1,-0.05,1.9386849,0
253,48,0.303,0,1.0,1.9446129,0
253,49,0.315,2,-0.05,2.8222487,0
253,50,0.327,0,1.0,1.9367423,0
253,51,0.321,1,-0.05,3.1352153,0
253,52,0.328,2,-0.05,4.3210764,0
253,53,0.326,0,1.0,2.5115995,0
253,54,0.324,0,1.0,1.5937045,0
253,55,0.295,0,1.0,0.8735202,0
253,56,0.303,0,1.0,2.8997731,0
253,57,0.293,2,-0.05,3.1557508,0
253,58,0.301,0,1.0,5.518278,0
253,59,0.318,0,1.0,5.275565,0
253,60,0.347,0,1.0,4.6768017,0
253,61,0.385,2,-0.05,4.9472656,0
253,62,0.389,1,-0.05,6.058887,0
253,63,0.403,2,-0.05,6.039141,0
253,64,0.420,2,-0.05,6.1840224,0
253,65,0.419,2,-0.05,5.5822935,0
253,66,0.466,0,1.0,7.0638294,0
253,67,0.500,0,1.0,3.5488708,0
253,68,0.596,0,1.0,5.6879215,0
253,69,0.626,2,-0.05,8.353003,0
253,70,0.635,1,-0.05,7.152442,0
253,71,0.652,0,1.0,6.290054,0
253,72,0.686,2,-0.05,6.3997755,0
253,73,0.630,0,1.0,4.4923954,0
253,74,0.604,2,-0.05,4.0214043,0
253,75,0.582,2,-0.05,4.0352864,0
253,76,0.568,2,-0.05,4.440316,0
253,77,0.533,2,-0.05,3.5782824,0
253,78,0.533,2,-0.05,3.8843107,0
253,79,0.526,1,-0.05,1.7951585,0
253,80,0.520,2,-0.05,2.3814597,0
253,81,0.488,2,-0.05,2.947287,0
253,82,0.493,0,1.0,2.7304528,0
253,83,0.435,0,1.0,5.0007963,0
253,84,0.395,0,1.0,4.737749,0
253,85,0.344,2,-0.05,2.5751433,0
253,86,0.308,2,-0.05,2.6179547,0
253,87,0.319,2,-0.05,4.8716507,0
253,88,0.290,0,1.0,6.328638,0
253,89,0.265,2,-0.05,3.9775574,0
253,90,0.267,2,-0.05,4.9504886,0
253,91,0.266,2,-0.05,2.5592618,0
253,92,0.253,0,1.0,1.5944058,0
253,93,0.246,2,-0.05,5.282503,0
253,94,0.254,0,1.0,5.8235903,0
253,95,0.257,0,1.0,6.0991955,0
253,96,0.250,0,1.0,4.094338,0
253,97,0.261,0,1.0,3.8116274,0
253,98,0.278,0,1.0,2.1773252,0
253,99,0.272,0,1.0,1.6464034,0
253,100,0.295,0,1.0,4.0506773,0
253,101,0.296,0,1.0,5.322811,0
253,102,0.309,0,1.0,3.255184,0
253,103,0.300,0,1.0,2.7135072,0
253,104,0.320,0,1.0,3.13118,0
253,105,0.313,0,1.0,2.2409809,0
253,106,0.329,0,1.0,4.1460805,0
253,107,0.323,2,-0.05,4.154704,0
253,108,0.332,0,1.0,3.8496568,0
253,109,0.346,0,1.0,2.6025057,0
253,110,0.366,0,1.0,2.966206,0
253,111,0.378,0,1.0,3.1714914,0
253,112,0.379,2,-0.05,3.6580203,0
253,113,0.403,0,1.0,4.658849,0
253,114,0.417,1,-0.05,3.6682885,0
253,115,0.431,1,-0.05,4.034192,0
253,116,0.430,0,1.0,3.6431844,0
253,117,0.437,0,1.0,5.856738,0
253,118,0.447,0,1.0,5.564222,0
253,119,0.456,2,-0.05,3.8220453,0
253,120,0.453,1,-0.05,4.5754585,0
253,121,0.438,0,1.0,4.607929,0
253,122,0.443,0,1.0,3.396401,0
253,123,0.435,1,-0.05,4.1074123,0
253,124,0.438,2,-0.05,6.544552,0
253,125,0.423,0,1.0,5.9625587,0
253,126,0.453,0,1.0,6.097462,0
253,127,0.450,0,1.0,6.0588794,0
253,128,0.459,0,1.0,3.8648162,0
253,129,0.465,0,1.0,5.585221,0
253,130,0.465,1,-0.05,6.560946,0
253,131,0.474,1,-0.05,5.9730763,0
253,132,0.462,2,-0.05,6.5522394,0
253,133,0.464,2,-0.05,3.4830623,0
253,134,0.433,0,1.0,4.303252,0
253,135,0.351,1,-0.05,3.4204848,0
253,136,0.339,2,-0.05,2.8564854,0
253,137,0.304,0,1.0,0.6368969,0
253,138,0.230,1,-0.05,-4.540298,0
253,139,0.219,1,-0.05,-22.06937,0
253,140,0.197,2,-100.0,-29.966503,0
254,0,0.663,0,1.0,5.613053,0
254,1,0.664,0,1.0,5.4029284,0
254,2,0.668,0,1.0,6.5498657,0
254,3,0.673,0,1.0,7.442082,0
254,4,0.686,1,-0.05,4.632518,0
254,5,0.680,0,1.0,5.0949054,0
254,6,0.675,0,1.0,5.16578,0
254,7,0.678,0,1.0,4.251857,0
254,8,0.670,0,1.0,4.684901,0
254,9,0.659,0,1.0,4.3040066,0
254,10,0.643,0,1.0,5.0283475,0
254,11,0.654,0,1.0,5.1858406,0
254,12,0.644,0,1.0,5.9435225,0
254,13,0.625,1,-0.05,5.9607615,0
254,14,0.630,0,1.0,4.762437,0
254,15,0.611,0,1.0,4.2990084,0
254,16,0.613,2,-0.05,5.84871,0
254,17,0.605,0,1.0,4.397995,0
254,18,0.600,0,1.0,5.062106,0
254,19,0.597,0,1.0,6.1490607,0
254,20,0.587,2,-0.05,3.55016,0
254,21,0.587,1,-0.05,5.1619124,0
254,22,0.592,0,1.0,4.893372,0
254,23,0.571,2,-0.05,5.438292,0
254,24,0.555,1,-0.05,4.1189346,0
254,25,0.564,0,1.0,4.1502,0
254,26,0.531,0,1.0,2.7111807,0
254,27,0.497,0,1.0,3.5588176,0
254,28,0.468,0,1.0,2.5458941,0
254,29,0.448,0,1.0,4.787038,0
254,30,0.416,2,-0.05,3.5049458,0
254,31,0.395,0,1.0,3.2491155,0
254,32,0.375,0,1.0,5.016162,0
254,33,0.355,1,-0.05,4.127838,0
254,34,0.362,0,1.0,4.1584177,0
254,35,0.327,2,-0.05,4.166271,0
254,36,0.312,2,-0.05,2.2649097,0
254,37,0.311,2,-0.05,4.1279244,0
254,38,0.311,0,1.0,2.1128128,0
254,39,0.299,0,1.0,4.6245856,0
254,40,0.287,0,1.0,4.6240816,0
254,41,0.289,2,-0.05,3.9350603,0
254,42,0.296,1,-0.05,5.0311003,0
254,43,0.294,1,-0.05,3.1978178,0
254,44,0.291,1,-0.05,1.4326723,0
254,45,0.290,2,-0.05,2.8055537,0
254,46,0.268,2,-0.05,0.16704893,0
254,47,0.273,1,-0.05,2.259961,0
254,48,0.282,1,-0.05,0.6634799,0
254,49,0.272,1,-0.05,-2.4102783,0
254,50,0.265,2,-0.05,-4.1468744,0
254,51,0.249,2,-0.05,-6.81113,0
254,52,0.257,1,-0.05,-7.120139,0
254,53,0.263,1,-0.05,-4.8197556,0
254,54,0.250,2,-0.05,-9.969595,0
254,55,0.237,2,-0.05,-12.849545,0
254,56,0.234,1,-0.05,-13.383516,0
254,57,0.229,1,-0.05,-21.486855,0
254,58,0.232,1,-0.05,-28.38422,0
254,59,0.223,2,-0.05,-46.757656,0
254,60,0.216,1,-0.05,-50.696888,0
254,61,0.202,2,-0.05,-50.95281,0
254,62,0.201,2,-0.05,-36.878727,0
254,63,0.171,1,-100.0,-37.05753,0
255,0,0.666,0,1.0,6.390014,0
255,1,0.659,0,1.0,4.5236998,0
255,2,0.655,0,1.0,5.7453146,0
255,3,0.658,1,-0.05,5.2587533,0
255,4,0.660,1,-0.05,4.0604963,0
255,5,0.656,0,1.0,4.9145164,0
255,6,0.643,2,-0.05,3.6870313,0
255,7,0.632,1,-0.05,5.2492642,0
255,8,0.633,0,1.0,3.6052177,0
255,9,0.606,2,-0.05,3.815714,0
255,10,0.587,2,-0.05,3.8040562,0
255,11,0.580,0,1.0,3.8471546,0
255,12,0.556,0,1.0,5.425852,0
255,13,0.547,0,1.0,4.238522,0
255,14,0.516,2,-0.05,4.547914,0
255,15,0.522,2,-0.05,5.1015663,0
255,16,0.509,0,1.0,5.604546,0
255,17,0.515,1,-0.05,8.233406,0
255,18,0.515,0,1.0,6.4789553,0
255,19,0.499,0,1.0,5.139407,0
255,20,0.503,0,1.0,6.6144905,0
255,21,0.482,0,1.0,5.550223,0
255,22,0.484,0,1.0,5.6150007,0
255,23,0.468,0,1.0,5.350827,0
255,24,0.458,0,1.0,5.5630126,0
255,25,0.455,0,1.0,3.4383678,0
255,26,0.427,0,1.0,5.5736713,0
255,27,0.444,1,-0.05,6.3928723,0
255,28,0.429,0,1.0,5.944878,0
255,29,0.420,0,1.0,4.62726,0
255,30,0.402,0,1.0,4.3648095,0
255,31,0.373,0,1.0,4.9101067,0
255,32,0.349,2,-0.05,4.7253056,0
255,33,0.336,0,1.0,2.9965425,0
255,34,0.349,0,1.0,3.684432,0
255,35,0.317,0,1.0,2.2159142,0
255,36,0.316,0,1.0,5.616267,0
255,37,0.304,0,1.0,4.100954,0
255,38,0.306,0,1.0,5.5880094,0
255,39,0.297,1,-0.05,2.1434216,0
255,40,0.288,1,-0.05,2.4537692,0
255,41,0.291,1,-0.05,3.29374,0
255,42,0.292,0,1.0,0.91228867,0
255,43,0.257,1,-0.05,1.9412006,0
255,44,0.260,1,-0.05,-3.5356808,0
255,45,0.254,2,-0.05,-10.2341795,0
255,46,0.223,2,-0.05,-8.549521,0
255,47,0.234,1,-0.05,-3.688249,0
255,48,0.227,0,1.0,-11.589323,0
255,49,0.184,2,-100.0,-34.92546,0
256,0,0.663,0,1.0,5.743855,0
256,1,0.674,0,1.0,6.309965,0
256,2,0.670,0,1.0,5.832549,0
256,3,0.661,2,-0.05,6.256531,0
256,4,0.679,0,1.0,4.9989967,0
256,5,0.682,0,1.0,5.272285,0
256,6,0.695,0,1.0,7.9988127,0
256,7,0.694,0,1.0,7.906187,0
256,8,0.703,0,1.0,6.6025724,0
256,9,0.693,0,1.0,7.062944,0
256,10,0.679,1,-0.05,6.877318,0
256,11,0.672,0,1.0,5.5981226,0
256,12,0.682,0,1.0,5.14346,0
256,13,0.659,2,-0.05,5.5765276,0
256,14,0.667,1,-0.05,5.043148,0
256,15,0.668,0,1.0,4.7925444,0
256,16,0.674,0,1.0,3.2063925,0
256,17,0.696,1,-0.05,6.0534964,0
256,18,0.685,0,1.0,4.415546,0
256,19,0.689,0,1.0,5.42722,0
256,20,0.704,1,-0.05,3.783187,0
256,21,0.676,0,1.0,3.526703,0
256,22,0.646,0,1.0,4.140749,0
256,23,0.637,2,-0.05,3.6607037,0
256,24,0.614,0,1.0,3.432774,0
256,25,0.598,0,1.0,3.3108494,0
256,26,0.567,0,1.0,4.4084167,0
256,27,0.570,2,-0.05,4.88578,0
256,28,0.546,0,1.0,4.0077515,0
256,29,0.530,0,1.0,5.8258014,0
256,30,0.525,1,-0.05,4.5513315,0
256,31,0.526,0,1.0,4.806425,0
256,32,0.497,0,1.0,4.1004143,0
256,33,0.486,0,1.0,3.4835548,0
256,34,0.448,0,1.0,5.322236,0
256,35,0.444,0,1.0,7.487822,0
256,36,0.411,2,-0.05,4.8080215,0
256,37,0.418,1,-0.05,5.2380424,0
256,38,0.411,0,1.0,5.1446395,0
256,39,0.350,0,1.0,5.468498,0
256,40,0.346,0,1.0,6.128399,0
256,41,0.317,0,1.0,6.5683813,0
256,42,0.289,1,-0.05,2.8571463,0
256,43,0.283,2,-0.05,-1.4039073,0
256,44,0.276,1,-0.05,-4.6870584,0
256,45,0.266,1,-0.05,-4.05397,0
256,46,0.265,1,-0.05,-11.450527,0
256,47,0.256,1,-0.05,-22.812271,0
256,48,0.252,1,-0.05,-14.022562,0
256,49,0.242,1,-0.05,-11.915595,0
256,50,0.231,2,-0.05,-35.41712,0
256,51,0.224,1,-0.05,-45.96608,0
256,52,0.201,1,-0.05,-56.32599,0
256,53,0.186,2,-100.0,-69.02313,0
257,0,0.662,0,1.0,5.9846463,0
257,1,0.658,0,1.0,6.2340136,0
257,2,0.658,0,1.0,5.236063,0
257,3,0.670,0,1.0,5.1686087,0
257,4,0.673,0,1.0,3.290901,0
257,5,0.678,0,1.0,6.6382174,0
257,6,0.665,0,1.0,5.9852705,0
257,7,0.685,0,1.0,6.4576807,0
257,8,0.695,0,1.0,5.4173584,0
257,9,0.683,0,1.0,6.08201,0
257,10,0.684,2,-0.05,6.7665834,0
257,11,0.697,2,-0.05,5.634852,0
257,12,0.683,0,1.0,4.847016,0
257,13,0.701,0,1.0,5.575402,0
257,14,0.674,0,1.0,5.3387465,0
257,15,0.673,2,-0.05,5.04171,0
257,16,0.665,2,-0.05,4.9667234,0
257,17,0.644,0,1.0,5.761408,0
257,18,0.620,0,1.0,3.0241778,0
257,19,0.596,1,-0.05,4.6207647,0
257,20,0.568,0,1.0,3.754151,0
257,21,0.549,2,-0.05,4.964554,0
257,22,0.522,0,1.0,5.2343736,0
257,23,0.498,0,1.0,4.181489,0
257,24,0.463,2,-0.05,2.94949,0
257,25,0.466,1,-0.05,2.9873967,0
257,26,0.450,0,1.0,3.669398,0
257,27,0.428,0,1.0,4.366244,0
257,28,0.391,0,1.0,3.825639,0
257,29,0.382,1,-0.05,3.1533718,0
257,30,0.362,1,-0.05,3.3847878,0
257,31,0.369,1,-0.05,3.2963114,0
257,32,0.358,2,-0.05,4.075711,0
257,33,0.355,2,-0.05,2.3670318,0
257,34,0.349,1,-0.05,2.5053544,0
257,35,0.345,1,-0.05,3.050125,0
257,36,0.345,0,1.0,5.174999,0
257,37,0.342,0,1.0,3.2428598,0
257,38,0.347,0,1.0,2.9129183,0
257,39,0.358,0,1.0,2.9195912,0
257,40,0.359,0,1.0,3.3059666,0
257,41,0.355,0,1.0,3.1812832,0
257,42,0.356,2,-0.05,2.9298525,0
257,43,0.366,1,-0.05,3.20963,0
257,44,0.344,1,-0.05,2.2284625,0
257,45,0.369,0,1.0,2.4381351,0
257,46,0.362,2,-0.05,2.4267802,0
257,47,0.383,2,-0.05,3.958234,0
257,48,0.392,2,-0.05,2.8825116,0
257,49,0.396,0,1.0,2.8370848,0
257,50,0.387,0,1.0,2.924225,0
257,51,0.398,0,1.0,3.9075243,0
257,52,0.394,0,1.0,3.6367207,0
257,53,0.400,0,1.0,3.4484076,0
257,54,0.424,0,1.0,2.4927545,0
257,55,0.443,2,-0.05,4.700406,0
257,56,0.452,0,1.0,4.7361054,0
257,57,0.500,0,1.0,4.7627535,0
257,58,0.572,0,1.0,5.6675825,0
257,59,0.608,0,1.0,5.4541173,0
257,60,0.714,0,1.0,4.3300037,0
257,61,0.750,0,1.0,3.3941112,0
257,62,0.628,0,1.0,3.8394983,0
257,63,0.551,2,-0.05,4.8641176,0
257,64,0.525,0,1.0,4.3115373,0
257,65,0.451,1,-0.05,4.805559,0
257,66,0.431,0,1.0,2.88834,0
257,67,0.342,2,-0.05,-3.6955996,0
257,68,0.331,2,-0.05,-14.502066,0
257,69,0.318,2,-0.05,-10.30221,0
257,70,0.255,0,1.0,-5.018741,0
257,71,0.212,2,-0.05,-19.704918,0
257,72,0.194,2,-100.0,-33.926834,0
258,0,0.663,0,1.0,7.487734,0
258,1,0.673,2,-0.05,4.019644,0
258,2,0.670,2,-0.05,4.5501785,0
258,3,0.660,1,-0.05,4.775532,0
258,4,0.667,0,1.0,5.2472544,0
258,5,0.668,0,1.0,6.0796757,0
258,6,0.664,2,-0.05,4.341389,0
258,7,0.668,2,-0.05,4.454104,0
258,8,0.674,0,1.0,5.774903,0
258,9,0.698,0,1.0,5.4943156,0
258,10,0.709,0,1.0,5.466346,0
258,11,0.690,1,-0.05,5.9590497,0
258,12,0.684,0,1.0,5.456125,0
258,13,0.684,0,1.0,5.6467113,0
258,14,0.669,2,-0.05,3.2622025,0
258,15,0.664,2,-0.05,5.7847366,0
258,16,0.663,0,1.0,6.11975,0
258,17,0.625,0,1.0,7.4263587,0
258,18,0.610,0,1.0,5.9193025,0
258,19,0.572,0,1.0,6.3423266,0
258,20,0.567,0,1.0,6.0802665,0
258,21,0.534,0,1.0,6.8414316,0
258,22,0.502,0,1.0,6.667691,0
258,23,0.486,0,1.0,5.6229014,0
258,24,0.454,0,1.0,5.932164,0
258,25,0.435,0,1.0,3.7968113,0
258,26,0.411,0,1.0,5.0778055,0
258,27,0.362,0,1.0,3.3695633,0
258,28,0.351,0,1.0,1.3507164,0
258,29,0.334,1,-0.05,2.1233516,0
258,30,0.321,1,-0.05,-0.2596681,0
258,31,0.327,1,-0.05,1.4113008,0
258,32,0.307,0,1.0,3.1319203,0
258,33,0.321,0,1.0,3.4662256,0
258,34,0.322,0,1.0,3.885532,0
258,35,0.310,2,-0.05,0.7382749,0
258,36,0.308,0,1.0,3.0298018,0
258,37,0.318,0,1.0,1.5174727,0
258,38,0.303,0,1.0,0.59077096,0
258,39,0.300,0,1.0,-2.3065453,0
258,40,0.294,2,-0.05,-1.5220387,0
258,41,0.297,2,-0.05,-0.38028002,0
258,42,0.276,2,-0.05,-3.033586,0
258,43,0.289,2,-0.05,-7.474751,0
258,44,0.285,2,-0.05,-9.19371,0
258,45,0.276,0,1.0,-7.486467,0
258,46,0.217,0,1.0,-6.383109,0
258,47,0.187,2,-100.0,-13.302059,0
259,0,0.663,0,1.0,5.5771437,0
259,1,0.674,0,1.0,5.1739125,0
259,2,0.668,0,1.0,6.658358,0
259,3,0.662,0,1.0,6.086617,0
259,4,0.685,0,1.0,5.663587,0
259,5,0.665,2,-0.05,4.62157,0
259,6,0.680,0,1.0,5.472583,0
259,7,0.670,0,1.0,6.3883176,0
259,8,0.712,0,1.0,6.104868,0
259,9,0.700,0,1.0,5.550288,0
259,10,0.703,0,1.0,6.9507804,0
259,11,0.681,0,1.0,6.187604,0
259,12,0.679,2,-0.05,4.039407,0
259,13,0.669,0,1.0,4.9141083,0
259,14,0.661,0,1.0,6.1675596,0
259,15,0.631,0,1.0,6.865033,0
259,16,0.620,0,1.0,5.816562,0
259,17,0.590,0,1.0,6.159398,0
259,18,0.571,0,1.0,5.408595,0
259,19,0.553,0,1.0,5.8514714,0
259,20,0.540,0,1.0,5.0376096,0
259,21,0.523,0,1.0,5.6955338,0
259,22,0.496,1,-0.05,6.5949564,0
259,23,0.505,0,1.0,7.0238037,0
259,24,0.477,2,-0.05,5.6060195,0
259,25,0.489,0,1.0,5.649303,0
259,26,0.470,0,1.0,5.874609,0
259,27,0.444,0,1.0,2.9269404,0
259,28,0.433,0,1.0,4.565836,0
259,29,0.414,0,1.0,4.9499826,0
259,30,0.398,0,1.0,2.7238865,0
259,31,0.383,1,-0.05,0.94447285,0
259,32,0.372,2,-0.05,-0.76816976,0
259,33,0.373,0,1.0,-2.4900236,0
259,34,0.331,2,-0.05,-3.1165318,0
259,35,0.319,1,-0.05,-3.6545815,0
259,36,0.341,2,-0.05,-7.1325583,0
259,37,0.315,0,1.0,-6.0538316,0
259,38,0.281,2,-0.05,-5.0637307,0
259,39,0.266,0,1.0,-8.430655,0
259,40,0.216,0,1.0,-7.2788286,0
259,41,0.179,2,-100.0,-18.00639,0
260,0,0.663,0,1.0,6.258173,0
260,1,0.674,0,1.0,6.265113,0
260,2,0.670,0,1.0,5.675714,0
260,3,0.662,0,1.0,5.9765735,0
260,4,0.681,0,1.0,6.430716,0
260,5,0.681,0,1.0,5.4468718,0
260,6,0.683,0,1.0,6.4615903,0
260,7,0.696,0,1.0,6.468497,0
260,8,0.685,0,1.0,6.487657,0
260,9,0.685,0,1.0,4.991468,0
260,10,0.681,2,-0.05,5.345909,0
260,11,0.693,2,-0.05,5.8353276,0
260,12,0.691,2,-0.05,5.738763,0
260,13,0.691,1,-0.05,6.053575,0
260,14,0.691,1,-0.05,4.5659246,0
260,15,0.688,1,-0.05,5.699356,0
260,16,0.697,1,-0.05,5.169034,0
260,17,0.702,1,-0.05,4.5201225,0
260,18,0.706,0,1.0,3.7148733,0
260,19,0.685,2,-0.05,3.9167066,0
260,20,0.657,0,1.0,3.6814468,0
260,21,0.663,2,-0.05,2.9644737,0
260,22,0.639,0,1.0,4.1477346,0
260,23,0.631,0,1.0,5.6005063,0
260,24,0.614,0,1.0,2.21529,0
260,25,0.611,0,1.0,3.8077323,0
260,26,0.612,0,1.0,4.194883,0
260,27,0.591,0,1.0,3.627759,0
260,28,0.589,0,1.0,2.9193559,0
260,29,0.577,0,1.0,3.5030942,0
260,30,0.563,0,1.0,3.482723,0
260,31,0.557,0,1.0,5.0469174,0
260,32,0.544,0,1.0,4.044482,0
260,33,0.533,0,1.0,3.0330887,0
260,34,0.531,2,-0.05,4.347806,0
260,35,0.516,0,1.0,2.1748166,0
260,36,0.520,2,-0.05,5.2315598,0
260,37,0.519,0,1.0,4.422637,0
260,38,0.524,0,1.0,4.8478622,0
260,39,0.539,0,1.0,3.73498,0
260,40,0.552,0,1.0,3.7866833,0
260,41,0.551,0,1.0,1.8758444,0
260,42,0.548,0,1.0,4.194091,0
260,43,0.564,2,-0.05,5.495966,0
260,44,0.562,0,1.0,7.5233192,0
260,45,0.589,0,1.0,7.1587214,0
260,46,0.606,0,1.0,5.5010014,0
260,47,0.620,0,1.0,4.870936,0
260,48,0.647,0,1.0,4.962737,0
260,49,0.661,0,1.0,6.400732,0
260,50,0.691,0,1.0,6.842319,0
260,51,0.692,0,1.0,6.997855,0
260,52,0.707,0,1.0,6.687525,0
260,53,0.636,0,1.0,9.157526,0
260,54,0.516,0,1.0,8.815983,0
260,55,0.395,0,1.0,7.247842,0
260,56,0.341,0,1.0,3.4419577,0
260,57,0.255,1,-0.05,0.8324315,0
260,58,0.252,1,-0.05,-24.27714,0
260,59,0.228,2,-0.05,-40.643658,0
260,60,0.214,2,-0.05,-62.35688,0
260,61,0.197,2,-100.0,-65.15724,0
261,0,0.662,0,1.0,6.550767,0
261,1,0.658,0,1.0,6.0661755,0
261,2,0.670,0,1.0,6.5911455,0
261,3,0.686,0,1.0,7.1377826,0
261,4,0.679,1,-0.05,4.4596257,0
261,5,0.672,0,1.0,5.7978463,0
261,6,0.658,0,1.0,4.852071,0
261,7,0.662,0,1.0,4.024269,0
261,8,0.665,0,1.0,4.6016636,0
261,9,0.647,1,-0.05,5.2851996,0
261,10,0.659,0,1.0,4.129259,0
261,11,0.649,1,-0.05,5.4000826,0
261,12,0.637,2,-0.05,4.7729445,0
261,13,0.627,0,1.0,4.6776485,0
261,14,0.641,0,1.0,5.2743406,0
261,15,0.629,0,1.0,4.8447547,0
261,16,0.642,0,1.0,6.091465,0
261,17,0.636,1,-0.05,5.740258,0
261,18,0.639,0,1.0,5.533911,0
261,19,0.612,0,1.0,6.265027,0
261,20,0.605,0,1.0,4.1756487,0
261,21,0.602,0,1.0,4.1603928,0
261,22,0.601,2,-0.05,3.7141018,0
261,23,0.589,0,1.0,3.7789233,0
261,24,0.599,0,1.0,4.5707664,0
261,25,0.594,0,1.0,5.3791914,0
261,26,0.597,2,-0.05,4.485665,0
261,27,0.596,1,-0.05,3.7275088,0
261,28,0.585,0,1.0,4.7110157,0
261,29,0.589,0,1.0,4.1391,0
261,30,0.556,0,1.0,3.8045223,0
261,31,0.550,0,1.0,3.6141987,0
261,32,0.549,0,1.0,2.3517723,0
261,33,0.522,0,1.0,2.7964773,0
261,34,0.519,2,-0.05,4.8567305,0
261,35,0.507,2,-0.05,4.679741,0
261,36,0.509,0,1.0,3.5418854,0
261,37,0.515,0,1.0,3.8390567,0
261,38,0.525,0,1.0,4.492103,0
261,39,0.514,0,1.0,6.6777363,0
261,40,0.511,1,-0.05,4.354727,0
261,41,0.521,0,1.0,6.100406,0
261,42,0.527,0,1.0,5.6268597,0
261,43,0.520,0,1.0,5.623259,0
261,44,0.517,0,1.0,5.3291206,0
261,45,0.506,0,1.0,3.4156606,0
261,46,0.500,0,1.0,2.85299,0
261,47,0.511,0,1.0,2.7855802,0
261,48,0.498,1,-0.05,3.898787,0
261,49,0.486,0,1.0,4.940692,0
261,50,0.477,0,1.0,5.21628,0
261,51,0.474,0,1.0,8.482079,0
261,52,0.462,2,-0.05,8.972746,0
261,53,0.460,0,1.0,10.527725,0
261,54,0.444,0,1.0,6.3702135,0
261,55,0.445,2,-0.05,4.3533096,0
261,56,0.407,2,-0.05,4.3333993,0
261,57,0.409,0,1.0,3.0410285,0
261,58,0.328,1,-0.05,2.7517784,0
261,59,0.301,2,-0.05,-5.7583404,0
261,60,0.289,2,-0.05,0.2221477,0
261,61,0.280,2,-0.05,-4.7176437,0
261,62,0.267,1,-0.05,-11.588839,0
261,63,0.248,2,-0.05,-13.807526,0
261,64,0.236,1,-0.05,-25.183273,0
261,65,0.206,1,-0.05,-27.731201,0
261,66,0.216,2,-0.05,-39.083385,0
261,67,0.162,0,-100.0,-51.53251,0
262,0,0.655,0,1.0,4.573682,0
262,1,0.673,0,1.0,6.7547073,0
262,2,0.672,0,1.0,6.9509945,0
262,3,0.661,0,1.0,6.2235174,0
262,4,0.674,0,1.0,5.4299383,0
262,5,0.673,0,1.0,5.7190347,0
262,6,0.674,0,1.0,5.1429825,0
262,7,0.667,0,1.0,4.3634863,0
262,8,0.674,0,1.0,6.0589876,0
262,9,0.667,1,-0.05,5.8383083,0
262,10,0.669,0,1.0,5.3465223,0
262,11,0.678,0,1.0,5.327411,0
262,12,0.665,0,1.0,6.3102503,0
262,13,0.642,0,1.0,3.35694,0
262,14,0.639,0,1.0,5.38669,0
262,15,0.646,0,1.0,5.209323,0
262,16,0.623,0,1.0,4.383998,0
262,17,0.616,1,-0.05,4.076926,0
262,18,0.612,0,1.0,3.4103768,0
262,19,0.603,1,-0.05,2.9163637,0
262,20,0.609,1,-0.05,4.89602,0
262,21,0.596,0,1.0,2.4840987,0
262,22,0.581,1,-0.05,3.0879316,0
262,23,0.571,0,1.0,3.959938,0
262,24,0.505,0,1.0,2.0747106,0
262,25,0.496,2,-0.05,3.3405466,0
262,26,0.477,2,-0.05,2.2824454,0
262,27,0.465,0,1.0,2.6731353,0
262,28,0.430,0,1.0,3.8466566,0
262,29,0.401,0,1.0,4.518676,0
262,30,0.381,0,1.0,4.008584,0
262,31,0.337,0,1.0,4.831646,0
262,32,0.324,0,1.0,5.025296,0
262,33,0.284,0,1.0,3.90958,0
262,34,0.272,1,-0.05,2.9526207,0
262,35,0.271,2,-0.05,-0.60484755,0
262,36,0.273,2,-0.05,-0.996377,0
262,37,0.255,2,-0.05,1.301103,0
262,38,0.263,0,1.0,3.6641364,0
262,39,0.277,0,1.0,1.7832974,0
262,40,0.275,1,-0.05,4.708913,0
262,41,0.273,0,1.0,4.5151854,0
262,42,0.269,1,-0.05,2.8378088,0
262,43,0.285,1,-0.05,3.46781,0
262,44,0.256,0,1.0,1.6615994,0
262,45,0.254,0,1.0,-4.8778024,0
262,46,0.226,1,-0.05,-9.128244,0
262,47,0.231,1,-0.05,-13.986452,0
262,48,0.227,1,-0.05,-28.923609,0
262,49,0.225,1,-0.05,-39.866333,0
262,50,0.206,1,-0.05,-57.181007,0
262,51,0.205,1,-0.05,-82.31654,0
262,52,0.209,2,-0.05,-66.92249,0
262,53,0.188,2,-100.0,-79.17973,0
263,0,0.658,0,1.0,4.6450515,0
263,1,0.658,2,-0.05,5.1963677,0
263,2,0.665,2,-0.05,5.6790285,0
263,3,0.663,2,-0.05,4.7674336,0
263,4,0.678,0,1.0,5.533549,0
263,5,0.706,1,-0.05,3.5418732,0
263,6,0.694,0,1.0,5.306051,0
263,7,0.676,0,1.0,5.771133,0
263,8,0.679,0,1.0,6.027153,0
263,9,0.629,0,1.0,5.612496,0
263,10,0.610,0,1.0,4.3839264,0
263,11,0.594,0,1.0,6.312396,0
263,12,0.590,0,1.0,4.5249634,0
263,13,0.563,0,1.0,5.737374,0
263,14,0.541,0,1.0,4.6571074,0
263,15,0.514,0,1.0,5.6017823,0
263,16,0.493,0,1.0,6.4370275,0
263,17,0.472,2,-0.05,5.6001077,0
263,18,0.479,2,-0.05,6.2040973,0
263,19,0.458,0,1.0,3.9030929,0
263,20,0.437,0,1.0,4.6921825,0
263,21,0.381,0,1.0,4.851329,0
263,22,0.360,0,1.0,1.5344224,0
263,23,0.309,0,1.0,3.1020179,0
263,24,0.281,0,1.0,-0.81504333,0
263,25,0.252,2,-0.05,-5.3227754,0
263,26,0.240,2,-0.05,-13.331659,0
263,27,0.238,2,-0.05,-32.97839,0
263,28,0.235,2,-0.05,-41.16545,0
263,29,0.229,1,-0.05,-73.30409,0
263,30,0.211,2,-0.05,-80.786064,0
263,31,0.197,2,-100.0,-87.15924,0
264,0,0.668,2,-0.05,5.7673893,0
264,1,0.657,2,-0.05,5.9632277,0
264,2,0.661,2,-0.05,4.8996797,0
264,3,0.666,0,1.0,6.419773,0
264,4,0.704,2,-0.05,5.455407,0
264,5,0.699,2,-0.05,4.253707,0
264,6,0.703,2,-0.05,6.5761228,0
264,7,0.678,0,1.0,5.2718253,0
264,8,0.630,0,1.0,7.5046287,0
264,9,0.543,0,1.0,7.7470818,0
264,10,0.540,2,-0.05,5.9903536,0
264,11,0.503,2,-0.05,3.668909,0
264,12,0.512,2,-0.05,5.8697996,0
264,13,0.494,1,-0.05,1.1846855,0
264,14,0.479,1,-0.05,3.8648865,0
264,15,0.474,1,-0.05,3.060195,0
264,16,0.460,2,-0.05,1.9878786,0
264,17,0.452,2,-0.05,2.965922,0
264,18,0.453,2,-0.05,3.5397887,0
264,19,0.421,1,-0.05,-0.5097204,0
264,20,0.417,2,-0.05,2.540647,0
264,21,0.410,2,-0.05,-1.186144,0
264,22,0.396,1,-0.05,-0.7989365,0
264,23,0.391,1,-0.05,-0.8952935,0
264,24,0.357,2,-0.05,-0.98805857,0
264,25,0.347,1,-0.05,-2.6035666,0
264,26,0.337,1,-0.05,-3.3283753,0
264,27,0.330,1,-0.05,0.7687907,0
264,28,0.329,2,-0.05,-0.5115466,0
264,29,0.308,1,-0.05,0.3186078,0
264,30,0.304,1,-0.05,1.0119512,0
264,31,0.302,1,-0.05,-0.06522831,0
264,32,0.291,2,-0.05,-1.6167324,0
264,33,0.251,0,1.0,-0.7650175,0
264,34,0.235,2,-0.05,-15.422966,0
264,35,0.193,0,-100.0,-36.15177,0
265,0,0.661,1,-0.05,5.4323053,0
265,1,0.656,2,-0.05,3.543664,0
265,2,0.663,0,1.0,4.952987,0
265,3,0.663,0,1.0,6.1243024,0
265,4,0.684,0,1.0,5.5925364,0
265,5,0.685,0,1.0,5.942473,0
265,6,0.696,0,1.0,4.690813,0
265,7,0.695,0,1.0,6.662174,0
265,8,0.706,0,1.0,6.014792,0
265,9,0.702,0,1.0,6.7962174,0
265,10,0.697,0,1.0,5.58008,0
265,11,0.691,1,-0.05,4.82595,0
265,12,0.697,0,1.0,6.514005,0
265,13,0.689,0,1.0,5.6023126,0
265,14,0.693,0,1.0,6.708677,0
265,15,0.701,0,1.0,5.8809094,0
265,16,0.695,0,1.0,3.7639973,0
265,17,0.706,2,-0.05,5.2380085,0
265,18,0.700,0,1.0,4.750435,0
265,19,0.693,0,1.0,5.735512,0
265,20,0.692,0,1.0,5.4028373,0
265,21,0.669,0,1.0,4.8782315,0
265,22,0.675,0,1.0,4.041358,0
265,23,0.656,0,1.0,5.7173862,0
265,24,0.675,0,1.0,6.062006,0
265,25,0.652,0,1.0,5.6664824,0
265,26,0.665,2,-0.05,3.9556265,0
265,27,0.651,1,-0.05,5.4480524,0
265,28,0.643,2,-0.05,5.4391065,0
265,29,0.636,0,1.0,4.479995,0
265,30,0.632,0,1.0,4.642338,0
265,31,0.604,0,1.0,3.2078629,0
265,32,0.609,1,-0.05,5.020115,0
265,33,0.599,0,1.0,3.0932257,0
265,34,0.600,0,1.0,3.0455265,0
265,35,0.592,2,-0.05,3.8939269,0
265,36,0.586,0,1.0,3.0631685,0
265,37,0.574,0,1.0,4.234714,0
265,38,0.556,0,1.0,5.477369,0
265,39,0.542,2,-0.05,3.425877,0
265,40,0.531,0,1.0,4.056403,0
265,41,0.522,2,-0.05,3.0530581,0
265,42,0.515,2,-0.05,3.5072923,0
265,43,0.507,1,-0.05,3.0388122,0
265,44,0.499,2,-0.05,3.1079264,0
265,45,0.487,0,1.0,3.5880284,0
265,46,0.473,0,1.0,0.017635405,0
265,47,0.453,2,-0.05,1.3634903,0
265,48,0.458,1,-0.05,0.308478,0
265,49,0.460,0,1.0,1.9068353,0
265,50,0.490,0,1.0,3.5924675,0
265,51,0.545,0,1.0,5.6260805,0
265,52,0.565,2,-0.05,6.314604,0
265,53,0.562,1,-0.05,4.138175,0
265,54,0.579,2,-0.05,5.0446725,0
265,55,0.596,2,-0.05,5.019558,0
265,56,0.642,0,1.0,5.8378644,0
265,57,0.660,0,1.0,3.0887423,0
265,58,0.704,0,1.0,5.082449,0
265,59,0.593,0,1.0,5.275937,0
265,60,0.550,0,1.0,5.7768106,0
265,61,0.462,1,-0.05,4.366914,0
265,62,0.467,1,-0.05,2.3950436,0
265,63,0.452,1,-0.05,2.5475082,0
265,64,0.417,1,-0.05,3.7587514,0
265,65,0.423,1,-0.05,-6.238627,0
265,66,0.399,2,-0.05,-14.804359,0
265,67,0.392,2,-0.05,-27.78159,0
265,68,0.374,1,-0.05,-13.6814785,0
265,69,0.364,2,-0.05,-12.331076,0
265,70,0.338,2,-0.05,-18.604103,0
265,71,0.301,1,-0.05,-2.5182815,0
265,72,0.307,2,-0.05,-7.911921,0
265,73,0.293,2,-0.05,-5.9322023,0
265,74,0.285,2,-0.05,-24.508987,0
265,75,0.239,0,1.0,-33.71582,0
265,76,0.205,2,-0.05,-81.60361,0
265,77,0.181,1,-100.0,-105.98841,0
266,0,0.663,0,1.0,5.9376216,0
266,1,0.653,0,1.0,5.3202343,0
266,2,0.661,0,1.0,4.271484,0
266,3,0.648,0,1.0,6.1048503,0
266,4,0.657,0,1.0,5.061822,0
266,5,0.644,0,1.0,5.4628983,0
266,6,0.632,0,1.0,5.7165923,0
266,7,0.635,0,1.0,5.023833,0
266,8,0.638,0,1.0,6.1337,0
266,9,0.632,0,1.0,5.593834,0
266,10,0.620,0,1.0,4.9213142,0
266,11,0.642,0,1.0,4.8564715,0
266,12,0.618,0,1.0,6.696658,0
266,13,0.625,0,1.0,4.4091835,0
266,14,0.618,0,1.0,6.615904,0
266,15,0.622,0,1.0,5.1974344,0
266,16,0.616,0,1.0,3.8593524,0
266,17,0.595,0,1.0,4.8266563,0
266,18,0.603,0,1.0,5.7036557,0
266,19,0.598,0,1.0,4.1394663,0
266,20,0.605,0,1.0,3.9503272,0
266,21,0.589,0,1.0,4.6216083,0
266,22,0.586,0,1.0,3.683291,0
266,23,0.590,0,1.0,4.505184,0
266,24,0.579,0,1.0,3.3599107,0
266,25,0.579,0,1.0,4.5896626,0
266,26,0.591,0,1.0,5.190795,0
266,27,0.582,0,1.0,4.42484,0
266,28,0.570,0,1.0,3.6347246,0
266,29,0.570,0,1.0,3.6468685,0
266,30,0.567,0,1.0,3.7223399,0
266,31,0.570,0,1.0,5.381502,0
266,32,0.573,0,1.0,4.580412,0
266,33,0.559,0,1.0,4.359129,0
266,34,0.557,0,1.0,5.6408744,0
266,35,0.556,0,1.0,4.6823673,0
266,36,0.551,0,1.0,5.031926,0
266,37,0.547,0,1.0,2.6918035,0
266,38,0.535,2,-0.05,2.4849036,0
266,39,0.551,0,1.0,3.6253548,0
266,40,0.548,2,-0.05,3.4409733,0
266,41,0.548,2,-0.05,5.2685127,0
266,42,0.545,0,1.0,6.1350436,0
266,43,0.575,0,1.0,6.4612036,0
266,44,0.593,0,1.0,5.483354,0
266,45,0.620,0,1.0,6.331177,0
266,46,0.521,0,1.0,7.822566,0
266,47,0.457,0,1.0,7.8037357,0
266,48,0.342,0,1.0,5.5997734,0
266,49,0.291,2,-0.05,4.241624,0
266,50,0.268,2,-0.05,0.18473554,0
266,51,0.255,1,-0.05,-1.3523374,0
266,52,0.232,1,-0.05,0.06806183,0
266,53,0.203,2,-0.05,-36.850727,0
266,54,0.205,2,-0.05,-49.62776,0
266,55,0.186,2,-100.0,-44.583008,0
267,0,0.662,0,1.0,6.2966113,0
267,1,0.673,2,-0.05,7.3783236,0
267,2,0.664,0,1.0,6.5647073,0
267,3,0.672,0,1.0,6.200602,0
267,4,0.694,0,1.0,5.72434,0
267,5,0.692,0,1.0,5.672811,0
267,6,0.694,0,1.0,7.2875214,0
267,7,0.701,2,-0.05,5.988601,0
267,8,0.688,0,1.0,6.840056,0
267,9,0.655,0,1.0,2.9163773,0
267,10,0.650,1,-0.05,5.830156,0
267,11,0.647,0,1.0,5.3509464,0
267,12,0.628,1,-0.05,6.1869698,0
267,13,0.619,0,1.0,5.651669,0
267,14,0.624,2,-0.05,6.38035,0
267,15,0.620,2,-0.05,5.254377,0
267,16,0.610,0,1.0,3.4975,0
267,17,0.611,0,1.0,3.3749201,0
267,18,0.572,0,1.0,5.7975135,0
267,19,0.573,0,1.0,4.212616,0
267,20,0.535,0,1.0,5.6850953,0
267,21,0.510,0,1.0,5.5178576,0
267,22,0.499,0,1.0,5.1607833,0
267,23,0.473,0,1.0,4.578205,0
267,24,0.449,0,1.0,3.6196587,0
267,25,0.446,0,1.0,4.6766715,0
267,26,0.424,1,-0.05,3.7956114,0
267,27,0.413,0,1.0,3.7509162,0
267,28,0.405,0,1.0,5.28676,0
267,29,0.377,1,-0.05,4.79999,0
267,30,0.378,1,-0.05,5.353878,0
267,31,0.384,0,1.0,3.178518,0
267,32,0.391,0,1.0,3.1178827,0
267,33,0.392,2,-0.05,4.8674603,0
267,34,0.387,0,1.0,4.056756,0
267,35,0.393,0,1.0,4.0581985,0
267,36,0.384,0,1.0,1.7556791,0
267,37,0.386,0,1.0,2.7480621,0
267,38,0.391,0,1.0,3.2857325,0
267,39,0.381,0,1.0,2.7543297,0
267,40,0.387,0,1.0,2.566772,0
267,41,0.363,0,1.0,2.6589656,0
267,42,0.377,0,1.0,1.6313341,0
267,43,0.387,0,1.0,2.817275,0
267,44,0.397,1,-0.05,2.5199177,0
267,45,0.415,2,-0.05,2.583368,0
267,46,0.418,2,-0.05,2.9819424,0
267,47,0.443,0,1.0,5.6081204,0
267,48,0.463,2,-0.05,4.754532,0
267,49,0.452,0,1.0,4.942805,0
267,50,0.541,0,1.0,6.6419477,0
267,51,0.544,0,1.0,7.4250183,0
267,52,0.645,0,1.0,6.559862,0
267,53,0.679,0,1.0,7.156069,0
267,54,0.661,0,1.0,6.511665,0
267,55,0.557,0,1.0,7.0281043,0
267,56,0.500,0,1.0,5.8768272,0
267,57,0.380,0,1.0,6.044448,0
267,58,0.341,1,-0.05,4.164197,0
267,59,0.314,1,-0.05,1.9254096,0
267,60,0.295,2,-0.05,-11.372034,0
267,61,0.287,2,-0.05,-4.8624277,0
267,62,0.254,2,-0.05,-2.8716264,0
267,63,0.252,2,-0.05,-33.579597,0
267,64,0.234,2,-0.05,-43.472946,0
267,65,0.227,2,-0.05,-78.23887,0
267,66,0.194,2,-100.0,-101.51607,0
268,0,0.658,0,1.0,7.131117,0
268,1,0.658,1,-0.05,7.3724604,0
268,2,0.666,1,-0.05,5.3050604,0
268,3,0.667,1,-0.05,4.597685,0
268,4,0.679,1,-0.05,4.761336,0
268,5,0.659,2,-0.05,1.7733003,0
268,6,0.657,0,1.0,4.225115,0
268,7,0.645,1,-0.05,2.7262182,0
268,8,0.655,0,1.0,5.0559373,0
268,9,0.618,0,1.0,4.978758,0
268,10,0.598,0,1.0,4.353108,0
268,11,0.583,0,1.0,3.8367245,0
268,12,0.569,1,-0.05,4.228117,0
268,13,0.558,0,1.0,5.2634797,0
268,14,0.524,0,1.0,4.0960703,0
268,15,0.504,0,1.0,4.376618,0
268,16,0.473,0,1.0,4.9011955,0
268,17,0.446,0,1.0,5.4052467,0
268,18,0.410,2,-0.05,2.8260765,0
268,19,0.398,0,1.0,3.9665918,0
268,20,0.388,0,1.0,4.9033647,0
268,21,0.343,0,1.0,4.596865,0
268,22,0.343,1,-0.05,4.456149,0
268,23,0.335,2,-0.05,4.0960894,0
268,24,0.331,2,-0.05,3.9918294,0
268,25,0.322,0,1.0,4.939463,0
268,26,0.328,0,1.0,5.5323853,0
268,27,0.333,0,1.0,5.9484563,0
268,28,0.322,1,-0.05,5.496114,0
268,29,0.313,0,1.0,5.198622,0
268,30,0.315,0,1.0,5.349697,0
268,31,0.311,0,1.0,4.0904536,0
268,32,0.298,0,1.0,5.191916,0
268,33,0.288,0,1.0,2.9902232,0
268,34,0.286,0,1.0,3.585504,0
268,35,0.273,0,1.0,2.41325,0
268,36,0.259,2,-0.05,0.8227568,0
268,37,0.269,1,-0.05,1.6709108,0
268,38,0.263,1,-0.05,-1.0503659,0
268,39,0.259,1,-0.05,0.5838735,0
268,40,0.249,2,-0.05,3.0033517,0
268,41,0.259,2,-0.05,-0.51510334,0
268,42,0.246,1,-0.05,0.45979452,0
268,43,0.243,1,-0.05,0.37182045,0
268,44,0.240,1,-0.05,-2.9431577,0
268,45,0.250,1,-0.05,-13.557948,0
268,46,0.233,1,-0.05,-27.952038,0
268,47,0.226,2,-0.05,-34.47718,0
268,48,0.214,1,-0.05,-34.84224,0
268,49,0.212,1,-0.05,-32.12874,0
268,50,0.195,2,-100.0,-45.02642,0
269,0,0.662,0,1.0,6.177669,0
269,1,0.658,2,-0.05,5.6292953,0
269,2,0.668,0,1.0,4.525647,0
269,3,0.667,0,1.0,5.656237,0
269,4,0.693,0,1.0,7.884801,0
269,5,0.706,0,1.0,6.155386,0
269,6,0.685,0,1.0,6.1107306,0
269,7,0.680,0,1.0,7.412179,0
269,8,0.673,0,1.0,5.6657295,0
269,9,0.652,0,1.0,6.863104,0
269,10,0.645,0,1.0,5.8520694,0
269,11,0.648,0,1.0,7.1231127,0
269,12,0.623,0,1.0,6.7561564,0
269,13,0.608,0,1.0,6.517614,0
269,14,0.596,2,-0.05,6.8729186,0
269,15,0.583,0,1.0,6.4141974,0
269,16,0.575,0,1.0,4.306252,0
269,17,0.562,1,-0.05,3.7400985,0
269,18,0.532,0,1.0,5.793642,0
269,19,0.541,0,1.0,5.733096,0
269,20,0.524,0,1.0,4.1674843,0
269,21,0.525,0,1.0,6.3906426,0
269,22,0.506,0,1.0,6.086204,0
269,23,0.482,1,-0.05,6.149536,0
269,24,0.481,0,1.0,4.4578204,0
269,25,0.488,2,-0.05,3.9088674,0
269,26,0.482,2,-0.05,3.1739655,0
269,27,0.471,0,1.0,3.3465176,0
269,28,0.452,2,-0.05,4.243005,0
269,29,0.454,0,1.0,3.3129342,0
269,30,0.419,0,1.0,2.0231042,0
269,31,0.406,1,-0.05,0.68157965,0
269,32,0.384,0,1.0,2.2947807,0
269,33,0.374,0,1.0,0.9665587,0
269,34,0.351,2,-0.05,-0.1397214,0
269,35,0.352,2,-0.05,-1.6901317,0
269,36,0.360,2,-0.05,-2.9566293,0
269,37,0.337,0,1.0,-3.7551742,0
269,38,0.296,0,1.0,-2.4682937,0
269,39,0.264,0,1.0,-9.395544,0
269,40,0.207,2,-0.05,-16.371338,0
269,41,0.213,2,-0.05,-31.786585,0
269,42,0.200,2,-0.05,-23.522823,0
269,43,0.180,1,-100.0,-33.023518,0
270,0,0.665,2,-0.05,4.504381,0
270,1,0.670,2,-0.05,5.7301965,0
270,2,0.664,0,1.0,6.344682,0
270,3,0.675,0,1.0,7.183608,0
270,4,0.700,0,1.0,7.765553,0
270,5,0.665,0,1.0,5.545364,0
270,6,0.663,1,-0.05,5.590376,0
270,7,0.651,0,1.0,6.287052,0
270,8,0.640,1,-0.05,6.7326813,0
270,9,0.629,0,1.0,6.4269347,0
270,10,0.649,1,-0.05,6.70151,0
270,11,0.636,2,-0.05,4.3884573,0
270,12,0.638,0,1.0,5.256566,0
270,13,0.628,0,1.0,6.314756,0
270,14,0.616,0,1.0,5.207979,0
270,15,0.586,0,1.0,4.654529,0
270,16,0.590,0,1.0,6.523233,0
270,17,0.576,1,-0.05,5.3240657,0
270,18,0.555,1,-0.05,5.987648,0
270,19,0.563,1,-0.05,5.76127,0
270,20,0.562,1,-0.05,4.9148235,0
270,21,0.551,2,-0.05,4.9124146,0
270,22,0.569,0,1.0,5.8152423,0
270,23,0.563,1,-0.05,4.9540887,0
270,24,0.552,1,-0.05,5.2891326,0
270,25,0.563,1,-0.05,2.5135782,0
270,26,0.567,0,1.0,3.8745942,0
270,27,0.595,2,-0.05,3.7771084,0
270,28,0.596,2,-0.05,4.861615,0
270,29,0.597,0,1.0,4.4013147,0
270,30,0.598,0,1.0,4.576057,0
270,31,0.605,0,1.0,3.346943,0
270,32,0.609,0,1.0,3.3004732,0
270,33,0.622,0,1.0,3.8668628,0
270,34,0.615,0,1.0,1.9283146,0
270,35,0.631,0,1.0,3.9781778,0
270,36,0.642,0,1.0,2.9048452,0
270,37,0.641,2,-0.05,2.8640556,0
270,38,0.648,0,1.0,2.7044904,0
270,39,0.634,1,-0.05,3.743277,0
270,40,0.651,2,-0.05,3.8595982,0
270,41,0.655,1,-0.05,5.08011,0
270,42,0.628,0,1.0,3.4785054,0
270,43,0.637,0,1.0,3.8894563,0
270,44,0.647,0,1.0,3.1328812,0
270,45,0.655,0,1.0,3.4885535,0
270,46,0.653,0,1.0,2.3702483,0
270,47,0.656,0,1.0,0.508473,0
270,48,0.675,0,1.0,3.292282,0
270,49,0.658,0,1.0,3.7908864,0
270,50,0.678,0,1.0,2.9935899,0
270,51,0.687,1,-0.05,5.0760345,0
270,52,0.676,0,1.0,4.6847606,0
270,53,0.705,2,-0.05,2.0510962,0
270,54,0.712,2,-0.05,3.8181915,0
270,55,0.696,2,-0.05,4.7517085,0
270,56,0.715,0,1.0,5.5342293,0
270,57,0.712,1,-0.05,4.873414,0
270,58,0.718,0,1.0,5.428856,0
270,59,0.738,2,-0.05,4.792675,0
270,60,0.722,0,1.0,5.271403,0
270,61,0.735,2,-0.05,8.564713,0
270,62,0.754,0,1.0,6.807629,0
270,63,0.772,0,1.0,7.246305,0
270,64,0.764,0,1.0,7.233117,0
270,65,0.697,0,1.0,8.089773,0
270,66,0.586,0,1.0,7.9827023,0
270,67,0.451,0,1.0,8.354261,0
270,68,0.403,0,1.0,6.6244607,0
270,69,0.321,1,-0.05,5.4101872,0
270,70,0.313,2,-0.05,0.7331784,0
270,71,0.277,2,-0.05,1.6575809,0
270,72,0.277,1,-0.05,7.3694134,0
270,73,0.261,1,-0.05,-0.6126065,0
270,74,0.241,2,-0.05,-28.179604,0
270,75,0.215,2,-0.05,-43.188133,0
270,76,0.215,1,-0.05,-24.557518,0
270,77,0.184,1,-100.0,-28.699257,0
271,0,0.662,2,-0.05,5.3134756,0
271,1,0.673,0,1.0,4.989605,0
271,2,0.673,0,1.0,6.851876,0
271,3,0.676,0,1.0,6.475977,0
271,4,0.706,0,1.0,7.394906,0
271,5,0.695,0,1.0,5.1545362,0
271,6,0.693,0,1.0,6.6633167,0
271,7,0.680,2,-0.05,5.851282,0
271,8,0.676,0,1.0,7.181987,0
271,9,0.639,0,1.0,6.287445,0
271,10,0.643,0,1.0,3.6952972,0
271,11,0.615,0,1.0,5.6752496,0
271,12,0.608,0,1.0,6.249866,0
271,13,0.576,0,1.0,5.6722784,0
271,14,0.554,0,1.0,4.809107,0
271,15,0.530,1,-0.05,5.294645,0
271,16,0.529,1,-0.05,5.6092925,0
271,17,0.533,0,1.0,6.234503,0
271,18,0.528,0,1.0,4.2624636,0
271,19,0.515,1,-0.05,5.2729435,0
271,20,0.517,0,1.0,3.9215035,0
271,21,0.519,0,1.0,5.887221,0
271,22,0.541,2,-0.05,4.070613,0
271,23,0.534,2,-0.05,5.003685,0
271,24,0.540,0,1.0,4.9408045,0
271,25,0.524,0,1.0,6.603281,0
271,26,0.512,2,-0.05,7.9713135,0
271,27,0.516,2,-0.05,5.650174,0
271,28,0.508,0,1.0,6.086547,0
271,29,0.473,0,1.0,4.7440014,0
271,30,0.458,0,1.0,4.377734,0
271,31,0.412,0,1.0,2.6997619,0
271,32,0.404,2,-0.05,1.5178537,0
271,33,0.393,0,1.0,0.8343217,0
271,34,0.336,0,1.0,2.4285855,0
271,35,0.313,0,1.0,1.3010457,0
271,36,0.275,2,-0.05,-1.3355691,0
271,37,0.250,0,1.0,-8.604059,0
271,38,0.220,2,-0.05,-36.94609,0
271,39,0.224,1,-0.05,-52.85584,0
271,40,0.195,2,-100.0,-50.159782,0
272,0,0.663,0,1.0,6.818111,0
272,1,0.669,2,-0.05,5.733389,0
272,2,0.657,1,-0.05,4.4762063,0
272,3,0.660,2,-0.05,4.5576043,0
272,4,0.673,1,-0.05,3.4198582,0
272,5,0.658,0,1.0,5.7435594,0
272,6,0.670,0,1.0,4.624692,0
272,7,0.647,2,-0.05,5.236527,0
272,8,0.660,0,1.0,5.1502852,0
272,9,0.647,0,1.0,5.80862,0
272,10,0.654,0,1.0,5.1721096,0
272,11,0.659,0,1.0,5.2094803,0
272,12,0.657,0,1.0,4.955064,0
272,13,0.646,0,1.0,4.150776,0
272,14,0.661,0,1.0,5.983309,0
272,15,0.648,0,1.0,2.5097349,0
272,16,0.637,1,-0.05,5.5146437,0
272,17,0.654,0,1.0,5.2073975,0
272,18,0.645,1,-0.05,3.6987028,0
272,19,0.642,2,-0.05,4.498949,0
272,20,0.645,0,1.0,5.0194983,0
272,21,0.658,2,-0.05,4.7207036,0
272,22,0.653,2,-0.05,4.1053343,0
272,23,0.657,1,-0.05,4.5016146,0
272,24,0.650,0,1.0,4.742031,0
272,25,0.657,0,1.0,6.4439936,0
272,26,0.651,2,-0.05,5.9146585,0
272,27,0.664,0,1.0,6.121956,0
272,28,0.653,0,1.0,4.564818,0
272,29,0.679,0,1.0,5.344146,0
272,30,0.690,2,-0.05,5.8750267,0
272,31,0.688,0,1.0,4.374029,0
272,32,0.715,0,1.0,2.8372302,0
272,33,0.692,0,1.0,3.8689015,0
272,34,0.672,0,1.0,4.321042,0
272,35,0.660,0,1.0,4.8519063,0
272,36,0.645,0,1.0,5.4949794,0
272,37,0.618,0,1.0,3.3849099,0
272,38,0.586,0,1.0,3.839791,0
272,39,0.572,0,1.0,3.7893782,0
272,40,0.562,0,1.0,2.403628,0
272,41,0.538,0,1.0,3.4353964,0
272,42,0.518,0,1.0,4.3800106,0
272,43,0.511,2,-0.05,3.8376443,0
272,44,0.498,1,-0.05,3.4955275,0
272,45,0.515,0,1.0,1.3293741,0
272,46,0.494,0,1.0,2.8418694,0
272,47,0.497,0,1.0,3.7917986,0
272,48,0.516,2,-0.05,4.695034,0
272,49,0.521,2,-0.05,3.6046069,0
272,50,0.525,1,-0.05,3.8277814,0
272,51,0.532,2,-0.05,5.3388824,0
272,52,0.530,0,1.0,4.825848,0
272,53,0.548,0,1.0,5.505525,0
272,54,0.612,0,1.0,4.1772423,0
272,55,0.638,0,1.0,5.9352117,0
272,56,0.727,0,1.0,4.0141745,0
272,57,0.763,0,1.0,5.0363865,0
272,58,0.643,0,1.0,5.1063175,0
272,59,0.530,0,1.0,5.6113563,0
272,60,0.486,0,1.0,5.021305,0
272,61,0.365,0,1.0,3.9034426,0
272,62,0.328,2,-0.05,-0.8950064,0
272,63,0.298,2,-0.05,-5.7754703,0
272,64,0.294,2,-0.05,-5.383284,0
272,65,0.266,1,-0.05,-14.668015,0
272,66,0.248,1,-0.05,-22.120165,0
272,67,0.241,2,-0.05,-35.65043,0
272,68,0.207,2,-0.05,-31.12568,0
272,69,0.200,1,-0.05,-54.83841,0
272,70,0.191,2,-100.0,-53.119385,0
273,0,0.658,0,1.0,5.2064185,0
273,1,0.658,0,1.0,6.161076,0
273,2,0.669,1,-0.05,6.3238297,0
273,3,0.666,0,1.0,5.6082654,0
273,4,0.666,0,1.0,4.294355,0
273,5,0.661,0,1.0,5.571972,0
273,6,0.656,0,1.0,5.806824,0
273,7,0.647,0,1.0,4.930087,0
273,8,0.652,0,1.0,5.319037,0
273,9,0.631,2,-0.05,4.8164988,0
273,10,0.636,0,1.0,5.398933,0
273,11,0.648,0,1.0,8.110362,0
273,12,0.635,2,-0.05,5.304374,0
273,13,0.623,0,1.0,6.171517,0
273,14,0.646,1,-0.05,6.3240137,0
273,15,0.658,0,1.0,7.071549,0
273,16,0.644,0,1.0,5.557225,0
273,17,0.655,0,1.0,4.424553,0
273,18,0.662,0,1.0,5.935677,0
273,19,0.651,0,1.0,5.392626,0
273,20,0.675,0,1.0,5.1354923,0
273,21,0.676,0,1.0,6.6193447,0
273,22,0.666,0,1.0,5.3165135,0
273,23,0.660,0,1.0,6.1341386,0
273,24,0.675,0,1.0,4.1613503,0
273,25,0.684,1,-0.05,5.6995535,0
273,26,0.675,0,1.0,4.9377575,0
273,27,0.687,0,1.0,2.9991448,0
273,28,0.661,1,-0.05,4.191044,0
273,29,0.665,0,1.0,3.4432025,0
273,30,0.666,1,-0.05,1.2655151,0
273,31,0.648,0,1.0,1.8936737,0
273,32,0.635,0,1.0,2.699554,0
273,33,0.635,0,1.0,3.2240758,0
273,34,0.603,0,1.0,3.5377812,0
273,35,0.575,0,1.0,3.1098468,0
273,36,0.553,0,1.0,2.603776,0
273,37,0.534,0,1.0,3.6157737,0
273,38,0.508,0,1.0,3.8345346,0
273,39,0.473,0,1.0,4.206793,0
273,40,0.473,0,1.0,5.0244727,0
273,41,0.431,0,1.0,4.532916,0
273,42,0.410,0,1.0,9.082611,0
273,43,0.387,1,-0.05,7.496857,0
273,44,0.364,0,1.0,7.326354,0
273,45,0.359,1,-0.05,8.465561,0
273,46,0.346,0,1.0,4.9014235,0
273,47,0.325,0,1.0,4.119312,0
273,48,0.267,0,1.0,4.1716156,0
273,49,0.227,2,-0.05,-5.0396123,0
273,50,0.217,2,-0.05,-8.829134,0
273,51,0.186,0,-100.0,1.6571965,0
274,0,0.663,1,-0.05,5.7325583,0
274,1,0.661,0,1.0,5.509148,0
274,2,0.645,0,1.0,5.075439,0
274,3,0.634,0,1.0,3.8470414,0
274,4,0.631,0,1.0,5.612511,0
274,5,0.612,2,-0.05,5.5172615,0
274,6,0.608,0,1.0,4.332101,0
274,7,0.588,0,1.0,6.149614,0
274,8,0.595,0,1.0,4.423144,0
274,9,0.586,0,1.0,6.424852,0
274,10,0.577,0,1.0,5.4240036,0
274,11,0.569,0,1.0,5.515035,0
274,12,0.567,0,1.0,5.2353964,0
274,13,0.541,0,1.0,6.6821485,0
274,14,0.549,0,1.0,6.274958,0
274,15,0.543,0,1.0,4.623246,0
274,16,0.538,0,1.0,5.828345,0
274,17,0.536,0,1.0,6.074972,0
274,18,0.521,0,1.0,6.478665,0
274,19,0.525,2,-0.05,4.3269753,0
274,20,0.515,2,-0.05,4.143667,0
274,21,0.527,0,1.0,6.872354,0
274,22,0.530,0,1.0,6.439645,0
274,23,0.541,0,1.0,5.915215,0
274,24,0.547,1,-0.05,5.002383,0
274,25,0.551,2,-0.05,5.406884,0
274,26,0.565,0,1.0,5.0850945,0
274,27,0.587,0,1.0,4.549588,0
274,28,0.588,2,-0.05,3.7232785,0
274,29,0.611,0,1.0,2.7437012,0
274,30,0.624,0,1.0,3.4756603,0
274,31,0.660,2,-0.05,3.7418425,0
274,32,0.658,0,1.0,2.815302,0
274,33,0.707,2,-0.05,1.7184051,0
274,34,0.681,0,1.0,1.9703037,0
274,35,0.661,2,-0.05,3.491835,0
274,36,0.648,2,-0.05,2.9249203,0
274,37,0.643,1,-0.05,5.9494123,0
274,38,0.631,0,1.0,3.7877514,0
274,39,0.571,0,1.0,1.6678208,0
274,40,0.537,0,1.0,0.993696,0
274,41,0.491,1,-0.05,0.22730517,0
274,42,0.478,2,-0.05,-2.1497145,0
274,43,0.466,2,-0.05,-4.374129,0
274,44,0.471,2,-0.05,-4.113481,0
274,45,0.451,2,-0.05,-4.925068,0
274,46,0.451,1,-0.05,-4.04789,0
274,47,0.441,1,-0.05,-6.3776035,0
274,48,0.418,0,1.0,-4.2221627,0
274,49,0.375,2,-0.05,-5.951966,0
274,50,0.360,2,-0.05,-1.4826338,0
274,51,0.352,2,-0.05,0.47740018,0
274,52,0.353,2,-0.05,-7.3565392,0
274,53,0.325,2,-0.05,-5.9599605,0
274,54,0.316,2,-0.05,-4.031409,0
274,55,0.287,0,1.0,-0.093711615,0
274,56,0.236,2,-0.05,5.626242,0
274,57,0.210,2,-0.05,1.4121767,0
274,58,0.199,0,-100.0,4.8411627,0
275,0,0.672,0,1.0,5.7236385,0
275,1,0.672,0,1.0,6.9593606,0
275,2,0.661,0,1.0,5.8137484,0
275,3,0.659,0,1.0,5.0582943,0
275,4,0.666,0,1.0,3.8265548,0
275,5,0.669,0,1.0,5.642592,0
275,6,0.671,0,1.0,5.588912,0
275,7,0.646,0,1.0,7.103317,0
275,8,0.672,0,1.0,6.7967434,0
275,9,0.663,0,1.0,5.62326,0
275,10,0.661,0,1.0,4.4938755,0
275,11,0.657,1,-0.05,5.306906,0
275,12,0.664,2,-0.05,5.227345,0
275,13,0.661,0,1.0,5.4494696,0
275,14,0.665,1,-0.05,4.657694,0
275,15,0.674,0,1.0,7.166924,0
275,16,0.682,0,1.0,6.2696056,0
275,17,0.695,0,1.0,4.7680798,0
275,18,0.683,0,1.0,5.5862956,0
275,19,0.686,1,-0.05,6.135269,0
275,20,0.695,1,-0.05,5.733632,0
275,21,0.702,0,1.0,4.2722673,0
275,22,0.665,0,1.0,2.9538186,0
275,23,0.667,0,1.0,4.439124,0
275,24,0.647,2,-0.05,4.1746492,0
275,25,0.646,0,1.0,4.2531204,0
275,26,0.627,1,-0.05,3.619591,0
275,27,0.634,0,1.0,3.6210325,0
275,28,0.630,0,1.0,4.957539,0
275,29,0.603,0,1.0,4.4217873,0
275,30,0.569,0,1.0,4.116941,0
275,31,0.570,0,1.0,1.8707596,0
275,32,0.555,0,1.0,3.885655,0
275,33,0.528,0,1.0,4.647715,0
275,34,0.529,0,1.0,5.59698,0
275,35,0.494,0,1.0,4.796235,0
275,36,0.490,2,-0.05,3.988202,0
275,37,0.481,0,1.0,4.516026,0
275,38,0.474,0,1.0,4.711209,0
275,39,0.477,0,1.0,4.541575,0
275,40,0.469,2,-0.05,4.190645,0
275,41,0.462,0,1.0,7.2734337,0
275,42,0.456,0,1.0,4.742469,0
275,43,0.468,1,-0.05,4.842495,0
275,44,0.458,0,1.0,6.2730985,0
275,45,0.445,0,1.0,4.1460342,0
275,46,0.445,0,1.0,4.393113,0
275,47,0.449,0,1.0,5.4156504,0
275,48,0.438,0,1.0,6.4039674,0
275,49,0.423,0,1.0,7.6730385,0
275,50,0.422,0,1.0,5.3051534,0
275,51,0.407,0,1.0,4.191475,0
275,52,0.399,2,-0.05,6.560878,0
275,53,0.401,2,-0.05,6.6756663,0
275,54,0.394,2,-0.05,5.851482,0
275,55,0.395,2,-0.05,3.9586859,0
275,56,0.373,1,-0.05,6.1525564,0
275,57,0.372,2,-0.05,4.065639,0
275,58,0.344,2,-0.05,2.364418,0
275,59,0.330,1,-0.05,0.5459394,0
275,60,0.304,0,1.0,0.5765808,0
275,61,0.223,2,-0.05,2.6723032,0
275,62,0.201,2,-0.05,-32.050694,0
275,63,0.188,2,-100.0,-38.361927,0
276,0,0.672,1,-0.05,4.463355,0
276,1,0.672,0,1.0,5.295034,0
276,2,0.650,0,1.0,4.6325397,0
276,3,0.633,0,1.0,4.575279,0
276,4,0.631,0,1.0,4.89946,0
276,5,0.613,0,1.0,4.852506,0
276,6,0.603,0,1.0,4.652309,0
276,7,0.585,1,-0.05,5.284231,0
276,8,0.590,2,-0.05,4.9684772,0
276,9,0.582,0,1.0,4.5659723,0
276,10,0.578,0,1.0,6.1689334,0
276,11,0.582,0,1.0,6.526902,0
276,12,0.587,2,-0.05,4.524705,0
276,13,0.584,0,1.0,6.998228,0
276,14,0.574,0,1.0,6.4634156,0
276,15,0.598,0,1.0,6.3243117,0
276,16,0.599,0,1.0,6.4768605,0
276,17,0.593,0,1.0,5.410392,0
276,18,0.608,0,1.0,6.38274,0
276,19,0.609,0,1.0,5.554176,0
276,20,0.614,0,1.0,6.1097507,0
276,21,0.627,0,1.0,5.329064,0
276,22,0.640,0,1.0,6.1574664,0
276,23,0.638,0,1.0,5.654475,0
276,24,0.647,0,1.0,6.7455745,0
276,25,0.659,0,1.0,4.5920153,0
276,26,0.667,0,1.0,4.7100844,0
276,27,0.669,2,-0.05,5.343576,0
276,28,0.681,0,1.0,3.5702863,0
276,29,0.702,0,1.0,3.2886698,0
276,30,0.706,0,1.0,3.7373784,0
276,31,0.701,0,1.0,2.7334275,0
276,32,0.675,0,1.0,2.4473863,0
276,33,0.661,0,1.0,5.165499,0
276,34,0.639,0,1.0,3.5648873,0
276,35,0.622,0,1.0,4.815991,0
276,36,0.617,2,-0.05,3.0258446,0
276,37,0.608,0,1.0,3.4415574,0
276,38,0.585,0,1.0,4.006747,0
276,39,0.572,0,1.0,4.3922315,0
276,40,0.572,2,-0.05,2.3076687,0
276,41,0.576,1,-0.05,4.778017,0
276,42,0.562,0,1.0,5.289773,0
276,43,0.579,2,-0.05,4.6295767,0
276,44,0.587,2,-0.05,3.345689,0
276,45,0.615,0,1.0,3.5305126,0
276,46,0.621,0,1.0,6.1474357,0
276,47,0.671,0,1.0,6.750414,0
276,48,0.698,0,1.0,5.251587,0
276,49,0.760,0,1.0,4.212757,0
276,50,0.680,0,1.0,5.231815,0
276,51,0.629,0,1.0,5.5466843,0
276,52,0.509,0,1.0,5.3810596,0
276,53,0.465,1,-0.05,1.2849236,0
276,54,0.426,1,-0.05,2.4429946,0
276,55,0.416,1,-0.05,-0.66957366,0
276,56,0.401,2,-0.05,-1.8912728,0
276,57,0.386,2,-0.05,0.1683809,0
276,58,0.366,1,-0.05,2.7680974,0
276,59,0.360,1,-0.05,2.540784,0
276,60,0.328,2,-0.05,-2.0909765,0
276,61,0.299,0,1.0,-6.1202445,0
276,62,0.225,2,-0.05,-5.6433787,0
276,63,0.217,2,-0.05,-30.300877,0
276,64,0.174,0,-100.0,-22.851452,0
277,0,0.665,0,1.0,5.193808,0
277,1,0.656,1,-0.05,2.892765,0
277,2,0.667,1,-0.05,2.254234,0
277,3,0.660,0,1.0,4.2101755,0
277,4,0.645,0,1.0,3.6328616,0
277,5,0.633,0,1.0,4.5516434,0
277,6,0.618,0,1.0,5.5688496,0
277,7,0.612,2,-0.05,4.410708,0
277,8,0.600,0,1.0,4.6543617,0
277,9,0.590,0,1.0,6.176786,0
277,10,0.581,0,1.0,5.7961617,0
277,11,0.562,0,1.0,5.649587,0
277,12,0.557,0,1.0,5.8714385,0
277,13,0.539,0,1.0,6.3863306,0
277,14,0.549,2,-0.05,5.010948,0
277,15,0.540,0,1.0,5.7137384,0
277,16,0.538,0,1.0,6.920449,0
277,17,0.528,0,1.0,5.9326086,0
277,18,0.537,0,1.0,6.770915,0
277,19,0.538,1,-0.05,4.3446584,0
277,20,0.532,0,1.0,5.1886683,0
277,21,0.515,0,1.0,3.9777615,0
277,22,0.502,0,1.0,4.4491453,0
277,23,0.500,0,1.0,6.1655536,0
277,24,0.498,0,1.0,5.356797,0
277,25,0.484,0,1.0,5.44378,0
277,26,0.476,0,1.0,5.5688534,0
277,27,0.456,0,1.0,4.476246,0
277,28,0.454,0,1.0,4.459109,0
277,29,0.442,0,1.0,3.6016672,0
277,30,0.432,0,1.0,3.266513,0
277,31,0.430,0,1.0,4.7867746,0
277,32,0.412,1,-0.05,4.904642,0
277,33,0.397,0,1.0,6.652739,0
277,34,0.396,0,1.0,6.7629776,0
277,35,0.360,0,1.0,7.496215,0
277,36,0.361,0,1.0,5.3202095,0
277,37,0.329,0,1.0,6.040068,0
277,38,0.323,2,-0.05,2.0933409,0
277,39,0.322,2,-0.05,0.2997707,0
277,40,0.307,2,-0.05,2.7593613,0
277,41,0.305,2,-0.05,4.0448446,0
277,42,0.305,0,1.0,7.3930964,0
277,43,0.312,2,-0.05,10.332694,0
277,44,0.327,0,1.0,10.075218,0
277,45,0.342,2,-0.05,8.735339,0
277,46,0.365,2,-0.05,7.6142144,0
277,47,0.361,2,-0.05,3.8128984,0
277,48,0.381,0,1.0,2.0456765,0
277,49,0.421,0,1.0,1.6109577,0
277,50,0.508,0,1.0,0.6196047,0
277,51,0.521,1,-0.05,2.4366202,0
277,52,0.539,0,1.0,2.7466063,0
277,53,0.563,0,1.0,4.298421,0
277,54,0.632,2,-0.05,7.31254,0
277,55,0.626,2,-0.05,8.646938,0
277,56,0.637,2,-0.05,4.5796347,0
277,57,0.642,2,-0.05,3.2858346,0
277,58,0.628,1,-0.05,2.3368917,0
277,59,0.621,1,-0.05,2.6480336,0
277,60,0.615,2,-0.05,2.8123567,0
277,61,0.609,1,-0.05,3.2006426,0
277,62,0.594,1,-0.05,2.0417185,0
277,63,0.577,2,-0.05,7.9592676,0
277,64,0.568,2,-0.05,6.821275,0
277,65,0.552,1,-0.05,5.228298,0
277,66,0.521,1,-0.05,5.7727814,0
277,67,0.530,2,-0.05,8.601216,0
277,68,0.508,2,-0.05,8.045771,0
277,69,0.498,2,-0.05,4.937292,0
277,70,0.493,1,-0.05,4.879368,0
277,71,0.468,1,-0.05,4.460476,0
277,72,0.464,2,-0.05,4.4395447,0
277,73,0.445,1,-0.05,4.853946,0
277,74,0.432,1,-0.05,5.486719,0
277,75,0.416,1,-0.05,4.940756,0
277,76,0.407,1,-0.05,5.5882425,0
277,77,0.368,0,1.0,3.9188929,0
277,78,0.290,2,-0.05,0.01087594,0
277,79,0.285,2,-0.05,-13.089212,0
277,80,0.252,2,-0.05,-3.2869701,0
277,81,0.248,1,-0.05,-21.07271,0
277,82,0.204,0,1.0,-16.014328,0
277,83,0.127,2,-100.0,-66.69689,0
278,0,0.663,0,1.0,6.8409114,0
278,1,0.674,0,1.0,5.741656,0
278,2,0.670,0,1.0,6.736193,0
278,3,0.662,0,1.0,6.407778,0
278,4,0.681,0,1.0,5.3926153,0
278,5,0.665,0,1.0,5.6184874,0
278,6,0.669,0,1.0,4.9868293,0
278,7,0.667,0,1.0,5.567836,0
278,8,0.686,0,1.0,5.7434974,0
278,9,0.687,0,1.0,5.543996,0
278,10,0.687,0,1.0,7.5764146,0
278,11,0.704,0,1.0,6.7393823,0
278,12,0.692,0,1.0,5.2223425,0
278,13,0.705,0,1.0,6.4368067,0
278,14,0.705,0,1.0,4.5427485,0
278,15,0.697,0,1.0,4.9594793,0
278,16,0.705,2,-0.05,7.2401204,0
278,17,0.692,2,-0.05,5.1239085,0
278,18,0.704,0,1.0,5.9448943,0
278,19,0.679,0,1.0,4.351538,0
278,20,0.677,0,1.0,4.530368,0
278,21,0.643,0,1.0,6.174669,0
278,22,0.626,0,1.0,4.1735067,0
278,23,0.612,0,1.0,4.6634007,0
278,24,0.589,0,1.0,3.9436414,0
278,25,0.570,0,1.0,4.7853403,0
278,26,0.555,0,1.0,3.4175913,0
278,27,0.535,0,1.0,2.6157432,0
278,28,0.506,0,1.0,3.5682838,0
278,29,0.490,0,1.0,3.0867834,0
278,30,0.452,0,1.0,4.0718513,0
278,31,0.459,0,1.0,1.1448481,0
278,32,0.428,2,-0.05,1.5911418,0
278,33,0.426,0,1.0,1.6668998,0
278,34,0.387,0,1.0,1.1394291,0
278,35,0.370,1,-0.05,2.4648886,0
278,36,0.365,0,1.0,5.1758122,0
278,37,0.339,0,1.0,2.3043997,0
278,38,0.332,0,1.0,4.6627326,0
278,39,0.361,0,1.0,4.020871,0
278,40,0.384,1,-0.05,5.564828,0
278,41,0.399,0,1.0,5.1622806,0
278,42,0.445,0,1.0,4.6636357,0
278,43,0.520,0,1.0,4.8301344,0
278,44,0.607,0,1.0,3.255035,0
278,45,0.655,0,1.0,4.103737,0
278,46,0.698,0,1.0,2.6892304,0
278,47,0.581,0,1.0,1.5650283,0
278,48,0.534,1,-0.05,2.0138736,0
278,49,0.478,0,1.0,0.87638676,0
278,50,0.418,0,1.0,-5.9370813,0
278,51,0.293,0,1.0,-8.724003,0
278,52,0.219,2,-0.05,-44.69461,0
278,53,0.210,2,-0.05,-85.85518,0
278,54,0.184,2,-100.0,-93.850174,0
279,0,0.663,0,1.0,6.1025968,0
279,1,0.673,2,-0.05,6.73763,0
279,2,0.668,0,1.0,5.271893,0
279,3,0.669,0,1.0,7.167936,0
279,4,0.693,1,-0.05,6.199557,0
279,5,0.691,1,-0.05,4.8351593,0
279,6,0.695,0,1.0,5.5061555,0
279,7,0.675,0,1.0,5.864467,0
279,8,0.689,2,-0.05,4.524105,0
279,9,0.668,0,1.0,3.8599281,0
279,10,0.670,0,1.0,5.9426603,0
279,11,0.671,0,1.0,6.017469,0
279,12,0.669,0,1.0,4.721029,0
279,13,0.674,1,-0.05,3.2229767,0
279,14,0.664,0,1.0,5.0552053,0
279,15,0.674,0,1.0,5.8634973,0
279,16,0.661,0,1.0,5.182148,0
279,17,0.649,0,1.0,5.0590167,0
279,18,0.630,0,1.0,3.8921428,0
279,19,0.632,0,1.0,5.0952992,0
279,20,0.628,0,1.0,3.9999537,0
279,21,0.619,0,1.0,5.4881973,0
279,22,0.602,0,1.0,4.339364,0
279,23,0.595,0,1.0,3.4745736,0
279,24,0.600,2,-0.05,4.239522,0
279,25,0.584,2,-0.05,4.089569,0
279,26,0.583,0,1.0,3.7749453,0
279,27,0.590,0,1.0,5.290575,0
279,28,0.610,0,1.0,3.9130974,0
279,29,0.620,0,1.0,5.5216994,0
279,30,0.620,0,1.0,5.515402,0
279,31,0.642,0,1.0,4.2859077,0
279,32,0.649,0,1.0,4.048531,0
279,33,0.654,2,-0.05,4.397764,0
279,34,0.654,0,1.0,5.461459,0
279,35,0.663,2,-0.05,3.1939237,0
279,36,0.676,0,1.0,4.2672043,0
279,37,0.681,0,1.0,3.4165268,0
279,38,0.700,0,1.0,3.6410513,0
279,39,0.682,0,1.0,5.314886,0
279,40,0.645,0,1.0,4.9522924,0
279,41,0.592,0,1.0,4.610566,0
279,42,0.594,0,1.0,4.406893,0
279,43,0.591,0,1.0,4.6166162,0
279,44,0.611,0,1.0,6.7157893,0
279,45,0.641,0,1.0,7.09855,0
279,46,0.680,0,1.0,6.075989,0
279,47,0.714,0,1.0,3.5380433,0
279,48,0.794,0,1.0,5.494437,0
279,49,0.743,0,1.0,6.844513,0
279,50,0.627,0,1.0,6.3774385,0
279,51,0.506,0,1.0,6.3828826,0
279,52,0.449,0,1.0,3.9943798,0
279,53,0.363,2,-0.05,4.2494326,0
279,54,0.335,0,1.0,0.59367126,0
279,55,0.267,2,-0.05,1.6021091,0
279,56,0.247,1,-0.05,-13.275181,0
279,57,0.232,2,-0.05,-21.557783,0
279,58,0.214,2,-0.05,-27.64371,0
279,59,0.196,1,-100.0,-58.521606,0
280,0,0.663,0,1.0,5.2406864,0
280,1,0.669,0,1.0,5.6021047,0
280,2,0.658,0,1.0,3.962145,0
280,3,0.657,1,-0.05,6.3516374,0
280,4,0.658,0,1.0,6.201216,0
280,5,0.640,0,1.0,4.4566507,0
280,6,0.636,0,1.0,5.1832047,0
280,7,0.630,0,1.0,3.9737282,0
280,8,0.616,0,1.0,5.4313273,0
280,9,0.601,0,1.0,4.5931892,0
280,10,0.580,0,1.0,5.5778275,0
280,11,0.567,0,1.0,4.941088,0
280,12,0.563,0,1.0,5.254933,0
280,13,0.535,0,1.0,4.2424183,0
280,14,0.538,1,-0.05,6.275257,0
280,15,0.539,0,1.0,4.8014665,0
280,16,0.518,2,-0.05,5.762304,0
280,17,0.522,1,-0.05,5.164893,0
280,18,0.500,0,1.0,4.971224,0
280,19,0.488,0,1.0,4.236635,0
280,20,0.459,1,-0.05,3.8304944,0
280,21,0.440,0,1.0,4.673272,0
280,22,0.399,0,1.0,4.0120296,0
280,23,0.358,0,1.0,2.3936744,0
280,24,0.314,1,-0.05,2.539827,0
280,25,0.304,0,1.0,2.182887,0
280,26,0.279,1,-0.05,2.4527404,0
280,27,0.255,1,-0.05,2.4232411,0
280,28,0.247,1,-0.05,2.2226434,0
280,29,0.248,1,-0.05,-15.171196,0
280,30,0.232,2,-0.05,-26.98381,0
280,31,0.232,1,-0.05,-31.232513,0
280,32,0.210,1,-0.05,-40.729668,0
280,33,0.203,0,1.0,-71.568855,0
280,34,0.120,2,-100.0,-86.81857,0
281,0,0.663,0,1.0,6.295399,0
281,1,0.674,0,1.0,7.076991,0
281,2,0.670,0,1.0,5.383001,0
281,3,0.662,2,-0.05,7.1565013,0
281,4,0.683,0,1.0,4.988069,0
281,5,0.682,0,1.0,5.5773044,0
281,6,0.697,0,1.0,7.7948594,0
281,7,0.701,0,1.0,5.581569,0
281,8,0.693,0,1.0,7.103201,0
281,9,0.668,0,1.0,5.382265,0
281,10,0.677,1,-0.05,5.09547,0
281,11,0.667,2,-0.05,6.787912,0
281,12,0.663,0,1.0,5.884711,0
281,13,0.632,0,1.0,5.118682,0
281,14,0.615,0,1.0,6.7948546,0
281,15,0.583,0,1.0,6.370269,0
281,16,0.574,0,1.0,5.091861,0
281,17,0.543,2,-0.05,6.524796,0
281,18,0.524,0,1.0,6.4184875,0
281,19,0.500,2,-0.05,3.1183217,0
281,20,0.480,0,1.0,4.5283723,0
281,21,0.425,0,1.0,3.643132,0
281,22,0.405,0,1.0,3.9773035,0
281,23,0.339,0,1.0,3.4612901,0
281,24,0.315,0,1.0,1.7995099,0
281,25,0.284,1,-0.05,-0.01502192,0
281,26,0.270,1,-0.05,-6.1954203,0
281,27,0.264,2,-0.05,-6.596668,0
281,28,0.262,2,-0.05,-7.9715266,0
281,29,0.251,0,1.0,-20.124846,0
281,30,0.193,2,-100.0,-37.886753,0
282,0,0.663,0,1.0,6.0822673,0
282,1,0.674,0,1.0,5.4320474,0
282,2,0.670,0,1.0,6.52971,0
282,3,0.662,0,1.0,5.050131,0
282,4,0.681,0,1.0,6.0844636,0
282,5,0.676,0,1.0,5.8453126,0
282,6,0.681,0,1.0,6.1815214,0
282,7,0.693,1,-0.05,4.603271,0
282,8,0.689,1,-0.05,5.440447,0
282,9,0.673,0,1.0,5.26141,0
282,10,0.668,0,1.0,4.6519275,0
282,11,0.655,1,-0.05,4.0026636,0
282,12,0.648,0,1.0,3.9135885,0
282,13,0.626,0,1.0,4.8588715,0
282,14,0.602,2,-0.05,3.6759927,0
282,15,0.594,0,1.0,3.6130495,0
282,16,0.587,0,1.0,4.8993354,0
282,17,0.560,0,1.0,5.2298913,0
282,18,0.547,0,1.0,3.4720714,0
282,19,0.530,1,-0.05,4.5213075,0
282,20,0.533,0,1.0,5.0095453,0
282,21,0.498,0,1.0,3.9955044,0
282,22,0.469,0,1.0,4.6731186,0
282,23,0.445,0,1.0,3.3233051,0
282,24,0.424,0,1.0,3.76939,0
282,25,0.400,0,1.0,5.111339,0
282,26,0.375,1,-0.05,4.426485,0
282,27,0.360,0,1.0,2.7975006,0
282,28,0.338,0,1.0,3.3548403,0
282,29,0.292,0,1.0,1.5016638,0
282,30,0.266,0,1.0,1.5725513,0
282,31,0.238,1,-0.05,1.4848448,0
282,32,0.233,1,-0.05,-8.913134,0
282,33,0.223,2,-0.05,-32.007324,0
282,34,0.219,1,-0.05,-38.67531,0
282,35,0.204,1,-0.05,-46.71694,0
282,36,0.208,1,-0.05,-46.50318,0
282,37,0.195,1,-100.0,-38.86321,0
283,0,0.663,0,1.0,5.8050284,0
283,1,0.658,0,1.0,5.3232255,0
283,2,0.654,0,1.0,4.8022065,0
283,3,0.657,1,-0.05,4.7768106,0
283,4,0.667,0,1.0,6.3112135,0
283,5,0.655,0,1.0,5.4566383,0
283,6,0.634,0,1.0,3.8759723,0
283,7,0.608,0,1.0,5.273341,0
283,8,0.608,0,1.0,5.3771567,0
283,9,0.590,0,1.0,4.749247,0
283,10,0.577,0,1.0,4.5229607,0
283,11,0.564,0,1.0,5.2135253,0
283,12,0.545,0,1.0,6.2827854,0
283,13,0.527,0,1.0,4.8168397,0
283,14,0.513,0,1.0,4.598753,0
283,15,0.523,1,-0.05,5.9622297,0
283,16,0.523,0,1.0,4.0082774,0
283,17,0.497,0,1.0,4.919551,0
283,18,0.473,0,1.0,5.3680577,0
283,19,0.453,0,1.0,4.573038,0
283,20,0.438,0,1.0,4.0918937,0
283,21,0.416,2,-0.05,5.0956497,0
283,22,0.414,0,1.0,4.409631,0
283,23,0.390,0,1.0,3.852504,0
283,24,0.373,2,-0.05,5.63676,0
283,25,0.382,0,1.0,3.2235904,0
283,26,0.360,0,1.0,5.771317,0
283,27,0.370,0,1.0,4.5955925,0
283,28,0.372,0,1.0,3.5960379,0
283,29,0.362,0,1.0,4.2889147,0
283,30,0.368,0,1.0,4.352738,0
283,31,0.346,0,1.0,4.438025,0
283,32,0.348,0,1.0,5.1475906,0
283,33,0.349,2,-0.05,6.8938246,0
283,34,0.342,0,1.0,5.433369,0
283,35,0.356,0,1.0,3.264012,0
283,36,0.370,0,1.0,4.8988714,0
283,37,0.367,0,1.0,8.332613,0
283,38,0.371,0,1.0,6.7736955,0
283,39,0.369,2,-0.05,6.178558,0
283,40,0.366,0,1.0,5.7033005,0
283,41,0.398,2,-0.05,6.406005,0
283,42,0.400,0,1.0,5.7965956,0
283,43,0.409,2,-0.05,8.836815,0
283,44,0.423,2,-0.05,7.9163013,0
283,45,0.422,2,-0.05,6.004996,0
283,46,0.423,2,-0.05,2.3672075,0
283,47,0.427,1,-0.05,2.429641,0
283,48,0.443,1,-0.05,1.9453224,0
283,49,0.458,2,-0.05,3.5939527,0
283,50,0.454,2,-0.05,2.179871,0
283,51,0.468,1,-0.05,2.029376,0
283,52,0.475,2,-0.05,2.6701937,0
283,53,0.477,1,-0.05,0.88369995,0
283,54,0.489,2,-0.05,1.2585496,0
283,55,0.503,1,-0.05,3.0116735,0
283,56,0.494,2,-0.05,2.1470098,0
283,57,0.514,2,-0.05,0.77664316,0
283,58,0.523,1,-0.05,0.8078778,0
283,59,0.567,0,1.0,1.2444646,0
283,60,0.601,0,1.0,3.0953166,0
283,61,0.638,2,-0.05,5.3664804,0
283,62,0.651,2,-0.05,7.7167706,0
283,63,0.654,2,-0.05,2.2842808,0
283,64,0.641,1,-0.05,1.4174385,0
283,65,0.650,1,-0.05,1.1811674,0
283,66,0.630,1,-0.05,3.0407465,0
283,67,0.595,2,-0.05,7.0298195,0
283,68,0.586,2,-0.05,6.9406137,0
283,69,0.586,1,-0.05,3.215084,0
283,70,0.562,2,-0.05,4.153202,0
283,71,0.548,1,-0.05,4.84708,0
283,72,0.558,1,-0.05,5.1321607,0
283,73,0.524,1,-0.05,4.4566483,0
283,74,0.508,2,-0.05,6.313062,0
283,75,0.508,1,-0.05,5.4369884,0
283,76,0.448,0,1.0,4.2026463,0
283,77,0.388,0,1.0,4.6658454,0
283,78,0.265,0,1.0,3.470939,0
283,79,0.207,2,-0.05,-21.637434,0
283,80,0.179,2,-100.0,-70.58381,0
284,0,0.663,0,1.0,5.7114735,0
284,1,0.673,2,-0.05,5.9928093,0
284,2,0.665,0,1.0,6.948134,0
284,3,0.668,0,1.0,5.8179355,0
284,4,0.698,0,1.0,6.2572894,0
284,5,0.696,1,-0.05,5.9828467,0
284,6,0.701,1,-0.05,7.5523505,0
284,7,0.698,0,1.0,3.9721153,0
284,8,0.695,0,1.0,5.0832553,0
284,9,0.685,0,1.0,5.0944257,0
284,10,0.683,0,1.0,5.0776215,0
284,11,0.674,1,-0.05,4.720637,0
284,12,0.672,1,-0.05,1.9190234,0
284,13,0.676,1,-0.05,4.0975304,0
284,14,0.651,0,1.0,4.3810997,0
284,15,0.642,1,-0.05,3.118203,0
284,16,0.617,0,1.0,3.6992333,0
284,17,0.592,0,1.0,1.8680898,0
284,18,0.549,1,-0.05,2.9392858,0
284,19,0.533,1,-0.05,3.681437,0
284,20,0.519,0,1.0,3.65342,0
284,21,0.468,0,1.0,3.8684936,0
284,22,0.403,1,-0.05,2.0745316,0
284,23,0.407,1,-0.05,3.3412826,0
284,24,0.404,1,-0.05,1.10372,0
284,25,0.391,0,1.0,-1.3565717,0
284,26,0.319,1,-0.05,-2.9542344,0
284,27,0.301,2,-0.05,-9.455109,0
284,28,0.292,1,-0.05,-11.658686,0
284,29,0.279,1,-0.05,-16.523035,0
284,30,0.275,1,-0.05,-25.22901,0
284,31,0.260,1,-0.05,-22.216663,0
284,32,0.252,1,-0.05,-46.873882,0
284,33,0.217,1,-0.05,-48.85548,0
284,34,0.202,2,-0.05,-56.890236,0
284,35,0.198,2,-100.0,-69.35482,0
285,0,0.663,0,1.0,6.1184125,0
285,1,0.663,0,1.0,5.728675,0
285,2,0.676,0,1.0,5.145258,0
285,3,0.673,0,1.0,5.8463874,0
285,4,0.686,0,1.0,4.510053,0
285,5,0.667,0,1.0,6.2957287,0
285,6,0.668,0,1.0,5.919538,0
285,7,0.682,0,1.0,6.2281656,0
285,8,0.696,2,-0.05,4.290636,0
285,9,0.686,0,1.0,3.4640331,0
285,10,0.689,1,-0.05,6.592058,0
285,11,0.704,1,-0.05,6.056748,0
285,12,0.699,1,-0.05,4.9165716,0
285,13,0.703,2,-0.05,5.1567683,0
285,14,0.692,0,1.0,4.736575,0
285,15,0.699,1,-0.05,6.0065856,0
285,16,0.701,0,1.0,5.8468,0
285,17,0.705,0,1.0,5.5576553,0
285,18,0.704,1,-0.05,3.9453282,0
285,19,0.699,0,1.0,4.2898316,0
285,20,0.700,0,1.0,5.619073,0
285,21,0.690,0,1.0,4.5997877,0
285,22,0.677,1,-0.05,4.9506054,0
285,23,0.668,0,1.0,3.9256487,0
285,24,0.665,0,1.0,3.5491881,0
285,25,0.645,1,-0.05,2.1980934,0
285,26,0.624,0,1.0,3.5866065,0
285,27,0.602,0,1.0,3.4505043,0
285,28,0.569,0,1.0,4.546764,0
285,29,0.545,0,1.0,3.2331498,0
285,30,0.517,0,1.0,4.0788445,0
285,31,0.480,0,1.0,3.4231777,0
285,32,0.464,0,1.0,5.496939,0
285,33,0.420,0,1.0,5.7993426,0
285,34,0.386,0,1.0,4.590518,0
285,35,0.382,1,-0.05,5.012828,0
285,36,0.383,1,-0.05,3.8383052,0
285,37,0.377,2,-0.05,3.3351767,0
285,38,0.366,2,-0.05,3.6614988,0
285,39,0.372,1,-0.05,5.5390196,0
285,40,0.345,2,-0.05,5.474317,0
285,41,0.355,2,-0.05,6.310122,0
285,42,0.354,2,-0.05,4.8529873,0
285,43,0.344,2,-0.05,4.011233,0
285,44,0.338,0,1.0,3.2662785,0
285,45,0.358,0,1.0,1.6016896,0
285,46,0.352,2,-0.05,2.102611,0
285,47,0.374,0,1.0,1.9068198,0
285,48,0.405,0,1.0,2.530756,0
285,49,0.407,0,1.0,1.1979578,0
285,50,0.417,2,-0.05,2.0727391,0
285,51,0.425,1,-0.05,3.717068,0
285,52,0.443,0,1.0,4.9894385,0
285,53,0.451,1,-0.05,2.689127,0
285,54,0.453,2,-0.05,4.7679534,0
285,55,0.455,2,-0.05,4.657735,0
285,56,0.452,0,1.0,5.925046,0
285,57,0.472,2,-0.05,5.6037626,0
285,58,0.478,2,-0.05,6.310241,0
285,59,0.500,0,1.0,-0.108069226,0
285,60,0.528,1,-0.05,0.052806973,0
285,61,0.547,1,-0.05,0.82049716,0
285,62,0.560,1,-0.05,5.961014,0
285,63,0.562,2,-0.05,5.5821943,0
285,64,0.568,0,1.0,7.0346756,0
285,65,0.603,2,-0.05,5.6423903,0
285,66,0.612,2,-0.05,4.4576607,0
285,67,0.626,0,1.0,0.29351315,0
285,68,0.675,1,-0.05,-0.18993318,0
285,69,0.684,1,-0.05,0.6385511,0
285,70,0.689,1,-0.05,1.782541,0
285,71,0.705,2,-0.05,6.0313907,0
285,72,0.702,2,-0.05,5.8219595,0
285,73,0.673,1,-0.05,1.7122471,0
285,74,0.671,2,-0.05,3.100839,0
285,75,0.661,1,-0.05,1.9159214,0
285,76,0.651,1,-0.05,1.6376305,0
285,77,0.649,1,-0.05,5.3770113,0
285,78,0.598,0,1.0,5.803729,0
285,79,0.491,0,1.0,7.4439497,0
285,80,0.438,2,-0.05,7.701537,0
285,81,0.393,0,1.0,6.2100477,0
285,82,0.348,1,-0.05,4.7780404,0
285,83,0.308,1,-0.05,4.089641,0
285,84,0.257,0,1.0,2.9295235,0
285,85,0.217,2,-0.05,-24.98289,0
285,86,0.184,2,-100.0,-65.66136,0
286,0,0.662,0,1.0,5.912726,0
286,1,0.669,0,1.0,7.771085,0
286,2,0.670,0,1.0,4.280879,0
286,3,0.679,0,1.0,5.796953,0
286,4,0.667,0,1.0,6.786744,0
286,5,0.669,0,1.0,5.0577917,0
286,6,0.680,0,1.0,5.871689,0
286,7,0.683,0,1.0,5.560503,0
286,8,0.686,0,1.0,5.1777067,0
286,9,0.691,0,1.0,4.7649984,0
286,10,0.701,0,1.0,6.282535,0
286,11,0.682,0,1.0,5.9586115,0
286,12,0.693,0,1.0,5.393974,0
286,13,0.678,0,1.0,4.8489656,0
286,14,0.693,1,-0.05,4.0360084,0
286,15,0.686,0,1.0,4.5978465,0
286,16,0.692,0,1.0,4.115353,0
286,17,0.681,0,1.0,5.259771,0
286,18,0.682,2,-0.05,5.0625005,0
286,19,0.668,0,1.0,4.173537,0
286,20,0.684,2,-0.05,4.7315702,0
286,21,0.679,0,1.0,5.8279448,0
286,22,0.680,0,1.0,5.737568,0
286,23,0.706,0,1.0,3.859093,0
286,24,0.684,0,1.0,4.3850727,0
286,25,0.683,0,1.0,4.081897,0
286,26,0.669,0,1.0,5.51298,0
286,27,0.668,0,1.0,4.4580436,0
286,28,0.654,1,-0.05,3.9134614,0
286,29,0.653,0,1.0,1.6317753,0
286,30,0.646,1,-0.05,3.3562336,0
286,31,0.638,0,1.0,3.9600215,0
286,32,0.636,0,1.0,3.9370584,0
286,33,0.654,0,1.0,3.8042018,0
286,34,0.655,1,-0.05,2.5498238,0
286,35,0.660,0,1.0,4.3166428,0
286,36,0.678,0,1.0,2.256092,0
286,37,0.674,1,-0.05,2.9581559,0
286,38,0.696,0,1.0,3.1564138,0
286,39,0.705,0,1.0,1.7192304,0
286,40,0.682,2,-0.05,3.0596583,0
286,41,0.666,0,1.0,4.208424,0
286,42,0.678,2,-0.05,2.4388506,0
286,43,0.674,2,-0.05,4.71705,0
286,44,0.666,2,-0.05,3.6745563,0
286,45,0.672,0,1.0,5.0699506,0
286,46,0.678,2,-0.05,4.9866433,0
286,47,0.670,0,1.0,5.4046774,0
286,48,0.713,0,1.0,7.5171247,0
286,49,0.729,0,1.0,7.343137,0
286,50,0.760,0,1.0,7.0965977,0
286,51,0.777,1,-0.05,7.3502917,0
286,52,0.708,0,1.0,6.3763995,0
286,53,0.601,0,1.0,5.593885,0
286,54,0.541,2,-0.05,4.7953053,0
286,55,0.507,0,1.0,4.4060917,0
286,56,0.392,0,1.0,7.7109265,0
286,57,0.321,1,-0.05,2.1454835,0
286,58,0.319,2,-0.05,-4.2316647,0
286,59,0.302,1,-0.05,-8.625294,0
286,60,0.240,0,1.0,-14.693861,0
286,61,0.187,2,-100.0,-57.775772,0
287,0,0.666,0,1.0,5.4762135,0
287,1,0.674,0,1.0,5.501062,0
287,2,0.670,0,1.0,5.52296,0
287,3,0.685,0,1.0,5.897632,0
287,4,0.681,2,-0.05,3.78901,0
287,5,0.670,0,1.0,5.7076635,0
287,6,0.697,0,1.0,6.510872,0
287,7,0.698,0,1.0,6.339439,0
287,8,0.706,0,1.0,7.221883,0
287,9,0.692,0,1.0,6.1726084,0
287,10,0.673,2,-0.05,6.646337,0
287,11,0.679,0,1.0,6.426522,0
287,12,0.652,0,1.0,5.58633,0
287,13,0.622,0,1.0,5.3101573,0
287,14,0.615,1,-0.05,5.1704626,0
287,15,0.607,0,1.0,5.6836596,0
287,16,0.593,1,-0.05,5.7162104,0
287,17,0.570,0,1.0,6.152993,0
287,18,0.574,1,-0.05,3.2800603,0
287,19,0.575,2,-0.05,2.8447149,0
287,20,0.587,2,-0.05,5.367907,0
287,21,0.587,2,-0.05,5.768569,0
287,22,0.568,0,1.0,5.272788,0
287,23,0.549,2,-0.05,5.843169,0
287,24,0.540,0,1.0,6.1928296,0
287,25,0.516,2,-0.05,4.7629476,0
287,26,0.483,0,1.0,3.8056061,0
287,27,0.462,1,-0.05,3.7557902,0
287,28,0.426,0,1.0,3.769268,0
287,29,0.376,0,1.0,2.9614,0
287,30,0.356,2,-0.05,2.9259973,0
287,31,0.341,0,1.0,1.9833332,0
287,32,0.307,0,1.0,-0.9945812,0
287,33,0.249,1,-0.05,-3.8889065,0
287,34,0.216,0,1.0,-43.59892,0
287,35,0.209,2,-0.05,-56.270737,0
287,36,0.190,2,-100.0,-70.3631,0
288,0,0.666,0,1.0,6.471654,0
288,1,0.673,1,-0.05,5.9838367,0
288,2,0.664,2,-0.05,4.6381836,0
288,3,0.665,2,-0.05,3.7579622,0
288,4,0.665,2,-0.05,4.930201,0
288,5,0.682,0,1.0,4.575211,0
288,6,0.690,0,1.0,4.2211037,0
288,7,0.677,0,1.0,4.7088304,0
288,8,0.649,0,1.0,4.6222115,0
288,9,0.603,0,1.0,4.2803383,0
288,10,0.576,0,1.0,4.495487,0
288,11,0.534,0,1.0,5.53573,0
288,12,0.518,1,-0.05,4.552848,0
288,13,0.501,0,1.0,4.7245836,0
288,14,0.475,0,1.0,4.615672,0
288,15,0.453,0,1.0,4.573513,0
288,16,0.431,1,-0.05,3.1572769,0
288,17,0.412,0,1.0,4.249914,0
288,18,0.391,1,-0.05,4.4940166,0
288,19,0.398,1,-0.05,6.1521993,0
288,20,0.392,1,-0.05,5.335533,0
288,21,0.393,0,1.0,4.9772267,0
288,22,0.399,0,1.0,5.397294,0
288,23,0.413,0,1.0,4.7428126,0
288,24,0.426,0,1.0,5.37048,0
288,25,0.408,1,-0.05,5.820523,0
288,26,0.423,0,1.0,3.979471,0
288,27,0.448,0,1.0,4.686097,0
288,28,0.454,0,1.0,5.0899653,0
288,29,0.484,0,1.0,3.8094435,0
288,30,0.497,0,1.0,3.162188,0
288,31,0.504,1,-0.05,3.1829445,0
288,32,0.510,2,-0.05,1.4712029,0
288,33,0.520,0,1.0,4.180458,0
288,34,0.517,0,1.0,3.698697,0
288,35,0.523,0,1.0,3.2720747,0
288,36,0.523,0,1.0,4.3193197,0
288,37,0.527,2,-0.05,1.9924288,0
288,38,0.523,2,-0.05,4.0828676,0
288,39,0.528,0,1.0,2.4666767,0
288,40,0.496,0,1.0,2.0294662,0
288,41,0.488,0,1.0,2.1854439,0
288,42,0.485,0,1.0,2.723202,0
288,43,0.463,0,1.0,2.72409,0
288,44,0.443,2,-0.05,2.3999078,0
288,45,0.452,0,1.0,3.826191,0
288,46,0.421,0,1.0,5.4631205,0
288,47,0.402,2,-0.05,3.5544112,0
288,48,0.388,0,1.0,3.8438988,0
288,49,0.389,0,1.0,5.785212,0
288,50,0.381,0,1.0,3.5591617,0
288,51,0.419,0,1.0,4.398451,0
288,52,0.477,0,1.0,5.9965806,0
288,53,0.524,0,1.0,7.176919,0
288,54,0.565,2,-0.05,6.360737,0
288,55,0.606,1,-0.05,5.310628,0
288,56,0.599,1,-0.05,5.451179,0
288,57,0.618,0,1.0,4.793393,0
288,58,0.701,2,-0.05,2.311119,0
288,59,0.707,0,1.0,2.1050372,0
288,60,0.634,0,1.0,3.5610676,0
288,61,0.535,1,-0.05,3.5848813,0
288,62,0.512,0,1.0,2.7499752,0
288,63,0.413,0,1.0,1.8954014,0
288,64,0.323,2,-0.05,-6.4964914,0
288,65,0.311,2,-0.05,-28.484272,0
288,66,0.292,2,-0.05,-7.380564,0
288,67,0.276,2,-0.05,-5.1153,0
288,68,0.258,2,-0.05,-44.190147,0
288,69,0.248,1,-0.05,-74.99275,0
288,70,0.227,1,-0.05,-62.345825,0
288,71,0.219,2,-0.05,-48.7554,0
288,72,0.211,1,-0.05,-86.269,0
288,73,0.189,2,-100.0,-80.65875,0
289,0,0.658,0,1.0,5.797579,0
289,1,0.658,0,1.0,6.636672,0
289,2,0.670,0,1.0,5.8035913,0
289,3,0.680,0,1.0,5.4452214,0
289,4,0.680,0,1.0,5.4464097,0
289,5,0.678,2,-0.05,4.8404436,0
289,6,0.684,0,1.0,6.382094,0
289,7,0.696,0,1.0,5.712275,0
289,8,0.704,0,1.0,5.9567356,0
289,9,0.692,0,1.0,7.2899203,0
289,10,0.686,0,1.0,6.463173,0
289,11,0.666,1,-0.05,6.5609493,0
289,12,0.660,2,-0.05,6.1932955,0
289,13,0.669,0,1.0,6.6629753,0
289,14,0.632,0,1.0,5.8707466,0
289,15,0.615,1,-0.05,6.2996025,0
289,16,0.598,0,1.0,6.825491,0
289,17,0.583,2,-0.05,5.8641,0
289,18,0.585,0,1.0,5.5076303,0
289,19,0.556,0,1.0,6.18411,0
289,20,0.514,0,1.0,4.3656154,0
289,21,0.494,0,1.0,5.9263372,0
289,22,0.463,0,1.0,3.5517225,0
289,23,0.425,0,1.0,4.7167864,0
289,24,0.416,0,1.0,4.0738277,0
289,25,0.372,0,1.0,4.513278,0
289,26,0.342,1,-0.05,0.4431404,0
289,27,0.352,1,-0.05,0.48941004,0
289,28,0.345,1,-0.05,2.7886083,0
289,29,0.336,0,1.0,3.4604847,0
289,30,0.332,0,1.0,4.0626698,0
289,31,0.328,0,1.0,5.0983257,0
289,32,0.333,0,1.0,3.7408724,0
289,33,0.340,0,1.0,3.887371,0
289,34,0.346,0,1.0,3.3739898,0
289,35,0.358,0,1.0,3.621179,0
289,36,0.357,2,-0.05,3.4862585,0
289,37,0.367,0,1.0,3.7760956,0
289,38,0.351,0,1.0,1.9682741,0
289,39,0.346,0,1.0,3.1781666,0
289,40,0.354,0,1.0,3.324074,0
289,41,0.372,0,1.0,4.016098,0
289,42,0.378,2,-0.05,3.0987124,0
289,43,0.391,1,-0.05,1.4455011,0
289,44,0.414,0,1.0,3.6423693,0
289,45,0.483,2,-0.05,2.2903807,0
289,46,0.485,2,-0.05,3.1003432,0
289,47,0.527,0,1.0,3.060467,0
289,48,0.604,0,1.0,2.3964982,0
289,49,0.638,0,1.0,2.760316,0
289,50,0.747,0,1.0,2.2333872,0
289,51,0.632,0,1.0,1.2615161,0
289,52,0.578,0,1.0,2.6252985,0
289,53,0.458,0,1.0,2.046307,0
289,54,0.380,0,1.0,2.6041906,0
289,55,0.273,0,1.0,-0.7643516,0
289,56,0.196,2,-100.0,-23.756973,0
290,0,0.659,2,-0.05,4.26059,0
290,1,0.657,2,-0.05,5.6136208,0
290,2,0.676,0,1.0,5.886124,0
290,3,0.686,1,-0.05,5.342542,0
290,4,0.707,0,1.0,5.4003305,0
290,5,0.704,1,-0.05,4.752322,0
290,6,0.695,2,-0.05,6.0119586,0
290,7,0.696,0,1.0,5.977145,0
290,8,0.651,0,1.0,5.793355,0
290,9,0.636,0,1.0,5.02418,0
290,10,0.597,0,1.0,4.518513,0
290,11,0.604,0,1.0,5.573015,0
290,12,0.553,0,1.0,5.4558444,0
290,13,0.514,0,1.0,5.3274865,0
290,14,0.500,0,1.0,5.180732,0
290,15,0.462,0,1.0,3.772326,0
290,16,0.440,0,1.0,2.3162646,0
290,17,0.403,0,1.0,4.9615974,0
290,18,0.369,0,1.0,4.193038,0
290,19,0.353,0,1.0,3.479699,0
290,20,0.328,0,1.0,2.0539482,0
290,21,0.299,0,1.0,0.24176866,0
290,22,0.256,0,1.0,-0.8642571,0
290,23,0.236,1,-0.05,-3.3614151,0
290,24,0.230,2,-0.05,-5.3045716,0
290,25,0.226,2,-0.05,-10.923555,0
290,26,0.227,2,-0.05,-27.532434,0
290,27,0.227,2,-0.05,-53.724445,0
290,28,0.221,2,-0.05,-68.067276,0
290,29,0.194,1,-100.0,-81.69525,0
291,0,0.672,2,-0.05,5.8199286,0
291,1,0.657,1,-0.05,4.6762342,0
291,2,0.667,2,-0.05,5.006836,0
291,3,0.667,2,-0.05,3.99187,0
291,4,0.663,2,-0.05,4.42704,0
291,5,0.669,1,-0.05,5.4617314,0
291,6,0.680,0,1.0,4.072521,0
291,7,0.683,0,1.0,6.2986555,0
291,8,0.695,1,-0.05,6.658874,0
291,9,0.691,0,1.0,6.537966,0
291,10,0.698,0,1.0,5.286674,0
291,11,0.685,0,1.0,4.335758,0
291,12,0.694,0,1.0,5.319899,0
291,13,0.696,0,1.0,3.7025504,0
291,14,0.693,0,1.0,5.2048917,0
291,15,0.676,0,1.0,4.599969,0
291,16,0.678,0,1.0,4.8208804,0
291,17,0.682,1,-0.05,5.904144,0
291,18,0.685,0,1.0,4.8002963,0
291,19,0.677,1,-0.05,3.7309225,0
291,20,0.667,0,1.0,4.425852,0
291,21,0.644,0,1.0,3.030597,0
291,22,0.624,0,1.0,4.0958786,0
291,23,0.611,1,-0.05,4.2368965,0
291,24,0.589,0,1.0,4.034122,0
291,25,0.548,0,1.0,4.000188,0
291,26,0.533,0,1.0,5.1922207,0
291,27,0.487,0,1.0,4.7773685,0
291,28,0.466,2,-0.05,4.15751,0
291,29,0.452,0,1.0,3.9112027,0
291,30,0.431,1,-0.05,5.2465987,0
291,31,0.421,2,-0.05,2.4587865,0
291,32,0.406,0,1.0,5.53933,0
291,33,0.398,0,1.0,5.3932977,0
291,34,0.376,0,1.0,5.3572383,0
291,35,0.366,2,-0.05,4.491184,0
291,36,0.375,0,1.0,4.213981,0
291,37,0.367,0,1.0,3.4059105,0
291,38,0.349,0,1.0,4.4238234,0
291,39,0.349,0,1.0,2.6105835,0
291,40,0.366,0,1.0,6.4463315,0
291,41,0.365,0,1.0,6.028627,0
291,42,0.359,0,1.0,6.6097407,0
291,43,0.365,1,-0.05,3.6614995,0
291,44,0.354,1,-0.05,3.110434,0
291,45,0.363,0,1.0,4.7924314,0
291,46,0.335,2,-0.05,0.18487257,0
291,47,0.329,2,-0.05,1.5057814,0
291,48,0.322,2,-0.05,2.1782982,0
291,49,0.329,0,1.0,7.8019648,0
291,50,0.327,1,-0.05,4.48719,0
291,51,0.338,0,1.0,5.952823,0
291,52,0.333,1,-0.05,4.076437,0
291,53,0.311,1,-0.05,3.7366776,0
291,54,0.326,2,-0.05,3.0904903,0
291,55,0.328,0,1.0,4.9604897,0
291,56,0.314,0,1.0,5.1211357,0
291,57,0.320,0,1.0,5.446036,0
291,58,0.323,0,1.0,7.1803,0
291,59,0.320,0,1.0,7.1276174,0
291,60,0.319,1,-0.05,7.391334,0
291,61,0.314,1,-0.05,7.222135,0
291,62,0.315,0,1.0,5.004119,0
291,63,0.312,2,-0.05,7.606013,0
291,64,0.290,2,-0.05,5.5312786,0
291,65,0.299,2,-0.05,5.0032578,0
291,66,0.289,1,-0.05,2.096884,0
291,67,0.293,2,-0.05,5.860682,0
291,68,0.288,2,-0.05,3.659062,0
291,69,0.285,1,-0.05,3.0144825,0
291,70,0.299,2,-0.05,1.8291146,0
291,71,0.298,1,-0.05,0.8884146,0
291,72,0.272,2,-0.05,-3.7437458,0
291,73,0.267,2,-0.05,-2.7580423,0
291,74,0.265,1,-0.05,-4.850485,0
291,75,0.251,1,-0.05,-4.0175447,0
291,76,0.236,2,-0.05,-18.690613,0
291,77,0.212,2,-0.05,-31.535515,0
291,78,0.204,1,-0.05,-34.737476,0
291,79,0.192,1,-100.0,-39.14849,0
292,0,0.663,0,1.0,6.361872,0
292,1,0.669,0,1.0,5.54331,0
292,2,0.655,0,1.0,5.023694,0
292,3,0.648,0,1.0,5.6430516,0
292,4,0.660,0,1.0,5.664347,0
292,5,0.649,0,1.0,5.809857,0
292,6,0.640,0,1.0,5.7975764,0
292,7,0.634,0,1.0,5.1818614,0
292,8,0.641,0,1.0,4.0339293,0
292,9,0.635,2,-0.05,2.7045393,0
292,10,0.647,2,-0.05,3.9202642,0
292,11,0.631,2,-0.05,4.7806454,0
292,12,0.634,0,1.0,5.845226,0
292,13,0.668,0,1.0,6.870451,0
292,14,0.673,2,-0.05,4.219569,0
292,15,0.691,0,1.0,5.368736,0
292,16,0.701,0,1.0,5.160122,0
292,17,0.667,0,1.0,5.6803737,0
292,18,0.652,0,1.0,6.214221,0
292,19,0.607,0,1.0,7.046016,0
292,20,0.597,1,-0.05,5.379763,0
292,21,0.576,0,1.0,5.801528,0
292,22,0.562,1,-0.05,2.591624,0
292,23,0.549,0,1.0,4.6367254,0
292,24,0.532,0,1.0,5.1519885,0
292,25,0.523,0,1.0,5.7864637,0
292,26,0.504,0,1.0,5.4299374,0
292,27,0.487,2,-0.05,6.0577173,0
292,28,0.494,0,1.0,6.039966,0
292,29,0.455,0,1.0,5.009056,0
292,30,0.451,2,-0.05,2.2492352,0
292,31,0.440,0,1.0,2.9734633,0
292,32,0.421,1,-0.05,2.202774,0
292,33,0.402,0,1.0,1.2922273,0
292,34,0.372,1,-0.05,1.0881941,0
292,35,0.371,2,-0.05,0.48156935,0
292,36,0.360,0,1.0,-2.527678,0
292,37,0.322,0,1.0,0.14649504,0
292,38,0.296,1,-0.05,-4.2724395,0
292,39,0.294,2,-0.05,-5.965288,0
292,40,0.292,1,-0.05,-6.986599,0
292,41,0.267,1,-0.05,-6.6040297,0
292,42,0.278,2,-0.05,-6.952292,0
292,43,0.279,2,-0.05,-9.57435,0
292,44,0.274,2,-0.05,-7.66998,0
292,45,0.263,1,-0.05,-10.876195,0
292,46,0.241,2,-0.05,-10.7677765,0
292,47,0.245,2,-0.05,-12.978996,0
292,48,0.236,0,1.0,-16.10251,0
292,49,0.174,1,-100.0,-16.348804,0
293,0,0.663,0,1.0,3.8234677,0
293,1,0.654,0,1.0,4.519866,0
293,2,0.661,0,1.0,4.8493323,0
293,3,0.671,0,1.0,5.341868,0
293,4,0.659,0,1.0,5.5320697,0
293,5,0.653,0,1.0,5.4146457,0
293,6,0.645,0,1.0,5.378847,0
293,7,0.625,0,1.0,6.5054493,0
293,8,0.637,1,-0.05,4.931376,0
293,9,0.628,0,1.0,4.8734007,0
293,10,0.628,0,1.0,4.589957,0
293,11,0.618,0,1.0,3.9619317,0
293,12,0.573,0,1.0,3.741332,0
293,13,0.588,0,1.0,5.607991,0
293,14,0.567,0,1.0,4.6884108,0
293,15,0.573,2,-0.05,4.358301,0
293,16,0.545,0,1.0,4.441227,0
293,17,0.546,1,-0.05,5.946915,0
293,18,0.547,2,-0.05,5.5130806,0
293,19,0.546,0,1.0,5.4799666,0
293,20,0.569,0,1.0,6.1672726,0
293,21,0.565,0,1.0,7.0327463,0
293,22,0.566,0,1.0,5.16034,0
293,23,0.568,1,-0.05,6.4884443,0
293,24,0.573,2,-0.05,5.1949296,0
293,25,0.567,2,-0.05,3.9261134,0
293,26,0.584,0,1.0,5.0976477,0
293,27,0.597,2,-0.05,4.674514,0
293,28,0.596,2,-0.05,5.8141418,0
293,29,0.644,0,1.0,5.0018272,0
293,30,0.666,0,1.0,2.383558,0
293,31,0.691,0,1.0,2.7780147,0
293,32,0.623,0,1.0,5.4740453,0
293,33,0.574,0,1.0,4.0023565,0
293,34,0.527,0,1.0,3.7800477,0
293,35,0.485,1,-0.05,1.0298327,0
293,36,0.462,0,1.0,1.6643138,0
293,37,0.422,2,-0.05,1.1107552,0
293,38,0.418,2,-0.05,-1.5868199,0
293,39,0.418,2,-0.05,-1.5054852,0
293,40,0.390,0,1.0,-2.0957153,0
293,41,0.336,0,1.0,-2.2954268,0
293,42,0.281,1,-0.05,-3.9953055,0
293,43,0.256,2,-0.05,-8.687065,0
293,44,0.251,1,-0.05,-10.369444,0
293,45,0.237,1,-0.05,-7.597212,0
293,46,0.232,2,-0.05,-11.35631,0
293,47,0.217,2,-0.05,-11.368576,0
293,48,0.216,2,-0.05,-11.999145,0
293,49,0.199,1,-100.0,-14.445288,0
294,0,0.663,0,1.0,6.5641713,0
294,1,0.669,0,1.0,6.1733174,0
294,2,0.655,0,1.0,5.580996,0
294,3,0.649,1,-0.05,4.2913246,0
294,4,0.660,0,1.0,5.4754353,0
294,5,0.643,0,1.0,5.78824,0
294,6,0.635,0,1.0,5.4679227,0
294,7,0.610,0,1.0,4.488304,0
294,8,0.606,0,1.0,4.4812584,0
294,9,0.592,2,-0.05,5.8740053,0
294,10,0.597,1,-0.05,5.7403355,0
294,11,0.590,0,1.0,5.39258,0
294,12,0.564,1,-0.05,3.1678452,0
294,13,0.559,0,1.0,4.396684,0
294,14,0.539,2,-0.05,5.09793,0
294,15,0.535,1,-0.05,4.345718,0
294,16,0.508,0,1.0,4.528828,0
294,17,0.474,0,1.0,3.8532693,0
294,18,0.423,0,1.0,4.075843,0
294,19,0.402,0,1.0,3.7221558,0
294,20,0.337,0,1.0,3.9728234,0
294,21,0.294,1,-0.05,2.967484,0
294,22,0.306,1,-0.05,1.693225,0
294,23,0.290,2,-0.05,2.9646468,0
294,24,0.286,2,-0.05,1.6605406,0
294,25,0.263,0,1.0,2.3802466,0
294,26,0.238,2,-0.05,0.82105017,0
294,27,0.233,2,-0.05,-6.8143992,0
294,28,0.218,2,-0.05,-12.822618,0
294,29,0.201,1,-0.05,-3.7319436,0
294,30,0.197,2,-100.0,-5.187674,0
295,0,0.672,1,-0.05,5.3916116,0
295,1,0.655,0,1.0,4.620619,0
295,2,0.659,0,1.0,5.0106773,0
295,3,0.638,0,1.0,4.928399,0
295,4,0.640,2,-0.05,5.4945636,0
295,5,0.632,0,1.0,4.70541,0
295,6,0.629,0,1.0,5.0724297,0
295,7,0.617,0,1.0,6.672611,0
295,8,0.620,0,1.0,5.152966,0
295,9,0.619,0,1.0,6.383694,0
295,10,0.620,0,1.0,4.434848,0
295,11,0.620,0,1.0,5.595317,0
295,12,0.610,0,1.0,6.409801,0
295,13,0.615,0,1.0,5.836542,0
295,14,0.608,0,1.0,4.8636146,0
295,15,0.611,0,1.0,4.9098997,0
295,16,0.610,2,-0.05,7.032385,0
295,17,0.608,0,1.0,5.5382595,0
295,18,0.622,0,1.0,5.3642406,0
295,19,0.618,0,1.0,4.311317,0
295,20,0.639,0,1.0,4.931862,0
295,21,0.649,0,1.0,6.6016746,0
295,22,0.655,0,1.0,6.060914,0
295,23,0.667,0,1.0,4.6441336,0
295,24,0.673,0,1.0,4.9529037,0
295,25,0.681,0,1.0,5.9353642,0
295,26,0.695,0,1.0,3.4954739,0
295,27,0.708,0,1.0,3.6748447,0
295,28,0.694,0,1.0,3.4518862,0
295,29,0.704,0,1.0,5.2240987,0
295,30,0.692,0,1.0,5.900734,0
295,31,0.672,0,1.0,3.1870763,0
295,32,0.666,0,1.0,4.219717,0
295,33,0.663,0,1.0,5.008996,0
295,34,0.670,0,1.0,4.528404,0
295,35,0.662,0,1.0,4.9905596,0
295,36,0.673,0,1.0,5.77975,0
295,37,0.710,1,-0.05,5.932466,0
295,38,0.734,0,1.0,4.602291,0
295,39,0.771,0,1.0,3.6712468,0
295,40,0.787,0,1.0,3.4964914,0
295,41,0.772,0,1.0,2.8132682,0
295,42,0.708,0,1.0,2.683196,0
295,43,0.581,0,1.0,4.012619,0
295,44,0.457,0,1.0,2.8382287,0
295,45,0.417,1,-0.05,2.2951527,0
295,46,0.381,2,-0.05,2.3729787,0
295,47,0.346,0,1.0,-0.014287949,0
295,48,0.270,2,-0.05,-1.0563054,0
295,49,0.244,2,-0.05,-30.214973,0
295,50,0.221,2,-0.05,-31.516071,0
295,51,0.219,1,-0.05,-3.4474792,0
295,52,0.193,1,-100.0,-38.882736,0
296,0,0.666,0,1.0,4.593897,0
296,1,0.659,0,1.0,5.7652864,0
296,2,0.655,0,1.0,5.4551125,0
296,3,0.660,0,1.0,5.5889297,0
296,4,0.656,0,1.0,4.892524,0
296,5,0.655,0,1.0,5.115203,0
296,6,0.654,0,1.0,3.4863083,0
296,7,0.637,0,1.0,5.3341703,0
296,8,0.643,0,1.0,5.611642,0
296,9,0.640,0,1.0,4.1555386,0
296,10,0.631,0,1.0,6.09976,0
296,11,0.631,0,1.0,5.001638,0
296,12,0.617,0,1.0,5.441016,0
296,13,0.622,2,-0.05,5.8356204,0
296,14,0.619,1,-0.05,4.683841,0
296,15,0.624,0,1.0,6.39078,0
296,16,0.606,0,1.0,4.050457,0
296,17,0.581,0,1.0,4.0139904,0
296,18,0.567,0,1.0,3.9422638,0
296,19,0.557,0,1.0,5.370017,0
296,20,0.554,0,1.0,5.432854,0
296,21,0.529,0,1.0,5.175429,0
296,22,0.501,0,1.0,4.3518314,0
296,23,0.505,0,1.0,3.4782922,0
296,24,0.481,0,1.0,4.5010777,0
296,25,0.443,0,1.0,4.2009125,0
296,26,0.455,0,1.0,3.3379028,0
296,27,0.426,0,1.0,2.6417708,0
296,28,0.405,0,1.0,4.6772223,0
296,29,0.400,0,1.0,5.1445303,0
296,30,0.383,0,1.0,3.4456344,0
296,31,0.368,0,1.0,6.3664913,0
296,32,0.339,0,1.0,7.067317,0
296,33,0.341,0,1.0,4.0884514,0
296,34,0.332,1,-0.05,1.5301523,0
296,35,0.329,0,1.0,3.8996077,0
296,36,0.309,1,-0.05,1.1064094,0
296,37,0.295,2,-0.05,0.0918535,0
296,38,0.289,2,-0.05,1.7134101,0
296,39,0.286,1,-0.05,-1.1290746,0
296,40,0.284,0,1.0,-1.7030039,0
296,41,0.283,1,-0.05,-5.3797903,0
296,42,0.270,0,1.0,-7.483989,0
296,43,0.244,1,-0.05,-7.3336024,0
296,44,0.237,2,-0.05,-10.781031,0
296,45,0.220,2,-0.05,-12.485502,0
296,46,0.230,1,-0.05,-12.476656,0
296,47,0.215,1,-0.05,-9.3699,0
296,48,0.216,2,-0.05,-8.900855,0
296,49,0.214,2,-0.05,-11.990769,0
296,50,0.189,2,-100.0,-13.725925,0
297,0,0.662,0,1.0,5.4699073,0
297,1,0.658,0,1.0,5.8789,0
297,2,0.658,1,-0.05,3.9422696,0
297,3,0.671,1,-0.05,4.817856,0
297,4,0.676,1,-0.05,4.1727114,0
297,5,0.671,0,1.0,4.2261734,0
297,6,0.645,0,1.0,4.4854307,0
297,7,0.608,0,1.0,3.4790413,0
297,8,0.603,0,1.0,1.7187148,0
297,9,0.564,0,1.0,4.167848,0
297,10,0.528,0,1.0,2.9132378,0
297,11,0.516,0,1.0,3.6900399,0
297,12,0.486,0,1.0,4.9273925,0
297,13,0.462,0,1.0,5.5444183,0
297,14,0.430,0,1.0,4.887027,0
297,15,0.401,0,1.0,5.1583195,0
297,16,0.382,1,-0.05,5.611767,0
297,17,0.376,1,-0.05,4.1261625,0
297,18,0.383,1,-0.05,3.5025282,0
297,19,0.367,1,-0.05,4.5630345,0
297,20,0.341,0,1.0,4.9110193,0
297,21,0.313,2,-0.05,3.4689574,0
297,22,0.294,1,-0.05,4.1892195,0
297,23,0.269,1,-0.05,4.4480824,0
297,24,0.271,2,-0.05,-2.1430745,0
297,25,0.262,1,-0.05,-2.0656843,0
297,26,0.248,1,-0.05,-5.713316,0
297,27,0.233,1,-0.05,-41.568832,0
297,28,0.227,1,-0.05,-60.696228,0
297,29,0.215,1,-0.05,-57.197006,0
297,30,0.198,2,-100.0,-63.601295,0
298,0,0.671,0,1.0,5.78883,0
298,1,0.669,0,1.0,4.8083572,0
298,2,0.670,0,1.0,6.400683,0
298,3,0.684,0,1.0,4.9821615,0
298,4,0.684,0,1.0,6.4014974,0
298,5,0.683,0,1.0,6.0239425,0
298,6,0.684,0,1.0,5.6196914,0
298,7,0.681,2,-0.05,5.2125444,0
298,8,0.670,2,-0.05,5.571369,0
298,9,0.688,0,1.0,6.6175404,0
298,10,0.702,0,1.0,5.013105,0
298,11,0.672,0,1.0,5.833672,0
298,12,0.664,0,1.0,4.372513,0
298,13,0.623,0,1.0,5.519066,0
298,14,0.614,0,1.0,4.9090676,0
298,15,0.579,0,1.0,4.9198475,0
298,16,0.571,1,-0.05,4.7566247,0
298,17,0.551,0,1.0,5.032525,0
298,18,0.535,0,1.0,5.315458,0
298,19,0.508,0,1.0,7.4487085,0
298,20,0.524,2,-0.05,5.045545,0
298,21,0.515,2,-0.05,5.4328218,0
298,22,0.496,0,1.0,4.913647,0
298,23,0.468,0,1.0,5.7579865,0
298,24,0.453,0,1.0,4.4980893,0
298,25,0.419,1,-0.05,3.880891,0
298,26,0.402,0,1.0,3.6391845,0
298,27,0.397,0,1.0,1.8547916,0
298,28,0.375,1,-0.05,1.1129992,0
298,29,0.360,0,1.0,1.1217659,0
298,30,0.360,1,-0.05,2.0825083,0
298,31,0.346,0,1.0,2.4843502,0
298,32,0.349,0,1.0,2.9888086,0
298,33,0.335,0,1.0,3.099135,0
298,34,0.346,0,1.0,2.1028183,0
298,35,0.324,0,1.0,2.000403,0
298,36,0.328,2,-0.05,0.07963228,0
298,37,0.324,0,1.0,2.3476195,0
298,38,0.319,0,1.0,0.7029086,0
298,39,0.303,0,1.0,2.882351,0
298,40,0.294,1,-0.05,2.673337,0
298,41,0.279,0,1.0,3.8111372,0
298,42,0.282,0,1.0,2.467638,0
298,43,0.352,0,1.0,3.031291,0
298,44,0.388,2,-0.05,3.74024,0
298,45,0.398,2,-0.05,2.4550967,0
298,46,0.406,2,-0.05,4.861962,0
298,47,0.427,2,-0.05,5.89838,0
298,48,0.432,2,-0.05,4.5082645,0
298,49,0.420,1,-0.05,6.4129415,0
298,50,0.470,0,1.0,6.260516,0
298,51,0.530,0,1.0,5.54756,0
298,52,0.633,0,1.0,5.3737054,0
298,53,0.661,0,1.0,6.908157,0
298,54,0.701,2,-0.05,4.0839787,0
298,55,0.686,0,1.0,5.1999664,0
298,56,0.574,0,1.0,4.9242654,0
298,57,0.529,2,-0.05,3.4446614,0
298,58,0.469,0,1.0,4.6164265,0
298,59,0.436,1,-0.05,1.6395876,0
298,60,0.407,1,-0.05,-0.29928207,0
298,61,0.400,1,-0.05,-0.6707401,0
298,62,0.387,1,-0.05,-1.3894546,0
298,63,0.360,1,-0.05,-11.37529,0
298,64,0.320,0,1.0,-17.032866,0
298,65,0.272,2,-0.05,-45.20011,0
298,66,0.246,2,-0.05,-66.625175,0
298,67,0.241,2,-0.05,-86.5939,0
298,68,0.219,2,-0.05,-102.12941,0
298,69,0.200,0,-100.0,-80.19089,0
299,0,0.662,0,1.0,4.6192446,0
299,1,0.672,0,1.0,6.3205075,0
299,2,0.654,0,1.0,6.4036655,0
299,3,0.658,0,1.0,4.6111765,0
299,4,0.663,0,1.0,3.9286952,0
299,5,0.662,0,1.0,4.0556297,0
299,6,0.667,0,1.0,4.3791113,0
299,7,0.668,0,1.0,5.036339,0
299,8,0.672,2,-0.05,4.3926096,0
299,9,0.663,2,-0.05,5.4311256,0
299,10,0.659,2,-0.05,6.243641,0
299,11,0.654,0,1.0,5.0277395,0
299,12,0.689,0,1.0,5.654623,0
299,13,0.677,0,1.0,4.453662,0
299,14,0.679,2,-0.05,3.200714,0
299,15,0.660,0,1.0,6.039122,0
299,16,0.614,0,1.0,5.629984,0
299,17,0.566,0,1.0,3.5655942,0
299,18,0.546,0,1.0,4.2164993,0
299,19,0.502,0,1.0,5.9077964,0
299,20,0.444,0,1.0,5.558498,0
299,21,0.439,0,1.0,3.7547255,0
299,22,0.386,0,1.0,4.0081053,0
299,23,0.336,0,1.0,3.1612294,0
299,24,0.300,0,1.0,1.9764719,0
299,25,0.276,2,-0.05,-2.428317,0
299,26,0.270,2,-0.05,-3.8639722,0
299,27,0.263,2,-0.05,-6.6593046,0
299,28,0.255,2,-0.05,-21.905722,0
299,29,0.240,2,-0.05,-48.76422,0
299,30,0.241,1,-0.05,-33.51701,0
299,31,0.220,2,-0.05,-46.78358,0
299,32,0.216,1,-0.05,-60.029785,0
299,33,0.195,1,-100.0,-70.98612,0
300,0,0.657,0,1.0,5.578212,0
300,1,0.669,0,1.0,5.4142785,0
300,2,0.662,2,-0.05,5.4055114,0
300,3,0.656,0,1.0,4.957744,0
300,4,0.673,0,1.0,5.910892,0
300,5,0.678,0,1.0,5.1370363,0
300,6,0.669,0,1.0,4.6559095,0
300,7,0.682,1,-0.05,6.400052,0
300,8,0.681,0,1.0,6.1339736,0
300,9,0.684,0,1.0,5.2674894,0
300,10,0.680,0,1.0,5.958031,0
300,11,0.667,0,1.0,4.4999504,0
300,12,0.683,0,1.0,4.134847,0
300,13,0.680,0,1.0,5.676207,0
300,14,0.677,0,1.0,5.591467,0
300,15,0.674,1,-0.05,6.1334214,0
300,16,0.660,0,1.0,5.2514076,0
300,17,0.654,0,1.0,5.6883144,0
300,18,0.650,0,1.0,4.7062736,0
300,19,0.644,1,-0.05,2.6064,0
300,20,0.635,0,1.0,4.0327263,0
300,21,0.602,1,-0.05,4.7552485,0
300,22,0.598,2,-0.05,4.83136,0
300,23,0.606,1,-0.05,4.2047625,0
300,24,0.601,1,-0.05,3.8379228,0
300,25,0.601,1,-0.05,5.023949,0
300,26,0.588,2,-0.05,2.2254243,0
300,27,0.585,0,1.0,2.3745244,0
300,28,0.536,0,1.0,3.8701153,0
300,29,0.520,0,1.0,4.1871095,0
300,30,0.480,0,1.0,3.8474653,0
300,31,0.456,0,1.0,4.5434875,0
300,32,0.438,0,1.0,3.948136,0
300,33,0.395,0,1.0,3.8045487,0
300,34,0.374,0,1.0,4.837032,0
300,35,0.345,2,-0.05,3.4531324,0
300,36,0.346,1,-0.05,4.485708,0
300,37,0.346,2,-0.05,3.2446642,0
300,38,0.347,1,-0.05,3.5162675,0
300,39,0.325,1,-0.05,3.7755113,0
300,40,0.325,2,-0.05,3.89875,0
300,41,0.310,0,1.0,3.3678083,0
300,42,0.288,1,-0.05,-0.6583128,0
300,43,0.284,1,-0.05,-0.71960235,0
300,44,0.274,2,-0.05,1.2666695,0
300,45,0.270,2,-0.05,0.53563,0
300,46,0.273,1,-0.05,-1.2390304,0
300,47,0.258,1,-0.05,-0.00073337555,0
300,48,0.252,1,-0.05,0.4192608,0
300,49,0.259,1,-0.05,-4.0870643,0
300,50,0.231,1,-0.05,-13.0743475,0
300,51,0.251,1,-0.05,-21.08332,0
300,52,0.226,2,-0.05,-31.272728,0
300,53,0.212,2,-0.05,-50.02143,0
300,54,0.214,1,-0.05,-72.62373,0
300,55,0.196,1,-100.0,-86.44292,0
301,0,0.663,0,1.0,5.7852454,0
301,1,0.669,0,1.0,3.8168333,0
301,2,0.664,2,-0.05,3.045848,0
301,3,0.672,0,1.0,4.4425707,0
301,4,0.680,2,-0.05,5.260259,0
301,5,0.658,2,-0.05,5.367208,0
301,6,0.668,0,1.0,6.0202317,0
301,7,0.686,0,1.0,5.579345,0
301,8,0.709,0,1.0,5.2718616,0
301,9,0.661,0,1.0,6.478601,0
301,10,0.659,0,1.0,5.604846,0
301,11,0.635,0,1.0,5.58106,0
301,12,0.628,0,1.0,6.242735,0
301,13,0.590,0,1.0,5.501536,0
301,14,0.581,0,1.0,4.713559,0
301,15,0.541,0,1.0,4.9044085,0
301,16,0.539,2,-0.05,3.1203623,0
301,17,0.534,0,1.0,4.5374427,0
301,18,0.496,0,1.0,5.3259835,0
301,19,0.478,0,1.0,4.840078,0
301,20,0.440,0,1.0,5.8151565,0
301,21,0.391,0,1.0,2.8969276,0
301,22,0.388,0,1.0,2.5530634,0
301,23,0.340,0,1.0,0.58930767,0
301,24,0.334,0,1.0,-1.3673862,0
301,25,0.283,0,1.0,-3.250156,0
301,26,0.265,2,-0.05,-5.5785294,0
301,27,0.259,2,-0.05,-8.303421,0
301,28,0.253,2,-0.05,-7.933988,0
301,29,0.226,0,1.0,-35.32958,0
301,30,0.198,0,-100.0,-65.23665,0
302,0,0.667,0,1.0,6.350788,0
302,1,0.658,0,1.0,4.502364,0
302,2,0.671,0,1.0,5.713261,0
302,3,0.664,0,1.0,5.9151106,0
302,4,0.663,0,1.0,5.126095,0
302,5,0.670,0,1.0,5.9982758,0
302,6,0.660,1,-0.05,4.386536,0
302,7,0.665,0,1.0,4.2571774,0
302,8,0.648,0,1.0,4.998834,0
302,9,0.644,0,1.0,4.9670963,0
302,10,0.642,0,1.0,5.251177,0
302,11,0.627,0,1.0,5.3760624,0
302,12,0.629,0,1.0,5.1407228,0
302,13,0.608,0,1.0,4.6755643,0
302,14,0.601,0,1.0,5.017043,0
302,15,0.587,0,1.0,5.3259315,0
302,16,0.573,1,-0.05,3.8543518,0
302,17,0.573,0,1.0,4.315336,0
302,18,0.555,0,1.0,5.514946,0
302,19,0.549,0,1.0,4.0637374,0
302,20,0.512,0,1.0,4.733728,0
302,21,0.494,1,-0.05,4.4621463,0
302,22,0.494,0,1.0,3.5365744,0
302,23,0.460,0,1.0,3.8436382,0
302,24,0.448,2,-0.05,4.253399,0
302,25,0.435,2,-0.05,4.857641,0
302,26,0.432,0,1.0,4.2855625,0
302,27,0.410,0,1.0,3.373983,0
302,28,0.393,0,1.0,2.5266032,0
302,29,0.398,0,1.0,3.6420908,0
302,30,0.397,0,1.0,3.7666976,0
302,31,0.369,0,1.0,6.243602,0
302,32,0.370,0,1.0,5.77965,0
302,33,0.354,0,1.0,4.2682424,0
302,34,0.333,0,1.0,5.836865,0
302,35,0.338,0,1.0,3.534686,0
302,36,0.329,0,1.0,5.3831377,0
302,37,0.323,0,1.0,4.8025904,0
302,38,0.309,1,-0.05,2.832371,0
302,39,0.313,0,1.0,3.7085586,0
302,40,0.296,0,1.0,2.265314,0
302,41,0.272,0,1.0,2.1642566,0
302,42,0.261,2,-0.05,2.2517695,0
302,43,0.258,2,-0.05,2.1419778,0
302,44,0.259,0,1.0,1.309452,0
302,45,0.248,2,-0.05,3.8925002,0
302,46,0.262,0,1.0,7.3727303,0
302,47,0.265,0,1.0,4.1722927,0
302,48,0.269,0,1.0,7.2810516,0
302,49,0.275,2,-0.05,4.489297,0
302,50,0.285,2,-0.05,4.767399,0
302,51,0.287,2,-0.05,3.75673,0
302,52,0.290,1,-0.05,2.9684324,0
302,53,0.292,1,-0.05,1.5283735,0
302,54,0.295,2,-0.05,5.1161656,0
302,55,0.297,1,-0.05,4.1931095,0
302,56,0.303,2,-0.05,4.0397096,0
302,57,0.292,2,-0.05,2.4731832,0
302,58,0.285,1,-0.05,-5.823278,0
302,59,0.275,1,-0.05,-7.7247105,0
302,60,0.256,1,-0.05,-10.467297,0
302,61,0.250,2,-0.05,-31.531755,0
302,62,0.232,1,-0.05,-43.217552,0
302,63,0.209,2,-0.05,-49.21646,0
302,64,0.198,2,-100.0,-57.82782,0
303,0,0.662,0,1.0,6.937398,0
303,1,0.658,1,-0.05,5.935037,0
303,2,0.670,0,1.0,6.600516,0
303,3,0.655,0,1.0,5.037882,0
303,4,0.660,0,1.0,5.6690335,0
303,5,0.663,2,-0.05,5.220154,0
303,6,0.659,0,1.0,6.0653486,0
303,7,0.650,1,-0.05,5.1352286,0
303,8,0.653,2,-0.05,5.509978,0
303,9,0.662,0,1.0,5.5562296,0
303,10,0.679,0,1.0,5.4780083,0
303,11,0.679,0,1.0,6.082523,0
303,12,0.698,0,1.0,3.6886249,0
303,13,0.692,0,1.0,6.1488934,0
303,14,0.687,0,1.0,5.0697765,0
303,15,0.656,0,1.0,5.8026533,0
303,16,0.652,0,1.0,5.9578395,0
303,17,0.630,0,1.0,5.621001,0
303,18,0.610,2,-0.05,5.1683817,0
303,19,0.612,0,1.0,4.888825,0
303,20,0.578,0,1.0,3.6774137,0
303,21,0.576,1,-0.05,5.822719,0
303,22,0.552,0,1.0,7.31857,0
303,23,0.536,2,-0.05,3.882277,0
303,24,0.532,2,-0.05,4.8088083,0
303,25,0.535,0,1.0,4.1657734,0
303,26,0.502,1,-0.05,4.105471,0
303,27,0.499,2,-0.05,2.8486853,0
303,28,0.490,0,1.0,3.7056437,0
303,29,0.463,0,1.0,4.3448715,0
303,30,0.391,0,1.0,2.402836,0
303,31,0.370,2,-0.05,-1.6878777,0
303,32,0.343,0,1.0,-1.0627619,0
303,33,0.298,2,-0.05,-2.750158,0
303,34,0.290,1,-0.05,-8.469938,0
303,35,0.277,1,-0.05,-8.174951,0
303,36,0.277,1,-0.05,-9.997835,0
303,37,0.270,2,-0.05,-10.907473,0
303,38,0.268,2,-0.05,-13.813469,0
303,39,0.253,1,-0.05,-22.268183,0
303,40,0.249,2,-0.05,-46.223873,0
303,41,0.245,2,-0.05,-54.00034,0
303,42,0.229,0,1.0,-63.489395,0
303,43,0.158,2,-100.0,-95.528595,0
304,0,0.663,0,1.0,6.852435,0
304,1,0.674,0,1.0,6.9382935,0
304,2,0.670,0,1.0,5.7026134,0
304,3,0.662,0,1.0,6.0952196,0
304,4,0.681,1,-0.05,6.3250465,0
304,5,0.676,0,1.0,4.219024,0
304,6,0.671,0,1.0,6.144778,0
304,7,0.650,0,1.0,5.6271133,0
304,8,0.670,0,1.0,5.97414,0
304,9,0.649,1,-0.05,5.3693314,0
304,10,0.651,0,1.0,4.5779915,0
304,11,0.636,0,1.0,5.7903595,0
304,12,0.613,0,1.0,4.645562,0
304,13,0.596,0,1.0,4.647813,0
304,14,0.598,0,1.0,5.44467,0
304,15,0.572,0,1.0,4.756184,0
304,16,0.555,1,-0.05,3.3355875,0
304,17,0.566,2,-0.05,3.6054137,0
304,18,0.567,2,-0.05,4.0156183,0
304,19,0.560,0,1.0,5.281719,0
304,20,0.568,0,1.0,6.674104,0
304,21,0.574,2,-0.05,6.040096,0
304,22,0.567,0,1.0,4.633287,0
304,23,0.575,1,-0.05,4.8729734,0
304,24,0.583,1,-0.05,5.112081,0
304,25,0.604,0,1.0,6.3960958,0
304,26,0.601,0,1.0,3.5113664,0
304,27,0.595,0,1.0,4.2299156,0
304,28,0.593,0,1.0,3.4780588,0
304,29,0.599,0,1.0,4.694157,0
304,30,0.599,0,1.0,2.145197,0
304,31,0.588,0,1.0,4.020403,0
304,32,0.600,0,1.0,3.0886993,0
304,33,0.595,0,1.0,4.7094154,0
304,34,0.585,1,-0.05,2.9468741,0
304,35,0.585,0,1.0,4.002109,0
304,36,0.573,0,1.0,3.263301,0
304,37,0.575,0,1.0,4.3271165,0
304,38,0.558,2,-0.05,4.0628414,0
304,39,0.558,0,1.0,5.8869667,0
304,40,0.559,0,1.0,7.5295506,0
304,41,0.547,0,1.0,5.9021583,0
304,42,0.537,0,1.0,5.26917,0
304,43,0.550,0,1.0,5.0258737,0
304,44,0.544,2,-0.05,2.9396286,0
304,45,0.543,0,1.0,4.05332,0
304,46,0.550,0,1.0,4.088708,0
304,47,0.558,0,1.0,5.196084,0
304,48,0.555,2,-0.05,3.896915,0
304,49,0.557,2,-0.05,4.3591623,0
304,50,0.568,0,1.0,5.477967,0
304,51,0.595,0,1.0,5.2838116,0
304,52,0.547,0,1.0,6.8682446,0
304,53,0.423,0,1.0,6.2437954,0
304,54,0.358,1,-0.05,1.2336986,0
304,55,0.349,1,-0.05,1.0062215,0
304,56,0.300,0,1.0,-1.0095675,0
304,57,0.249,2,-0.05,-3.1500754,0
304,58,0.223,2,-0.05,-28.827547,0
304,59,0.220,1,-0.05,-52.441074,0
304,60,0.196,2,-100.0,-51.25606,0
305,0,0.662,0,1.0,5.3671055,0
305,1,0.669,0,1.0,5.573006,0
305,2,0.666,0,1.0,5.961346,0
305,3,0.662,2,-0.05,5.9776716,0
305,4,0.686,0,1.0,6.3638825,0
305,5,0.679,0,1.0,6.518797,0
305,6,0.700,0,1.0,6.4516535,0
305,7,0.701,0,1.0,6.3149724,0
305,8,0.689,0,1.0,5.2508154,0
305,9,0.665,0,1.0,5.261285,0
305,10,0.666,0,1.0,7.288442,0
305,11,0.651,0,1.0,6.7352796,0
305,12,0.652,0,1.0,6.305104,0
305,13,0.638,0,1.0,6.847502,0
305,14,0.605,0,1.0,5.6274295,0
305,15,0.611,1,-0.05,5.796805,0
305,16,0.601,2,-0.05,4.8909664,0
305,17,0.609,1,-0.05,6.126287,0
305,18,0.603,1,-0.05,5.058066,0
305,19,0.602,0,1.0,6.914108,0
305,20,0.618,2,-0.05,4.1822605,0
305,21,0.619,0,1.0,4.261902,0
305,22,0.604,2,-0.05,6.1951756,0
305,23,0.605,2,-0.05,6.292302,0
305,24,0.611,2,-0.05,6.780682,0
305,25,0.619,0,1.0,5.1716313,0
305,26,0.575,0,1.0,5.331743,0
305,27,0.556,0,1.0,4.929898,0
305,28,0.519,0,1.0,5.962382,0
305,29,0.474,0,1.0,4.6354656,0
305,30,0.458,0,1.0,3.669642,0
305,31,0.441,1,-0.05,2.770641,0
305,32,0.431,0,1.0,2.2866893,0
305,33,0.404,0,1.0,3.4132962,0
305,34,0.383,2,-0.05,3.194059,0
305,35,0.386,0,1.0,1.5213988,0
305,36,0.364,0,1.0,-1.7883456,0
305,37,0.341,0,1.0,-1.1355236,0
305,38,0.301,2,-0.05,-5.0805283,0
305,39,0.304,2,-0.05,-8.993658,0
305,40,0.300,2,-0.05,-8.538387,0
305,41,0.262,0,1.0,-7.061967,0
305,42,0.221,1,-0.05,-10.418907,0
305,43,0.195,1,-100.0,-25.179642,0
306,0,0.671,0,1.0,5.6412044,0
306,1,0.672,0,1.0,3.8584807,0
306,2,0.660,2,-0.05,4.1974163,0
306,3,0.649,0,1.0,4.9995947,0
306,4,0.674,0,1.0,5.844309,0
306,5,0.670,1,-0.05,5.5382023,0
306,6,0.657,2,-0.05,5.3815336,0
306,7,0.683,0,1.0,6.1654525,0
306,8,0.694,0,1.0,6.080921,0
306,9,0.694,0,1.0,5.2628117,0
306,10,0.677,0,1.0,5.2050667,0
306,11,0.673,0,1.0,6.8834643,0
306,12,0.650,2,-0.05,6.1690073,0
306,13,0.640,0,1.0,5.111574,0
306,14,0.619,1,-0.05,5.282635,0
306,15,0.599,0,1.0,7.198665,0
306,16,0.575,1,-0.05,5.137188,0
306,17,0.570,0,1.0,5.4989486,0
306,18,0.567,0,1.0,5.546334,0
306,19,0.537,0,1.0,5.733049,0
306,20,0.530,0,1.0,4.7333384,0
306,21,0.533,0,1.0,5.6148176,0
306,22,0.513,0,1.0,5.6895857,0
306,23,0.499,0,1.0,5.169467,0
306,24,0.492,2,-0.05,4.721183,0
306,25,0.494,0,1.0,6.48086,0
306,26,0.462,0,1.0,4.6585655,0
306,27,0.444,0,1.0,3.4755967,0
306,28,0.422,0,1.0,5.651923,0
306,29,0.413,0,1.0,2.3103924,0
306,30,0.388,2,-0.05,2.6448622,0
306,31,0.371,2,-0.05,2.866137,0
306,32,0.352,0,1.0,-1.7440846,0
306,33,0.337,0,1.0,1.6646265,0
306,34,0.294,0,1.0,-0.36059713,0
306,35,0.244,2,-0.05,-9.14275,0
306,36,0.238,2,-0.05,-15.838198,0
306,37,0.223,2,-0.05,-29.434479,0
306,38,0.217,2,-0.05,-27.521122,0
306,39,0.203,2,-0.05,-58.4253,0
306,40,0.215,1,-0.05,-45.559414,0
306,41,0.192,1,-100.0,-42.67013,0
307,0,0.660,0,1.0,5.0898404,0
307,1,0.674,0,1.0,4.6138844,0
307,2,0.663,2,-0.05,5.3094263,0
307,3,0.658,0,1.0,6.2643275,0
307,4,0.662,0,1.0,5.5449853,0
307,5,0.667,0,1.0,5.9818707,0
307,6,0.686,0,1.0,6.0206623,0
307,7,0.679,0,1.0,6.3700323,0
307,8,0.680,1,-0.05,5.9021745,0
307,9,0.678,1,-0.05,5.275849,0
307,10,0.686,0,1.0,4.69621,0
307,11,0.678,0,1.0,5.0584946,0
307,12,0.663,0,1.0,4.474487,0
307,13,0.640,0,1.0,4.418725,0
307,14,0.634,0,1.0,4.5148106,0
307,15,0.622,0,1.0,4.0053983,0
307,16,0.609,0,1.0,5.4124656,0
307,17,0.603,1,-0.05,4.9981833,0
307,18,0.599,2,-0.05,5.3855352,0
307,19,0.593,0,1.0,4.715032,0
307,20,0.584,2,-0.05,7.1130066,0
307,21,0.592,1,-0.05,6.1764655,0
307,22,0.603,0,1.0,2.2638214,0
307,23,0.571,0,1.0,4.9487047,0
307,24,0.582,0,1.0,3.8117867,0
307,25,0.562,0,1.0,4.7177114,0
307,26,0.541,0,1.0,4.686612,0
307,27,0.539,0,1.0,4.9144363,0
307,28,0.518,0,1.0,4.6916513,0
307,29,0.525,2,-0.05,4.703863,0
307,30,0.510,0,1.0,4.2525196,0
307,31,0.499,1,-0.05,4.730216,0
307,32,0.512,0,1.0,5.7194724,0
307,33,0.504,0,1.0,3.746422,0
307,34,0.492,1,-0.05,2.5930648,0
307,35,0.486,0,1.0,3.897801,0
307,36,0.471,0,1.0,6.098743,0
307,37,0.456,0,1.0,6.7021055,0
307,38,0.442,0,1.0,4.313327,0
307,39,0.409,1,-0.05,4.1311603,0
307,40,0.407,0,1.0,6.953594,0
307,41,0.389,2,-0.05,4.1392426,0
307,42,0.381,0,1.0,6.907764,0
307,43,0.359,0,1.0,6.5748177,0
307,44,0.335,0,1.0,8.206665,0
307,45,0.326,2,-0.05,1.4255564,0
307,46,0.313,1,-0.05,4.121617,0
307,47,0.315,2,-0.05,1.9101619,0
307,48,0.309,2,-0.05,2.9674256,0
307,49,0.305,0,1.0,2.2300484,0
307,50,0.302,0,1.0,4.818316,0
307,51,0.298,0,1.0,5.481251,0
307,52,0.294,0,1.0,4.2138586,0
307,53,0.288,0,1.0,4.939204,0
307,54,0.287,2,-0.05,4.9184184,0
307,55,0.286,2,-0.05,5.204004,0
307,56,0.289,0,1.0,5.0532618,0
307,57,0.302,0,1.0,3.3017242,0
307,58,0.324,0,1.0,3.27288,0
307,59,0.330,2,-0.05,4.1045256,0
307,60,0.345,0,1.0,5.1333222,0
307,61,0.370,0,1.0,2.9725397,0
307,62,0.347,2,-0.05,-0.1656667,0
307,63,0.333,2,-0.05,0.7160211,0
307,64,0.308,1,-0.05,-1.1937532,0
307,65,0.296,1,-0.05,-4.268439,0
307,66,0.265,2,-0.05,-0.3727777,0
307,67,0.265,2,-0.05,0.89483833,0
307,68,0.249,1,-0.05,-3.779645,0
307,69,0.231,1,-0.05,-11.084187,0
307,70,0.216,2,-0.05,-19.927105,0
307,71,0.199,2,-100.0,-27.773998,0
308,0,0.666,2,-0.05,3.577813,0
308,1,0.672,1,-0.05,4.7756395,0
308,2,0.670,0,1.0,5.955025,0
308,3,0.663,0,1.0,5.3324714,0
308,4,0.661,0,1.0,5.169143,0
308,5,0.656,0,1.0,5.3009686,0
308,6,0.633,0,1.0,4.551955,0
308,7,0.637,0,1.0,4.7651873,0
308,8,0.632,0,1.0,5.203814,0
308,9,0.640,1,-0.05,6.371088,0
308,10,0.620,0,1.0,5.586975,0
308,11,0.617,0,1.0,4.1014547,0
308,12,0.593,0,1.0,4.9384713,0
308,13,0.577,2,-0.05,5.0689573,0
308,14,0.572,2,-0.05,5.0892777,0
308,15,0.576,1,-0.05,5.497333,0
308,16,0.573,0,1.0,4.8804545,0
308,17,0.541,0,1.0,6.375723,0
308,18,0.533,0,1.0,5.6633515,0
308,19,0.511,0,1.0,4.7451563,0
308,20,0.493,0,1.0,5.961057,0
308,21,0.484,0,1.0,5.5722203,0
308,22,0.465,2,-0.05,4.7739515,0
308,23,0.450,0,1.0,5.2944856,0
308,24,0.446,0,1.0,3.5403423,0
308,25,0.431,0,1.0,5.091469,0
308,26,0.427,0,1.0,4.5295143,0
308,27,0.415,0,1.0,3.3763816,0
308,28,0.406,0,1.0,1.9277265,0
308,29,0.397,0,1.0,4.035342,0
308,30,0.374,0,1.0,3.4005628,0
308,31,0.370,0,1.0,4.4817543,0
308,32,0.357,0,1.0,4.1609664,0
308,33,0.357,2,-0.05,6.447583,0
308,34,0.354,0,1.0,5.6973834,0
308,35,0.350,2,-0.05,5.3800964,0
308,36,0.347,0,1.0,4.495516,0
308,37,0.368,0,1.0,3.55856,0
308,38,0.370,2,-0.05,3.802461,0
308,39,0.385,0,1.0,3.950897,0
308,40,0.377,1,-0.05,1.9439092,0
308,41,0.394,0,1.0,3.3766446,0
308,42,0.407,0,1.0,6.084517,0
308,43,0.419,0,1.0,5.4326024,0
308,44,0.431,0,1.0,2.599598,0
308,45,0.447,0,1.0,4.057306,0
308,46,0.461,0,1.0,4.578061,0
308,47,0.467,0,1.0,5.879582,0
308,48,0.475,0,1.0,6.7156305,0
308,49,0.496,0,1.0,4.6458964,0
308,50,0.486,0,1.0,5.1275053,0
308,51,0.475,0,1.0,5.2965403,0
308,52,0.377,2,-0.05,4.150784,0
308,53,0.378,2,-0.05,3.0363927,0
308,54,0.360,2,-0.05,4.2795935,0
308,55,0.342,0,1.0,2.3714328,0
308,56,0.249,1,-0.05,0.9952111,0
308,57,0.250,1,-0.05,-16.21899,0
308,58,0.225,1,-0.05,-14.808085,0
308,59,0.195,2,-100.0,-42.89165,0
309,0,0.663,0,1.0,6.1783175,0
309,1,0.658,1,-0.05,4.807097,0
309,2,0.669,1,-0.05,3.0203352,0
309,3,0.666,1,-0.05,4.1347113,0
309,4,0.671,0,1.0,4.918284,0
309,5,0.645,0,1.0,3.5291889,0
309,6,0.616,0,1.0,4.7404103,0
309,7,0.584,1,-0.05,4.2466426,0
309,8,0.597,1,-0.05,3.951109,0
309,9,0.591,1,-0.05,3.271686,0
309,10,0.565,0,1.0,4.284469,0
309,11,0.534,0,1.0,4.4980927,0
309,12,0.483,0,1.0,6.099439,0
309,13,0.447,0,1.0,5.6924596,0
309,14,0.391,0,1.0,4.043438,0
309,15,0.319,0,1.0,4.9234715,0
309,16,0.304,1,-0.05,4.7292833,0
309,17,0.257,0,1.0,3.7924018,0
309,18,0.239,1,-0.05,-3.9503922,0
309,19,0.228,1,-0.05,-30.500755,0
309,20,0.218,1,-0.05,-23.918158,0
309,21,0.212,1,-0.05,-30.667786,0
309,22,0.198,1,-100.0,-51.162212,0
310,0,0.663,0,1.0,3.9917705,0
310,1,0.654,0,1.0,5.081194,0
310,2,0.659,0,1.0,5.0267243,0
310,3,0.670,0,1.0,4.880798,0
310,4,0.659,0,1.0,5.138053,0
310,5,0.650,0,1.0,5.517468,0
310,6,0.648,0,1.0,5.3199162,0
310,7,0.645,0,1.0,5.089751,0
310,8,0.653,0,1.0,6.063087,0
310,9,0.642,0,1.0,4.8432145,0
310,10,0.638,0,1.0,4.3308473,0
310,11,0.632,0,1.0,5.8551507,0
310,12,0.626,0,1.0,6.458678,0
310,13,0.632,2,-0.05,4.463756,0
310,14,0.629,2,-0.05,3.9283276,0
310,15,0.614,2,-0.05,4.584772,0
310,16,0.623,2,-0.05,4.9663873,0
310,17,0.629,0,1.0,5.8220787,0
310,18,0.660,2,-0.05,5.662531,0
310,19,0.671,2,-0.05,5.810027,0
310,20,0.674,1,-0.05,1.4135644,0
310,21,0.686,0,1.0,3.9863663,0
310,22,0.697,1,-0.05,6.6516457,0
310,23,0.694,0,1.0,4.461146,0
310,24,0.659,0,1.0,4.190284,0
310,25,0.630,0,1.0,5.5376043,0
310,26,0.609,0,1.0,5.9075933,0
310,27,0.593,2,-0.05,5.133844,0
310,28,0.595,0,1.0,3.9998581,0
310,29,0.562,0,1.0,5.674967,0
310,30,0.516,0,1.0,4.8880277,0
310,31,0.502,1,-0.05,3.4301045,0
310,32,0.480,0,1.0,2.0708127,0
310,33,0.458,1,-0.05,3.9258058,0
310,34,0.466,0,1.0,4.3244295,0
310,35,0.441,2,-0.05,4.4384327,0
310,36,0.432,0,1.0,5.905838,0
310,37,0.405,2,-0.05,1.4433842,0
310,38,0.418,2,-0.05,0.48627996,0
310,39,0.404,1,-0.05,-1.1082864,0
310,40,0.395,0,1.0,-1.5091889,0
310,41,0.387,2,-0.05,1.7775195,0
310,42,0.375,2,-0.05,0.1673032,0
310,43,0.371,2,-0.05,-1.5558352,0
310,44,0.371,2,-0.05,-2.1613002,0
310,45,0.369,2,-0.05,-2.3336694,0
310,46,0.360,2,-0.05,-5.5755363,0
310,47,0.314,0,1.0,-6.2905116,0
310,48,0.282,2,-0.05,-10.245974,0
310,49,0.257,2,-0.05,-10.501168,0
310,50,0.244,2,-0.05,-11.756369,0
310,51,0.233,2,-0.05,-11.950792,0
310,52,0.220,1,-0.05,-10.349262,0
310,53,0.207,2,-0.05,-9.516878,0
310,54,0.190,2,-100.0,-12.103357,0
311,0,0.663,0,1.0,4.047393,0
311,1,0.663,0,1.0,6.1096077,0
311,2,0.676,0,1.0,5.9171295,0
311,3,0.672,1,-0.05,5.8702097,0
311,4,0.677,1,-0.05,5.6401834,0
311,5,0.671,0,1.0,4.8136277,0
311,6,0.665,0,1.0,4.8813176,0
311,7,0.635,0,1.0,3.0920613,0
311,8,0.640,0,1.0,5.156185,0
311,9,0.616,0,1.0,4.864298,0
311,10,0.593,0,1.0,4.355097,0
311,11,0.576,2,-0.05,3.1317208,0
311,12,0.574,0,1.0,5.0128927,0
311,13,0.563,0,1.0,4.946349,0
311,14,0.551,0,1.0,6.148327,0
311,15,0.546,0,1.0,4.972808,0
311,16,0.558,0,1.0,6.116568,0
311,17,0.545,0,1.0,5.4820986,0
311,18,0.536,0,1.0,5.1435876,0
311,19,0.532,0,1.0,5.2615643,0
311,20,0.508,0,1.0,4.887088,0
311,21,0.512,0,1.0,4.2783155,0
311,22,0.496,0,1.0,2.8411617,0
311,23,0.504,0,1.0,3.8387847,0
311,24,0.487,0,1.0,5.1648803,0
311,25,0.484,0,1.0,4.4269257,0
311,26,0.478,0,1.0,3.7795935,0
311,27,0.477,0,1.0,2.7061605,0
311,28,0.470,0,1.0,3.6258235,0
311,29,0.462,0,1.0,3.530545,0
311,30,0.443,0,1.0,2.2713969,0
311,31,0.442,0,1.0,3.6425416,0
311,32,0.441,1,-0.05,5.4249167,0
311,33,0.435,0,1.0,3.6552548,0
311,34,0.434,1,-0.05,5.3869815,0
311,35,0.422,0,1.0,6.020792,0
311,36,0.403,0,1.0,6.417255,0
311,37,0.387,1,-0.05,7.0023384,0
311,38,0.381,1,-0.05,4.447121,0
311,39,0.380,1,-0.05,4.003381,0
311,40,0.356,0,1.0,3.2202995,0
311,41,0.326,1,-0.05,3.1928887,0
311,42,0.323,1,-0.05,1.6857269,0
311,43,0.310,2,-0.05,-0.95930934,0
311,44,0.287,1,-0.05,0.85252535,0
311,45,0.296,1,-0.05,-2.4777465,0
311,46,0.285,2,-0.05,-4.69783,0
311,47,0.269,2,-0.05,-7.614086,0
311,48,0.260,1,-0.05,-7.2130084,0
311,49,0.260,1,-0.05,-14.5327835,0
311,50,0.258,2,-0.05,-10.103858,0
311,51,0.228,2,-0.05,-29.196613,0
311,52,0.229,1,-0.05,-24.644407,0
311,53,0.223,1,-0.05,-38.740807,0
311,54,0.217,1,-0.05,-51.05625,0
311,55,0.201,2,-0.05,-40.787186,0
311,56,0.192,2,-100.0,-53.627464,0
312,0,0.663,0,1.0,5.6199174,0
312,1,0.663,0,1.0,7.098225,0
312,2,0.668,0,1.0,5.112709,0
312,3,0.673,0,1.0,5.209697,0
312,4,0.680,0,1.0,5.1563783,0
312,5,0.672,0,1.0,6.09782,0
312,6,0.689,1,-0.05,7.6322927,0
312,7,0.683,2,-0.05,5.948072,0
312,8,0.691,0,1.0,5.4544926,0
312,9,0.693,0,1.0,6.516261,0
312,10,0.706,2,-0.05,6.556353,0
312,11,0.700,0,1.0,4.906469,0
312,12,0.669,0,1.0,5.4614034,0
312,13,0.644,2,-0.05,5.5978622,0
312,14,0.646,0,1.0,5.0056543,0
312,15,0.598,0,1.0,5.813578,0
312,16,0.582,0,1.0,4.7727113,0
312,17,0.545,0,1.0,4.4263706,0
312,18,0.499,0,1.0,4.6561255,0
312,19,0.470,0,1.0,4.819722,0
312,20,0.415,0,1.0,6.027834,0
312,21,0.411,1,-0.05,4.1824913,0
312,22,0.401,2,-0.05,3.5314674,0
312,23,0.394,1,-0.05,2.1912906,0
312,24,0.388,0,1.0,3.3337927,0
312,25,0.355,0,1.0,3.2487555,0
312,26,0.343,1,-0.05,1.7834804,0
312,27,0.325,1,-0.05,-0.11524975,0
312,28,0.326,1,-0.05,4.391655,0
312,29,0.325,1,-0.05,3.5328116,0
312,30,0.315,0,1.0,3.838951,0
312,31,0.336,0,1.0,2.806627,0
312,32,0.348,0,1.0,3.4027047,0
312,33,0.351,0,1.0,3.6646495,0
312,34,0.363,0,1.0,5.019902,0
312,35,0.372,0,1.0,3.1387072,0
312,36,0.375,2,-0.05,2.6768322,0
312,37,0.390,2,-0.05,2.4444935,0
312,38,0.388,0,1.0,3.6041384,0
312,39,0.374,0,1.0,2.5030582,0
312,40,0.363,2,-0.05,4.1355257,0
312,41,0.378,2,-0.05,4.3348246,0
312,42,0.381,2,-0.05,2.8708,0
312,43,0.375,2,-0.05,0.59329045,0
312,44,0.372,2,-0.05,-2.2055998,0
312,45,0.359,2,-0.05,-3.485393,0
312,46,0.362,2,-0.05,-3.075814,0
312,47,0.356,2,-0.05,-6.779761,0
312,48,0.335,1,-0.05,-8.101078,0
312,49,0.318,2,-0.05,-9.769739,0
312,50,0.290,0,1.0,-10.030256,0
312,51,0.259,2,-0.05,-9.654908,0
312,52,0.231,2,-0.05,-12.146558,0
312,53,0.229,2,-0.05,-12.453766,0
312,54,0.227,1,-0.05,-7.3924513,0
312,55,0.196,2,-100.0,-7.105887,0
313,0,0.672,1,-0.05,4.196947,0
313,1,0.656,0,1.0,3.8687088,0
313,2,0.650,0,1.0,5.647245,0
313,3,0.636,1,-0.05,4.672906,0
313,4,0.648,0,1.0,3.9400127,0
313,5,0.628,0,1.0,4.041193,0
313,6,0.599,1,-0.05,4.078621,0
313,7,0.587,0,1.0,5.101352,0
313,8,0.567,1,-0.05,3.5344653,0
313,9,0.564,0,1.0,4.086806,0
313,10,0.507,0,1.0,3.5258775,0
313,11,0.473,0,1.0,4.874202,0
313,12,0.420,0,1.0,4.248927,0
313,13,0.402,0,1.0,3.4341924,0
313,14,0.345,0,1.0,4.460261,0
313,15,0.326,1,-0.05,3.699538,0
313,16,0.324,1,-0.05,2.5125535,0
313,17,0.309,1,-0.05,3.8570094,0
313,18,0.307,1,-0.05,6.8446455,0
313,19,0.291,1,-0.05,4.359624,0
313,20,0.287,2,-0.05,0.591681,0
313,21,0.275,2,-0.05,1.0557728,0
313,22,0.249,1,-0.05,3.8496745,0
313,23,0.254,1,-0.05,0.9955478,0
313,24,0.248,1,-0.05,-15.493736,0
313,25,0.231,1,-0.05,-29.428282,0
313,26,0.210,1,-0.05,-55.372528,0
313,27,0.195,0,-100.0,-59.663162,0
314,0,0.661,0,1.0,5.7480063,0
314,1,0.662,0,1.0,5.4174786,0
314,2,0.664,0,1.0,5.1111975,0
314,3,0.657,0,1.0,5.0078864,0
314,4,0.666,0,1.0,6.6846857,0
314,5,0.653,0,1.0,5.537281,0
314,6,0.664,0,1.0,4.071013,0
314,7,0.653,0,1.0,6.5595684,0
314,8,0.650,0,1.0,5.03814,0
314,9,0.662,0,1.0,5.69902,0
314,10,0.652,0,1.0,6.5893707,0
314,11,0.645,2,-0.05,5.8629303,0
314,12,0.649,0,1.0,3.1037252,0
314,13,0.648,0,1.0,6.207585,0
314,14,0.657,0,1.0,5.3861313,0
314,15,0.674,0,1.0,4.7362013,0
314,16,0.683,2,-0.05,6.4832244,0
314,17,0.693,0,1.0,6.0033774,0
314,18,0.696,0,1.0,5.3884053,0
314,19,0.697,0,1.0,4.4927654,0
314,20,0.687,1,-0.05,4.718319,0
314,21,0.686,2,-0.05,3.4936223,0
314,22,0.681,1,-0.05,3.0853386,0
314,23,0.664,0,1.0,4.673005,0
314,24,0.659,0,1.0,5.864601,0
314,25,0.648,2,-0.05,6.131668,0
314,26,0.645,0,1.0,4.982334,0
314,27,0.652,2,-0.05,5.157194,0
314,28,0.634,1,-0.05,3.2204993,0
314,29,0.638,0,1.0,5.8292775,0
314,30,0.634,0,1.0,5.1139607,0
314,31,0.627,2,-0.05,3.069983,0
314,32,0.633,1,-0.05,3.2384977,0
314,33,0.625,0,1.0,3.1178107,0
314,34,0.643,0,1.0,3.3152902,0
314,35,0.663,0,1.0,2.2738814,0
314,36,0.669,0,1.0,3.0981078,0
314,37,0.671,0,1.0,4.111596,0
314,38,0.688,0,1.0,4.585347,0
314,39,0.696,0,1.0,2.353721,0
314,40,0.699,0,1.0,3.768983,0
314,41,0.692,2,-0.05,4.876588,0
314,42,0.692,2,-0.05,3.108906,0
314,43,0.688,0,1.0,4.6502447,0
314,44,0.687,0,1.0,5.521099,0
314,45,0.699,0,1.0,5.6879854,0
314,46,0.715,0,1.0,4.4357424,0
314,47,0.715,0,1.0,5.84344,0
314,48,0.714,2,-0.05,5.629065,0
314,49,0.736,0,1.0,5.1647844,0
314,50,0.738,0,1.0,6.351479,0
314,51,0.711,0,1.0,7.4399652,0
314,52,0.659,0,1.0,6.0157647,0
314,53,0.536,0,1.0,4.6453953,0
314,54,0.474,2,-0.05,1.9801098,0
314,55,0.450,2,-0.05,1.1283956,0
314,56,0.404,0,1.0,2.8270695,0
314,57,0.331,2,-0.05,3.930966,0
314,58,0.331,1,-0.05,4.391601,0
314,59,0.280,0,1.0,1.3390137,0
314,60,0.229,2,-0.05,-20.005959,0
314,61,0.189,2,-100.0,-62.431633,0
315,0,0.663,0,1.0,5.1711125,0
315,1,0.674,0,1.0,5.970724,0
315,2,0.670,0,1.0,5.516906,0
315,3,0.662,1,-0.05,5.999429,0
315,4,0.683,0,1.0,5.1445637,0
315,5,0.668,0,1.0,4.675351,0
315,6,0.648,0,1.0,4.7675085,0
315,7,0.656,0,1.0,5.309889,0
315,8,0.658,0,1.0,5.3908234,0
315,9,0.636,0,1.0,5.524544,0
315,10,0.623,0,1.0,6.223319,0
315,11,0.627,0,1.0,4.48011,0
315,12,0.612,0,1.0,6.0166926,0
315,13,0.596,0,1.0,5.068888,0
315,14,0.607,0,1.0,6.0112257,0
315,15,0.602,0,1.0,3.813353,0
315,16,0.599,0,1.0,5.7865887,0
315,17,0.573,0,1.0,3.981605,0
315,18,0.550,0,1.0,5.5336485,0
315,19,0.561,0,1.0,4.0122333,0
315,20,0.559,1,-0.05,2.82827,0
315,21,0.561,1,-0.05,3.7995574,0
315,22,0.554,0,1.0,4.1624455,0
315,23,0.535,0,1.0,4.170501,0
315,24,0.513,0,1.0,4.107108,0
315,25,0.476,0,1.0,5.0897217,0
315,26,0.465,0,1.0,4.9243407,0
315,27,0.427,0,1.0,5.4375243,0
315,28,0.398,0,1.0,4.2845745,0
315,29,0.374,0,1.0,5.0898542,0
315,30,0.350,0,1.0,5.906179,0
315,31,0.326,0,1.0,5.3040266,0
315,32,0.299,0,1.0,3.4823844,0
315,33,0.276,1,-0.05,1.1422653,0
315,34,0.273,1,-0.05,0.5193259,0
315,35,0.265,2,-0.05,-0.884611,0
315,36,0.253,1,-0.05,-2.2898543,0
315,37,0.251,1,-0.05,-6.13512,0
315,38,0.245,1,-0.05,-7.3119555,0
315,39,0.239,0,1.0,-18.084192,0
315,40,0.203,2,-0.05,-52.76455,0
315,41,0.192,2,-100.0,-92.82414,0
316,0,0.657,1,-0.05,6.1441708,0
316,1,0.673,0,1.0,5.6110926,0
316,2,0.656,0,1.0,3.903085,0
316,3,0.657,0,1.0,4.719124,0
316,4,0.638,0,1.0,3.7401674,0
316,5,0.608,1,-0.05,5.3329315,0
316,6,0.618,0,1.0,4.1286335,0
316,7,0.607,0,1.0,4.058671,0
316,8,0.583,1,-0.05,2.0343003,0
316,9,0.557,0,1.0,3.4793322,0
316,10,0.545,0,1.0,4.0324955,0
316,11,0.507,0,1.0,3.2420855,0
316,12,0.492,0,1.0,4.415081,0
316,13,0.438,0,1.0,4.818371,0
316,14,0.439,0,1.0,3.925262,0
316,15,0.406,0,1.0,4.349366,0
316,16,0.368,0,1.0,3.9409251,0
316,17,0.345,0,1.0,3.8205473,0
316,18,0.313,2,-0.05,2.5947673,0
316,19,0.305,2,-0.05,2.6959054,0
316,20,0.309,1,-0.05,3.0638964,0
316,21,0.303,2,-0.05,2.3627572,0
316,22,0.293,2,-0.05,3.7271812,0
316,23,0.304,2,-0.05,3.727325,0
316,24,0.298,0,1.0,3.7082152,0
316,25,0.298,0,1.0,4.531329,0
316,26,0.305,0,1.0,4.5151796,0
316,27,0.315,0,1.0,6.0597067,0
316,28,0.320,0,1.0,4.0577316,0
316,29,0.328,0,1.0,4.543259,0
316,30,0.345,0,1.0,5.1949973,0
316,31,0.349,0,1.0,4.710084,0
316,32,0.349,0,1.0,5.1264486,0
316,33,0.361,0,1.0,4.8327675,0
316,34,0.379,0,1.0,4.486109,0
316,35,0.386,2,-0.05,5.847105,0
316,36,0.395,0,1.0,5.2312,0
316,37,0.402,0,1.0,4.3560953,0
316,38,0.426,0,1.0,2.8232238,0
316,39,0.444,0,1.0,5.0313582,0
316,40,0.460,0,1.0,4.963585,0
316,41,0.481,0,1.0,3.2537975,0
316,42,0.488,2,-0.05,4.1861277,0
316,43,0.489,0,1.0,4.2428384,0
316,44,0.514,1,-0.05,2.8707764,0
316,45,0.533,0,1.0,2.993814,0
316,46,0.558,0,1.0,7.485308,0
316,47,0.561,0,1.0,6.7157574,0
316,48,0.590,0,1.0,4.74578,0
316,49,0.605,0,1.0,5.0135617,0
316,50,0.628,0,1.0,6.2953,0
316,51,0.642,0,1.0,6.162963,0
316,52,0.666,1,-0.05,7.229271,0
316,53,0.664,1,-0.05,7.331929,0
316,54,0.583,0,1.0,4.342328,0
316,55,0.535,0,1.0,3.2274432,0
316,56,0.441,2,-0.05,1.5375619,0
316,57,0.421,2,-0.05,4.8676844,0
316,58,0.381,0,1.0,2.301591,0
316,59,0.286,2,-0.05,1.113503,0
316,60,0.285,2,-0.05,-3.3080292,0
316,61,0.252,0,1.0,0.15306091,0
316,62,0.207,1,-0.05,-16.533241,0
316,63,0.174,1,-100.0,-59.13415,0
317,0,0.663,0,1.0,4.8112917,0
317,1,0.653,0,1.0,5.9646297,0
317,2,0.659,0,1.0,4.359085,0
317,3,0.670,0,1.0,4.869679,0
317,4,0.659,0,1.0,5.226502,0
317,5,0.645,0,1.0,6.2763896,0
317,6,0.648,0,1.0,5.6319156,0
317,7,0.648,0,1.0,6.807629,0
317,8,0.647,0,1.0,4.1368456,0
317,9,0.637,0,1.0,5.657483,0
317,10,0.636,0,1.0,5.7269654,0
317,11,0.636,2,-0.05,5.4207697,0
317,12,0.631,0,1.0,4.345296,0
317,13,0.631,0,1.0,5.167781,0
317,14,0.635,0,1.0,5.8200254,0
317,15,0.652,0,1.0,5.917636,0
317,16,0.654,0,1.0,6.5129304,0
317,17,0.653,2,-0.05,6.698308,0
317,18,0.673,2,-0.05,4.423208,0
317,19,0.656,2,-0.05,3.0502596,0
317,20,0.645,2,-0.05,4.4661517,0
317,21,0.660,2,-0.05,4.093381,0
317,22,0.688,0,1.0,5.6089725,0
317,23,0.665,0,1.0,3.1015623,0
317,24,0.653,1,-0.05,4.522041,0
317,25,0.640,1,-0.05,4.3582354,0
317,26,0.630,0,1.0,4.972696,0
317,27,0.588,1,-0.05,5.562261,0
317,28,0.571,0,1.0,3.5020518,0
317,29,0.554,0,1.0,4.2953978,0
317,30,0.531,0,1.0,4.48734,0
317,31,0.500,2,-0.05,5.200654,0
317,32,0.490,0,1.0,3.4233835,0
317,33,0.476,1,-0.05,3.05585,0
317,34,0.462,1,-0.05,2.9957337,0
317,35,0.440,0,1.0,2.688221,0
317,36,0.432,0,1.0,5.471794,0
317,37,0.410,0,1.0,3.2124834,0
317,38,0.396,0,1.0,4.136915,0
317,39,0.373,0,1.0,4.146058,0
317,40,0.363,2,-0.05,2.5373986,0
317,41,0.362,0,1.0,1.0737185,0
317,42,0.341,2,-0.05,-0.28160977,0
317,43,0.324,0,1.0,1.0234464,0
317,44,0.291,0,1.0,0.4295063,0
317,45,0.257,1,-0.05,0.4156114,0
317,46,0.261,2,-0.05,4.2449036,0
317,47,0.269,2,-0.05,4.9219785,0
317,48,0.254,2,-0.05,2.1231875,0
317,49,0.246,1,-0.05,1.0668887,0
317,50,0.236,2,-0.05,0.9750662,0
317,51,0.230,2,-0.05,2.9452608,0
317,52,0.203,0,1.0,2.0778496,0
317,53,0.182,0,-100.0,5.060544,0
318,0,0.667,0,1.0,6.5054975,0
318,1,0.673,0,1.0,5.1912026,0
318,2,0.672,0,1.0,6.0872774,0
318,3,0.657,0,1.0,5.821207,0
318,4,0.673,0,1.0,6.212936,0
318,5,0.667,0,1.0,5.8666334,0
318,6,0.668,0,1.0,4.7209787,0
318,7,0.677,0,1.0,5.0463457,0
318,8,0.660,0,1.0,4.735547,0
318,9,0.669,0,1.0,6.435195,0
318,10,0.674,0,1.0,4.881473,0
318,11,0.661,0,1.0,5.496996,0
318,12,0.670,0,1.0,5.8203034,0
318,13,0.678,0,1.0,3.9709725,0
318,14,0.671,1,-0.05,6.5740666,0
318,15,0.663,0,1.0,5.333142,0
318,16,0.672,0,1.0,3.5679936,0
318,17,0.642,0,1.0,4.805548,0
318,18,0.657,0,1.0,5.366898,0
318,19,0.650,2,-0.05,5.704262,0
318,20,0.642,0,1.0,3.722605,0
318,21,0.640,0,1.0,5.6588745,0
318,22,0.642,0,1.0,4.6179724,0
318,23,0.639,0,1.0,4.3277254,0
318,24,0.643,0,1.0,3.5693753,0
318,25,0.645,0,1.0,4.6070156,0
318,26,0.651,0,1.0,3.9380925,0
318,27,0.647,0,1.0,4.793979,0
318,28,0.643,0,1.0,3.9743562,0
318,29,0.656,0,1.0,4.127078,0
318,30,0.649,2,-0.05,2.2916274,0
318,31,0.652,0,1.0,4.392435,0
318,32,0.657,0,1.0,3.2883222,0
318,33,0.663,0,1.0,3.8879337,0
318,34,0.682,0,1.0,6.002473,0
318,35,0.690,2,-0.05,3.9726243,0
318,36,0.679,0,1.0,5.945268,0
318,37,0.719,0,1.0,7.8356414,0
318,38,0.728,0,1.0,6.7555075,0
318,39,0.738,2,-0.05,6.452547,0
318,40,0.758,0,1.0,6.4586616,0
318,41,0.789,0,1.0,8.710186,0
318,42,0.803,0,1.0,8.108356,0
318,43,0.834,2,-0.05,6.25656,0
318,44,0.765,0,1.0,7.133696,0
318,45,0.716,0,1.0,5.746928,0
318,46,0.608,0,1.0,5.981671,0
318,47,0.547,0,1.0,5.810972,0
318,48,0.437,0,1.0,5.691731,0
318,49,0.374,1,-0.05,6.566715,0
318,50,0.356,1,-0.05,6.6884036,0
318,51,0.340,1,-0.05,4.530852,0
318,52,0.331,2,-0.05,-3.3852787,0
318,53,0.324,2,-0.05,-2.6706324,0
318,54,0.296,1,-0.05,3.6404762,0
318,55,0.283,2,-0.05,-3.4812284,0
318,56,0.267,1,-0.05,-1.1879063,0
318,57,0.244,1,-0.05,-3.695034,0
318,58,0.241,2,-0.05,-30.307362,0
318,59,0.222,2,-0.05,-29.203661,0
318,60,0.210,1,-0.05,-23.98904,0
318,61,0.184,1,-100.0,-26.854218,0
319,0,0.663,0,1.0,3.0123556,0
319,1,0.669,0,1.0,5.485777,0
319,2,0.649,0,1.0,5.291431,0
319,3,0.648,0,1.0,5.694167,0
319,4,0.660,0,1.0,3.8339577,0
319,5,0.650,1,-0.05,5.564715,0
319,6,0.651,0,1.0,5.363915,0
319,7,0.639,0,1.0,5.03958,0
319,8,0.633,0,1.0,5.078342,0
319,9,0.615,0,1.0,4.725958,0
319,10,0.607,0,1.0,5.366571,0
319,11,0.590,0,1.0,5.7971787,0
319,12,0.587,0,1.0,4.3831043,0
319,13,0.562,0,1.0,4.488708,0
319,14,0.561,0,1.0,4.8734236,0
319,15,0.555,0,1.0,4.964394,0
319,16,0.545,0,1.0,5.672763,0
319,17,0.518,0,1.0,2.6681454,0
319,18,0.517,0,1.0,3.2705426,0
319,19,0.504,0,1.0,4.2039213,0
319,20,0.489,0,1.0,4.396448,0
319,21,0.490,0,1.0,4.4543257,0
319,22,0.473,0,1.0,4.514175,0
319,23,0.464,0,1.0,5.3460455,0
319,24,0.449,0,1.0,3.552845,0
319,25,0.431,0,1.0,4.4561496,0
319,26,0.429,0,1.0,2.6753798,0
319,27,0.415,0,1.0,3.02048,0
319,28,0.403,0,1.0,5.891227,0
319,29,0.408,0,1.0,6.311895,0
319,30,0.390,0,1.0,6.462684,0
319,31,0.364,0,1.0,6.580301,0
319,32,0.373,0,1.0,6.6095943,0
319,33,0.354,2,-0.05,5.6354184,0
319,34,0.341,0,1.0,3.88478,0
319,35,0.347,0,1.0,3.1945574,0
319,36,0.343,2,-0.05,4.611968,0
319,37,0.340,0,1.0,4.570117,0
319,38,0.343,1,-0.05,4.225789,0
319,39,0.353,0,1.0,4.941395,0
319,40,0.338,0,1.0,5.2081876,0
319,41,0.339,0,1.0,4.5910344,0
319,42,0.329,1,-0.05,5.9246693,0
319,43,0.345,1,-0.05,5.374071,0
319,44,0.339,0,1.0,5.348046,0
319,45,0.321,0,1.0,6.5643754,0
319,46,0.303,2,-0.05,4.105568,0
319,47,0.297,2,-0.05,6.19132,0
319,48,0.290,2,-0.05,5.5988646,0
319,49,0.279,2,-0.05,2.7762036,0
319,50,0.283,0,1.0,2.3053415,0
319,51,0.313,0,1.0,3.9632723,0
319,52,0.309,1,-0.05,5.05331,0
319,53,0.313,2,-0.05,3.3948972,0
319,54,0.304,2,-0.05,5.3960238,0
319,55,0.317,1,-0.05,3.0808053,0
319,56,0.320,1,-0.05,1.8688036,0
319,57,0.329,1,-0.05,-0.8360958,0
319,58,0.330,0,1.0,-1.4413548,0
319,59,0.293,2,-0.05,3.860368,0
319,60,0.262,2,-0.05,0.24998236,0
319,61,0.240,2,-0.05,-7.125272,0
319,62,0.228,1,-0.05,-24.947525,0
319,63,0.197,2,-100.0,-40.773613,0
320,0,0.663,0,1.0,5.8684154,0
320,1,0.663,2,-0.05,5.0945024,0
320,2,0.662,2,-0.05,5.1523495,0
320,3,0.666,0,1.0,6.378052,0
320,4,0.688,1,-0.05,5.857069,0
320,5,0.688,0,1.0,5.668294,0
320,6,0.714,0,1.0,5.3485503,0
320,7,0.695,0,1.0,6.75944,0
320,8,0.673,0,1.0,4.416717,0
320,9,0.658,0,1.0,5.965511,0
320,10,0.655,0,1.0,6.4588757,0
320,11,0.627,0,1.0,5.087871,0
320,12,0.624,0,1.0,4.693462,0
320,13,0.620,0,1.0,6.528397,0
320,14,0.601,1,-0.05,5.7160425,0
320,15,0.595,1,-0.05,7.107446,0
320,16,0.585,0,1.0,5.8644185,0
320,17,0.593,0,1.0,3.7677004,0
320,18,0.603,0,1.0,3.8507664,0
320,19,0.595,0,1.0,3.48929,0
320,20,0.613,0,1.0,3.692275,0
320,21,0.617,0,1.0,4.0673933,0
320,22,0.610,1,-0.05,3.6552205,0
320,23,0.619,2,-0.05,4.559102,0
320,24,0.613,0,1.0,3.6936274,0
320,25,0.620,2,-0.05,4.2603874,0
320,26,0.603,0,1.0,6.1740937,0
320,27,0.603,0,1.0,5.088811,0
320,28,0.584,2,-0.05,5.697783,0
320,29,0.578,0,1.0,4.438419,0
320,30,0.542,0,1.0,6.577236,0
320,31,0.516,0,1.0,4.813116,0
320,32,0.505,1,-0.05,5.1465673,0
320,33,0.487,0,1.0,5.1272163,0
320,34,0.467,1,-0.05,3.9085488,0
320,35,0.474,2,-0.05,4.3573027,0
320,36,0.463,2,-0.05,1.8748825,0
320,37,0.441,0,1.0,4.6470585,0
320,38,0.422,0,1.0,2.6329734,0
320,39,0.379,0,1.0,2.4023352,0
320,40,0.347,0,1.0,-1.9854257,0
320,41,0.301,0,1.0,-3.4290433,0
320,42,0.261,2,-0.05,-8.666323,0
320,43,0.237,2,-0.05,-10.522758,0
320,44,0.245,2,-0.05,-15.520687,0
320,45,0.237,1,-0.05,-13.442167,0
320,46,0.236,2,-0.05,-16.02758,0
320,47,0.231,2,-0.05,-17.2119,0
320,48,0.203,0,1.0,-14.267313,0
320,49,0.145,1,-100.0,-16.861547,0
321,0,0.663,0,1.0,5.3829327,0
321,1,0.654,0,1.0,5.829883,0
321,2,0.661,0,1.0,6.2401047,0
321,3,0.670,0,1.0,4.1594276,0
321,4,0.659,0,1.0,3.332444,0
321,5,0.651,0,1.0,3.2979157,0
321,6,0.648,0,1.0,6.2279296,0
321,7,0.649,1,-0.05,5.703448,0
321,8,0.654,0,1.0,5.5556116,0
321,9,0.623,0,1.0,5.87446,0
321,10,0.612,0,1.0,5.513487,0
321,11,0.610,0,1.0,5.201689,0
321,12,0.591,0,1.0,5.0314264,0
321,13,0.590,0,1.0,4.2069926,0
321,14,0.570,0,1.0,5.0812473,0
321,15,0.566,0,1.0,4.236442,0
321,16,0.558,1,-0.05,5.8506174,0
321,17,0.535,0,1.0,4.289052,0
321,18,0.540,2,-0.05,5.3448486,0
321,19,0.525,1,-0.05,4.4655895,0
321,20,0.524,0,1.0,3.7390454,0
321,21,0.504,0,1.0,4.852283,0
321,22,0.454,0,1.0,2.9007154,0
321,23,0.432,1,-0.05,3.4421089,0
321,24,0.421,1,-0.05,3.6354978,0
321,25,0.404,0,1.0,1.4370238,0
321,26,0.379,2,-0.05,2.349226,0
321,27,0.338,0,1.0,2.3717325,0
321,28,0.323,0,1.0,2.637689,0
321,29,0.283,2,-0.05,3.1818674,0
321,30,0.275,2,-0.05,3.6571646,0
321,31,0.264,2,-0.05,0.38947517,0
321,32,0.250,1,-0.05,-7.0347104,0
321,33,0.257,1,-0.05,-7.11579,0
321,34,0.244,2,-0.05,0.17843902,0
321,35,0.245,1,-0.05,-0.18885708,0
321,36,0.235,1,-0.05,-2.1088696,0
321,37,0.239,1,-0.05,-2.6805134,0
321,38,0.229,1,-0.05,-13.705725,0
321,39,0.218,1,-0.05,-14.010416,0
321,40,0.202,1,-0.05,-52.377316,0
321,41,0.206,1,-0.05,-73.19452,0
321,42,0.201,1,-0.05,-77.65781,0
321,43,0.171,2,-100.0,-87.38939,0
322,0,0.662,0,1.0,4.7518663,0
322,1,0.668,1,-0.05,5.9832344,0
322,2,0.661,2,-0.05,5.2779055,0
322,3,0.667,0,1.0,6.4727097,0
322,4,0.680,0,1.0,7.146341,0
322,5,0.696,0,1.0,4.0504894,0
322,6,0.705,1,-0.05,5.831267,0
322,7,0.688,2,-0.05,5.95431,0
322,8,0.683,0,1.0,7.5164576,0
322,9,0.656,2,-0.05,4.651372,0
322,10,0.623,0,1.0,4.1634774,0
322,11,0.607,0,1.0,6.02587,0
322,12,0.559,0,1.0,5.5400615,0
322,13,0.540,1,-0.05,5.7797008,0
322,14,0.513,0,1.0,5.024515,0
322,15,0.472,0,1.0,5.076751,0
322,16,0.456,0,1.0,5.700885,0
322,17,0.410,1,-0.05,4.3710966,0
322,18,0.407,1,-0.05,4.4916463,0
322,19,0.406,1,-0.05,4.1737566,0
322,20,0.403,1,-0.05,4.1818876,0
322,21,0.408,1,-0.05,5.616691,0
322,22,0.409,0,1.0,4.11055,0
322,23,0.408,2,-0.05,3.6367452,0
322,24,0.412,2,-0.05,2.993312,0
322,25,0.421,0,1.0,4.4338837,0
322,26,0.414,0,1.0,4.9421234,0
322,27,0.398,0,1.0,6.0176606,0
322,28,0.391,1,-0.05,6.0099087,0
322,29,0.392,0,1.0,4.580268,0
322,30,0.406,0,1.0,4.580762,0
322,31,0.398,0,1.0,2.1686091,0
322,32,0.395,0,1.0,5.2186217,0
322,33,0.401,0,1.0,4.641143,0
322,34,0.390,0,1.0,4.5424843,0
322,35,0.421,0,1.0,4.8651485,0
322,36,0.413,0,1.0,4.694682,0
322,37,0.419,1,-0.05,5.7047396,0
322,38,0.417,0,1.0,5.28457,0
322,39,0.439,0,1.0,3.612027,0
322,40,0.439,0,1.0,3.9815564,0
322,41,0.444,0,1.0,4.2666855,0
322,42,0.457,0,1.0,4.46066,0
322,43,0.478,0,1.0,1.2545712,0
322,44,0.478,0,1.0,3.96841,0
322,45,0.500,0,1.0,2.5521674,0
322,46,0.516,0,1.0,3.137201,0
322,47,0.536,2,-0.05,2.5433378,0
322,48,0.545,2,-0.05,2.4703515,0
322,49,0.536,0,1.0,3.933983,0
322,50,0.559,0,1.0,3.7838428,0
322,51,0.637,0,1.0,5.2325253,0
322,52,0.649,0,1.0,5.7669683,0
322,53,0.729,0,1.0,6.7035437,0
322,54,0.771,0,1.0,3.5241547,0
322,55,0.716,0,1.0,4.192467,0
322,56,0.613,0,1.0,3.6112635,0
322,57,0.562,0,1.0,3.7870493,0
322,58,0.439,0,1.0,4.4208145,0
322,59,0.388,2,-0.05,1.9703898,0
322,60,0.345,1,-0.05,2.3367393,0
322,61,0.322,2,-0.05,-2.3638754,0
322,62,0.329,1,-0.05,-3.1417642,0
322,63,0.305,2,-0.05,-5.5360274,0
322,64,0.283,2,-0.05,-8.84571,0
322,65,0.276,2,-0.05,-7.779692,0
322,66,0.269,2,-0.05,-15.197504,0
322,67,0.244,2,-0.05,-13.571564,0
322,68,0.225,1,-0.05,-27.157305,0
322,69,0.218,2,-0.05,-29.873947,0
322,70,0.189,1,-100.0,-38.673065,0
323,0,0.663,0,1.0,4.9383793,0
323,1,0.669,0,1.0,5.8458295,0
323,2,0.658,0,1.0,5.144999,0
323,3,0.649,2,-0.05,4.978286,0
323,4,0.660,0,1.0,3.9269671,0
323,5,0.664,0,1.0,6.564319,0
323,6,0.673,0,1.0,6.388196,0
323,7,0.675,0,1.0,6.031059,0
323,8,0.687,0,1.0,5.879393,0
323,9,0.684,0,1.0,7.3282986,0
323,10,0.689,1,-0.05,6.282273,0
323,11,0.691,0,1.0,6.9083223,0
323,12,0.689,0,1.0,6.100929,0
323,13,0.670,0,1.0,4.461127,0
323,14,0.686,0,1.0,4.9520564,0
323,15,0.676,0,1.0,5.0833483,0
323,16,0.675,0,1.0,5.577969,0
323,17,0.673,0,1.0,4.1754255,0
323,18,0.658,0,1.0,6.1526628,0
323,19,0.658,0,1.0,4.1318,0
323,20,0.651,0,1.0,5.1109576,0
323,21,0.658,0,1.0,4.7551174,0
323,22,0.663,1,-0.05,4.246882,0
323,23,0.642,2,-0.05,4.3099995,0
323,24,0.641,1,-0.05,5.404989,0
323,25,0.655,2,-0.05,4.389822,0
323,26,0.661,0,1.0,2.9784992,0
323,27,0.662,0,1.0,4.1789455,0
323,28,0.665,0,1.0,5.573531,0
323,29,0.670,0,1.0,6.10508,0
323,30,0.680,0,1.0,3.875066,0
323,31,0.699,0,1.0,3.0545702,0
323,32,0.700,0,1.0,4.7056637,0
323,33,0.705,1,-0.05,4.230885,0
323,34,0.713,0,1.0,4.454988,0
323,35,0.701,0,1.0,5.5992465,0
323,36,0.705,0,1.0,4.0925236,0
323,37,0.704,0,1.0,4.3328595,0
323,38,0.709,0,1.0,5.1548777,0
323,39,0.711,0,1.0,5.613446,0
323,40,0.712,0,1.0,5.2764573,0
323,41,0.713,0,1.0,3.3764172,0
323,42,0.713,0,1.0,5.380747,0
323,43,0.714,0,1.0,4.279684,0
323,44,0.719,0,1.0,4.224026,0
323,45,0.714,0,1.0,2.9167287,0
323,46,0.712,0,1.0,3.1881762,0
323,47,0.689,0,1.0,2.6503906,0
323,48,0.577,0,1.0,3.492525,0
323,49,0.515,1,-0.05,1.6149303,0
323,50,0.467,0,1.0,3.2627587,0
323,51,0.376,2,-0.05,4.986102,0
323,52,0.388,2,-0.05,3.2009163,0
323,53,0.358,2,-0.05,1.3837793,0
323,54,0.334,2,-0.05,-2.7906132,0
323,55,0.328,1,-0.05,-5.1749043,0
323,56,0.297,2,-0.05,-10.689903,0
323,57,0.287,2,-0.05,-24.566849,0
323,58,0.272,1,-0.05,-13.055915,0
323,59,0.257,2,-0.05,-13.438398,0
323,60,0.256,1,-0.05,-16.778196,0
323,61,0.232,1,-0.05,-22.559307,0
323,62,0.206,2,-0.05,-47.635384,0
323,63,0.205,2,-0.05,-59.196087,0
323,64,0.173,1,-100.0,-58.091137,0
324,0,0.663,0,1.0,4.0337014,0
324,1,0.670,1,-0.05,3.0101573,0
324,2,0.656,0,1.0,5.8970265,0
324,3,0.652,2,-0.05,5.5484223,0
324,4,0.642,0,1.0,4.53954,0
324,5,0.642,0,1.0,5.209029,0
324,6,0.647,0,1.0,3.5148125,0
324,7,0.630,0,1.0,4.6966,0
324,8,0.622,0,1.0,5.042338,0
324,9,0.643,0,1.0,5.7660856,0
324,10,0.638,2,-0.05,6.003306,0
324,11,0.633,0,1.0,5.8312144,0
324,12,0.639,0,1.0,5.868129,0
324,13,0.645,1,-0.05,5.7423887,0
324,14,0.649,0,1.0,7.6442327,0
324,15,0.656,0,1.0,4.852018,0
324,16,0.647,0,1.0,5.698487,0
324,17,0.657,0,1.0,6.231059,0
324,18,0.646,0,1.0,4.7829323,0
324,19,0.652,0,1.0,4.474917,0
324,20,0.637,0,1.0,5.8326683,0
324,21,0.645,2,-0.05,4.7687516,0
324,22,0.639,0,1.0,5.544197,0
324,23,0.637,0,1.0,6.191926,0
324,24,0.656,0,1.0,5.415038,0
324,25,0.664,0,1.0,5.446437,0
324,26,0.676,0,1.0,5.9694877,0
324,27,0.681,0,1.0,6.4800644,0
324,28,0.680,0,1.0,3.3971953,0
324,29,0.684,0,1.0,4.2218795,0
324,30,0.701,0,1.0,4.690954,0
324,31,0.696,0,1.0,4.44086,0
324,32,0.704,0,1.0,4.1549196,0
324,33,0.705,0,1.0,5.1008143,0
324,34,0.701,2,-0.05,5.358632,0
324,35,0.683,0,1.0,4.9842963,0
324,36,0.685,2,-0.05,3.6919644,0
324,37,0.669,0,1.0,3.8288147,0
324,38,0.657,0,1.0,4.5285134,0
324,39,0.624,2,-0.05,4.3342247,0
324,40,0.640,0,1.0,3.2397625,0
324,41,0.621,0,1.0,3.4910233,0
324,42,0.605,0,1.0,3.9880395,0
324,43,0.626,0,1.0,5.1111307,0
324,44,0.656,0,1.0,6.6684537,0
324,45,0.699,0,1.0,7.1257954,0
324,46,0.732,0,1.0,6.8480897,0
324,47,0.761,2,-0.05,6.651458,0
324,48,0.754,2,-0.05,5.1082835,0
324,49,0.732,1,-0.05,5.9443507,0
324,50,0.713,0,1.0,6.658007,0
324,51,0.653,0,1.0,5.4880085,0
324,52,0.529,0,1.0,6.286389,0
324,53,0.416,0,1.0,6.4833493,0
324,54,0.362,0,1.0,2.40972,0
324,55,0.265,2,-0.05,0.6978766,0
324,56,0.242,1,-0.05,-8.738941,0
324,57,0.241,2,-0.05,-31.638136,0
324,58,0.233,2,-0.05,-24.373503,0
324,59,0.217,1,-0.05,-47.044373,0
324,60,0.202,2,-0.05,-53.00943,0
324,61,0.178,2,-100.0,-57.526962,0
325,0,0.666,2,-0.05,5.3485317,0
325,1,0.656,2,-0.05,6.075456,0
325,2,0.657,0,1.0,6.0992155,0
325,3,0.689,0,1.0,4.2902117,0
325,4,0.704,0,1.0,5.849945,0
325,5,0.664,0,1.0,6.223019,0
325,6,0.652,0,1.0,5.325444,0
325,7,0.621,0,1.0,7.318488,0
325,8,0.584,0,1.0,4.9444237,0
325,9,0.563,0,1.0,4.7450967,0
325,10,0.547,0,1.0,5.5751843,0
325,11,0.516,0,1.0,5.150859,0
325,12,0.494,0,1.0,4.4444003,0
325,13,0.469,0,1.0,4.196113,0
325,14,0.447,1,-0.05,3.8696823,0
325,15,0.438,0,1.0,5.03963,0
325,16,0.417,2,-0.05,4.3826976,0
325,17,0.423,1,-0.05,2.746621,0
325,18,0.422,1,-0.05,4.8260465,0
325,19,0.405,0,1.0,4.6541133,0
325,20,0.414,1,-0.05,5.5095596,0
325,21,0.410,0,1.0,4.8750067,0
325,22,0.429,0,1.0,4.8778024,0
325,23,0.446,0,1.0,5.299999,0
325,24,0.474,0,1.0,6.1437354,0
325,25,0.487,0,1.0,3.7883348,0
325,26,0.500,0,1.0,4.1930404,0
325,27,0.520,0,1.0,4.547414,0
325,28,0.542,0,1.0,4.3855166,0
325,29,0.557,0,1.0,3.558367,0
325,30,0.570,0,1.0,4.1078854,0
325,31,0.579,0,1.0,2.3078308,0
325,32,0.607,0,1.0,3.9443614,0
325,33,0.618,0,1.0,2.8495245,0
325,34,0.647,0,1.0,2.6571312,0
325,35,0.655,0,1.0,3.1242318,0
325,36,0.658,0,1.0,2.9984035,0
325,37,0.673,0,1.0,2.4009418,0
325,38,0.704,0,1.0,2.4582736,0
325,39,0.709,0,1.0,3.5966198,0
325,40,0.694,2,-0.05,2.1011457,0
325,41,0.698,1,-0.05,2.2658474,0
325,42,0.690,1,-0.05,5.053883,0
325,43,0.687,1,-0.05,4.40569,0
325,44,0.676,2,-0.05,3.3320196,0
325,45,0.668,0,1.0,4.2137628,0
325,46,0.647,1,-0.05,4.2238917,0
325,47,0.643,1,-0.05,5.4681563,0
325,48,0.631,0,1.0,4.101556,0
325,49,0.599,2,-0.05,5.994828,0
325,50,0.574,1,-0.05,4.4722033,0
325,51,0.584,2,-0.05,5.845462,0
325,52,0.567,2,-0.05,4.9679723,0
325,53,0.558,0,1.0,5.8031993,0
325,54,0.553,1,-0.05,6.972347,0
325,55,0.537,2,-0.05,7.1102815,0
325,56,0.537,0,1.0,7.466899,0
325,57,0.505,0,1.0,5.3073025,0
325,58,0.514,2,-0.05,6.3295217,0
325,59,0.506,0,1.0,6.99142,0
325,60,0.508,0,1.0,6.1163435,0
325,61,0.505,0,1.0,2.3381162,0
325,62,0.441,2,-0.05,5.0310955,0
325,63,0.423,2,-0.05,5.856368,0
325,64,0.411,2,-0.05,1.7485157,0
325,65,0.366,0,1.0,3.1245599,0
325,66,0.254,0,1.0,3.9986975,0
325,67,0.222,1,-0.05,-27.958889,0
325,68,0.194,2,-100.0,-58.130623,0
326,0,0.662,0,1.0,5.792436,0
326,1,0.663,0,1.0,5.143992,0
326,2,0.676,0,1.0,5.333257,0
326,3,0.673,0,1.0,5.213077,0
326,4,0.686,0,1.0,6.0710754,0
326,5,0.680,2,-0.05,5.782611,0
326,6,0.687,0,1.0,4.7009587,0
326,7,0.688,0,1.0,5.536312,0
326,8,0.704,2,-0.05,6.848421,0
326,9,0.698,0,1.0,6.830202,0
326,10,0.682,0,1.0,5.216935,0
326,11,0.681,1,-0.05,4.3911257,0
326,12,0.656,0,1.0,6.309719,0
326,13,0.649,0,1.0,5.8942122,0
326,14,0.639,0,1.0,6.168354,0
326,15,0.623,0,1.0,5.611322,0
326,16,0.615,0,1.0,6.369473,0
326,17,0.602,0,1.0,6.7356033,0
326,18,0.603,2,-0.05,5.279848,0
326,19,0.599,2,-0.05,5.149416,0
326,20,0.581,1,-0.05,5.1357512,0
326,21,0.585,1,-0.05,3.8168461,0
326,22,0.585,0,1.0,5.7622356,0
326,23,0.577,0,1.0,4.0317993,0
326,24,0.576,0,1.0,5.306991,0
326,25,0.576,0,1.0,4.0236225,0
326,26,0.578,0,1.0,4.384486,0
326,27,0.579,0,1.0,4.7299385,0
326,28,0.585,2,-0.05,1.667704,0
326,29,0.587,0,1.0,3.3083131,0
326,30,0.559,0,1.0,4.3818746,0
326,31,0.563,0,1.0,5.084853,0
326,32,0.555,0,1.0,4.709775,0
326,33,0.554,0,1.0,4.4755,0
326,34,0.537,0,1.0,3.5475469,0
326,35,0.527,0,1.0,4.197874,0
326,36,0.517,0,1.0,5.1301727,0
326,37,0.521,0,1.0,4.6108694,0
326,38,0.509,0,1.0,4.1417503,0
326,39,0.508,0,1.0,4.7995315,0
326,40,0.483,1,-0.05,4.5421176,0
326,41,0.488,1,-0.05,4.545058,0
326,42,0.499,2,-0.05,3.8541973,0
326,43,0.499,1,-0.05,4.32718,0
326,44,0.509,2,-0.05,2.5473053,0
326,45,0.517,1,-0.05,3.9069777,0
326,46,0.487,1,-0.05,3.1884687,0
326,47,0.511,2,-0.05,3.4646885,0
326,48,0.523,2,-0.05,2.1180813,0
326,49,0.532,2,-0.05,3.5237906,0
326,50,0.530,2,-0.05,5.217395,0
326,51,0.522,0,1.0,5.727235,0
326,52,0.555,0,1.0,5.9104137,0
326,53,0.576,0,1.0,6.7372637,0
326,54,0.599,0,1.0,8.207181,0
326,55,0.688,0,1.0,6.4168925,0
326,56,0.710,0,1.0,6.2282047,0
326,57,0.702,0,1.0,5.1672425,0
326,58,0.579,0,1.0,7.0477242,0
326,59,0.529,0,1.0,6.6788807,0
326,60,0.407,0,1.0,5.306394,0
326,61,0.353,1,-0.05,2.9166017,0
326,62,0.337,1,-0.05,2.4148667,0
326,63,0.307,1,-0.05,-3.63231,0
326,64,0.298,2,-0.05,-13.938233,0
326,65,0.276,1,-0.05,-19.871996,0
326,66,0.258,1,-0.05,-22.296875,0
326,67,0.243,2,-0.05,-48.909515,0
326,68,0.231,2,-0.05,-53.93941,0
326,69,0.224,2,-0.05,-61.286583,0
326,70,0.207,2,-0.05,-49.86302,0
326,71,0.183,2,-100.0,-63.84392,0
327,0,0.663,0,1.0,6.5171223,0
327,1,0.663,0,1.0,5.6578016,0
327,2,0.683,0,1.0,5.398842,0
327,3,0.669,1,-0.05,6.574867,0
327,4,0.684,2,-0.05,4.824495,0
327,5,0.669,0,1.0,6.1677246,0
327,6,0.682,1,-0.05,6.1567698,0
327,7,0.702,0,1.0,4.5133266,0
327,8,0.691,0,1.0,6.177603,0
327,9,0.697,0,1.0,6.666312,0
327,10,0.699,0,1.0,6.7952194,0
327,11,0.688,0,1.0,5.222202,0
327,12,0.689,2,-0.05,5.1948957,0
327,13,0.688,0,1.0,5.7596045,0
327,14,0.670,0,1.0,4.4992313,0
327,15,0.653,0,1.0,6.36665,0
327,16,0.637,0,1.0,6.2008147,0
327,17,0.634,0,1.0,6.020044,0
327,18,0.607,0,1.0,5.9530416,0
327,19,0.588,0,1.0,5.6440625,0
327,20,0.581,1,-0.05,3.5117526,0
327,21,0.568,0,1.0,5.037715,0
327,22,0.565,0,1.0,6.219898,0
327,23,0.556,0,1.0,4.44326,0
327,24,0.541,0,1.0,6.069091,0
327,25,0.544,2,-0.05,5.88097,0
327,26,0.526,2,-0.05,4.800717,0
327,27,0.552,0,1.0,4.6353283,0
327,28,0.521,0,1.0,3.692359,0
327,29,0.474,0,1.0,4.735923,0
327,30,0.470,0,1.0,3.979805,0
327,31,0.439,0,1.0,4.0139165,0
327,32,0.426,0,1.0,1.0610588,0
327,33,0.384,0,1.0,-0.3038776,0
327,34,0.380,2,-0.05,-1.5351775,0
327,35,0.370,2,-0.05,-2.204133,0
327,36,0.351,0,1.0,-2.4604678,0
327,37,0.321,0,1.0,-3.3895688,0
327,38,0.279,0,1.0,-3.6917958,0
327,39,0.237,2,-0.05,-11.625444,0
327,40,0.234,2,-0.05,-15.278272,0
327,41,0.207,0,1.0,-15.202101,0
327,42,0.162,2,-100.0,-15.7294655,0
328,0,0.666,0,1.0,7.022633,0
328,1,0.674,0,1.0,5.400454,0
328,2,0.670,0,1.0,6.403735,0
328,3,0.662,0,1.0,4.739115,0
328,4,0.680,1,-0.05,6.9010367,0
328,5,0.675,0,1.0,6.3603415,0
328,6,0.671,0,1.0,4.557412,0
328,7,0.664,0,1.0,6.2689576,0
328,8,0.663,0,1.0,4.7749763,0
328,9,0.648,2,-0.05,5.2721233,0
328,10,0.648,1,-0.05,5.1308694,0
328,11,0.643,2,-0.05,3.1659706,0
328,12,0.645,0,1.0,5.1403284,0
328,13,0.651,0,1.0,3.7984262,0
328,14,0.651,0,1.0,5.893011,0
328,15,0.650,0,1.0,6.504753,0
328,16,0.653,0,1.0,5.9839644,0
328,17,0.662,0,1.0,6.914096,0
328,18,0.656,0,1.0,6.070516,0
328,19,0.670,2,-0.05,5.2644153,0
328,20,0.681,0,1.0,5.448493,0
328,21,0.675,0,1.0,5.1083207,0
328,22,0.694,0,1.0,4.115095,0
328,23,0.710,1,-0.05,6.0031953,0
328,24,0.705,0,1.0,4.937858,0
328,25,0.687,0,1.0,5.8592033,0
328,26,0.688,1,-0.05,6.4995975,0
328,27,0.685,2,-0.05,3.9567447,0
328,28,0.683,1,-0.05,5.8056526,0
328,29,0.687,2,-0.05,4.922938,0
328,30,0.699,2,-0.05,3.2958007,0
328,31,0.699,0,1.0,4.082533,0
328,32,0.672,0,1.0,4.38582,0
328,33,0.633,0,1.0,3.716981,0
328,34,0.611,0,1.0,3.7368777,0
328,35,0.589,0,1.0,4.565668,0
328,36,0.558,0,1.0,4.6652737,0
328,37,0.538,0,1.0,2.3707929,0
328,38,0.504,0,1.0,3.955883,0
328,39,0.487,0,1.0,1.0739312,0
328,40,0.456,0,1.0,2.4147801,0
328,41,0.413,0,1.0,2.4450552,0
328,42,0.417,2,-0.05,5.010736,0
328,43,0.391,0,1.0,6.202865,0
328,44,0.351,0,1.0,5.0099792,0
328,45,0.344,0,1.0,4.9734344,0
328,46,0.328,0,1.0,4.4149623,0
328,47,0.355,0,1.0,4.5619307,0
328,48,0.390,2,-0.05,3.9428332,0
328,49,0.409,2,-0.05,5.8397193,0
328,50,0.412,0,1.0,1.9264326,0
328,51,0.455,2,-0.05,0.47288048,0
328,52,0.447,2,-0.05,0.57690907,0
328,53,0.500,0,1.0,2.0713885,0
328,54,0.534,1,-0.05,3.5557337,0
328,55,0.553,0,1.0,4.078476,0
328,56,0.615,0,1.0,2.5917363,0
328,57,0.686,1,-0.05,0.6846874,0
328,58,0.704,0,1.0,2.4228764,0
328,59,0.616,0,1.0,2.9652112,0
328,60,0.509,0,1.0,3.3498862,0
328,61,0.470,0,1.0,0.3460065,0
328,62,0.389,1,-0.05,-2.5662715,0
328,63,0.386,1,-0.05,-3.9784803,0
328,64,0.367,0,1.0,-4.063522,0
328,65,0.284,1,-0.05,-9.006836,0
328,66,0.275,2,-0.05,-37.33192,0
328,67,0.243,1,-0.05,-37.047165,0
328,68,0.231,1,-0.05,-46.04576,0
328,69,0.229,1,-0.05,-75.72283,0
328,70,0.215,2,-0.05,-86.69952,0
328,71,0.177,2,-100.0,-96.2902,0
329,0,0.666,2,-0.05,5.7733655,0
329,1,0.661,0,1.0,4.3440976,0
329,2,0.664,2,-0.05,4.875398,0
329,3,0.684,0,1.0,5.632505,0
329,4,0.693,0,1.0,6.6105385,0
329,5,0.670,0,1.0,4.9437084,0
329,6,0.628,0,1.0,3.9052453,0
329,7,0.646,1,-0.05,6.273346,0
329,8,0.611,0,1.0,5.507937,0
329,9,0.576,0,1.0,6.013265,0
329,10,0.584,0,1.0,5.6567755,0
329,11,0.545,0,1.0,4.982,0
329,12,0.535,0,1.0,5.6290755,0
329,13,0.519,0,1.0,3.4380734,0
329,14,0.487,0,1.0,5.145089,0
329,15,0.462,0,1.0,5.4165044,0
329,16,0.461,0,1.0,4.541179,0
329,17,0.445,1,-0.05,4.147605,0
329,18,0.430,0,1.0,5.8782043,0
329,19,0.427,1,-0.05,4.009731,0
329,20,0.422,0,1.0,3.8842108,0
329,21,0.427,2,-0.05,4.2233095,0
329,22,0.419,1,-0.05,2.4517498,0
329,23,0.428,0,1.0,4.0056295,0
329,24,0.439,0,1.0,4.9274445,0
329,25,0.446,1,-0.05,3.2551825,0
329,26,0.427,2,-0.05,3.25399,0
329,27,0.459,0,1.0,4.121997,0
329,28,0.462,0,1.0,3.433428,0
329,29,0.449,0,1.0,4.6668034,0
329,30,0.462,0,1.0,3.504874,0
329,31,0.463,0,1.0,3.4106965,0
329,32,0.480,0,1.0,3.3720293,0
329,33,0.479,2,-0.05,3.1867325,0
329,34,0.482,0,1.0,2.7682328,0
329,35,0.454,0,1.0,4.219635,0
329,36,0.469,0,1.0,4.835587,0
329,37,0.456,0,1.0,2.219722,0
329,38,0.452,0,1.0,4.6916127,0
329,39,0.446,0,1.0,4.519972,0
329,40,0.421,0,1.0,4.083253,0
329,41,0.419,0,1.0,3.3015242,0
329,42,0.415,0,1.0,5.190257,0
329,43,0.435,2,-0.05,3.3037453,0
329,44,0.439,0,1.0,4.1692295,0
329,45,0.463,0,1.0,4.1550016,0
329,46,0.497,2,-0.05,5.1478424,0
329,47,0.492,1,-0.05,4.7490253,0
329,48,0.542,0,1.0,4.442255,0
329,49,0.592,0,1.0,4.4983997,0
329,50,0.634,1,-0.05,5.0032296,0
329,51,0.651,1,-0.05,3.690528,0
329,52,0.696,0,1.0,5.147881,0
329,53,0.758,1,-0.05,2.9944506,0
329,54,0.773,1,-0.05,4.3452187,0
329,55,0.737,0,1.0,2.1127982,0
329,56,0.667,2,-0.05,2.1056602,0
329,57,0.653,0,1.0,4.409963,0
329,58,0.572,1,-0.05,2.809356,0
329,59,0.553,1,-0.05,4.802661,0
329,60,0.510,0,1.0,4.502315,0
329,61,0.440,1,-0.05,9.902525,0
329,62,0.433,1,-0.05,11.599216,0
329,63,0.423,1,-0.05,10.558276,0
329,64,0.413,1,-0.05,2.2186787,0
329,65,0.396,2,-0.05,-7.634985,0
329,66,0.378,2,-0.05,-14.134357,0
329,67,0.368,2,-0.05,-1.3114734,0
329,68,0.351,1,-0.05,3.129116,0
329,69,0.340,2,-0.05,2.65506,0
329,70,0.335,2,-0.05,4.154775,0
329,71,0.291,2,-0.05,4.469589,0
329,72,0.296,1,-0.05,-13.044565,0
329,73,0.271,2,-0.05,-13.980635,0
329,74,0.266,2,-0.05,-21.627851,0
329,75,0.258,2,-0.05,-32.521225,0
329,76,0.239,2,-0.05,-41.945786,0
329,77,0.222,2,-0.05,-33.491173,0
329,78,0.204,2,-0.05,-41.751633,0
329,79,0.196,2,-100.0,-71.09648,0
330,0,0.666,2,-0.05,5.694531,0
330,1,0.657,1,-0.05,6.3430047,0
330,2,0.664,2,-0.05,5.4261694,0
330,3,0.661,2,-0.05,4.444399,0
330,4,0.681,0,1.0,5.6642966,0
330,5,0.688,0,1.0,5.444284,0
330,6,0.684,0,1.0,6.309881,0
330,7,0.668,0,1.0,5.263991,0
330,8,0.636,0,1.0,7.345806,0
330,9,0.596,0,1.0,4.735677,0
330,10,0.597,0,1.0,3.6376476,0
330,11,0.553,0,1.0,4.80348,0
330,12,0.526,0,1.0,5.166388,0
330,13,0.506,0,1.0,4.0335817,0
330,14,0.478,0,1.0,4.6747346,0
330,15,0.461,2,-0.05,4.8426633,0
330,16,0.441,0,1.0,3.0634675,0
330,17,0.429,1,-0.05,2.1501403,0
330,18,0.397,0,1.0,3.674258,0
330,19,0.379,0,1.0,2.1902423,0
330,20,0.357,0,1.0,0.75333893,0
330,21,0.329,0,1.0,1.5798581,0
330,22,0.305,0,1.0,-0.20152771,0
330,23,0.269,2,-0.05,-2.0084722,0
330,24,0.250,0,1.0,0.34047794,0
330,25,0.246,2,-0.05,-8.247929,0
330,26,0.224,2,-0.05,-18.10931,0
330,27,0.241,2,-0.05,-35.4626,0
330,28,0.218,2,-0.05,-37.713734,0
330,29,0.220,2,-0.05,-63.65425,0
330,30,0.211,2,-0.05,-74.97439,0
330,31,0.184,1,-100.0,-73.067535,0
331,0,0.663,0,1.0,5.050292,0
331,1,0.659,1,-0.05,5.089113,0
331,2,0.668,0,1.0,5.8107862,0
331,3,0.650,0,1.0,3.7831848,0
331,4,0.642,0,1.0,4.9210176,0
331,5,0.628,2,-0.05,4.272112,0
331,6,0.626,0,1.0,5.2523327,0
331,7,0.624,0,1.0,4.7353973,0
331,8,0.618,0,1.0,6.024757,0
331,9,0.623,1,-0.05,4.020947,0
331,10,0.618,0,1.0,4.083941,0
331,11,0.604,0,1.0,4.4711943,0
331,12,0.586,0,1.0,5.2659974,0
331,13,0.593,0,1.0,5.200031,0
331,14,0.579,0,1.0,2.7806895,0
331,15,0.569,0,1.0,4.7839055,0
331,16,0.535,0,1.0,3.3626583,0
331,17,0.536,0,1.0,5.310481,0
331,18,0.521,0,1.0,4.9481826,0
331,19,0.509,0,1.0,2.7985477,0
331,20,0.503,1,-0.05,2.2055035,0
331,21,0.489,0,1.0,4.5005836,0
331,22,0.468,0,1.0,4.484504,0
331,23,0.444,0,1.0,4.5399137,0
331,24,0.437,0,1.0,4.364709,0
331,25,0.402,0,1.0,4.917193,0
331,26,0.393,0,1.0,3.9568822,0
331,27,0.366,0,1.0,4.219559,0
331,28,0.340,0,1.0,4.283119,0
331,29,0.336,1,-0.05,2.594634,0
331,30,0.305,0,1.0,4.3255553,0
331,31,0.305,2,-0.05,4.401748,0
331,32,0.292,2,-0.05,3.8526788,0
331,33,0.287,0,1.0,2.1657789,0
331,34,0.272,1,-0.05,1.5332978,0
331,35,0.271,1,-0.05,1.5152984,0
331,36,0.271,1,-0.05,0.2125578,0
331,37,0.262,1,-0.05,-3.0968318,0
331,38,0.266,1,-0.05,-3.5532408,0
331,39,0.257,1,-0.05,-5.332129,0
331,40,0.251,1,-0.05,-7.999205,0
331,41,0.239,2,-0.05,-7.3646173,0
331,42,0.230,2,-0.05,-13.582905,0
331,43,0.212,1,-0.05,-25.507946,0
331,44,0.211,1,-0.05,-47.920353,0
331,45,0.192,2,-100.0,-26.009369,0
332,0,0.658,0,1.0,5.3015375,0
332,1,0.658,0,1.0,5.3517647,0
332,2,0.670,0,1.0,5.0747533,0
332,3,0.686,0,1.0,4.4385705,0
332,4,0.679,2,-0.05,3.4712749,0
332,5,0.665,1,-0.05,4.062452,0
332,6,0.684,0,1.0,5.7871957,0
332,7,0.669,0,1.0,3.770842,0
332,8,0.665,0,1.0,5.0798097,0
332,9,0.637,2,-0.05,4.5808663,0
332,10,0.635,0,1.0,4.264139,0
332,11,0.639,1,-0.05,4.857659,0
332,12,0.638,1,-0.05,3.1786144,0
332,13,0.653,1,-0.05,3.8324962,0
332,14,0.631,1,-0.05,3.67817,0
332,15,0.629,1,-0.05,3.0234427,0
332,16,0.625,0,1.0,3.170554,0
332,17,0.582,0,1.0,4.466962,0
332,18,0.548,1,-0.05,5.4990916,0
332,19,0.512,0,1.0,3.1547546,0
332,20,0.475,1,-0.05,5.124815,0
332,21,0.468,0,1.0,5.2034006,0
332,22,0.408,1,-0.05,1.1716847,0
332,23,0.415,1,-0.05,0.3752941,0
332,24,0.398,1,-0.05,-1.1382577,0
332,25,0.372,2,-0.05,-0.54237175,0
332,26,0.365,2,-0.05,-1.3739882,0
332,27,0.356,2,-0.05,0.25130343,0
332,28,0.349,1,-0.05,3.6479414,0
332,29,0.332,1,-0.05,4.356796,0
332,30,0.328,2,-0.05,-1.6546965,0
332,31,0.317,1,-0.05,-1.3069897,0
332,32,0.295,2,-0.05,-3.7540388,0
332,33,0.288,2,-0.05,-2.5379338,0
332,34,0.273,1,-0.05,2.0913458,0
332,35,0.259,1,-0.05,3.920123,0
332,36,0.260,1,-0.05,-5.9453354,0
332,37,0.237,1,-0.05,-18.157154,0
332,38,0.229,1,-0.05,-41.556137,0
332,39,0.208,1,-0.05,-49.038437,0
332,40,0.210,1,-0.05,-48.971046,0
332,41,0.190,2,-100.0,-72.33139,0
333,0,0.658,0,1.0,5.257506,0
333,1,0.658,0,1.0,5.5579557,0
333,2,0.670,0,1.0,5.855828,0
333,3,0.686,0,1.0,5.8247023,0
333,4,0.680,0,1.0,5.3713417,0
333,5,0.681,0,1.0,5.765009,0
333,6,0.690,0,1.0,6.048482,0
333,7,0.678,0,1.0,5.3243217,0
333,8,0.699,0,1.0,4.9791737,0
333,9,0.682,0,1.0,7.06765,0
333,10,0.696,0,1.0,4.7771854,0
333,11,0.701,0,1.0,6.1458497,0
333,12,0.693,0,1.0,4.9919257,0
333,13,0.694,0,1.0,6.129691,0
333,14,0.711,2,-0.05,4.9750843,0
333,15,0.683,0,1.0,5.6600404,0
333,16,0.707,0,1.0,6.342059,0
333,17,0.687,0,1.0,6.7208,0
333,18,0.667,0,1.0,3.2006602,0
333,19,0.672,0,1.0,5.770269,0
333,20,0.643,0,1.0,5.105464,0
333,21,0.642,0,1.0,4.6395288,0
333,22,0.621,0,1.0,5.693879,0
333,23,0.616,0,1.0,5.6173673,0
333,24,0.591,0,1.0,4.744976,0
333,25,0.580,0,1.0,5.0189466,0
333,26,0.585,0,1.0,5.5213537,0
333,27,0.567,0,1.0,4.737093,0
333,28,0.560,2,-0.05,3.7386904,0
333,29,0.539,2,-0.05,3.771813,0
333,30,0.555,2,-0.05,3.634752,0
333,31,0.533,0,1.0,4.285125,0
333,32,0.525,2,-0.05,0.84476316,0
333,33,0.481,0,1.0,1.8026221,0
333,34,0.454,2,-0.05,1.7813526,0
333,35,0.453,2,-0.05,0.9948369,0
333,36,0.429,2,-0.05,-1.7398944,0
333,37,0.441,2,-0.05,-2.9766445,0
333,38,0.426,2,-0.05,-3.78171,0
333,39,0.413,2,-0.05,-3.0604777,0
333,40,0.406,2,-0.05,-3.0012403,0
333,41,0.390,1,-0.05,-3.523654,0
333,42,0.371,2,-0.05,-3.890586,0
333,43,0.359,2,-0.05,-3.6196976,0
333,44,0.337,2,-0.05,-0.5955981,0
333,45,0.320,0,1.0,-3.986596,0
333,46,0.223,0,1.0,-3.7202253,0
333,47,0.141,2,-100.0,-8.464115,0
334,0,0.666,0,1.0,6.6388965,0
334,1,0.674,0,1.0,5.438157,0
334,2,0.669,1,-0.05,6.247612,0
334,3,0.673,0,1.0,5.1712837,0
334,4,0.675,0,1.0,4.8995094,0
334,5,0.642,0,1.0,5.1186833,0
334,6,0.640,0,1.0,4.366992,0
334,7,0.648,0,1.0,5.2572546,0
334,8,0.635,0,1.0,6.3025665,0
334,9,0.624,0,1.0,5.844121,0
334,10,0.621,0,1.0,4.965106,0
334,11,0.616,0,1.0,6.663156,0
334,12,0.613,0,1.0,5.601822,0
334,13,0.607,0,1.0,5.958214,0
334,14,0.593,2,-0.05,3.6776383,0
334,15,0.584,2,-0.05,2.5041137,0
334,16,0.602,0,1.0,5.3477144,0
334,17,0.591,1,-0.05,5.1232014,0
334,18,0.589,0,1.0,5.4010415,0
334,19,0.600,1,-0.05,5.5672436,0
334,20,0.600,0,1.0,6.5462728,0
334,21,0.599,0,1.0,4.5815105,0
334,22,0.593,0,1.0,4.9419575,0
334,23,0.564,0,1.0,4.584226,0
334,24,0.577,0,1.0,4.4024425,0
334,25,0.560,0,1.0,4.934449,0
334,26,0.564,2,-0.05,3.975488,0
334,27,0.560,2,-0.05,4.1551847,0
334,28,0.569,0,1.0,2.9721658,0
334,29,0.569,2,-0.05,3.9529996,0
334,30,0.571,1,-0.05,2.7968705,0
334,31,0.560,0,1.0,5.2407475,0
334,32,0.555,2,-0.05,4.3074837,0
334,33,0.560,0,1.0,4.9783363,0
334,34,0.565,0,1.0,4.8828745,0
334,35,0.566,0,1.0,3.566598,0
334,36,0.580,2,-0.05,4.8999605,0
334,37,0.586,0,1.0,4.9314966,0
334,38,0.598,0,1.0,3.9795969,0
334,39,0.609,0,1.0,4.830179,0
334,40,0.624,2,-0.05,4.6625366,0
334,41,0.615,0,1.0,3.3986392,0
334,42,0.661,0,1.0,5.9713125,0
334,43,0.679,0,1.0,2.5030239,0
334,44,0.694,0,1.0,4.224717,0
334,45,0.716,1,-0.05,8.563158,0
334,46,0.722,0,1.0,8.199788,0
334,47,0.737,0,1.0,5.7893786,0
334,48,0.751,0,1.0,5.8882265,0
334,49,0.763,0,1.0,5.833957,0
334,50,0.787,0,1.0,7.454186,0
334,51,0.774,0,1.0,8.196001,0
334,52,0.707,0,1.0,5.6394286,0
334,53,0.595,0,1.0,5.176552,0
334,54,0.475,0,1.0,2.7577465,0
334,55,0.411,0,1.0,0.53182757,0
334,56,0.325,1,-0.05,-0.3694954,0
334,57,0.297,2,-0.05,-2.4480724,0
334,58,0.290,2,-0.05,-9.131581,0
334,59,0.271,1,-0.05,-8.437145,0
334,60,0.257,2,-0.05,-22.795044,0
334,61,0.234,2,-0.05,-25.610027,0
334,62,0.173,0,-100.0,-27.577862,0
335,0,0.667,0,1.0,4.875082,0
335,1,0.673,0,1.0,6.4981437,0
335,2,0.672,0,1.0,5.5050764,0
335,3,0.657,0,1.0,4.5264935,0
335,4,0.675,1,-0.05,5.4454107,0
335,5,0.654,0,1.0,5.426079,0
335,6,0.656,0,1.0,4.5141153,0
335,7,0.638,0,1.0,4.8054943,0
335,8,0.659,2,-0.05,4.822833,0
335,9,0.644,0,1.0,5.052672,0
335,10,0.640,0,1.0,6.2864685,0
335,11,0.648,0,1.0,3.8088732,0
335,12,0.654,0,1.0,5.9744806,0
335,13,0.656,2,-0.05,6.4580913,0
335,14,0.643,0,1.0,5.300785,0
335,15,0.659,0,1.0,6.5332365,0
335,16,0.674,0,1.0,4.87058,0
335,17,0.683,0,1.0,6.5706825,0
335,18,0.691,0,1.0,5.652237,0
335,19,0.688,2,-0.05,4.1909523,0
335,20,0.686,0,1.0,4.8244133,0
335,21,0.688,0,1.0,4.16373,0
335,22,0.685,0,1.0,5.354827,0
335,23,0.665,0,1.0,4.4472246,0
335,24,0.652,0,1.0,5.049002,0
335,25,0.624,0,1.0,4.7754936,0
335,26,0.604,0,1.0,4.1769056,0
335,27,0.591,0,1.0,3.815146,0
335,28,0.571,0,1.0,4.8628893,0
335,29,0.552,0,1.0,3.4873815,0
335,30,0.526,0,1.0,4.587218,0
335,31,0.516,0,1.0,4.950896,0
335,32,0.501,2,-0.05,1.6537902,0
335,33,0.502,0,1.0,4.3261905,0
335,34,0.465,0,1.0,2.6349008,0
335,35,0.434,0,1.0,1.9066273,0
335,36,0.416,2,-0.05,4.160753,0
335,37,0.421,2,-0.05,5.2494335,0
335,38,0.411,2,-0.05,3.758018,0
335,39,0.412,2,-0.05,2.6260195,0
335,40,0.404,2,-0.05,4.0532546,0
335,41,0.387,0,1.0,3.767439,0
335,42,0.319,0,1.0,4.793044,0
335,43,0.275,2,-0.05,5.7110786,0
335,44,0.284,2,-0.05,5.872054,0
335,45,0.287,2,-0.05,6.096143,0
335,46,0.268,2,-0.05,4.0733414,0
335,47,0.270,2,-0.05,2.8732882,0
335,48,0.254,2,-0.05,4.644394,0
335,49,0.238,0,1.0,3.2717166,0
335,50,0.189,0,-100.0,2.2731898,0
336,0,0.662,0,1.0,4.9986024,0
336,1,0.672,0,1.0,6.3194675,0
336,2,0.661,0,1.0,5.1670485,0
336,3,0.659,0,1.0,5.5172534,0
336,4,0.666,0,1.0,5.735821,0
336,5,0.664,0,1.0,5.585504,0
336,6,0.671,0,1.0,4.5627837,0
336,7,0.666,2,-0.05,4.7027435,0
336,8,0.666,0,1.0,5.3499827,0
336,9,0.688,0,1.0,7.7847633,0
336,10,0.676,0,1.0,6.8607025,0
336,11,0.690,1,-0.05,5.637383,0
336,12,0.686,1,-0.05,6.679523,0
336,13,0.695,1,-0.05,3.9185486,0
336,14,0.697,0,1.0,4.5187855,0
336,15,0.656,0,1.0,4.6132913,0
336,16,0.653,0,1.0,4.988432,0
336,17,0.637,2,-0.05,5.0687284,0
336,18,0.636,2,-0.05,5.214224,0
336,19,0.610,0,1.0,4.564708,0
336,20,0.613,0,1.0,5.3546386,0
336,21,0.619,0,1.0,5.035697,0
336,22,0.615,0,1.0,5.5707173,0
336,23,0.619,0,1.0,3.936727,0
336,24,0.612,1,-0.05,5.5097933,0
336,25,0.618,1,-0.05,4.82407,0
336,26,0.623,1,-0.05,3.7091424,0
336,27,0.603,0,1.0,5.393201,0
336,28,0.597,0,1.0,3.6640465,0
336,29,0.543,0,1.0,3.456238,0
336,30,0.537,0,1.0,2.8778656,0
336,31,0.504,0,1.0,3.6377573,0
336,32,0.456,0,1.0,4.5197425,0
336,33,0.454,0,1.0,4.235572,0
336,34,0.398,0,1.0,4.0581036,0
336,35,0.394,0,1.0,5.455969,0
336,36,0.360,0,1.0,5.501639,0
336,37,0.330,1,-0.05,4.6909246,0
336,38,0.333,0,1.0,4.5497775,0
336,39,0.301,2,-0.05,3.5086172,0
336,40,0.286,2,-0.05,-0.311826,0
336,41,0.285,1,-0.05,-1.3253169,0
336,42,0.276,1,-0.05,-3.0158865,0
336,43,0.277,1,-0.05,-3.7501345,0
336,44,0.276,1,-0.05,-5.567787,0
336,45,0.266,1,-0.05,-5.877809,0
336,46,0.254,2,-0.05,-16.252096,0
336,47,0.237,1,-0.05,-22.04168,0
336,48,0.221,2,-0.05,-44.002285,0
336,49,0.213,2,-0.05,-51.79801,0
336,50,0.182,0,-100.0,-51.006798,0
337,0,0.667,0,1.0,4.193466,0
337,1,0.673,0,1.0,5.7378483,0
337,2,0.666,0,1.0,5.2262864,0
337,3,0.661,0,1.0,4.3667383,0
337,4,0.678,2,-0.05,5.264702,0
337,5,0.665,2,-0.05,5.7152705,0
337,6,0.669,1,-0.05,5.782553,0
337,7,0.655,2,-0.05,7.0571065,0
337,8,0.667,0,1.0,6.808223,0
337,9,0.684,1,-0.05,6.4177213,0
337,10,0.697,0,1.0,6.397619,0
337,11,0.704,1,-0.05,5.1737247,0
337,12,0.691,0,1.0,6.5238996,0
337,13,0.683,0,1.0,4.7733736,0
337,14,0.689,0,1.0,6.6704054,0
337,15,0.684,0,1.0,5.224016,0
337,16,0.689,0,1.0,6.400085,0
337,17,0.682,0,1.0,4.866764,0
337,18,0.677,0,1.0,6.4103074,0
337,19,0.683,2,-0.05,5.030546,0
337,20,0.686,2,-0.05,4.488925,0
337,21,0.678,0,1.0,6.4984894,0
337,22,0.660,1,-0.05,4.7049284,0
337,23,0.659,0,1.0,4.9864607,0
337,24,0.639,0,1.0,7.096411,0
337,25,0.618,0,1.0,5.353712,0
337,26,0.618,0,1.0,6.277479,0
337,27,0.586,0,1.0,4.935321,0
337,28,0.592,2,-0.05,4.891099,0
337,29,0.589,0,1.0,4.75319,0
337,30,0.554,0,1.0,4.9582605,0
337,31,0.533,0,1.0,4.6934986,0
337,32,0.518,0,1.0,5.6100273,0
337,33,0.498,0,1.0,2.4448576,0
337,34,0.466,0,1.0,2.9347725,0
337,35,0.441,0,1.0,1.8693353,0
337,36,0.411,0,1.0,-1.2912674,0
337,37,0.390,0,1.0,-0.08376229,0
337,38,0.364,0,1.0,-0.7134309,0
337,39,0.344,0,1.0,-1.8686142,0
337,40,0.318,0,1.0,-0.284657,0
337,41,0.305,0,1.0,4.865431,0
337,42,0.284,0,1.0,4.766388,0
337,43,0.289,0,1.0,6.5358577,0
337,44,0.333,0,1.0,4.4662633,0
337,45,0.381,0,1.0,5.185362,0
337,46,0.475,0,1.0,4.000286,0
337,47,0.503,2,-0.05,5.6367497,0
337,48,0.577,0,1.0,5.467488,0
337,49,0.617,0,1.0,3.1755366,0
337,50,0.713,0,1.0,4.238381,0
337,51,0.605,0,1.0,5.575429,0
337,52,0.544,0,1.0,3.9712827,0
337,53,0.436,0,1.0,3.440509,0
337,54,0.363,0,1.0,2.8935485,0
337,55,0.262,0,1.0,-1.5119116,0
337,56,0.214,1,-0.05,-13.081535,0
337,57,0.186,1,-100.0,-47.423336,0
338,0,0.663,0,1.0,6.370044,0
338,1,0.671,1,-0.05,5.926653,0
338,2,0.665,0,1.0,5.5799303,0
338,3,0.644,0,1.0,5.410253,0
338,4,0.647,0,1.0,4.55,0
338,5,0.624,0,1.0,5.032588,0
338,6,0.620,0,1.0,4.735256,0
338,7,0.602,0,1.0,5.931842,0
338,8,0.595,0,1.0,3.9697099,0
338,9,0.572,0,1.0,3.6160996,0
338,10,0.565,0,1.0,5.251141,0
338,11,0.537,0,1.0,5.3301926,0
338,12,0.532,0,1.0,5.6540613,0
338,13,0.517,0,1.0,5.5235023,0
338,14,0.511,1,-0.05,4.5767217,0
338,15,0.511,1,-0.05,4.6775947,0
338,16,0.500,0,1.0,4.946507,0
338,17,0.475,0,1.0,4.7302485,0
338,18,0.439,0,1.0,4.9889884,0
338,19,0.401,0,1.0,4.162279,0
338,20,0.390,0,1.0,2.9885464,0
338,21,0.340,0,1.0,2.3589709,0
338,22,0.332,0,1.0,3.456845,0
338,23,0.279,0,1.0,2.0624628,0
338,24,0.236,0,1.0,0.38691688,0
338,25,0.240,0,1.0,-10.061157,0
338,26,0.198,1,-100.0,-31.250584,0
339,0,0.672,2,-0.05,6.2458367,0
339,1,0.656,0,1.0,5.7540703,0
339,2,0.683,0,1.0,5.9480124,0
339,3,0.686,0,1.0,6.158631,0
339,4,0.702,1,-0.05,4.596893,0
339,5,0.697,0,1.0,6.1352735,0
339,6,0.710,0,1.0,6.8697133,0
339,7,0.697,0,1.0,6.4903584,0
339,8,0.693,1,-0.05,5.159079,0
339,9,0.691,0,1.0,5.738383,0
339,10,0.707,0,1.0,4.80828,0
339,11,0.699,1,-0.05,4.781834,0
339,12,0.713,0,1.0,4.670997,0
339,13,0.681,0,1.0,3.3499284,0
339,14,0.684,0,1.0,2.4134834,0
339,15,0.668,1,-0.05,4.7478423,0
339,16,0.668,0,1.0,2.610771,0
339,17,0.636,0,1.0,3.2884846,0
339,18,0.595,0,1.0,3.8316908,0
339,19,0.603,1,-0.05,3.3566258,0
339,20,0.595,1,-0.05,4.2523127,0
339,21,0.549,0,1.0,3.973146,0
339,22,0.543,0,1.0,3.4280765,0
339,23,0.475,0,1.0,2.0391142,0
339,24,0.463,0,1.0,2.4295957,0
339,25,0.397,0,1.0,3.2088063,0
339,26,0.356,0,1.0,3.0771348,0
339,27,0.334,0,1.0,2.0085673,0
339,28,0.278,0,1.0,1.9812846,0
339,29,0.246,2,-0.05,1.3836553,0
339,30,0.230,2,-0.05,-3.938962,0
339,31,0.214,0,1.0,-6.520447,0
339,32,0.197,1,-100.0,-37.61165,0
340,0,0.663,0,1.0,5.8927035,0
340,1,0.654,2,-0.05,5.4753137,0
340,2,0.665,0,1.0,5.9234767,0
340,3,0.657,0,1.0,5.613176,0
340,4,0.678,1,-0.05,6.3329043,0
340,5,0.660,0,1.0,6.2329493,0
340,6,0.662,0,1.0,5.4302516,0
340,7,0.657,2,-0.05,3.2497785,0
340,8,0.671,1,-0.05,2.9516292,0
340,9,0.671,0,1.0,5.296905,0
340,10,0.637,0,1.0,5.3755383,0
340,11,0.634,0,1.0,5.4195786,0
340,12,0.613,0,1.0,5.5863833,0
340,13,0.603,0,1.0,6.391888,0
340,14,0.574,0,1.0,6.185013,0
340,15,0.554,0,1.0,4.3115196,0
340,16,0.542,0,1.0,4.983381,0
340,17,0.513,0,1.0,5.033827,0
340,18,0.499,0,1.0,2.6204634,0
340,19,0.494,0,1.0,4.0609694,0
340,20,0.461,0,1.0,5.2513905,0
340,21,0.452,1,-0.05,4.881995,0
340,22,0.453,1,-0.05,5.905942,0
340,23,0.432,0,1.0,4.2422814,0
340,24,0.389,2,-0.05,3.3074563,0
340,25,0.407,1,-0.05,2.512065,0
340,26,0.388,0,1.0,3.222978,0
340,27,0.335,0,1.0,2.9912496,0
340,28,0.303,1,-0.05,2.0732288,0
340,29,0.300,2,-0.05,2.5124846,0
340,30,0.279,2,-0.05,4.04607,0
340,31,0.271,2,-0.05,0.36638814,0
340,32,0.270,2,-0.05,-2.5079086,0
340,33,0.253,1,-0.05,-3.89508,0
340,34,0.257,1,-0.05,-7.0070953,0
340,35,0.242,1,-0.05,-10.112999,0
340,36,0.244,2,-0.05,-0.5038723,0
340,37,0.220,2,-0.05,-2.3871315,0
340,38,0.229,2,-0.05,-12.615006,0
340,39,0.224,1,-0.05,-26.378067,0
340,40,0.228,1,-0.05,-27.010035,0
340,41,0.219,1,-0.05,-13.910446,0
340,42,0.210,2,-0.05,-30.702053,0
340,43,0.205,2,-0.05,-30.110693,0
340,44,0.200,1,-100.0,-35.625786,0
341,0,0.663,0,1.0,5.711221,0
341,1,0.669,0,1.0,6.019661,0
341,2,0.649,0,1.0,4.9758267,0
341,3,0.648,0,1.0,5.8979063,0
341,4,0.660,0,1.0,4.4809566,0
341,5,0.649,0,1.0,4.013027,0
341,6,0.650,1,-0.05,6.8604717,0
341,7,0.656,0,1.0,4.106051,0
341,8,0.634,0,1.0,3.4531152,0
341,9,0.625,1,-0.05,5.331564,0
341,10,0.617,0,1.0,5.6060853,0
341,11,0.596,0,1.0,5.1395893,0
341,12,0.572,0,1.0,5.072732,0
341,13,0.557,0,1.0,4.311015,0
341,14,0.529,0,1.0,5.558173,0
341,15,0.517,0,1.0,4.5607204,0
341,16,0.490,0,1.0,4.9056444,0
341,17,0.489,2,-0.05,6.3230705,0
341,18,0.450,2,-0.05,4.7865496,0
341,19,0.472,0,1.0,4.082532,0
341,20,0.460,0,1.0,6.6594644,0
341,21,0.463,0,1.0,5.485416,0
341,22,0.454,0,1.0,5.6531153,0
341,23,0.451,0,1.0,6.009415,0
341,24,0.438,0,1.0,4.7345285,0
341,25,0.460,1,-0.05,5.30395,0
341,26,0.456,0,1.0,4.27315,0
341,27,0.449,1,-0.05,4.1024437,0
341,28,0.428,0,1.0,4.2769766,0
341,29,0.414,0,1.0,4.3726664,0
341,30,0.401,2,-0.05,3.8327541,0
341,31,0.395,1,-0.05,5.7679105,0
341,32,0.410,1,-0.05,4.949758,0
341,33,0.384,0,1.0,3.9812255,0
341,34,0.345,0,1.0,3.560135,0
341,35,0.317,0,1.0,1.9799604,0
341,36,0.270,0,1.0,1.0518236,0
341,37,0.228,0,1.0,-1.8353138,0
341,38,0.195,2,-100.0,-5.247701,0
342,0,0.666,0,1.0,4.3163,0
342,1,0.674,0,1.0,6.0762796,0
342,2,0.675,1,-0.05,6.7961903,0
342,3,0.659,2,-0.05,5.9906197,0
342,4,0.668,0,1.0,5.1512914,0
342,5,0.674,0,1.0,4.131605,0
342,6,0.701,0,1.0,6.3314643,0
342,7,0.693,0,1.0,6.950572,0
342,8,0.696,2,-0.05,6.07491,0
342,9,0.673,0,1.0,6.1642375,0
342,10,0.648,0,1.0,6.9827285,0
342,11,0.622,0,1.0,5.97228,0
342,12,0.605,2,-0.05,5.4802284,0
342,13,0.582,0,1.0,4.6917753,0
342,14,0.563,0,1.0,4.976108,0
342,15,0.541,1,-0.05,5.0570326,0
342,16,0.522,0,1.0,5.232494,0
342,17,0.493,0,1.0,3.9676085,0
342,18,0.467,0,1.0,4.8333364,0
342,19,0.432,1,-0.05,5.767047,0
342,20,0.436,1,-0.05,4.8246613,0
342,21,0.407,1,-0.05,6.2546725,0
342,22,0.426,1,-0.05,5.1023,0
342,23,0.422,0,1.0,5.3619556,0
342,24,0.423,0,1.0,4.4386506,0
342,25,0.440,0,1.0,6.175419,0
342,26,0.434,0,1.0,6.8553653,0
342,27,0.464,0,1.0,5.8138885,0
342,28,0.478,0,1.0,5.4261026,0
342,29,0.483,1,-0.05,5.6548815,0
342,30,0.489,0,1.0,5.008208,0
342,31,0.507,1,-0.05,1.9004654,0
342,32,0.524,0,1.0,3.372384,0
342,33,0.529,1,-0.05,5.0072274,0
342,34,0.542,2,-0.05,4.9744225,0
342,35,0.550,2,-0.05,4.367915,0
342,36,0.558,0,1.0,4.029504,0
342,37,0.576,0,1.0,2.9031458,0
342,38,0.573,0,1.0,1.3459866,0
342,39,0.566,0,1.0,3.2752311,0
342,40,0.587,0,1.0,2.9947543,0
342,41,0.585,0,1.0,3.3978918,0
342,42,0.596,0,1.0,2.445892,0
342,43,0.593,1,-0.05,2.4052794,0
342,44,0.606,0,1.0,2.987947,0
342,45,0.619,0,1.0,1.7928957,0
342,46,0.646,0,1.0,3.798716,0
342,47,0.648,2,-0.05,2.1877432,0
342,48,0.646,1,-0.05,2.065857,0
342,49,0.659,1,-0.05,2.5599544,0
342,50,0.670,2,-0.05,2.339635,0
342,51,0.678,2,-0.05,1.400464,0
342,52,0.688,1,-0.05,1.8965429,0
342,53,0.679,1,-0.05,4.6987796,0
342,54,0.734,0,1.0,3.506173,0
342,55,0.721,0,1.0,5.267556,0
342,56,0.679,0,1.0,4.2432947,0
342,57,0.674,0,1.0,6.1696978,0
342,58,0.633,1,-0.05,5.442627,0
342,59,0.636,1,-0.05,6.528989,0
342,60,0.627,1,-0.05,2.0189495,0
342,61,0.584,0,1.0,1.3323265,0
342,62,0.541,2,-0.05,7.888093,0
342,63,0.527,0,1.0,8.822683,0
342,64,0.492,1,-0.05,7.607359,0
342,65,0.483,1,-0.05,7.5490303,0
342,66,0.463,1,-0.05,10.033603,0
342,67,0.457,1,-0.05,9.575964,0
342,68,0.435,2,-0.05,5.782174,0
342,69,0.444,2,-0.05,7.248189,0
342,70,0.421,2,-0.05,8.010849,0
342,71,0.405,1,-0.05,10.366991,0
342,72,0.389,0,1.0,8.895952,0
342,73,0.336,2,-0.05,7.8844757,0
342,74,0.330,2,-0.05,1.0778375,0
342,75,0.318,2,-0.05,7.5159254,0
342,76,0.299,2,-0.05,5.5216193,0
342,77,0.290,2,-0.05,-2.734695,0
342,78,0.279,2,-0.05,4.0936384,0
342,79,0.274,1,-0.05,7.814431,0
342,80,0.271,2,-0.05,4.6123815,0
342,81,0.272,2,-0.05,6.784343,0
342,82,0.258,2,-0.05,4.7989597,0
342,83,0.256,2,-0.05,2.1634407,0
342,84,0.242,2,-0.05,0.49231362,0
342,85,0.251,2,-0.05,-2.0536222,0
342,86,0.251,1,-0.05,-1.1941714,0
342,87,0.246,1,-0.05,-1.8183055,0
342,88,0.256,1,-0.05,-1.2849627,0
342,89,0.262,1,-0.05,1.0068674,0
342,90,0.250,2,-0.05,-17.959929,0
342,91,0.255,2,-0.05,-19.955116,0
342,92,0.253,2,-0.05,-1.615283,0
342,93,0.246,2,-0.05,-19.644823,0
342,94,0.242,1,-0.05,-11.583018,0
342,95,0.231,1,-0.05,-15.182142,0
342,96,0.213,2,-0.05,-31.5107,0
342,97,0.192,2,-100.0,-41.40878,0
343,0,0.658,0,1.0,3.028781,0
343,1,0.658,0,1.0,5.616613,0
343,2,0.670,0,1.0,5.023536,0
343,3,0.686,0,1.0,6.3387766,0
343,4,0.679,1,-0.05,6.2502747,0
343,5,0.682,0,1.0,5.39048,0
343,6,0.682,0,1.0,6.3418474,0
343,7,0.664,0,1.0,5.560868,0
343,8,0.659,0,1.0,4.402113,0
343,9,0.660,0,1.0,5.608033,0
343,10,0.639,0,1.0,5.686,0
343,11,0.638,0,1.0,5.979948,0
343,12,0.627,0,1.0,5.045734,0
343,13,0.622,0,1.0,6.5121274,0
343,14,0.610,0,1.0,5.443479,0
343,15,0.617,0,1.0,5.137219,0
343,16,0.607,0,1.0,5.238265,0
343,17,0.602,0,1.0,3.144456,0
343,18,0.592,0,1.0,4.660989,0
343,19,0.578,0,1.0,4.67627,0
343,20,0.570,2,-0.05,4.8636,0
343,21,0.570,0,1.0,4.7153893,0
343,22,0.569,0,1.0,5.573742,0
343,23,0.583,0,1.0,6.0375834,0
343,24,0.583,0,1.0,3.657137,0
343,25,0.591,0,1.0,4.397061,0
343,26,0.591,0,1.0,4.5462103,0
343,27,0.588,0,1.0,4.7367535,0
343,28,0.592,0,1.0,4.86263,0
343,29,0.599,0,1.0,1.9261014,0
343,30,0.601,0,1.0,3.981308,0
343,31,0.606,0,1.0,3.7496028,0
343,32,0.618,0,1.0,3.7124565,0
343,33,0.609,0,1.0,5.3171015,0
343,34,0.607,0,1.0,6.6980214,0
343,35,0.626,0,1.0,5.5634594,0
343,36,0.622,0,1.0,4.193283,0
343,37,0.623,0,1.0,4.060788,0
343,38,0.623,1,-0.05,5.1866918,0
343,39,0.611,0,1.0,5.0216866,0
343,40,0.613,2,-0.05,3.4597635,0
343,41,0.621,2,-0.05,4.331772,0
343,42,0.617,0,1.0,4.640224,0
343,43,0.623,1,-0.05,6.6350145,0
343,44,0.634,0,1.0,5.6152,0
343,45,0.638,0,1.0,3.8059738,0
343,46,0.633,0,1.0,3.68087,0
343,47,0.595,0,1.0,3.288506,0
343,48,0.471,0,1.0,3.9090745,0
343,49,0.407,0,1.0,3.568574,0
343,50,0.311,2,-0.05,2.2092502,0
343,51,0.299,0,1.0,-0.45560694,0
343,52,0.209,2,-0.05,-6.717727,0
343,53,0.176,2,-100.0,-71.63045,0
344,0,0.666,0,1.0,6.4320455,0
344,1,0.674,0,1.0,6.6396103,0
344,2,0.670,0,1.0,4.9828176,0
344,3,0.668,0,1.0,6.4664993,0
344,4,0.681,0,1.0,5.8687577,0
344,5,0.676,0,1.0,6.158647,0
344,6,0.681,0,1.0,4.4688964,0
344,7,0.693,0,1.0,6.9197407,0
344,8,0.683,2,-0.05,6.08372,0
344,9,0.683,2,-0.05,5.53973,0
344,10,0.683,2,-0.05,4.6466246,0
344,11,0.689,1,-0.05,3.9547687,0
344,12,0.699,0,1.0,4.461906,0
344,13,0.692,2,-0.05,6.977867,0
344,14,0.702,0,1.0,6.73775,0
344,15,0.699,1,-0.05,6.4582896,0
344,16,0.685,0,1.0,5.7131157,0
344,17,0.688,1,-0.05,6.9486713,0
344,18,0.687,2,-0.05,6.1158915,0
344,19,0.677,0,1.0,6.721956,0
344,20,0.664,1,-0.05,5.9043136,0
344,21,0.673,2,-0.05,4.4316306,0
344,22,0.647,0,1.0,5.119633,0
344,23,0.629,1,-0.05,2.9964707,0
344,24,0.604,0,1.0,5.0063095,0
344,25,0.601,0,1.0,4.1477385,0
344,26,0.552,0,1.0,4.9417863,0
344,27,0.542,2,-0.05,5.6887193,0
344,28,0.538,0,1.0,5.651449,0
344,29,0.487,0,1.0,5.6197133,0
344,30,0.468,0,1.0,3.4252472,0
344,31,0.429,1,-0.05,3.7412665,0
344,32,0.412,0,1.0,3.4356987,0
344,33,0.415,1,-0.05,3.904376,0
344,34,0.396,1,-0.05,2.3338482,0
344,35,0.384,1,-0.05,3.5331888,0
344,36,0.382,1,-0.05,5.235202,0
344,37,0.398,0,1.0,4.7689257,0
344,38,0.397,1,-0.05,5.2798347,0
344,39,0.407,2,-0.05,4.0239406,0
344,40,0.399,0,1.0,5.297417,0
344,41,0.407,1,-0.05,4.3608704,0
344,42,0.388,1,-0.05,3.4332952,0
344,43,0.410,0,1.0,4.4598036,0
344,44,0.421,0,1.0,3.6843371,0
344,45,0.434,0,1.0,2.4725776,0
344,46,0.443,0,1.0,3.7183204,0
344,47,0.471,0,1.0,2.4917765,0
344,48,0.492,1,-0.05,2.5815568,0
344,49,0.488,1,-0.05,-0.34472418,0
344,50,0.493,2,-0.05,0.941352,0
344,51,0.496,2,-0.05,1.4206082,0
344,52,0.514,0,1.0,1.8052553,0
344,53,0.508,0,1.0,1.5153162,0
344,54,0.512,2,-0.05,2.6885023,0
344,55,0.510,0,1.0,4.218114,0
344,56,0.551,0,1.0,4.328745,0
344,57,0.546,2,-0.05,3.5483139,0
344,58,0.544,2,-0.05,4.5652986,0
344,59,0.552,2,-0.05,5.6551986,0
344,60,0.541,0,1.0,3.0623782,0
344,61,0.597,0,1.0,6.781196,0
344,62,0.620,0,1.0,8.7014675,0
344,63,0.659,1,-0.05,7.5663095,0
344,64,0.657,2,-0.05,5.876584,0
344,65,0.686,0,1.0,6.279684,0
344,66,0.743,0,1.0,4.254141,0
344,67,0.731,0,1.0,4.588029,0
344,68,0.631,0,1.0,4.39966,0
344,69,0.586,1,-0.05,4.6996603,0
344,70,0.567,1,-0.05,4.2448945,0
344,71,0.551,1,-0.05,4.4234676,0
344,72,0.517,0,1.0,2.6872158,0
344,73,0.430,1,-0.05,2.542528,0
344,74,0.407,1,-0.05,-1.4237473,0
344,75,0.398,1,-0.05,-3.9721293,0
344,76,0.384,2,-0.05,-9.18574,0
344,77,0.357,2,-0.05,-9.234994,0
344,78,0.347,2,-0.05,-7.2216706,0
344,79,0.328,2,-0.05,-6.3764443,0
344,80,0.300,1,-0.05,-2.2322478,0
344,81,0.301,2,-0.05,-3.0110803,0
344,82,0.285,2,-0.05,-4.1503735,0
344,83,0.269,1,-0.05,-15.032426,0
344,84,0.246,1,-0.05,-17.661371,0
344,85,0.233,2,-0.05,-7.872237,0
344,86,0.229,2,-0.05,-17.367764,0
344,87,0.196,1,-100.0,-44.941113,0
345,0,0.664,0,1.0,5.2276015,0
345,1,0.655,0,1.0,5.8046875,0
345,2,0.659,2,-0.05,3.984044,0
345,3,0.660,0,1.0,5.4672856,0
345,4,0.674,0,1.0,6.9601603,0
345,5,0.665,0,1.0,5.906648,0
345,6,0.665,0,1.0,5.0799694,0
345,7,0.676,0,1.0,5.664636,0
345,8,0.675,1,-0.05,6.4699955,0
345,9,0.681,0,1.0,5.3471336,0
345,10,0.679,0,1.0,6.9001102,0
345,11,0.683,0,1.0,4.4981604,0
345,12,0.671,0,1.0,5.297027,0
345,13,0.679,0,1.0,4.369225,0
345,14,0.663,0,1.0,5.2031612,0
345,15,0.647,0,1.0,5.8587966,0
345,16,0.658,0,1.0,3.3937137,0
345,17,0.647,0,1.0,5.8571334,0
345,18,0.647,0,1.0,4.278803,0
345,19,0.636,0,1.0,4.8998365,0
345,20,0.633,0,1.0,4.268411,0
345,21,0.622,0,1.0,5.0597305,0
345,22,0.622,0,1.0,3.1048744,0
345,23,0.626,0,1.0,3.6741555,0
345,24,0.624,2,-0.05,3.5706718,0
345,25,0.611,0,1.0,4.042166,0
345,26,0.630,0,1.0,3.9538977,0
345,27,0.621,0,1.0,6.9164824,0
345,28,0.638,0,1.0,4.2164564,0
345,29,0.641,0,1.0,4.365598,0
345,30,0.648,0,1.0,4.7208085,0
345,31,0.647,0,1.0,4.464614,0
345,32,0.662,0,1.0,4.3179693,0
345,33,0.657,0,1.0,4.1659756,0
345,34,0.657,0,1.0,4.6211634,0
345,35,0.663,0,1.0,5.488768,0
345,36,0.676,0,1.0,6.8379836,0
345,37,0.672,0,1.0,5.0404215,0
345,38,0.685,1,-0.05,5.9090223,0
345,39,0.688,1,-0.05,5.8096004,0
345,40,0.684,1,-0.05,2.6677256,0
345,41,0.682,1,-0.05,5.292493,0
345,42,0.681,1,-0.05,5.366704,0
345,43,0.666,1,-0.05,3.4203527,0
345,44,0.672,2,-0.05,3.87534,0
345,45,0.663,1,-0.05,4.765218,0
345,46,0.664,1,-0.05,2.712589,0
345,47,0.642,0,1.0,0.48855627,0
345,48,0.603,1,-0.05,1.9966304,0
345,49,0.599,1,-0.05,2.1906018,0
345,50,0.569,1,-0.05,5.3216004,0
345,51,0.568,0,1.0,4.651024,0
345,52,0.507,1,-0.05,4.256482,0
345,53,0.485,2,-0.05,-3.40835,0
345,54,0.480,1,-0.05,3.344265,0
345,55,0.467,1,-0.05,-2.4630578,0
345,56,0.450,2,-0.05,-39.093937,0
345,57,0.431,2,-0.05,-35.79949,0
345,58,0.420,2,-0.05,-2.479487,0
345,59,0.409,2,-0.05,7.9061728,0
345,60,0.402,1,-0.05,9.232502,0
345,61,0.385,2,-0.05,8.045363,0
345,62,0.369,2,-0.05,8.039813,0
345,63,0.357,1,-0.05,9.204836,0
345,64,0.360,1,-0.05,9.9238405,0
345,65,0.339,2,-0.05,9.626854,0
345,66,0.342,2,-0.05,10.842439,0
345,67,0.302,1,-0.05,9.427061,0
345,68,0.302,2,-0.05,8.087718,0
345,69,0.307,2,-0.05,3.6015587,0
345,70,0.280,2,-0.05,-3.163885,0
345,71,0.274,2,-0.05,-2.731266,0
345,72,0.264,2,-0.05,8.090963,0
345,73,0.261,2,-0.05,8.589825,0
345,74,0.253,2,-0.05,3.164197,0
345,75,0.257,2,-0.05,6.753764,0
345,76,0.246,2,-0.05,6.121129,0
345,77,0.249,2,-0.05,2.1850169,0
345,78,0.261,0,1.0,4.5719223,0
345,79,0.271,1,-0.05,2.1850147,0
345,80,0.301,0,1.0,2.5255585,0
345,81,0.310,2,-0.05,5.4107103,0
345,82,0.322,2,-0.05,4.628218,0
345,83,0.312,2,-0.05,-2.1402044,0
345,84,0.300,1,-0.05,-6.5999727,0
345,85,0.288,1,-0.05,-4.9643736,0
345,86,0.270,2,-0.05,-3.927549,0
345,87,0.259,1,-0.05,-7.3448277,0
345,88,0.236,2,-0.05,-9.753202,0
345,89,0.234,1,-0.05,-21.464405,0
345,90,0.211,2,-0.05,-16.452671,0
345,91,0.202,1,-0.05,-28.837341,0
345,92,0.183,2,-100.0,-43.75891,0
346,0,0.663,0,1.0,4.7446103,0
346,1,0.663,0,1.0,6.0844254,0
346,2,0.676,0,1.0,6.053612,0
346,3,0.673,0,1.0,3.3984504,0
346,4,0.680,0,1.0,6.285128,0
346,5,0.679,0,1.0,5.880318,0
346,6,0.690,0,1.0,5.709219,0
346,7,0.683,0,1.0,5.3888264,0
346,8,0.685,0,1.0,5.51829,0
346,9,0.692,0,1.0,6.3055487,0
346,10,0.696,0,1.0,4.865727,0
346,11,0.691,0,1.0,6.138593,0
346,12,0.703,0,1.0,4.6631875,0
346,13,0.711,2,-0.05,3.582474,0
346,14,0.696,0,1.0,4.188539,0
346,15,0.692,0,1.0,6.32711,0
346,16,0.689,0,1.0,6.922514,0
346,17,0.679,0,1.0,4.833333,0
346,18,0.668,0,1.0,5.5280013,0
346,19,0.659,0,1.0,5.125647,0
346,20,0.646,0,1.0,6.1604395,0
346,21,0.636,0,1.0,5.4821615,0
346,22,0.620,0,1.0,5.6675863,0
346,23,0.614,0,1.0,5.9037747,0
346,24,0.596,0,1.0,5.0623646,0
346,25,0.599,0,1.0,5.4301696,0
346,26,0.568,0,1.0,5.9206223,0
346,27,0.561,0,1.0,4.5673766,0
346,28,0.555,2,-0.05,3.335177,0
346,29,0.558,2,-0.05,4.5957336,0
346,30,0.557,2,-0.05,3.0453014,0
346,31,0.559,2,-0.05,1.9153265,0
346,32,0.525,0,1.0,2.4830632,0
346,33,0.477,0,1.0,2.5718741,0
346,34,0.447,0,1.0,0.3356576,0
346,35,0.395,0,1.0,-0.26467633,0
346,36,0.353,0,1.0,-0.48518455,0
346,37,0.328,2,-0.05,1.00166,0
346,38,0.316,0,1.0,2.5025673,0
346,39,0.291,2,-0.05,1.7659185,0
346,40,0.267,2,-0.05,1.5761472,0
346,41,0.285,2,-0.05,2.7765193,0
346,42,0.243,0,1.0,6.139122,0
346,43,0.246,2,-0.05,6.2455487,0
346,44,0.229,2,-0.05,6.5592604,0
346,45,0.207,1,-0.05,6.994451,0
346,46,0.224,2,-0.05,7.140427,0
346,47,0.237,2,-0.05,6.572244,0
346,48,0.241,2,-0.05,5.999957,0
346,49,0.233,2,-0.05,5.2386208,0
346,50,0.220,2,-0.05,5.4694824,0
346,51,0.234,2,-0.05,5.9870505,0
346,52,0.219,0,1.0,5.7325664,0
346,53,0.215,1,-0.05,6.951257,0
346,54,0.221,0,1.0,8.9941025,0
346,55,0.221,1,-0.05,-2.6229968,0
346,56,0.231,0,1.0,-3.0180345,0
346,57,0.239,2,-0.05,-4.0010514,0
346,58,0.242,0,1.0,-0.92166555,0
346,59,0.262,1,-0.05,-4.491867,0
346,60,0.269,0,1.0,-1.1979408,0
346,61,0.271,0,1.0,-1.247894,0
346,62,0.293,1,-0.05,-0.6335659,0
346,63,0.298,1,-0.05,0.09441768,0
346,64,0.301,2,-0.05,1.0805477,0
346,65,0.295,2,-0.05,1.8081856,0
346,66,0.313,0,1.0,0.39945894,0
346,67,0.308,1,-0.05,-2.4231873,0
346,68,0.326,2,-0.05,-2.4838762,0
346,69,0.315,1,-0.05,-4.180358,0
346,70,0.322,1,-0.05,-2.161673,0
346,71,0.325,1,-0.05,-0.2679783,0
346,72,0.318,0,1.0,1.1829329,0
346,73,0.376,0,1.0,2.9127514,0
346,74,0.384,1,-0.05,3.032542,0
346,75,0.388,1,-0.05,3.3584397,0
346,76,0.376,1,-0.05,3.7227747,0
346,77,0.396,1,-0.05,5.5634823,0
346,78,0.428,0,1.0,3.576662,0
346,79,0.464,1,-0.05,1.8408545,0
346,80,0.488,0,1.0,1.4926491,0
346,81,0.574,0,1.0,-1.3571637,0
346,82,0.626,0,1.0,1.6735339,0
346,83,0.693,0,1.0,2.7166543,0
346,84,0.654,0,1.0,1.8320084,0
346,85,0.559,0,1.0,0.9794637,0
346,86,0.467,0,1.0,2.5512311,0
346,87,0.375,0,1.0,2.6182215,0
346,88,0.343,2,-0.05,-0.197994,0
346,89,0.326,2,-0.05,-1.4536767,0
346,90,0.317,2,-0.05,-0.64597034,0
346,91,0.291,2,-0.05,-2.7128963,0
346,92,0.289,1,-0.05,1.6048567,0
346,93,0.280,1,-0.05,1.4248217,0
346,94,0.269,1,-0.05,-5.9826317,0
346,95,0.260,2,-0.05,-19.734451,0
346,96,0.250,2,-0.05,-30.356478,0
346,97,0.212,0,1.0,-32.72551,0
346,98,0.199,1,-100.0,-57.34922,0
347,0,0.663,0,1.0,4.8485093,0
347,1,0.654,0,1.0,4.26739,0
347,2,0.659,2,-0.05,6.037002,0
347,3,0.654,2,-0.05,6.2025986,0
347,4,0.662,2,-0.05,6.2651258,0
347,5,0.664,1,-0.05,5.118696,0
347,6,0.668,0,1.0,6.5173616,0
347,7,0.666,0,1.0,5.0846915,0
347,8,0.668,0,1.0,5.429413,0
347,9,0.659,0,1.0,4.7357635,0
347,10,0.669,2,-0.05,6.4429865,0
347,11,0.672,0,1.0,6.2538075,0
347,12,0.685,0,1.0,6.5198064,0
347,13,0.690,0,1.0,5.9490714,0
347,14,0.695,1,-0.05,7.071869,0
347,15,0.708,1,-0.05,6.335387,0
347,16,0.704,0,1.0,5.6332784,0
347,17,0.701,0,1.0,4.7701535,0
347,18,0.698,0,1.0,5.6275377,0
347,19,0.674,0,1.0,5.1503587,0
347,20,0.683,0,1.0,3.120817,0
347,21,0.659,0,1.0,5.059702,0
347,22,0.661,0,1.0,3.5881596,0
347,23,0.644,0,1.0,4.2946825,0
347,24,0.638,0,1.0,2.894596,0
347,25,0.624,0,1.0,4.396641,0
347,26,0.632,1,-0.05,4.3396945,0
347,27,0.622,0,1.0,4.3485146,0
347,28,0.611,1,-0.05,3.019987,0
347,29,0.603,1,-0.05,3.9821332,0
347,30,0.588,0,1.0,2.521967,0
347,31,0.575,0,1.0,3.061132,0
347,32,0.536,2,-0.05,2.4819849,0
347,33,0.522,0,1.0,3.668035,0
347,34,0.495,0,1.0,3.7993073,0
347,35,0.472,0,1.0,3.900824,0
347,36,0.426,0,1.0,3.8496597,0
347,37,0.414,1,-0.05,4.250938,0
347,38,0.400,0,1.0,4.9114914,0
347,39,0.353,0,1.0,4.3213167,0
347,40,0.345,0,1.0,3.9479823,0
347,41,0.303,0,1.0,2.069109,0
347,42,0.251,2,-0.05,-4.052177,0
347,43,0.249,2,-0.05,-14.536011,0
347,44,0.237,1,-0.05,-18.797224,0
347,45,0.242,1,-0.05,-23.765848,0
347,46,0.238,1,-0.05,-15.170634,0
347,47,0.231,1,-0.05,-51.949654,0
347,48,0.228,1,-0.05,-53.592308,0
347,49,0.219,2,-0.05,-85.394,0
347,50,0.202,2,-0.05,-99.58748,0
347,51,0.197,2,-100.0,-88.52557,0
348,0,0.658,0,1.0,6.4224796,0
348,1,0.658,0,1.0,7.0462465,0
348,2,0.670,0,1.0,6.6060815,0
348,3,0.686,0,1.0,5.602079,0
348,4,0.680,0,1.0,5.364907,0
348,5,0.679,0,1.0,6.8500724,0
348,6,0.690,0,1.0,5.6847334,0
348,7,0.678,0,1.0,6.771501,0
348,8,0.699,2,-0.05,4.9963727,0
348,9,0.685,0,1.0,6.117907,0
348,10,0.697,1,-0.05,7.099587,0
348,11,0.700,0,1.0,7.577766,0
348,12,0.698,0,1.0,6.174497,0
348,13,0.702,0,1.0,6.670733,0
348,14,0.697,0,1.0,5.726243,0
348,15,0.697,0,1.0,6.281921,0
348,16,0.711,0,1.0,6.3190765,0
348,17,0.704,0,1.0,6.8204837,0
348,18,0.706,0,1.0,6.004632,0
348,19,0.697,0,1.0,7.1757417,0
348,20,0.692,0,1.0,4.8080473,0
348,21,0.688,0,1.0,7.2322655,0
348,22,0.694,0,1.0,5.020664,0
348,23,0.686,0,1.0,5.388435,0
348,24,0.683,0,1.0,6.0578475,0
348,25,0.689,0,1.0,5.175654,0
348,26,0.691,0,1.0,4.4517107,0
348,27,0.678,0,1.0,6.1895304,0
348,28,0.691,0,1.0,5.3051686,0
348,29,0.692,0,1.0,5.078072,0
348,30,0.669,0,1.0,5.836259,0
348,31,0.676,0,1.0,3.807603,0
348,32,0.684,0,1.0,5.5767574,0
348,33,0.685,0,1.0,5.175214,0
348,34,0.687,0,1.0,5.816023,0
348,35,0.684,0,1.0,5.155451,0
348,36,0.682,0,1.0,3.663249,0
348,37,0.711,0,1.0,4.62866,0
348,38,0.746,0,1.0,3.2080677,0
348,39,0.746,0,1.0,5.1398835,0
348,40,0.752,0,1.0,3.1404526,0
348,41,0.754,0,1.0,3.8683107,0
348,42,0.717,0,1.0,2.4407005,0
348,43,0.665,0,1.0,3.29664,0
348,44,0.556,0,1.0,4.0914707,0
348,45,0.476,0,1.0,4.1682,0
348,46,0.364,0,1.0,2.184543,0
348,47,0.327,2,-0.05,-3.8850303,0
348,48,0.297,2,-0.05,-10.191029,0
348,49,0.282,0,1.0,-26.891785,0
348,50,0.169,0,-100.0,-38.30267,0
349,0,0.665,0,1.0,5.962153,0
349,1,0.671,0,1.0,6.3815513,0
349,2,0.661,0,1.0,6.268731,0
349,3,0.657,0,1.0,4.890223,0
349,4,0.673,0,1.0,5.434158,0
349,5,0.661,2,-0.05,7.2014017,0
349,6,0.661,0,1.0,7.398164,0
349,7,0.670,0,1.0,6.2568827,0
349,8,0.681,1,-0.05,4.1626797,0
349,9,0.678,1,-0.05,6.04838,0
349,10,0.679,2,-0.05,6.0289087,0
349,11,0.671,2,-0.05,5.643554,0
349,12,0.693,0,1.0,6.064108,0
349,13,0.700,0,1.0,6.392405,0
349,14,0.692,0,1.0,6.070331,0
349,15,0.650,0,1.0,5.793554,0
349,16,0.637,1,-0.05,6.047813,0
349,17,0.626,0,1.0,6.0159307,0
349,18,0.613,0,1.0,6.7638493,0
349,19,0.593,0,1.0,6.1167574,0
349,20,0.576,0,1.0,6.238454,0
349,21,0.572,0,1.0,7.6836715,0
349,22,0.545,0,1.0,5.7718787,0
349,23,0.533,0,1.0,6.9792004,0
349,24,0.525,0,1.0,5.873641,0
349,25,0.514,0,1.0,6.889311,0
349,26,0.495,0,1.0,5.567697,0
349,27,0.487,2,-0.05,6.177124,0
349,28,0.475,0,1.0,6.205702,0
349,29,0.451,0,1.0,5.0647173,0
349,30,0.433,0,1.0,2.407364,0
349,31,0.404,0,1.0,-0.23790884,0
349,32,0.382,0,1.0,-0.3722837,0
349,33,0.362,2,-0.05,-2.678543,0
349,34,0.349,0,1.0,-1.2637308,0
349,35,0.334,2,-0.05,-6.988038,0
349,36,0.335,2,-0.05,-4.685127,0
349,37,0.319,2,-0.05,-6.139797,0
349,38,0.293,0,1.0,-8.805769,0
349,39,0.252,0,1.0,-12.314768,0
349,40,0.185,0,-100.0,-17.42284,0
350,0,0.672,0,1.0,5.5194945,0
350,1,0.672,0,1.0,6.457197,0
350,2,0.661,1,-0.05,6.080456,0
350,3,0.662,0,1.0,6.4656873,0
350,4,0.659,0,1.0,5.9128013,0
350,5,0.629,0,1.0,5.9959974,0
350,6,0.631,0,1.0,6.8701982,0
350,7,0.634,0,1.0,5.7396507,0
350,8,0.609,0,1.0,6.467558,0
350,9,0.603,0,1.0,5.995602,0
350,10,0.600,0,1.0,7.553348,0
350,11,0.580,0,1.0,6.003544,0
350,12,0.577,0,1.0,6.205906,0
350,13,0.553,0,1.0,6.6882224,0
350,14,0.555,0,1.0,5.703573,0
350,15,0.552,0,1.0,6.1910887,0
350,16,0.527,0,1.0,2.486892,0
350,17,0.514,0,1.0,4.0805597,0
350,18,0.511,1,-0.05,5.495635,0
350,19,0.496,0,1.0,5.324802,0
350,20,0.470,0,1.0,7.3048573,0
350,21,0.464,0,1.0,5.8721747,0
350,22,0.440,0,1.0,5.9626927,0
350,23,0.433,0,1.0,6.248807,0
350,24,0.409,0,1.0,4.3503294,0
350,25,0.402,0,1.0,5.544464,0
350,26,0.373,2,-0.05,6.091275,0
350,27,0.370,0,1.0,5.7349453,0
350,28,0.363,0,1.0,5.166828,0
350,29,0.346,0,1.0,5.7860303,0
350,30,0.328,0,1.0,6.7248254,0
350,31,0.317,0,1.0,7.4406,0
350,32,0.304,0,1.0,6.850855,0
350,33,0.316,2,-0.05,2.0407262,0
350,34,0.293,0,1.0,2.967806,0
350,35,0.314,2,-0.05,3.478695,0
350,36,0.304,0,1.0,5.221703,0
350,37,0.312,0,1.0,8.919994,0
350,38,0.322,0,1.0,7.4365435,0
350,39,0.323,0,1.0,5.95683,0
350,40,0.338,0,1.0,7.6162906,0
350,41,0.333,0,1.0,6.55318,0
350,42,0.345,0,1.0,6.5110207,0
350,43,0.354,0,1.0,6.101204,0
350,44,0.370,0,1.0,5.2456155,0
350,45,0.382,0,1.0,5.536695,0
350,46,0.385,0,1.0,3.3169503,0
350,47,0.394,0,1.0,3.929171,0
350,48,0.302,2,-0.05,-0.27950382,0
350,49,0.310,1,-0.05,-22.270645,0
350,50,0.280,2,-0.05,-25.521294,0
350,51,0.276,2,-0.05,-27.752445,0
350,52,0.249,2,-0.05,-43.223667,0
350,53,0.238,2,-0.05,-54.321148,0
350,54,0.195,0,-100.0,-58.384144,0
351,0,0.655,0,1.0,5.348522,0
351,1,0.673,0,1.0,6.758754,0
351,2,0.672,0,1.0,6.844978,0
351,3,0.661,0,1.0,5.5558004,0
351,4,0.674,0,1.0,4.901657,0
351,5,0.656,0,1.0,5.8158135,0
351,6,0.674,1,-0.05,6.6291246,0
351,7,0.673,0,1.0,5.474929,0
351,8,0.660,2,-0.05,4.441577,0
351,9,0.659,0,1.0,5.442202,0
351,10,0.660,0,1.0,6.025847,0
351,11,0.666,1,-0.05,4.0476074,0
351,12,0.665,0,1.0,5.0148287,0
351,13,0.655,0,1.0,5.679285,0
351,14,0.664,0,1.0,7.2161126,0
351,15,0.664,0,1.0,5.803007,0
351,16,0.654,0,1.0,6.611859,0
351,17,0.645,0,1.0,6.791005,0
351,18,0.639,0,1.0,5.1097736,0
351,19,0.621,0,1.0,5.8035817,0
351,20,0.622,0,1.0,6.6741138,0
351,21,0.612,0,1.0,5.4707875,0
351,22,0.606,0,1.0,4.728196,0
351,23,0.612,0,1.0,4.851928,0
351,24,0.595,0,1.0,5.5624065,0
351,25,0.594,0,1.0,4.593122,0
351,26,0.578,0,1.0,5.5906105,0
351,27,0.588,0,1.0,5.144874,0
351,28,0.585,1,-0.05,4.0774612,0
351,29,0.582,0,1.0,3.294451,0
351,30,0.568,1,-0.05,5.571063,0
351,31,0.550,2,-0.05,6.130071,0
351,32,0.544,2,-0.05,3.9372826,0
351,33,0.553,2,-0.05,5.349787,0
351,34,0.557,0,1.0,4.5975494,0
351,35,0.580,0,1.0,7.237205,0
351,36,0.589,0,1.0,5.788611,0
351,37,0.606,0,1.0,3.0924778,0
351,38,0.635,0,1.0,4.6962566,0
351,39,0.637,2,-0.05,6.2535033,0
351,40,0.649,0,1.0,5.3315983,0
351,41,0.676,0,1.0,4.4589667,0
351,42,0.712,0,1.0,7.1918454,0
351,43,0.740,0,1.0,8.739462,0
351,44,0.779,0,1.0,8.595043,0
351,45,0.799,0,1.0,8.477587,0
351,46,0.827,2,-0.05,8.004058,0
351,47,0.801,0,1.0,7.714271,0
351,48,0.686,0,1.0,7.3319316,0
351,49,0.628,0,1.0,5.389447,0
351,50,0.503,0,1.0,5.487987,0
351,51,0.406,0,1.0,4.2430105,0
351,52,0.355,1,-0.05,1.3501196,0
351,53,0.346,1,-0.05,-3.60948,0
351,54,0.314,2,-0.05,-4.0785775,0
351,55,0.305,2,-0.05,-7.141916,0
351,56,0.275,0,1.0,-12.006858,0
351,57,0.195,1,-100.0,-66.59815,0
352,0,0.671,0,1.0,5.1291504,0
352,1,0.672,0,1.0,6.7287397,0
352,2,0.659,0,1.0,8.400467,0
352,3,0.654,0,1.0,6.1213546,0
352,4,0.663,0,1.0,6.1255417,0
352,5,0.644,0,1.0,5.813038,0
352,6,0.639,0,1.0,6.4351,0
352,7,0.644,0,1.0,6.0234666,0
352,8,0.641,0,1.0,7.319566,0
352,9,0.632,0,1.0,5.909011,0
352,10,0.633,0,1.0,6.888793,0
352,11,0.629,0,1.0,7.1224184,0
352,12,0.630,0,1.0,6.003523,0
352,13,0.612,0,1.0,6.252395,0
352,14,0.607,0,1.0,5.967848,0
352,15,0.611,0,1.0,7.095778,0
352,16,0.610,0,1.0,5.9596367,0
352,17,0.608,2,-0.05,6.7651377,0
352,18,0.606,0,1.0,4.224963,0
352,19,0.620,0,1.0,5.7223463,0
352,20,0.624,0,1.0,5.371317,0
352,21,0.628,0,1.0,4.6053176,0
352,22,0.635,0,1.0,6.459597,0
352,23,0.638,1,-0.05,5.72268,0
352,24,0.642,2,-0.05,2.7380056,0
352,25,0.627,2,-0.05,2.3117266,0
352,26,0.635,2,-0.05,3.510647,0
352,27,0.648,1,-0.05,3.8436503,0
352,28,0.652,2,-0.05,3.703733,0
352,29,0.653,0,1.0,3.5889146,0
352,30,0.696,2,-0.05,3.7735884,0
352,31,0.697,2,-0.05,2.518099,0
352,32,0.695,2,-0.05,2.1570609,0
352,33,0.688,1,-0.05,2.241241,0
352,34,0.699,0,1.0,1.6622125,0
352,35,0.640,0,1.0,2.3641815,0
352,36,0.604,2,-0.05,2.3858805,0
352,37,0.603,2,-0.05,1.4215708,0
352,38,0.589,2,-0.05,1.023478,0
352,39,0.576,1,-0.05,1.7148992,0
352,40,0.573,1,-0.05,1.2745574,0
352,41,0.569,2,-0.05,-0.47738457,0
352,42,0.554,2,-0.05,0.78332037,0
352,43,0.544,1,-0.05,1.3361616,0
352,44,0.530,0,1.0,1.5232966,0
352,45,0.490,2,-0.05,-2.4643428,0
352,46,0.487,2,-0.05,-1.4735925,0
352,47,0.475,1,-0.05,-3.0167792,0
352,48,0.461,2,-0.05,-2.7113297,0
352,49,0.465,2,-0.05,-4.124106,0
352,50,0.452,1,-0.05,-1.273716,0
352,51,0.438,0,1.0,-5.295018,0
352,52,0.389,2,-0.05,-7.6205196,0
352,53,0.382,2,-0.05,-6.4287415,0
352,54,0.373,2,-0.05,-6.9977684,0
352,55,0.366,1,-0.05,-13.854694,0
352,56,0.351,1,-0.05,-14.353365,0
352,57,0.344,2,-0.05,-8.388454,0
352,58,0.338,2,-0.05,-9.882257,0
352,59,0.318,2,-0.05,-11.317917,0
352,60,0.323,2,-0.05,-14.172658,0
352,61,0.279,0,1.0,-12.474037,0
352,62,0.236,1,-0.05,-7.7049055,0
352,63,0.214,1,-0.05,-7.1460786,0
352,64,0.191,2,-100.0,-16.737736,0
353,0,0.658,0,1.0,5.808994,0
353,1,0.658,2,-0.05,5.6465526,0
353,2,0.664,0,1.0,5.467163,0
353,3,0.687,0,1.0,7.974048,0
353,4,0.694,0,1.0,5.797173,0
353,5,0.689,0,1.0,7.2707987,0
353,6,0.692,0,1.0,5.884209,0
353,7,0.683,0,1.0,7.9168663,0
353,8,0.664,2,-0.05,7.533682,0
353,9,0.661,1,-0.05,6.4584336,0
353,10,0.677,2,-0.05,7.487913,0
353,11,0.667,0,1.0,5.9981866,0
353,12,0.648,0,1.0,6.550314,0
353,13,0.621,0,1.0,5.132226,0
353,14,0.603,0,1.0,5.6759243,0
353,15,0.588,2,-0.05,5.7960267,0
353,16,0.581,0,1.0,6.3763833,0
353,17,0.543,0,1.0,4.715311,0
353,18,0.524,0,1.0,3.741665,0
353,19,0.485,0,1.0,4.3606634,0
353,20,0.446,0,1.0,5.3502655,0
353,21,0.422,0,1.0,4.800391,0
353,22,0.379,0,1.0,3.1826642,0
353,23,0.345,0,1.0,1.4372318,0
353,24,0.333,1,-0.05,-0.32232094,0
353,25,0.308,0,1.0,-1.0474973,0
353,26,0.292,1,-0.05,5.0160923,0
353,27,0.291,1,-0.05,0.49309254,0
353,28,0.278,2,-0.05,-0.11714792,0
353,29,0.286,1,-0.05,1.5524449,0
353,30,0.282,1,-0.05,0.10817671,0
353,31,0.276,1,-0.05,4.4288425,0
353,32,0.274,1,-0.05,5.683101,0
353,33,0.273,1,-0.05,6.050293,0
353,34,0.282,0,1.0,4.9347334,0
353,35,0.303,1,-0.05,9.747267,0
353,36,0.300,1,-0.05,9.912094,0
353,37,0.326,1,-0.05,9.039495,0
353,38,0.320,1,-0.05,9.533954,0
353,39,0.328,2,-0.05,5.9936514,0
353,40,0.349,2,-0.05,5.9691534,0
353,41,0.348,1,-0.05,8.193638,0
353,42,0.356,1,-0.05,7.080563,0
353,43,0.358,2,-0.05,3.7345986,0
353,44,0.382,1,-0.05,5.1139493,0
353,45,0.394,1,-0.05,4.596461,0
353,46,0.411,2,-0.05,1.9696312,0
353,47,0.416,2,-0.05,2.1619163,0
353,48,0.414,1,-0.05,3.875166,0
353,49,0.473,0,1.0,2.513696,0
353,50,0.498,2,-0.05,3.1549196,0
353,51,0.539,0,1.0,0.16927016,0
353,52,0.623,0,1.0,3.6150336,0
353,53,0.644,2,-0.05,-0.09196532,0
353,54,0.678,0,1.0,0.55014527,0
353,55,0.704,2,-0.05,1.774637,0
353,56,0.694,0,1.0,0.44853455,0
353,57,0.623,0,1.0,0.6435988,0
353,58,0.619,0,1.0,1.8487121,0
353,59,0.552,0,1.0,3.5037441,0
353,60,0.514,2,-0.05,3.7383878,0
353,61,0.502,2,-0.05,4.0315876,0
353,62,0.499,0,1.0,4.8920684,0
353,63,0.483,2,-0.05,4.852534,0
353,64,0.475,2,-0.05,6.455526,0
353,65,0.470,2,-0.05,5.9345846,0
353,66,0.458,0,1.0,3.5533726,0
353,67,0.462,0,1.0,5.6345496,0
353,68,0.468,0,1.0,5.0147023,0
353,69,0.472,1,-0.05,5.761052,0
353,70,0.448,2,-0.05,4.5059943,0
353,71,0.465,0,1.0,5.7528667,0
353,72,0.477,0,1.0,5.813133,0
353,73,0.483,0,1.0,6.8663306,0
353,74,0.510,0,1.0,5.613872,0
353,75,0.517,0,1.0,5.9006276,0
353,76,0.484,0,1.0,1.8767525,0
353,77,0.357,0,1.0,0.61354506,0
353,78,0.318,2,-0.05,-1.2214,0
353,79,0.292,2,-0.05,-14.98004,0
353,80,0.267,2,-0.05,-17.815126,0
353,81,0.262,1,-0.05,-24.46091,0
353,82,0.246,2,-0.05,-23.703941,0
353,83,0.221,0,1.0,-50.24859,0
353,84,0.168,1,-100.0,-69.3673,0
354,0,0.664,0,1.0,6.7435565,0
354,1,0.661,0,1.0,6.0227675,0
354,2,0.666,0,1.0,7.1864643,0
354,3,0.662,0,1.0,5.986954,0
354,4,0.655,0,1.0,7.180609,0
354,5,0.635,0,1.0,7.480296,0
354,6,0.641,0,1.0,6.504574,0
354,7,0.638,0,1.0,6.9174075,0
354,8,0.638,0,1.0,6.5725236,0
354,9,0.630,0,1.0,6.8289814,0
354,10,0.633,0,1.0,6.810035,0
354,11,0.638,1,-0.05,7.0083156,0
354,12,0.634,1,-0.05,4.7564306,0
354,13,0.638,2,-0.05,5.8941345,0
354,14,0.627,2,-0.05,6.494676,0
354,15,0.619,0,1.0,6.4593835,0
354,16,0.637,0,1.0,6.5360765,0
354,17,0.632,0,1.0,7.3474083,0
354,18,0.659,1,-0.05,6.4517827,0
354,19,0.672,2,-0.05,5.241306,0
354,20,0.664,0,1.0,4.9084673,0
354,21,0.685,1,-0.05,5.5528564,0
354,22,0.705,0,1.0,4.8152623,0
354,23,0.705,0,1.0,5.493088,0
354,24,0.683,1,-0.05,5.3651376,0
354,25,0.686,0,1.0,4.7868443,0
354,26,0.660,2,-0.05,6.063693,0
354,27,0.658,0,1.0,6.395347,0
354,28,0.640,1,-0.05,5.029271,0
354,29,0.654,0,1.0,5.607605,0
354,30,0.630,0,1.0,6.0894103,0
354,31,0.625,0,1.0,7.3079515,0
354,32,0.609,0,1.0,5.000428,0
354,33,0.592,0,1.0,5.0303087,0
354,34,0.594,2,-0.05,4.088539,0
354,35,0.591,0,1.0,3.3491611,0
354,36,0.582,0,1.0,4.740133,0
354,37,0.570,2,-0.05,3.3492477,0
354,38,0.554,0,1.0,4.24105,0
354,39,0.524,0,1.0,3.594172,0
354,40,0.514,0,1.0,2.2026448,0
354,41,0.455,0,1.0,2.9255376,0
354,42,0.416,0,1.0,5.707596,0
354,43,0.416,2,-0.05,5.253994,0
354,44,0.402,0,1.0,5.542495,0
354,45,0.363,0,1.0,4.4101057,0
354,46,0.370,0,1.0,3.5733938,0
354,47,0.381,0,1.0,4.1613817,0
354,48,0.427,2,-0.05,5.4665613,0
354,49,0.435,2,-0.05,6.459038,0
354,50,0.430,0,1.0,2.9165647,0
354,51,0.496,0,1.0,0.7023028,0
354,52,0.570,0,1.0,1.9439476,0
354,53,0.655,0,1.0,3.5261168,0
354,54,0.692,2,-0.05,3.0010524,0
354,55,0.689,0,1.0,1.3597468,0
354,56,0.644,2,-0.05,1.8789959,0
354,57,0.631,2,-0.05,1.0030832,0
354,58,0.573,0,1.0,1.5935466,0
354,59,0.542,0,1.0,1.8968639,0
354,60,0.472,0,1.0,3.156455,0
354,61,0.427,2,-0.05,2.1420321,0
354,62,0.416,2,-0.05,0.38209474,0
354,63,0.386,0,1.0,3.067636,0
354,64,0.331,0,1.0,4.058442,0
354,65,0.302,2,-0.05,1.7735997,0
354,66,0.305,1,-0.05,1.0628844,0
354,67,0.292,2,-0.05,-1.3953304,0
354,68,0.261,2,-0.05,-0.14284778,0
354,69,0.269,2,-0.05,0.4673003,0
354,70,0.270,1,-0.05,1.9345534,0
354,71,0.256,1,-0.05,-0.4387176,0
354,72,0.262,2,-0.05,-12.694815,0
354,73,0.237,2,-0.05,-26.550283,0
354,74,0.241,1,-0.05,-0.3998978,0
354,75,0.225,2,-0.05,-0.60510087,0
354,76,0.229,1,-0.05,1.8359904,0
354,77,0.230,1,-0.05,-2.3763552,0
354,78,0.211,2,-0.05,-48.022064,0
354,79,0.217,2,-0.05,-37.48064,0
354,80,0.176,2,-100.0,-18.09655,0
355,0,0.657,1,-0.05,5.4607663,0
355,1,0.657,0,1.0,5.2833366,0
355,2,0.646,0,1.0,4.9977765,0
355,3,0.637,0,1.0,5.6567087,0
355,4,0.634,0,1.0,5.367456,0
355,5,0.596,0,1.0,5.442395,0
355,6,0.591,0,1.0,5.3073907,0
355,7,0.597,2,-0.05,6.1844006,0
355,8,0.580,0,1.0,6.0636315,0
355,9,0.578,2,-0.05,7.1360693,0
355,10,0.582,0,1.0,6.4564214,0
355,11,0.583,0,1.0,4.887459,0
355,12,0.581,0,1.0,5.5987606,0
355,13,0.582,0,1.0,6.634089,0
355,14,0.592,0,1.0,5.881139,0
355,15,0.593,0,1.0,7.1099586,0
355,16,0.590,0,1.0,6.5137167,0
355,17,0.604,0,1.0,7.312887,0
355,18,0.602,0,1.0,7.109235,0
355,19,0.615,0,1.0,6.9640017,0
355,20,0.612,0,1.0,6.8065453,0
355,21,0.612,0,1.0,5.443882,0
355,22,0.612,0,1.0,5.096635,0
355,23,0.636,0,1.0,4.700942,0
355,24,0.633,2,-0.05,5.4584527,0
355,25,0.642,0,1.0,5.383307,0
355,26,0.646,0,1.0,4.916565,0
355,27,0.649,2,-0.05,4.8669467,0
355,28,0.648,0,1.0,5.8432145,0
355,29,0.684,0,1.0,5.404769,0
355,30,0.703,0,1.0,4.750476,0
355,31,0.703,0,1.0,4.192383,0
355,32,0.666,0,1.0,3.1336439,0
355,33,0.648,0,1.0,3.7808473,0
355,34,0.629,0,1.0,5.3881116,0
355,35,0.626,0,1.0,4.993374,0
355,36,0.602,0,1.0,6.361332,0
355,37,0.581,0,1.0,4.8234706,0
355,38,0.580,0,1.0,6.3002462,0
355,39,0.549,0,1.0,5.6723766,0
355,40,0.581,0,1.0,6.24925,0
355,41,0.626,0,1.0,5.9981236,0
355,42,0.638,0,1.0,6.113042,0
355,43,0.682,0,1.0,6.5796356,0
355,44,0.779,0,1.0,4.4521585,0
355,45,0.746,0,1.0,6.55858,0
355,46,0.665,2,-0.05,6.768022,0
355,47,0.610,0,1.0,6.0685587,0
355,48,0.540,0,1.0,6.272317,0
355,49,0.423,0,1.0,4.877924,0
355,50,0.373,0,1.0,2.2136486,0
355,51,0.280,1,-0.05,-1.4195242,0
355,52,0.259,2,-0.05,-25.461842,0
355,53,0.244,1,-0.05,-37.25071,0
355,54,0.227,1,-0.05,-46.677635,0
355,55,0.214,1,-0.05,-66.650894,0
355,56,0.186,2,-100.0,-99.61166,0
356,0,0.658,2,-0.05,6.61325,0
356,1,0.656,1,-0.05,6.7225137,0
356,2,0.663,0,1.0,7.2141223,0
356,3,0.662,0,1.0,5.726004,0
356,4,0.665,0,1.0,6.2891116,0
356,5,0.636,0,1.0,5.849733,0
356,6,0.635,0,1.0,6.32599,0
356,7,0.647,0,1.0,6.4669538,0
356,8,0.635,0,1.0,7.0659585,0
356,9,0.625,0,1.0,8.249322,0
356,10,0.616,0,1.0,6.6945047,0
356,11,0.623,0,1.0,5.8745346,0
356,12,0.606,0,1.0,5.8076468,0
356,13,0.600,0,1.0,8.08693,0
356,14,0.602,0,1.0,6.509608,0
356,15,0.591,0,1.0,6.7619505,0
356,16,0.590,0,1.0,4.5728188,0
356,17,0.587,0,1.0,6.1828814,0
356,18,0.580,0,1.0,6.40077,0
356,19,0.564,0,1.0,6.0083838,0
356,20,0.554,0,1.0,4.162722,0
356,21,0.563,0,1.0,5.6656427,0
356,22,0.557,0,1.0,5.6136456,0
356,23,0.548,0,1.0,4.3952303,0
356,24,0.533,1,-0.05,5.578704,0
356,25,0.542,0,1.0,5.1350265,0
356,26,0.537,0,1.0,4.83361,0
356,27,0.506,0,1.0,5.2313786,0
356,28,0.492,0,1.0,4.178796,0
356,29,0.470,0,1.0,6.408591,0
356,30,0.471,2,-0.05,4.4291973,0
356,31,0.469,0,1.0,6.347333,0
356,32,0.459,0,1.0,6.2731905,0
356,33,0.462,0,1.0,6.4372864,0
356,34,0.448,0,1.0,7.7077117,0
356,35,0.451,0,1.0,6.789797,0
356,36,0.442,0,1.0,7.2441673,0
356,37,0.430,0,1.0,6.7244787,0
356,38,0.428,0,1.0,4.472949,0
356,39,0.416,2,-0.05,6.117347,0
356,40,0.418,2,-0.05,4.583468,0
356,41,0.419,1,-0.05,6.039454,0
356,42,0.420,0,1.0,4.3823433,0
356,43,0.415,0,1.0,4.7279935,0
356,44,0.404,0,1.0,5.5025573,0
356,45,0.396,0,1.0,5.6447577,0
356,46,0.377,0,1.0,5.3033023,0
356,47,0.369,2,-0.05,2.140463,0
356,48,0.378,2,-0.05,4.0330906,0
356,49,0.377,2,-0.05,6.3329697,0
356,50,0.368,2,-0.05,6.215938,0
356,51,0.377,0,1.0,6.34739,0
356,52,0.390,0,1.0,2.8170543,0
356,53,0.294,0,1.0,0.9855754,0
356,54,0.250,2,-0.05,-23.839716,0
356,55,0.216,1,-0.05,-62.885292,0
356,56,0.206,1,-0.05,-84.29638,0
356,57,0.191,2,-100.0,-97.89162,0
357,0,0.658,0,1.0,5.389347,0
357,1,0.658,0,1.0,7.0775714,0
357,2,0.670,0,1.0,7.1337013,0
357,3,0.686,0,1.0,6.486743,0
357,4,0.679,2,-0.05,5.5090446,0
357,5,0.678,0,1.0,6.4479256,0
357,6,0.674,0,1.0,5.9968724,0
357,7,0.691,0,1.0,7.8058195,0
357,8,0.705,0,1.0,7.3433137,0
357,9,0.679,0,1.0,6.6949024,0
357,10,0.681,0,1.0,8.277059,0
357,11,0.665,0,1.0,6.2893987,0
357,12,0.667,1,-0.05,5.7046247,0
357,13,0.659,0,1.0,7.3479443,0
357,14,0.648,0,1.0,6.2782936,0
357,15,0.648,0,1.0,5.8976293,0
357,16,0.645,0,1.0,6.324831,0
357,17,0.647,2,-0.05,4.2415633,0
357,18,0.646,0,1.0,5.6347537,0
357,19,0.644,2,-0.05,6.7194057,0
357,20,0.621,0,1.0,5.7406983,0
357,21,0.602,0,1.0,4.6792126,0
357,22,0.593,0,1.0,7.167627,0
357,23,0.572,0,1.0,5.955743,0
357,24,0.563,0,1.0,5.4251614,0
357,25,0.527,0,1.0,4.6789813,0
357,26,0.523,0,1.0,6.1240945,0
357,27,0.508,0,1.0,4.926927,0
357,28,0.468,0,1.0,5.0384526,0
357,29,0.458,0,1.0,3.0627427,0
357,30,0.439,0,1.0,2.0465865,0
357,31,0.425,0,1.0,0.81829697,0
357,32,0.377,0,1.0,0.56916285,0
357,33,0.379,0,1.0,0.15851355,0
357,34,0.366,2,-0.05,-1.6223543,0
357,35,0.359,2,-0.05,0.12019378,0
357,36,0.352,2,-0.05,-4.964561,0
357,37,0.353,2,-0.05,-6.807171,0
357,38,0.341,2,-0.05,-11.725226,0
357,39,0.332,2,-0.05,-14.32888,0
357,40,0.331,2,-0.05,-14.819336,0
357,41,0.327,2,-0.05,-17.345736,0
357,42,0.304,1,-0.05,-21.669725,0
357,43,0.275,1,-0.05,-21.17758,0
357,44,0.285,0,1.0,-19.342224,0
357,45,0.231,2,-0.05,-22.723677,0
357,46,0.205,2,-0.05,-23.733425,0
357,47,0.206,2,-0.05,-26.535498,0
357,48,0.195,2,-100.0,-26.183636,0
358,0,0.665,0,1.0,6.950339,0
358,1,0.667,0,1.0,8.068602,0
358,2,0.675,0,1.0,5.9804783,0
358,3,0.660,1,-0.05,5.9132795,0
358,4,0.658,2,-0.05,6.654133,0
358,5,0.671,0,1.0,6.9032626,0
358,6,0.689,0,1.0,6.3743773,0
358,7,0.700,0,1.0,7.4302535,0
358,8,0.695,0,1.0,5.956763,0
358,9,0.670,0,1.0,5.9070935,0
358,10,0.656,0,1.0,6.7655873,0
358,11,0.643,0,1.0,6.332915,0
358,12,0.633,0,1.0,6.8378353,0
358,13,0.609,0,1.0,7.4048176,0
358,14,0.594,0,1.0,5.878355,0
358,15,0.577,0,1.0,5.3439736,0
358,16,0.564,0,1.0,7.5610194,0
358,17,0.551,1,-0.05,6.9411693,0
358,18,0.547,1,-0.05,6.798406,0
358,19,0.541,1,-0.05,4.9070373,0
358,20,0.552,0,1.0,5.4266877,0
358,21,0.562,0,1.0,7.434951,0
358,22,0.570,2,-0.05,4.835931,0
358,23,0.582,0,1.0,3.4534621,0
358,24,0.584,0,1.0,4.8417253,0
358,25,0.591,2,-0.05,3.595395,0
358,26,0.595,0,1.0,3.2398643,0
358,27,0.584,0,1.0,4.6438513,0
358,28,0.576,2,-0.05,2.721616,0
358,29,0.593,0,1.0,5.596531,0
358,30,0.564,0,1.0,5.025605,0
358,31,0.552,0,1.0,6.076401,0
358,32,0.542,0,1.0,5.701966,0
358,33,0.524,0,1.0,5.6121287,0
358,34,0.514,0,1.0,3.2712433,0
358,35,0.495,1,-0.05,4.547799,0
358,36,0.498,2,-0.05,5.421994,0
358,37,0.493,0,1.0,5.681462,0
358,38,0.465,0,1.0,2.3057094,0
358,39,0.425,0,1.0,2.7583182,0
358,40,0.394,0,1.0,6.8543043,0
358,41,0.385,0,1.0,6.3405857,0
358,42,0.377,2,-0.05,3.5756507,0
358,43,0.394,0,1.0,5.575687,0
358,44,0.392,0,1.0,4.2662487,0
358,45,0.440,0,1.0,4.8761435,0
358,46,0.472,2,-0.05,7.887206,0
358,47,0.467,2,-0.05,6.214821,0
358,48,0.483,1,-0.05,4.965781,0
358,49,0.509,0,1.0,6.5476384,0
358,50,0.602,0,1.0,6.505427,0
358,51,0.674,0,1.0,5.078364,0
358,52,0.705,0,1.0,4.028349,0
358,53,0.598,0,1.0,4.8405366,0
358,54,0.529,0,1.0,3.4261594,0
358,55,0.423,0,1.0,3.2526987,0
358,56,0.349,1,-0.05,-1.379916,0
358,57,0.342,1,-0.05,-7.1035595,0
358,58,0.310,1,-0.05,-13.058767,0
358,59,0.298,1,-0.05,-43.07138,0
358,60,0.296,2,-0.05,-57.45433,0
358,61,0.266,2,-0.05,-69.63099,0
358,62,0.245,0,1.0,-63.557648,0
358,63,0.162,2,-100.0,-71.16823,0
359,0,0.663,0,1.0,6.571784,0
359,1,0.673,2,-0.05,5.891914,0
359,2,0.674,0,1.0,6.9906974,0
359,3,0.682,0,1.0,7.002615,0
359,4,0.691,0,1.0,7.985887,0
359,5,0.700,0,1.0,6.510856,0
359,6,0.698,0,1.0,5.5779696,0
359,7,0.702,0,1.0,7.8680234,0
359,8,0.681,1,-0.05,7.1816607,0
359,9,0.669,0,1.0,6.771652,0
359,10,0.675,0,1.0,6.676803,0
359,11,0.672,1,-0.05,6.126834,0
359,12,0.678,0,1.0,5.774139,0
359,13,0.677,2,-0.05,5.673919,0
359,14,0.682,1,-0.05,5.8115125,0
359,15,0.676,0,1.0,5.416731,0
359,16,0.700,0,1.0,5.297957,0
359,17,0.708,0,1.0,7.8510327,0
359,18,0.684,0,1.0,7.711832,0
359,19,0.664,0,1.0,5.411294,0
359,20,0.628,0,1.0,6.173216,0
359,21,0.629,1,-0.05,4.65856,0
359,22,0.628,1,-0.05,5.4994926,0
359,23,0.633,1,-0.05,4.9975657,0
359,24,0.628,1,-0.05,5.4214344,0
359,25,0.616,0,1.0,4.4976525,0
359,26,0.563,1,-0.05,3.6992683,0
359,27,0.567,0,1.0,4.907288,0
359,28,0.496,0,1.0,5.3007827,0
359,29,0.418,0,1.0,3.9836032,0
359,30,0.377,2,-0.05,2.5706432,0
359,31,0.357,2,-0.05,4.127518,0
359,32,0.362,1,-0.05,3.7683303,0
359,33,0.333,1,-0.05,2.1643298,0
359,34,0.335,1,-0.05,1.7883658,0
359,35,0.328,2,-0.05,-3.607008,0
359,36,0.312,2,-0.05,-0.7220745,0
359,37,0.279,1,-0.05,0.16723919,0
359,38,0.285,2,-0.05,-3.4188685,0
359,39,0.273,2,-0.05,-4.385102,0
359,40,0.258,1,-0.05,0.6371045,0
359,41,0.258,0,1.0,-7.2025223,0
359,42,0.203,1,-0.05,-18.991629,0
359,43,0.196,1,-100.0,-59.918884,0
360,0,0.657,0,1.0,6.8992147,0
360,1,0.654,0,1.0,5.926244,0
360,2,0.661,0,1.0,7.758899,0
360,3,0.671,0,1.0,6.579404,0
360,4,0.666,0,1.0,6.933015,0
360,5,0.652,0,1.0,6.574016,0
360,6,0.631,0,1.0,5.633396,0
360,7,0.635,0,1.0,7.35724,0
360,8,0.635,1,-0.05,6.5367403,0
360,9,0.635,0,1.0,6.7458286,0
360,10,0.628,0,1.0,6.4202676,0
360,11,0.619,2,-0.05,3.7585998,0
360,12,0.608,2,-0.05,5.0049415,0
360,13,0.605,0,1.0,7.8459244,0
360,14,0.614,2,-0.05,6.7265606,0
360,15,0.605,2,-0.05,7.0440736,0
360,16,0.592,2,-0.05,5.780852,0
360,17,0.612,2,-0.05,5.8506145,0
360,18,0.627,2,-0.05,5.784627,0
360,19,0.622,2,-0.05,5.728837,0
360,20,0.644,1,-0.05,5.825502,0
360,21,0.619,1,-0.05,3.3545618,0
360,22,0.640,2,-0.05,4.39152,0
360,23,0.647,2,-0.05,4.588763,0
360,24,0.653,2,-0.05,4.99894,0
360,25,0.696,0,1.0,4.758839,0
360,26,0.669,1,-0.05,3.973457,0
360,27,0.666,1,-0.05,4.0185714,0
360,28,0.658,2,-0.05,5.919741,0
360,29,0.656,2,-0.05,3.5776615,0
360,30,0.638,1,-0.05,2.671711,0
360,31,0.622,2,-0.05,4.4992194,0
360,32,0.616,1,-0.05,1.105437,0
360,33,0.599,2,-0.05,4.3411026,0
360,34,0.596,2,-0.05,2.5464344,0
360,35,0.577,1,-0.05,0.71875614,0
360,36,0.565,1,-0.05,0.31754142,0
360,37,0.546,1,-0.05,-0.029617548,0
360,38,0.544,2,-0.05,2.10036,0
360,39,0.539,1,-0.05,0.8693888,0
360,40,0.521,1,-0.05,1.6234536,0
360,41,0.505,2,-0.05,3.8425107,0
360,42,0.506,2,-0.05,2.312245,0
360,43,0.483,1,-0.05,1.2498246,0
360,44,0.491,2,-0.05,1.8309466,0
360,45,0.468,1,-0.05,2.6276326,0
360,46,0.454,1,-0.05,1.3939458,0
360,47,0.450,1,-0.05,2.0676563,0
360,48,0.440,1,-0.05,1.7241303,0
360,49,0.423,1,-0.05,2.4341135,0
360,50,0.407,0,1.0,2.3620224,0
360,51,0.411,1,-0.05,4.9481306,0
360,52,0.405,1,-0.05,4.52582,0
360,53,0.399,0,1.0,6.5113926,0
360,54,0.386,0,1.0,5.584504,0
360,55,0.403,0,1.0,5.8845024,0
360,56,0.397,0,1.0,5.224592,0
360,57,0.395,0,1.0,6.966045,0
360,58,0.396,0,1.0,5.628681,0
360,59,0.415,0,1.0,5.4148083,0
360,60,0.408,2,-0.05,5.389019,0
360,61,0.396,0,1.0,5.3896365,0
360,62,0.394,0,1.0,4.0715113,0
360,63,0.381,1,-0.05,4.0092287,0
360,64,0.396,0,1.0,3.3449397,0
360,65,0.391,0,1.0,3.8759103,0
360,66,0.393,0,1.0,4.262305,0
360,67,0.397,0,1.0,5.520873,0
360,68,0.403,0,1.0,3.7598913,0
360,69,0.391,1,-0.05,3.0167186,0
360,70,0.403,0,1.0,5.128033,0
360,71,0.423,0,1.0,1.6642709,0
360,72,0.423,2,-0.05,1.8154734,0
360,73,0.451,2,-0.05,3.2052348,0
360,74,0.447,2,-0.05,2.48943,0
360,75,0.483,2,-0.05,1.2367353,0
360,76,0.472,2,-0.05,3.6259277,0
360,77,0.486,2,-0.05,4.150999,0
360,78,0.505,2,-0.05,4.1282177,0
360,79,0.489,0,1.0,5.891714,0
360,80,0.513,0,1.0,3.7694685,0
360,81,0.556,0,1.0,5.240983,0
360,82,0.583,0,1.0,6.5833993,0
360,83,0.659,0,1.0,8.225573,0
360,84,0.735,0,1.0,6.203575,0
360,85,0.675,0,1.0,5.1860695,0
360,86,0.558,0,1.0,5.5410833,0
360,87,0.506,0,1.0,3.1019433,0
360,88,0.389,0,1.0,-1.7417722,0
360,89,0.328,1,-0.05,-5.9476104,0
360,90,0.293,0,1.0,-19.494617,0
360,91,0.216,1,-0.05,-13.299871,0
360,92,0.195,2,-100.0,-74.05281,0
361,0,0.662,0,1.0,6.572626,0
361,1,0.663,0,1.0,6.924689,0
361,2,0.676,0,1.0,6.6785073,0
361,3,0.681,0,1.0,5.856535,0
361,4,0.686,0,1.0,6.107815,0
361,5,0.680,0,1.0,6.8647494,0
361,6,0.691,0,1.0,6.243636,0
361,7,0.679,0,1.0,5.624064,0
361,8,0.690,0,1.0,4.600466,0
361,9,0.683,0,1.0,6.187664,0
361,10,0.697,0,1.0,6.4774933,0
361,11,0.695,0,1.0,4.932573,0
361,12,0.694,0,1.0,5.3051953,0
361,13,0.702,0,1.0,6.6563783,0
361,14,0.707,2,-0.05,6.1782537,0
361,15,0.703,0,1.0,5.840633,0
361,16,0.699,0,1.0,5.775937,0
361,17,0.681,0,1.0,6.077894,0
361,18,0.668,0,1.0,4.8182554,0
361,19,0.656,0,1.0,6.127421,0
361,20,0.635,1,-0.05,5.506937,0
361,21,0.644,0,1.0,5.971005,0
361,22,0.631,0,1.0,4.5565763,0
361,23,0.637,0,1.0,6.131471,0
361,24,0.639,0,1.0,4.1397896,0
361,25,0.616,0,1.0,5.6107955,0
361,26,0.606,0,1.0,5.674093,0
361,27,0.591,0,1.0,4.1132092,0
361,28,0.604,0,1.0,5.976999,0
361,29,0.602,0,1.0,6.1424417,0
361,30,0.591,0,1.0,5.967592,0
361,31,0.588,2,-0.05,2.9248989,0
361,32,0.584,0,1.0,4.305808,0
361,33,0.571,0,1.0,4.292604,0
361,34,0.558,2,-0.05,5.798359,0
361,35,0.556,0,1.0,4.001444,0
361,36,0.551,2,-0.05,4.5716424,0
361,37,0.566,2,-0.05,6.525619,0
361,38,0.541,0,1.0,3.9415057,0
361,39,0.530,0,1.0,2.9176643,0
361,40,0.541,1,-0.05,2.5226464,0
361,41,0.540,0,1.0,2.1057904,0
361,42,0.577,0,1.0,7.58394,0
361,43,0.641,2,-0.05,8.325447,0
361,44,0.673,0,1.0,8.176278,0
361,45,0.693,2,-0.05,8.097206,0
361,46,0.722,0,1.0,7.551708,0
361,47,0.684,0,1.0,5.0431724,0
361,48,0.575,0,1.0,6.340213,0
361,49,0.534,0,1.0,2.734463,0
361,50,0.430,0,1.0,1.6335305,0
361,51,0.365,1,-0.05,-1.045779,0
361,52,0.366,1,-0.05,-5.203476,0
361,53,0.341,1,-0.05,-8.555653,0
361,54,0.311,1,-0.05,-9.826544,0
361,55,0.310,2,-0.05,-23.2613,0
361,56,0.285,2,-0.05,-19.292698,0
361,57,0.287,2,-0.05,-12.751542,0
361,58,0.265,2,-0.05,-32.25584,0
361,59,0.253,1,-0.05,-65.5973,0
361,60,0.227,2,-0.05,-78.36063,0
361,61,0.235,1,-0.05,-104.62918,0
361,62,0.213,2,-0.05,-109.429596,0
361,63,0.180,1,-100.0,-114.48266,0
362,0,0.666,0,1.0,6.6802526,0
362,1,0.659,0,1.0,6.4785204,0
362,2,0.656,1,-0.05,4.3436646,0
362,3,0.659,0,1.0,5.6958194,0
362,4,0.662,2,-0.05,4.9921484,0
362,5,0.642,0,1.0,6.3455305,0
362,6,0.645,0,1.0,5.7747536,0
362,7,0.632,0,1.0,5.01812,0
362,8,0.644,0,1.0,6.727987,0
362,9,0.634,0,1.0,6.8669667,0
362,10,0.623,1,-0.05,7.4654794,0
362,11,0.631,0,1.0,6.3753653,0
362,12,0.616,0,1.0,6.2846675,0
362,13,0.609,0,1.0,5.028175,0
362,14,0.590,0,1.0,6.6146936,0
362,15,0.571,0,1.0,4.72917,0
362,16,0.580,2,-0.05,6.1818237,0
362,17,0.554,0,1.0,5.002405,0
362,18,0.557,0,1.0,5.6692386,0
362,19,0.560,0,1.0,6.9362426,0
362,20,0.536,0,1.0,6.597792,0
362,21,0.546,0,1.0,5.8624606,0
362,22,0.533,0,1.0,6.0897503,0
362,23,0.542,2,-0.05,3.9808152,0
362,24,0.536,1,-0.05,5.3634734,0
362,25,0.533,0,1.0,4.9305286,0
362,26,0.526,2,-0.05,5.203924,0
362,27,0.528,0,1.0,6.0421467,0
362,28,0.500,0,1.0,5.380847,0
362,29,0.498,0,1.0,5.4147906,0
362,30,0.492,2,-0.05,3.8761373,0
362,31,0.479,0,1.0,5.552229,0
362,32,0.471,0,1.0,4.7933655,0
362,33,0.483,0,1.0,5.496937,0
362,34,0.476,0,1.0,4.1353016,0
362,35,0.468,1,-0.05,4.650096,0
362,36,0.471,0,1.0,5.4193783,0
362,37,0.469,0,1.0,7.009369,0
362,38,0.458,2,-0.05,5.12493,0
362,39,0.445,0,1.0,7.447249,0
362,40,0.453,0,1.0,6.4782753,0
362,41,0.443,0,1.0,5.3534975,0
362,42,0.443,0,1.0,5.984956,0
362,43,0.445,1,-0.05,3.6957116,0
362,44,0.445,2,-0.05,6.2002506,0
362,45,0.426,2,-0.05,6.3722367,0
362,46,0.442,0,1.0,9.149351,0
362,47,0.464,0,1.0,9.9637375,0
362,48,0.484,0,1.0,9.864357,0
362,49,0.520,0,1.0,5.747891,0
362,50,0.540,0,1.0,6.044089,0
362,51,0.547,0,1.0,6.5109253,0
362,52,0.574,0,1.0,6.6798353,0
362,53,0.534,0,1.0,7.1792874,0
362,54,0.471,2,-0.05,5.465065,0
362,55,0.455,0,1.0,4.1135917,0
362,56,0.344,0,1.0,5.440321,0
362,57,0.268,2,-0.05,-0.27578396,0
362,58,0.260,2,-0.05,-34.29027,0
362,59,0.240,1,-0.05,-51.76657,0
362,60,0.232,1,-0.05,-62.023014,0
362,61,0.203,2,-0.05,-89.06018,0
362,62,0.194,2,-100.0,-93.380806,0
363,0,0.658,0,1.0,6.666201,0
363,1,0.663,0,1.0,6.902928,0
363,2,0.676,0,1.0,5.4954715,0
363,3,0.681,0,1.0,5.9787474,0
363,4,0.680,0,1.0,6.455054,0
363,5,0.679,0,1.0,6.8964324,0
363,6,0.684,0,1.0,7.057292,0
363,7,0.683,0,1.0,6.3694353,0
363,8,0.685,1,-0.05,7.4829383,0
363,9,0.677,0,1.0,6.2920456,0
363,10,0.692,1,-0.05,7.602526,0
363,11,0.682,0,1.0,5.405553,0
363,12,0.645,0,1.0,5.729041,0
363,13,0.664,0,1.0,5.3644557,0
363,14,0.642,0,1.0,6.834045,0
363,15,0.633,1,-0.05,5.730585,0
363,16,0.612,2,-0.05,5.8591504,0
363,17,0.612,0,1.0,6.2165146,0
363,18,0.598,0,1.0,5.968311,0
363,19,0.596,0,1.0,6.613433,0
363,20,0.607,0,1.0,6.77354,0
363,21,0.605,0,1.0,6.028614,0
363,22,0.592,2,-0.05,5.569932,0
363,23,0.591,0,1.0,5.54299,0
363,24,0.602,0,1.0,6.0406976,0
363,25,0.626,0,1.0,5.771984,0
363,26,0.617,2,-0.05,3.7833753,0
363,27,0.632,2,-0.05,3.854886,0
363,28,0.630,2,-0.05,4.7282743,0
363,29,0.633,2,-0.05,3.2973127,0
363,30,0.631,2,-0.05,3.8494782,0
363,31,0.645,2,-0.05,4.2777295,0
363,32,0.652,1,-0.05,0.74937505,0
363,33,0.655,1,-0.05,0.844965,0
363,34,0.666,2,-0.05,4.79348,0
363,35,0.669,2,-0.05,2.5445893,0
363,36,0.703,0,1.0,1.7300292,0
363,37,0.669,0,1.0,1.5545619,0
363,38,0.596,0,1.0,1.7664766,0
363,39,0.572,0,1.0,2.7351036,0
363,40,0.489,0,1.0,1.5453899,0
363,41,0.428,1,-0.05,-1.5408044,0
363,42,0.419,0,1.0,-5.9577713,0
363,43,0.369,2,-0.05,-4.8040695,0
363,44,0.356,2,-0.05,-5.9725995,0
363,45,0.354,0,1.0,-11.909522,0
363,46,0.264,0,1.0,-12.62822,0
363,47,0.211,0,1.0,-19.901733,0
363,48,0.137,0,-100.0,-27.470615,0
364,0,0.672,0,1.0,5.7541823,0
364,1,0.672,1,-0.05,6.2863345,0
364,2,0.664,1,-0.05,5.41042,0
364,3,0.664,0,1.0,4.619009,0
364,4,0.651,0,1.0,6.043113,0
364,5,0.625,0,1.0,6.558064,0
364,6,0.604,0,1.0,5.632754,0
364,7,0.580,0,1.0,6.5502086,0
364,8,0.573,0,1.0,5.228633,0
364,9,0.550,0,1.0,6.402463,0
364,10,0.540,2,-0.05,5.371753,0
364,11,0.529,0,1.0,6.256156,0
364,12,0.503,0,1.0,5.404849,0
364,13,0.503,0,1.0,5.481119,0
364,14,0.492,0,1.0,6.096045,0
364,15,0.482,1,-0.05,6.8460474,0
364,16,0.477,0,1.0,5.9429574,0
364,17,0.461,0,1.0,5.4574337,0
364,18,0.449,0,1.0,6.326221,0
364,19,0.432,0,1.0,6.287744,0
364,20,0.426,0,1.0,4.858935,0
364,21,0.405,0,1.0,7.1300025,0
364,22,0.391,0,1.0,5.5229154,0
364,23,0.363,0,1.0,6.2561674,0
364,24,0.360,0,1.0,4.66094,0
364,25,0.336,0,1.0,4.019041,0
364,26,0.296,0,1.0,3.9502065,0
364,27,0.292,0,1.0,1.1100837,0
364,28,0.285,1,-0.05,-0.20156872,0
364,29,0.278,1,-0.05,-2.4944184,0
364,30,0.267,1,-0.05,-0.14279568,0
364,31,0.267,2,-0.05,-1.9872022,0
364,32,0.255,0,1.0,-2.3146656,0
364,33,0.231,2,-0.05,-1.1154609,0
364,34,0.240,1,-0.05,-5.2683005,0
364,35,0.243,1,-0.05,-10.90906,0
364,36,0.235,1,-0.05,-16.684906,0
364,37,0.232,1,-0.05,-41.416542,0
364,38,0.221,1,-0.05,-33.16083,0
364,39,0.215,1,-0.05,-35.062912,0
364,40,0.201,2,-0.05,-58.13269,0
364,41,0.194,1,-100.0,-63.472656,0
365,0,0.666,0,1.0,6.4449997,0
365,1,0.659,0,1.0,6.0957828,0
365,2,0.655,0,1.0,6.981281,0
365,3,0.660,0,1.0,7.486787,0
365,4,0.656,0,1.0,4.938729,0
365,5,0.655,0,1.0,5.235779,0
365,6,0.645,0,1.0,6.8541117,0
365,7,0.643,0,1.0,7.024487,0
365,8,0.640,0,1.0,6.90531,0
365,9,0.631,0,1.0,5.7149906,0
365,10,0.631,0,1.0,5.8301625,0
365,11,0.617,0,1.0,7.390789,0
365,12,0.621,0,1.0,6.464923,0
365,13,0.626,1,-0.05,7.078501,0
365,14,0.617,0,1.0,5.7009926,0
365,15,0.602,0,1.0,6.416352,0
365,16,0.593,0,1.0,4.52633,0
365,17,0.580,1,-0.05,4.2903414,0
365,18,0.572,0,1.0,5.1438885,0
365,19,0.537,1,-0.05,4.8626075,0
365,20,0.537,1,-0.05,5.864634,0
365,21,0.542,0,1.0,4.712652,0
365,22,0.497,0,1.0,3.0007272,0
365,23,0.455,1,-0.05,3.0659807,0
365,24,0.467,1,-0.05,3.341018,0
365,25,0.449,1,-0.05,3.116952,0
365,26,0.439,2,-0.05,2.6647406,0
365,27,0.431,2,-0.05,3.071217,0
365,28,0.413,0,1.0,5.1089244,0
365,29,0.367,0,1.0,3.9864745,0
365,30,0.335,0,1.0,3.9727721,0
365,31,0.296,0,1.0,2.5955338,0
365,32,0.265,2,-0.05,-0.7066716,0
365,33,0.260,1,-0.05,-10.249649,0
365,34,0.257,1,-0.05,-22.812546,0
365,35,0.228,1,-0.05,-37.80501,0
365,36,0.226,1,-0.05,-25.605587,0
365,37,0.225,2,-0.05,-43.91475,0
365,38,0.215,1,-0.05,-54.00802,0
365,39,0.200,2,-100.0,-63.651833,0
366,0,0.658,0,1.0,6.752026,0
366,1,0.658,0,1.0,5.7129426,0
366,2,0.670,0,1.0,6.6502166,0
366,3,0.680,0,1.0,6.807692,0
366,4,0.680,0,1.0,6.2057023,0
366,5,0.678,2,-0.05,6.9066157,0
366,6,0.685,0,1.0,6.270074,0
366,7,0.690,0,1.0,8.072487,0
366,8,0.700,0,1.0,6.555507,0
366,9,0.693,0,1.0,7.770389,0
366,10,0.685,0,1.0,7.6885033,0
366,11,0.690,2,-0.05,7.1761584,0
366,12,0.671,0,1.0,6.7078023,0
366,13,0.656,0,1.0,6.29036,0
366,14,0.629,0,1.0,6.2127953,0
366,15,0.607,0,1.0,5.920896,0
366,16,0.594,0,1.0,5.4654512,0
366,17,0.579,0,1.0,4.3038964,0
366,18,0.555,0,1.0,6.608403,0
366,19,0.525,0,1.0,5.7972546,0
366,20,0.512,0,1.0,6.2622447,0
366,21,0.488,0,1.0,4.383617,0
366,22,0.475,1,-0.05,6.457678,0
366,23,0.448,0,1.0,6.48081,0
366,24,0.447,0,1.0,5.843899,0
366,25,0.436,0,1.0,2.7362921,0
366,26,0.433,0,1.0,4.302253,0
366,27,0.421,0,1.0,4.7321234,0
366,28,0.397,0,1.0,4.8911242,0
366,29,0.397,0,1.0,4.5829597,0
366,30,0.382,1,-0.05,2.9600167,0
366,31,0.376,0,1.0,2.7888625,0
366,32,0.368,0,1.0,2.9062228,0
366,33,0.362,0,1.0,4.854164,0
366,34,0.373,0,1.0,4.219903,0
366,35,0.368,0,1.0,4.073784,0
366,36,0.368,0,1.0,3.5963345,0
366,37,0.379,0,1.0,4.545771,0
366,38,0.406,0,1.0,3.044614,0
366,39,0.424,0,1.0,4.426417,0
366,40,0.488,0,1.0,3.4587846,0
366,41,0.531,0,1.0,3.3264403,0
366,42,0.642,0,1.0,4.0034056,0
366,43,0.668,0,1.0,1.4626083,0
366,44,0.730,0,1.0,1.6927326,0
366,45,0.610,0,1.0,0.8291496,0
366,46,0.549,0,1.0,0.5880643,0
366,47,0.445,0,1.0,1.8446336,0
366,48,0.362,2,-0.05,-3.4544272,0
366,49,0.354,2,-0.05,-7.916193,0
366,50,0.330,2,-0.05,-3.1635113,0
366,51,0.334,2,-0.05,-8.710292,0
366,52,0.307,2,-0.05,-15.127092,0
366,53,0.281,2,-0.05,-16.058273,0
366,54,0.262,1,-0.05,-28.940779,0
366,55,0.216,0,1.0,-49.75351,0
366,56,0.162,2,-100.0,-74.02137,0
367,0,0.658,2,-0.05,6.109641,0
367,1,0.659,0,1.0,6.252802,0
367,2,0.674,1,-0.05,6.3840365,0
367,3,0.675,1,-0.05,6.280659,0
367,4,0.695,1,-0.05,6.322681,0
367,5,0.684,1,-0.05,5.4334416,0
367,6,0.681,0,1.0,6.0546265,0
367,7,0.655,0,1.0,6.4678698,0
367,8,0.635,0,1.0,5.297142,0
367,9,0.607,0,1.0,6.966418,0
367,10,0.592,0,1.0,5.688292,0
367,11,0.568,0,1.0,7.5910134,0
367,12,0.552,0,1.0,5.3600445,0
367,13,0.529,0,1.0,5.7550826,0
367,14,0.506,0,1.0,5.937213,0
367,15,0.480,0,1.0,5.2115245,0
367,16,0.464,0,1.0,7.360751,0
367,17,0.441,0,1.0,7.270296,0
367,18,0.419,0,1.0,7.180951,0
367,19,0.397,0,1.0,6.5847187,0
367,20,0.369,0,1.0,6.282877,0
367,21,0.357,0,1.0,5.77662,0
367,22,0.324,0,1.0,5.734759,0
367,23,0.294,0,1.0,2.7737894,0
367,24,0.281,0,1.0,1.3365049,0
367,25,0.269,2,-0.05,-2.6662166,0
367,26,0.251,2,-0.05,-4.1891804,0
367,27,0.263,1,-0.05,-1.4648576,0
367,28,0.259,1,-0.05,-5.4900727,0
367,29,0.255,1,-0.05,-8.245273,0
367,30,0.245,2,-0.05,-8.979741,0
367,31,0.245,1,-0.05,-17.123398,0
367,32,0.236,2,-0.05,-15.263989,0
367,33,0.229,1,-0.05,-24.057625,0
367,34,0.209,1,-0.05,-14.392672,0
367,35,0.224,1,-0.05,-23.52779,0
367,36,0.216,1,-0.05,-47.26783,0
367,37,0.208,1,-0.05,-58.094254,0
367,38,0.209,1,-0.05,-61.740723,0
367,39,0.174,1,-100.0,-71.1763,0
368,0,0.672,1,-0.05,4.0321064,0
368,1,0.656,0,1.0,6.442538,0
368,2,0.649,0,1.0,5.762607,0
368,3,0.629,0,1.0,6.9718075,0
368,4,0.616,0,1.0,5.054683,0
368,5,0.591,0,1.0,7.0161695,0
368,6,0.574,0,1.0,6.6610155,0
368,7,0.558,0,1.0,6.517719,0
368,8,0.537,0,1.0,7.2633395,0
368,9,0.529,0,1.0,6.4760265,0
368,10,0.501,0,1.0,6.462532,0
368,11,0.480,0,1.0,6.703973,0
368,12,0.464,0,1.0,5.6230035,0
368,13,0.440,0,1.0,5.991011,0
368,14,0.429,0,1.0,5.9696302,0
368,15,0.410,0,1.0,6.1978016,0
368,16,0.401,0,1.0,6.5660653,0
368,17,0.372,0,1.0,5.6694183,0
368,18,0.368,0,1.0,7.0497746,0
368,19,0.344,0,1.0,6.0096455,0
368,20,0.329,0,1.0,5.232173,0
368,21,0.317,1,-0.05,3.690236,0
368,22,0.305,0,1.0,3.159989,0
368,23,0.300,2,-0.05,-1.005852,0
368,24,0.290,2,-0.05,-1.1338297,0
368,25,0.273,1,-0.05,-2.5786152,0
368,26,0.288,1,-0.05,-1.9729333,0
368,27,0.260,1,-0.05,-1.1286333,0
368,28,0.287,1,-0.05,0.90119493,0
368,29,0.265,2,-0.05,0.97789955,0
368,30,0.257,2,-0.05,-2.3041148,0
368,31,0.252,2,-0.05,-9.809979,0
368,32,0.248,1,-0.05,-8.350252,0
368,33,0.244,1,-0.05,-9.6935835,0
368,34,0.240,1,-0.05,-7.9589033,0
368,35,0.234,1,-0.05,-25.175112,0
368,36,0.221,1,-0.05,-43.75998,0
368,37,0.220,1,-0.05,-42.277092,0
368,38,0.199,2,-100.0,-52.28164,0
369,0,0.658,0,1.0,7.093763,0
369,1,0.658,0,1.0,4.2137446,0
369,2,0.670,0,1.0,6.19558,0
369,3,0.686,0,1.0,6.599912,0
369,4,0.680,0,1.0,6.696419,0
369,5,0.681,0,1.0,7.293798,0
369,6,0.690,0,1.0,6.7967753,0
369,7,0.687,0,1.0,6.9023266,0
369,8,0.699,0,1.0,5.8296986,0
369,9,0.689,0,1.0,6.568247,0
369,10,0.690,0,1.0,7.26932,0
369,11,0.688,0,1.0,6.9487863,0
369,12,0.692,0,1.0,6.777272,0
369,13,0.690,0,1.0,7.144803,0
369,14,0.710,0,1.0,5.9061413,0
369,15,0.699,2,-0.05,4.726261,0
369,16,0.699,0,1.0,5.778693,0
369,17,0.707,0,1.0,5.2338104,0
369,18,0.684,0,1.0,5.5175266,0
369,19,0.673,0,1.0,6.16465,0
369,20,0.666,0,1.0,5.2552247,0
369,21,0.660,0,1.0,6.073903,0
369,22,0.645,2,-0.05,6.5100574,0
369,23,0.637,2,-0.05,5.0733614,0
369,24,0.645,0,1.0,6.0428743,0
369,25,0.587,0,1.0,5.815118,0
369,26,0.571,0,1.0,5.907217,0
369,27,0.549,0,1.0,5.015887,0
369,28,0.526,1,-0.05,6.7932367,0
369,29,0.508,0,1.0,3.0447052,0
369,30,0.494,0,1.0,5.2420454,0
369,31,0.470,0,1.0,4.725087,0
369,32,0.453,0,1.0,4.481474,0
369,33,0.442,0,1.0,3.5646763,0
369,34,0.424,0,1.0,2.4535408,0
369,35,0.401,0,1.0,3.1249936,0
369,36,0.385,0,1.0,5.374664,0
369,37,0.362,0,1.0,6.0051475,0
369,38,0.359,0,1.0,6.6813335,0
369,39,0.405,0,1.0,5.7584257,0
369,40,0.420,0,1.0,5.41693,0
369,41,0.500,0,1.0,5.119377,0
369,42,0.589,0,1.0,5.6099696,0
369,43,0.668,0,1.0,3.2951472,0
369,44,0.734,0,1.0,2.7547193,0
369,45,0.614,0,1.0,1.7245167,0
369,46,0.578,1,-0.05,1.5904554,0
369,47,0.522,0,1.0,-0.7505679,0
369,48,0.400,0,1.0,-1.6676726,0
369,49,0.360,1,-0.05,-8.119612,0
369,50,0.331,2,-0.05,-17.839275,0
369,51,0.310,2,-0.05,-19.958233,0
369,52,0.304,2,-0.05,-19.102812,0
369,53,0.281,2,-0.05,-15.910868,0
369,54,0.262,2,-0.05,-41.801373,0
369,55,0.256,1,-0.05,-79.63274,0
369,56,0.227,1,-0.05,-76.71689,0
369,57,0.221,2,-0.05,-63.247868,0
369,58,0.202,1,-0.05,-99.04339,0
369,59,0.192,1,-100.0,-89.72737,0
370,0,0.663,0,1.0,6.7717676,0
370,1,0.670,1,-0.05,5.151658,0
370,2,0.659,0,1.0,6.034721,0
370,3,0.643,0,1.0,6.428415,0
370,4,0.640,0,1.0,6.567962,0
370,5,0.627,0,1.0,5.8702483,0
370,6,0.621,0,1.0,6.824616,0
370,7,0.592,0,1.0,6.1445446,0
370,8,0.583,0,1.0,6.3376184,0
370,9,0.577,1,-0.05,5.956492,0
370,10,0.568,0,1.0,5.15804,0
370,11,0.552,0,1.0,6.9689536,0
370,12,0.532,0,1.0,6.1394143,0
370,13,0.508,0,1.0,5.6308646,0
370,14,0.480,0,1.0,5.7904153,0
370,15,0.452,0,1.0,6.3586097,0
370,16,0.438,1,-0.05,5.2383633,0
370,17,0.429,0,1.0,6.3993645,0
370,18,0.405,0,1.0,4.8475738,0
370,19,0.380,0,1.0,3.418685,0
370,20,0.333,0,1.0,3.5018616,0
370,21,0.313,1,-0.05,1.286704,0
370,22,0.297,2,-0.05,0.83704674,0
370,23,0.299,2,-0.05,1.4195993,0
370,24,0.296,1,-0.05,2.9118629,0
370,25,0.293,1,-0.05,0.3608809,0
370,26,0.299,1,-0.05,1.1117109,0
370,27,0.298,1,-0.05,2.173226,0
370,28,0.288,1,-0.05,3.919115,0
370,29,0.277,2,-0.05,1.7611569,0
370,30,0.267,2,-0.05,-2.2057118,0
370,31,0.251,1,-0.05,0.12662888,0
370,32,0.246,1,-0.05,-0.16939282,0
370,33,0.241,0,1.0,-13.190565,0
370,34,0.162,0,-100.0,-28.381227,0
371,0,0.661,0,1.0,4.964722,0
371,1,0.658,0,1.0,5.287102,0
371,2,0.657,0,1.0,6.762461,0
371,3,0.654,0,1.0,6.2242923,0
371,4,0.654,0,1.0,6.6649985,0
371,5,0.646,0,1.0,6.9358845,0
371,6,0.662,0,1.0,5.8511424,0
371,7,0.638,0,1.0,6.618866,0
371,8,0.646,0,1.0,7.4850335,0
371,9,0.659,0,1.0,5.7618837,0
371,10,0.658,0,1.0,7.1479983,0
371,11,0.666,0,1.0,6.2418623,0
371,12,0.648,0,1.0,5.98317,0
371,13,0.659,0,1.0,7.128795,0
371,14,0.650,0,1.0,7.611888,0
371,15,0.635,0,1.0,4.694624,0
371,16,0.633,0,1.0,7.077286,0
371,17,0.628,0,1.0,4.3696733,0
371,18,0.645,0,1.0,4.463747,0
371,19,0.631,0,1.0,6.153613,0
371,20,0.641,0,1.0,4.5133686,0
371,21,0.639,0,1.0,5.2572427,0
371,22,0.639,0,1.0,6.296883,0
371,23,0.643,0,1.0,5.8371797,0
371,24,0.627,0,1.0,5.5077295,0
371,25,0.633,0,1.0,6.2715287,0
371,26,0.638,0,1.0,5.15882,0
371,27,0.623,0,1.0,6.0786185,0
371,28,0.634,0,1.0,4.050885,0
371,29,0.630,1,-0.05,4.4216595,0
371,30,0.634,0,1.0,4.976185,0
371,31,0.624,0,1.0,5.5975885,0
371,32,0.601,0,1.0,4.8442106,0
371,33,0.611,2,-0.05,6.591169,0
371,34,0.601,1,-0.05,7.2435827,0
371,35,0.594,0,1.0,6.4238057,0
371,36,0.587,2,-0.05,3.4454105,0
371,37,0.549,2,-0.05,5.9267697,0
371,38,0.559,2,-0.05,4.96941,0
371,39,0.566,1,-0.05,4.7420483,0
371,40,0.561,2,-0.05,5.1764994,0
371,41,0.540,0,1.0,3.3158777,0
371,42,0.560,0,1.0,4.6451,0
371,43,0.563,0,1.0,4.6171074,0
371,44,0.557,0,1.0,4.3728113,0
371,45,0.564,0,1.0,3.5293088,0
371,46,0.559,0,1.0,4.1738205,0
371,47,0.573,0,1.0,5.318197,0
371,48,0.565,0,1.0,4.361825,0
371,49,0.558,1,-0.05,3.71763,0
371,50,0.504,0,1.0,3.714412,0
371,51,0.460,2,-0.05,4.6596494,0
371,52,0.432,2,-0.05,4.0361958,0
371,53,0.360,0,1.0,1.5287462,0
371,54,0.319,2,-0.05,2.1952388,0
371,55,0.290,2,-0.05,-5.9183064,0
371,56,0.244,0,1.0,-33.212624,0
371,57,0.187,1,-100.0,-71.80246,0
372,0,0.663,0,1.0,7.009085,0
372,1,0.672,0,1.0,5.9082513,0
372,2,0.659,0,1.0,5.909548,0
372,3,0.647,0,1.0,7.626134,0
372,4,0.663,0,1.0,7.842083,0
372,5,0.644,0,1.0,5.895434,0
372,6,0.650,2,-0.05,6.9367175,0
372,7,0.655,0,1.0,6.970442,0
372,8,0.649,0,1.0,8.186865,0
372,9,0.650,0,1.0,6.835651,0
372,10,0.670,0,1.0,7.4446187,0
372,11,0.676,0,1.0,6.0483646,0
372,12,0.678,0,1.0,7.2544603,0
372,13,0.684,2,-0.05,5.5958147,0
372,14,0.700,0,1.0,7.9966598,0
372,15,0.708,0,1.0,6.0520787,0
372,16,0.682,0,1.0,4.8725114,0
372,17,0.667,0,1.0,6.60487,0
372,18,0.657,1,-0.05,4.1300406,0
372,19,0.635,0,1.0,5.204187,0
372,20,0.632,0,1.0,7.1838136,0
372,21,0.640,0,1.0,4.990392,0
372,22,0.622,0,1.0,6.3999505,0
372,23,0.623,0,1.0,6.8220377,0
372,24,0.611,0,1.0,8.032888,0
372,25,0.608,0,1.0,6.1983705,0
372,26,0.594,2,-0.05,6.089422,0
372,27,0.601,0,1.0,6.278776,0
372,28,0.586,0,1.0,6.155462,0
372,29,0.574,0,1.0,5.278256,0
372,30,0.559,0,1.0,3.7575042,0
372,31,0.529,0,1.0,3.3403711,0
372,32,0.523,0,1.0,3.394144,0
372,33,0.503,0,1.0,4.1928625,0
372,34,0.472,0,1.0,5.3480225,0
372,35,0.471,0,1.0,4.955611,0
372,36,0.462,0,1.0,6.318106,0
372,37,0.444,2,-0.05,4.619468,0
372,38,0.445,0,1.0,6.4369173,0
372,39,0.460,2,-0.05,6.3799305,0
372,40,0.430,2,-0.05,5.658003,0
372,41,0.460,0,1.0,5.1920767,0
372,42,0.475,2,-0.05,1.2560148,0
372,43,0.481,1,-0.05,2.7436686,0
372,44,0.485,0,1.0,5.5632677,0
372,45,0.521,2,-0.05,7.9304833,0
372,46,0.525,2,-0.05,6.769442,0
372,47,0.546,0,1.0,5.6300216,0
372,48,0.603,0,1.0,3.0016272,0
372,49,0.651,0,1.0,3.550759,0
372,50,0.702,0,1.0,3.5141308,0
372,51,0.626,0,1.0,5.1430335,0
372,52,0.557,0,1.0,3.8754895,0
372,53,0.496,1,-0.05,3.213345,0
372,54,0.468,1,-0.05,0.03894615,0
372,55,0.453,2,-0.05,-3.0095398,0
372,56,0.462,2,-0.05,-2.788171,0
372,57,0.441,1,-0.05,-1.4418876,0
372,58,0.430,1,-0.05,-4.71701,0
372,59,0.401,1,-0.05,-5.8694773,0
372,60,0.372,0,1.0,-4.2992897,0
372,61,0.294,1,-0.05,-8.575451,0
372,62,0.279,0,1.0,-44.482525,0
372,63,0.183,2,-100.0,-69.67511,0
373,0,0.666,0,1.0,7.268787,0
373,1,0.674,1,-0.05,4.7164683,0
373,2,0.671,0,1.0,6.0330615,0
373,3,0.659,0,1.0,5.550884,0
373,4,0.662,0,1.0,6.001593,0
373,5,0.632,0,1.0,6.8058004,0
373,6,0.630,0,1.0,7.100981,0
373,7,0.624,0,1.0,6.9985986,0
373,8,0.627,0,1.0,6.056185,0
373,9,0.617,0,1.0,6.6725364,0
373,10,0.614,0,1.0,7.373945,0
373,11,0.607,0,1.0,5.6429853,0
373,12,0.604,0,1.0,6.8655195,0
373,13,0.597,0,1.0,6.7759423,0
373,14,0.590,0,1.0,6.4933014,0
373,15,0.568,0,1.0,6.3967047,0
373,16,0.573,0,1.0,6.164019,0
373,17,0.568,2,-0.05,4.315608,0
373,18,0.568,2,-0.05,5.5543385,0
373,19,0.559,0,1.0,6.2107806,0
373,20,0.581,0,1.0,6.2986984,0
373,21,0.586,0,1.0,6.854428,0
373,22,0.604,0,1.0,4.834434,0
373,23,0.616,0,1.0,4.6574225,0
373,24,0.627,0,1.0,6.7846694,0
373,25,0.622,0,1.0,5.962638,0
373,26,0.646,0,1.0,5.695192,0
373,27,0.650,2,-0.05,5.5461383,0
373,28,0.663,0,1.0,3.950529,0
373,29,0.700,0,1.0,6.2144384,0
373,30,0.695,0,1.0,2.6382678,0
373,31,0.696,0,1.0,3.6997638,0
373,32,0.655,0,1.0,4.129071,0
373,33,0.645,0,1.0,5.313072,0
373,34,0.618,0,1.0,4.879213,0
373,35,0.608,0,1.0,5.930813,0
373,36,0.578,0,1.0,5.794863,0
373,37,0.571,0,1.0,4.6958275,0
373,38,0.549,2,-0.05,5.5045757,0
373,39,0.569,2,-0.05,5.7638245,0
373,40,0.567,2,-0.05,5.1925755,0
373,41,0.552,1,-0.05,1.9861054,0
373,42,0.561,2,-0.05,2.2864256,0
373,43,0.561,1,-0.05,1.8175433,0
373,44,0.561,1,-0.05,2.6614485,0
373,45,0.574,0,1.0,6.7030463,0
373,46,0.559,2,-0.05,5.2567453,0
373,47,0.590,2,-0.05,3.944944,0
373,48,0.624,2,-0.05,3.7950552,0
373,49,0.630,0,1.0,6.5926704,0
373,50,0.659,1,-0.05,1.5763268,0
373,51,0.653,2,-0.05,3.5586414,0
373,52,0.648,2,-0.05,2.0409214,0
373,53,0.655,1,-0.05,0.25864363,0
373,54,0.656,1,-0.05,0.20487106,0
373,55,0.672,0,1.0,6.4108005,0
373,56,0.721,0,1.0,6.7395415,0
373,57,0.683,0,1.0,6.8604617,0
373,58,0.628,0,1.0,7.5476794,0
373,59,0.505,0,1.0,6.7944136,0
373,60,0.445,2,-0.05,4.9828095,0
373,61,0.435,1,-0.05,2.1937342,0
373,62,0.426,1,-0.05,1.683502,0
373,63,0.406,1,-0.05,-3.3202899,0
373,64,0.395,2,-0.05,-6.367573,0
373,65,0.375,1,-0.05,-4.2169046,0
373,66,0.371,1,-0.05,-10.120691,0
373,67,0.351,2,-0.05,-12.493179,0
373,68,0.338,2,-0.05,-21.942568,0
373,69,0.310,1,-0.05,-17.271442,0
373,70,0.299,2,-0.05,-22.835854,0
373,71,0.285,2,-0.05,-23.087534,0
373,72,0.270,2,-0.05,-22.918005,0
373,73,0.259,1,-0.05,-30.799751,0
373,74,0.231,2,-0.05,-37.567307,0
373,75,0.228,1,-0.05,-57.975914,0
373,76,0.205,1,-0.05,-70.92656,0
373,77,0.193,2,-100.0,-97.159065,0
374,0,0.659,2,-0.05,5.423827,0
374,1,0.661,0,1.0,6.581125,0
374,2,0.694,0,1.0,5.7974567,0
374,3,0.688,0,1.0,5.727703,0
374,4,0.690,0,1.0,5.384892,0
374,5,0.679,0,1.0,7.008794,0
374,6,0.652,0,1.0,6.361919,0
374,7,0.648,0,1.0,6.0648427,0
374,8,0.633,0,1.0,6.1726837,0
374,9,0.604,0,1.0,7.359078,0
374,10,0.599,2,-0.05,6.8983016,0
374,11,0.588,1,-0.05,5.2717214,0
374,12,0.589,1,-0.05,5.9976525,0
374,13,0.594,0,1.0,6.5289264,0
374,14,0.598,0,1.0,4.933693,0
374,15,0.595,0,1.0,3.8643036,0
374,16,0.600,0,1.0,6.0025907,0
374,17,0.605,0,1.0,6.783177,0
374,18,0.615,0,1.0,6.2399597,0
374,19,0.610,0,1.0,7.069703,0
374,20,0.618,0,1.0,5.8471785,0
374,21,0.628,0,1.0,6.800421,0
374,22,0.624,0,1.0,6.013824,0
374,23,0.624,0,1.0,6.2470665,0
374,24,0.626,0,1.0,5.984764,0
374,25,0.633,0,1.0,4.506383,0
374,26,0.650,0,1.0,4.7093463,0
374,27,0.637,2,-0.05,4.160654,0
374,28,0.654,0,1.0,5.2171183,0
374,29,0.644,0,1.0,4.445225,0
374,30,0.636,0,1.0,5.169998,0
374,31,0.630,0,1.0,5.985373,0
374,32,0.625,0,1.0,3.9099476,0
374,33,0.621,0,1.0,5.7974935,0
374,34,0.616,0,1.0,5.585684,0
374,35,0.624,0,1.0,6.006279,0
374,36,0.613,2,-0.05,4.7268996,0
374,37,0.601,0,1.0,5.2839317,0
374,38,0.598,2,-0.05,5.0704947,0
374,39,0.592,0,1.0,5.851511,0
374,40,0.602,0,1.0,5.8851523,0
374,41,0.618,0,1.0,7.7076273,0
374,42,0.632,0,1.0,6.330864,0
374,43,0.666,0,1.0,5.6471605,0
374,44,0.742,0,1.0,6.654382,0
374,45,0.780,0,1.0,7.0388937,0
374,46,0.728,0,1.0,7.846806,0
374,47,0.670,1,-0.05,5.935463,0
374,48,0.630,0,1.0,7.0108004,0
374,49,0.556,0,1.0,1.9581711,0
374,50,0.436,0,1.0,2.750479,0
374,51,0.366,1,-0.05,-3.3335814,0
374,52,0.342,2,-0.05,-8.656509,0
374,53,0.318,0,1.0,-12.875004,0
374,54,0.238,1,-0.05,-19.514984,0
374,55,0.225,2,-0.05,-71.99495,0
374,56,0.199,2,-100.0,-83.52474,0
375,0,0.663,0,1.0,7.0335984,0
375,1,0.664,0,1.0,6.16545,0
375,2,0.668,0,1.0,6.6284156,0
375,3,0.673,0,1.0,6.9019156,0
375,4,0.680,1,-0.05,5.9325404,0
375,5,0.678,0,1.0,5.7135906,0
375,6,0.677,0,1.0,7.0949745,0
375,7,0.663,0,1.0,6.122947,0
375,8,0.661,0,1.0,6.559583,0
375,9,0.655,0,1.0,6.6116815,0
375,10,0.640,0,1.0,5.7489834,0
375,11,0.637,0,1.0,5.05373,0
375,12,0.634,0,1.0,6.1324925,0
375,13,0.634,0,1.0,7.415968,0
375,14,0.616,0,1.0,7.6549597,0
375,15,0.616,0,1.0,5.411657,0
375,16,0.605,0,1.0,4.997447,0
375,17,0.598,0,1.0,7.022776,0
375,18,0.595,0,1.0,5.039812,0
375,19,0.580,0,1.0,4.92085,0
375,20,0.570,0,1.0,6.178501,0
375,21,0.568,0,1.0,4.761726,0
375,22,0.560,0,1.0,6.504404,0
375,23,0.550,0,1.0,4.900202,0
375,24,0.537,0,1.0,6.172998,0
375,25,0.546,0,1.0,5.945409,0
375,26,0.531,0,1.0,5.1290307,0
375,27,0.532,0,1.0,4.8132257,0
375,28,0.518,0,1.0,5.1754484,0
375,29,0.512,0,1.0,4.835805,0
375,30,0.508,1,-0.05,5.8927264,0
375,31,0.506,1,-0.05,4.9473114,0
375,32,0.496,0,1.0,5.900572,0
375,33,0.488,2,-0.05,4.4902067,0
375,34,0.477,2,-0.05,5.2088084,0
375,35,0.471,2,-0.05,6.5909815,0
375,36,0.449,0,1.0,5.8543334,0
375,37,0.469,2,-0.05,5.938613,0
375,38,0.467,0,1.0,6.833999,0
375,39,0.486,2,-0.05,6.996696,0
375,40,0.469,2,-0.05,7.311193,0
375,41,0.491,0,1.0,6.6736755,0
375,42,0.510,2,-0.05,5.124425,0
375,43,0.505,2,-0.05,6.126536,0
375,44,0.505,1,-0.05,0.6146936,0
375,45,0.529,1,-0.05,1.0966114,0
375,46,0.531,0,1.0,8.742422,0
375,47,0.551,0,1.0,6.6418767,0
375,48,0.570,0,1.0,5.7944365,0
375,49,0.595,0,1.0,5.1258926,0
375,50,0.602,0,1.0,6.82721,0
375,51,0.623,0,1.0,6.2325706,0
375,52,0.608,1,-0.05,3.64692,0
375,53,0.612,2,-0.05,1.8057991,0
375,54,0.584,2,-0.05,2.7721572,0
375,55,0.569,0,1.0,6.8881416,0
375,56,0.468,0,1.0,5.8559856,0
375,57,0.358,0,1.0,5.1411705,0
375,58,0.316,1,-0.05,0.7315675,0
375,59,0.303,1,-0.05,-8.039043,0
375,60,0.269,2,-0.05,-31.355618,0
375,61,0.254,2,-0.05,-36.11328,0
375,62,0.237,2,-0.05,-51.85636,0
375,63,0.226,1,-0.05,-87.36952,0
375,64,0.210,1,-0.05,-86.57852,0
375,65,0.195,1,-100.0,-78.489914,0
376,0,0.663,0,1.0,5.587119,0
376,1,0.669,0,1.0,5.8204165,0
376,2,0.660,0,1.0,7.148964,0
376,3,0.657,0,1.0,4.2768106,0
376,4,0.654,0,1.0,6.910965,0
376,5,0.657,0,1.0,6.548586,0
376,6,0.649,0,1.0,6.3399563,0
376,7,0.647,0,1.0,6.3875513,0
376,8,0.643,0,1.0,6.7423716,0
376,9,0.631,0,1.0,7.488039,0
376,10,0.626,0,1.0,6.5740857,0
376,11,0.641,0,1.0,7.268668,0
376,12,0.620,0,1.0,7.515439,0
376,13,0.607,0,1.0,7.4697714,0
376,14,0.621,1,-0.05,7.243374,0
376,15,0.613,0,1.0,7.204676,0
376,16,0.614,0,1.0,4.9367537,0
376,17,0.599,0,1.0,6.7499404,0
376,18,0.576,0,1.0,5.1585193,0
376,19,0.570,0,1.0,4.8159986,0
376,20,0.535,0,1.0,4.3122234,0
376,21,0.536,1,-0.05,5.6065392,0
376,22,0.528,0,1.0,5.865946,0
376,23,0.516,0,1.0,7.161064,0
376,24,0.485,0,1.0,6.019121,0
376,25,0.474,0,1.0,4.543328,0
376,26,0.450,0,1.0,4.869049,0
376,27,0.423,0,1.0,5.5833898,0
376,28,0.402,0,1.0,7.2778163,0
376,29,0.379,0,1.0,6.182075,0
376,30,0.341,0,1.0,6.200118,0
376,31,0.322,1,-0.05,5.2063227,0
376,32,0.337,1,-0.05,5.0283976,0
376,33,0.341,1,-0.05,2.6872954,0
376,34,0.325,2,-0.05,-0.9003309,0
376,35,0.302,0,1.0,0.9349878,0
376,36,0.270,1,-0.05,2.5158775,0
376,37,0.279,2,-0.05,-1.9524052,0
376,38,0.278,1,-0.05,0.037705183,0
376,39,0.270,1,-0.05,-2.5313015,0
376,40,0.263,2,-0.05,-8.482208,0
376,41,0.251,1,-0.05,-12.313368,0
376,42,0.253,1,-0.05,-14.072117,0
376,43,0.254,1,-0.05,-18.167267,0
376,44,0.248,1,-0.05,-40.52774,0
376,45,0.235,1,-0.05,-45.297363,0
376,46,0.233,2,-0.05,-64.789696,0
376,47,0.202,2,-0.05,-51.864,0
376,48,0.198,1,-100.0,-85.86239,0
377,0,0.663,0,1.0,6.332928,0
377,1,0.669,0,1.0,5.1656165,0
377,2,0.655,0,1.0,7.3739915,0
377,3,0.648,0,1.0,5.6225553,0
377,4,0.660,0,1.0,5.9874096,0
377,5,0.633,0,1.0,6.8205953,0
377,6,0.648,0,1.0,7.4230795,0
377,7,0.621,0,1.0,6.160107,0
377,8,0.637,0,1.0,7.583385,0
377,9,0.642,0,1.0,6.5803413,0
377,10,0.628,0,1.0,7.496673,0
377,11,0.619,0,1.0,6.7334595,0
377,12,0.633,0,1.0,7.3164287,0
377,13,0.623,0,1.0,5.307166,0
377,14,0.624,0,1.0,7.43026,0
377,15,0.618,0,1.0,6.939605,0
377,16,0.604,0,1.0,5.8318367,0
377,17,0.600,0,1.0,6.7939615,0
377,18,0.602,0,1.0,7.278747,0
377,19,0.610,0,1.0,5.59836,0
377,20,0.593,0,1.0,4.351983,0
377,21,0.597,0,1.0,3.4470437,0
377,22,0.591,0,1.0,5.8854833,0
377,23,0.596,0,1.0,6.0494633,0
377,24,0.557,0,1.0,5.967517,0
377,25,0.571,0,1.0,5.899984,0
377,26,0.584,0,1.0,5.4268227,0
377,27,0.565,0,1.0,4.8733335,0
377,28,0.568,0,1.0,6.1661634,0
377,29,0.563,0,1.0,5.7342386,0
377,30,0.562,0,1.0,5.2684917,0
377,31,0.545,2,-0.05,7.5209618,0
377,32,0.554,0,1.0,5.837207,0
377,33,0.569,0,1.0,7.0794616,0
377,34,0.565,0,1.0,5.4538546,0
377,35,0.580,0,1.0,6.1389613,0
377,36,0.589,0,1.0,5.602035,0
377,37,0.583,0,1.0,6.489691,0
377,38,0.587,0,1.0,6.134801,0
377,39,0.604,0,1.0,6.0845814,0
377,40,0.609,0,1.0,5.8117743,0
377,41,0.615,0,1.0,5.824769,0
377,42,0.517,0,1.0,4.181158,0
377,43,0.459,0,1.0,2.8411546,0
377,44,0.357,2,-0.05,1.6882513,0
377,45,0.348,1,-0.05,-1.5141435,0
377,46,0.318,0,1.0,-3.9704585,0
377,47,0.241,2,-0.05,-4.213678,0
377,48,0.204,2,-0.05,-55.510086,0
377,49,0.207,2,-0.05,-64.86751,0
377,50,0.189,2,-100.0,-99.845406,0
378,0,0.657,1,-0.05,5.74591,0
378,1,0.657,0,1.0,5.819712,0
378,2,0.651,0,1.0,5.4581847,0
378,3,0.635,0,1.0,5.630802,0
378,4,0.636,0,1.0,5.4713883,0
378,5,0.612,0,1.0,5.4783077,0
378,6,0.611,0,1.0,5.9034758,0
378,7,0.582,0,1.0,5.9268928,0
378,8,0.576,0,1.0,6.486282,0
378,9,0.561,0,1.0,5.761071,0
378,10,0.549,1,-0.05,4.8669705,0
378,11,0.544,0,1.0,3.4763124,0
378,12,0.535,0,1.0,5.469524,0
378,13,0.510,0,1.0,5.4728146,0
378,14,0.500,2,-0.05,6.50259,0
378,15,0.481,0,1.0,5.86243,0
378,16,0.464,0,1.0,5.911063,0
378,17,0.462,1,-0.05,4.001315,0
378,18,0.443,0,1.0,5.7867885,0
378,19,0.448,2,-0.05,6.9243913,0
378,20,0.413,0,1.0,7.506959,0
378,21,0.405,0,1.0,5.444809,0
378,22,0.413,0,1.0,5.4864206,0
378,23,0.390,0,1.0,5.6849055,0
378,24,0.394,0,1.0,5.733444,0
378,25,0.364,0,1.0,5.6918507,0
378,26,0.343,0,1.0,5.10114,0
378,27,0.345,0,1.0,4.0858064,0
378,28,0.326,0,1.0,4.800405,0
378,29,0.316,0,1.0,4.10214,0
378,30,0.305,0,1.0,2.1259074,0
378,31,0.294,0,1.0,1.7900318,0
378,32,0.282,1,-0.05,1.7529557,0
378,33,0.292,1,-0.05,1.1535296,0
378,34,0.288,1,-0.05,0.4247855,0
378,35,0.264,1,-0.05,-0.10149479,0
378,36,0.278,2,-0.05,-5.3603454,0
378,37,0.253,2,-0.05,-7.6864266,0
378,38,0.259,1,-0.05,-10.078539,0
378,39,0.260,1,-0.05,-15.304959,0
378,40,0.252,1,-0.05,-11.674118,0
378,41,0.251,1,-0.05,-31.632011,0
378,42,0.236,1,-0.05,-44.053673,0
378,43,0.225,2,-0.05,-25.354885,0
378,44,0.218,1,-0.05,-42.597443,0
378,45,0.206,2,-0.05,-79.03894,0
378,46,0.201,1,-0.05,-82.45969,0
378,47,0.184,2,-100.0,-97.57451,0
379,0,0.672,1,-0.05,5.1168876,0
379,1,0.656,0,1.0,4.5411057,0
379,2,0.650,2,-0.05,5.281745,0
379,3,0.643,0,1.0,5.1240053,0
379,4,0.654,0,1.0,6.820301,0
379,5,0.644,0,1.0,6.2390265,0
379,6,0.642,0,1.0,5.940253,0
379,7,0.643,1,-0.05,6.457644,0
379,8,0.640,0,1.0,5.85151,0
379,9,0.624,1,-0.05,4.262967,0
379,10,0.608,0,1.0,6.129874,0
379,11,0.613,0,1.0,6.3168993,0
379,12,0.577,0,1.0,6.3811083,0
379,13,0.541,0,1.0,4.8811975,0
379,14,0.526,1,-0.05,5.3412275,0
379,15,0.524,1,-0.05,4.900512,0
379,16,0.520,0,1.0,5.3117437,0
379,17,0.481,0,1.0,5.417451,0
379,18,0.445,0,1.0,5.8930645,0
379,19,0.410,0,1.0,4.334071,0
379,20,0.372,1,-0.05,3.0025842,0
379,21,0.355,1,-0.05,3.0670233,0
379,22,0.334,0,1.0,3.2218115,0
379,23,0.284,1,-0.05,3.8694246,0
379,24,0.281,2,-0.05,3.7970312,0
379,25,0.277,2,-0.05,0.42817378,0
379,26,0.268,2,-0.05,-2.3788724,0
379,27,0.257,2,-0.05,1.3593915,0
379,28,0.252,2,-0.05,-6.8847165,0
379,29,0.245,2,-0.05,-4.924491,0
379,30,0.242,1,-0.05,-1.7466383,0
379,31,0.230,1,-0.05,-0.49807858,0
379,32,0.223,2,-0.05,-16.260366,0
379,33,0.244,1,-0.05,-11.165358,0
379,34,0.210,1,-0.05,-25.72632,0
379,35,0.216,2,-0.05,-33.351856,0
379,36,0.211,2,-0.05,-39.718964,0
379,37,0.206,1,-0.05,-36.099655,0
379,38,0.201,2,-0.05,-49.53943,0
379,39,0.199,1,-100.0,-31.779552,0
380,0,0.663,0,1.0,5.1533847,0
380,1,0.669,0,1.0,5.0960226,0
380,2,0.655,0,1.0,6.2507443,0
380,3,0.648,0,1.0,5.9505806,0
380,4,0.660,0,1.0,6.316881,0
380,5,0.633,0,1.0,5.689074,0
380,6,0.648,0,1.0,6.418531,0
380,7,0.653,2,-0.05,5.706341,0
380,8,0.635,0,1.0,7.2566624,0
380,9,0.640,0,1.0,6.3986773,0
380,10,0.652,0,1.0,7.231812,0
380,11,0.658,0,1.0,6.428089,0
380,12,0.657,0,1.0,6.8340034,0
380,13,0.676,0,1.0,7.072123,0
380,14,0.688,0,1.0,5.541752,0
380,15,0.681,1,-0.05,7.0678215,0
380,16,0.677,0,1.0,6.5849957,0
380,17,0.686,1,-0.05,6.5291567,0
380,18,0.688,0,1.0,5.8423395,0
380,19,0.666,0,1.0,5.985994,0
380,20,0.660,1,-0.05,4.8304124,0
380,21,0.654,2,-0.05,3.225195,0
380,22,0.646,0,1.0,5.3870244,0
380,23,0.652,1,-0.05,7.8733807,0
380,24,0.649,0,1.0,6.502474,0
380,25,0.635,0,1.0,5.2290244,0
380,26,0.640,1,-0.05,4.113425,0
380,27,0.636,0,1.0,6.2975006,0
380,28,0.630,0,1.0,5.602715,0
380,29,0.615,0,1.0,5.068266,0
380,30,0.597,0,1.0,4.4769573,0
380,31,0.575,0,1.0,5.098225,0
380,32,0.550,0,1.0,4.20656,0
380,33,0.505,0,1.0,6.2868595,0
380,34,0.513,0,1.0,4.985403,0
380,35,0.505,0,1.0,4.1023626,0
380,36,0.499,0,1.0,6.354882,0
380,37,0.469,0,1.0,7.770592,0
380,38,0.458,0,1.0,5.048613,0
380,39,0.441,0,1.0,5.0278387,0
380,40,0.428,2,-0.05,4.462976,0
380,41,0.419,2,-0.05,4.5422726,0
380,42,0.418,2,-0.05,3.2179444,0
380,43,0.423,0,1.0,3.6576588,0
380,44,0.421,0,1.0,7.193668,0
380,45,0.451,0,1.0,5.3284626,0
380,46,0.464,0,1.0,4.773982,0
380,47,0.463,0,1.0,5.6597624,0
380,48,0.474,0,1.0,4.2383094,0
380,49,0.490,2,-0.05,5.598402,0
380,50,0.500,0,1.0,4.680855,0
380,51,0.525,0,1.0,6.0585103,0
380,52,0.418,0,1.0,6.2611423,0
380,53,0.373,2,-0.05,-0.29412714,0
380,54,0.341,1,-0.05,1.0392935,0
380,55,0.339,2,-0.05,-0.4755442,0
380,56,0.322,2,-0.05,-0.71387744,0
380,57,0.294,1,-0.05,-4.697962,0
380,58,0.285,2,-0.05,-16.732407,0
380,59,0.260,2,-0.05,-22.555504,0
380,60,0.248,1,-0.05,-36.08505,0
380,61,0.241,1,-0.05,-45.936928,0
380,62,0.224,1,-0.05,-53.471016,0
380,63,0.198,2,-100.0,-85.30059,0
381,0,0.663,0,1.0,7.0456786,0
381,1,0.664,0,1.0,7.338163,0
381,2,0.668,1,-0.05,6.780265,0
381,3,0.671,1,-0.05,4.398592,0
381,4,0.678,1,-0.05,4.5803843,0
381,5,0.656,0,1.0,4.6113977,0
381,6,0.647,0,1.0,5.0528703,0
381,7,0.608,0,1.0,4.045388,0
381,8,0.598,0,1.0,3.9643705,0
381,9,0.569,0,1.0,4.6201935,0
381,10,0.539,1,-0.05,4.838747,0
381,11,0.536,0,1.0,5.1374288,0
381,12,0.502,0,1.0,5.8072166,0
381,13,0.448,0,1.0,6.345182,0
381,14,0.422,0,1.0,5.8789682,0
381,15,0.389,0,1.0,5.329842,0
381,16,0.347,0,1.0,5.862047,0
381,17,0.331,2,-0.05,1.9340333,0
381,18,0.315,2,-0.05,2.257895,0
381,19,0.307,2,-0.05,3.0776207,0
381,20,0.306,2,-0.05,2.9904883,0
381,21,0.299,2,-0.05,4.546302,0
381,22,0.299,2,-0.05,4.7091475,0
381,23,0.289,0,1.0,6.284572,0
381,24,0.319,2,-0.05,5.3392696,0
381,25,0.319,2,-0.05,6.567819,0
381,26,0.323,2,-0.05,4.116306,0
381,27,0.337,2,-0.05,3.7415905,0
381,28,0.342,1,-0.05,4.3852677,0
381,29,0.353,1,-0.05,4.780891,0
381,30,0.354,2,-0.05,5.3017297,0
381,31,0.360,2,-0.05,5.2128067,0
381,32,0.368,1,-0.05,4.0898714,0
381,33,0.376,1,-0.05,2.7270358,0
381,34,0.398,1,-0.05,3.9202037,0
381,35,0.386,2,-0.05,0.07805407,0
381,36,0.385,2,-0.05,4.1767473,0
381,37,0.400,1,-0.05,3.4371345,0
381,38,0.401,2,-0.05,4.671189,0
381,39,0.409,1,-0.05,4.0321703,0
381,40,0.432,2,-0.05,3.81797,0
381,41,0.431,0,1.0,3.2365987,0
381,42,0.472,1,-0.05,3.59999,0
381,43,0.482,1,-0.05,2.7300217,0
381,44,0.486,1,-0.05,3.148686,0
381,45,0.503,1,-0.05,2.9933665,0
381,46,0.508,0,1.0,1.9070612,0
381,47,0.528,0,1.0,6.1777787,0
381,48,0.538,0,1.0,6.3586993,0
381,49,0.541,0,1.0,6.3299985,0
381,50,0.559,1,-0.05,5.7656603,0
381,51,0.573,0,1.0,4.6227455,0
381,52,0.589,0,1.0,5.958923,0
381,53,0.588,0,1.0,6.131284,0
381,54,0.592,0,1.0,5.769591,0
381,55,0.597,0,1.0,6.61623,0
381,56,0.597,0,1.0,4.733449,0
381,57,0.593,0,1.0,3.6548707,0
381,58,0.587,0,1.0,5.3885665,0
381,59,0.603,0,1.0,5.27982,0
381,60,0.610,0,1.0,6.930279,0
381,61,0.616,0,1.0,6.057912,0
381,62,0.614,0,1.0,4.738395,0
381,63,0.631,0,1.0,3.5184705,0
381,64,0.628,0,1.0,4.348384,0
381,65,0.643,0,1.0,4.6639585,0
381,66,0.646,0,1.0,3.9521306,0
381,67,0.656,0,1.0,4.088952,0
381,68,0.639,0,1.0,3.732519,0
381,69,0.509,0,1.0,4.7253942,0
381,70,0.475,0,1.0,3.5826814,0
381,71,0.347,0,1.0,2.4412646,0
381,72,0.291,0,1.0,-3.0576673,0
381,73,0.185,2,-100.0,-23.024551,0
382,0,0.659,2,-0.05,5.4936333,0
382,1,0.661,0,1.0,6.8893185,0
382,2,0.694,0,1.0,6.373421,0
382,3,0.687,0,1.0,6.642804,0
382,4,0.690,0,1.0,5.5190063,0
382,5,0.693,0,1.0,7.4198647,0
382,6,0.655,0,1.0,6.6456375,0
382,7,0.655,1,-0.05,4.8113666,0
382,8,0.646,1,-0.05,5.668091,0
382,9,0.633,0,1.0,6.3027744,0
382,10,0.645,0,1.0,6.2231574,0
382,11,0.656,0,1.0,6.422294,0
382,12,0.654,0,1.0,5.3160014,0
382,13,0.653,0,1.0,5.8203197,0
382,14,0.665,0,1.0,5.7323475,0
382,15,0.662,0,1.0,5.966343,0
382,16,0.664,0,1.0,6.328456,0
382,17,0.669,0,1.0,7.061063,0
382,18,0.668,0,1.0,4.962007,0
382,19,0.670,0,1.0,5.048585,0
382,20,0.675,0,1.0,6.4713817,0
382,21,0.680,0,1.0,7.6250734,0
382,22,0.694,0,1.0,5.4534254,0
382,23,0.694,0,1.0,5.1458173,0
382,24,0.682,0,1.0,6.7844434,0
382,25,0.683,0,1.0,4.4272113,0
382,26,0.692,0,1.0,5.0119653,0
382,27,0.693,0,1.0,5.5972333,0
382,28,0.708,0,1.0,5.383378,0
382,29,0.703,0,1.0,6.145531,0
382,30,0.705,0,1.0,5.610177,0
382,31,0.702,0,1.0,4.5480323,0
382,32,0.703,0,1.0,5.2485743,0
382,33,0.703,2,-0.05,4.181134,0
382,34,0.691,1,-0.05,4.213721,0
382,35,0.701,0,1.0,5.406641,0
382,36,0.688,2,-0.05,5.188848,0
382,37,0.683,0,1.0,4.222228,0
382,38,0.683,0,1.0,5.973041,0
382,39,0.660,0,1.0,4.427331,0
382,40,0.647,0,1.0,3.4155593,0
382,41,0.656,0,1.0,5.335181,0
382,42,0.636,0,1.0,4.4392033,0
382,43,0.629,2,-0.05,5.5789423,0
382,44,0.634,0,1.0,4.405878,0
382,45,0.636,0,1.0,3.4009433,0
382,46,0.621,0,1.0,4.307724,0
382,47,0.579,0,1.0,4.407851,0
382,48,0.456,0,1.0,4.04701,0
382,49,0.402,0,1.0,2.3238988,0
382,50,0.304,2,-0.05,-0.16014874,0
382,51,0.281,1,-0.05,-10.3470745,0
382,52,0.275,2,-0.05,-15.66123,0
382,53,0.254,2,-0.05,-33.53861,0
382,54,0.233,2,-0.05,-46.42568,0
382,55,0.213,1,-0.05,-69.64655,0
382,56,0.204,2,-0.05,-80.6026,0
382,57,0.190,1,-100.0,-94.57388,0
383,0,0.663,0,1.0,5.3765965,0
383,1,0.669,0,1.0,7.266032,0
383,2,0.658,0,1.0,5.071853,0
383,3,0.656,0,1.0,5.454894,0
383,4,0.652,0,1.0,6.9202433,0
383,5,0.644,0,1.0,4.8706694,0
383,6,0.631,0,1.0,7.0522547,0
383,7,0.625,0,1.0,6.1942477,0
383,8,0.636,0,1.0,6.90024,0
383,9,0.626,0,1.0,7.2741966,0
383,10,0.635,0,1.0,5.56396,0
383,11,0.622,1,-0.05,6.700364,0
383,12,0.620,0,1.0,7.2670135,0
383,13,0.622,0,1.0,6.410768,0
383,14,0.600,0,1.0,5.3264947,0
383,15,0.586,0,1.0,5.839598,0
383,16,0.583,2,-0.05,6.658022,0
383,17,0.573,0,1.0,4.935735,0
383,18,0.569,0,1.0,6.9478745,0
383,19,0.566,1,-0.05,4.8350964,0
383,20,0.570,0,1.0,5.6814013,0
383,21,0.560,0,1.0,6.483129,0
383,22,0.545,0,1.0,5.7935443,0
383,23,0.525,0,1.0,5.216867,0
383,24,0.519,0,1.0,5.3558993,0
383,25,0.492,0,1.0,5.353347,0
383,26,0.491,0,1.0,4.8994365,0
383,27,0.470,0,1.0,6.3352556,0
383,28,0.458,0,1.0,4.0229826,0
383,29,0.442,0,1.0,6.3835945,0
383,30,0.440,0,1.0,3.3392417,0
383,31,0.412,0,1.0,3.7953835,0
383,32,0.410,0,1.0,6.021151,0
383,33,0.384,0,1.0,7.2542434,0
383,34,0.381,0,1.0,7.7731686,0
383,35,0.364,0,1.0,6.4794345,0
383,36,0.347,0,1.0,7.3597693,0
383,37,0.342,0,1.0,4.9267993,0
383,38,0.331,1,-0.05,5.1155567,0
383,39,0.318,0,1.0,5.35415,0
383,40,0.314,2,-0.05,1.7545502,0
383,41,0.289,0,1.0,2.8716943,0
383,42,0.286,0,1.0,1.91602,0
383,43,0.255,0,1.0,1.3596594,0
383,44,0.262,1,-0.05,0.19765663,0
383,45,0.256,2,-0.05,1.3618292,0
383,46,0.251,2,-0.05,1.6519613,0
383,47,0.247,2,-0.05,3.1145518,0
383,48,0.251,0,1.0,4.7655115,0
383,49,0.272,0,1.0,7.1448665,0
383,50,0.283,0,1.0,7.4206524,0
383,51,0.295,2,-0.05,1.4708518,0
383,52,0.296,0,1.0,0.94549066,0
383,53,0.251,0,1.0,-3.691266,0
383,54,0.223,2,-0.05,-38.387077,0
383,55,0.202,1,-0.05,-56.618237,0
383,56,0.189,2,-100.0,-67.648964,0
384,0,0.655,2,-0.05,4.704037,0
384,1,0.671,0,1.0,6.669848,0
384,2,0.679,0,1.0,5.7236786,0
384,3,0.689,0,1.0,6.6054235,0
384,4,0.696,2,-0.05,6.7646217,0
384,5,0.676,0,1.0,6.185381,0
384,6,0.658,0,1.0,4.135751,0
384,7,0.632,0,1.0,5.3217845,0
384,8,0.618,0,1.0,4.5082684,0
384,9,0.574,0,1.0,6.6735907,0
384,10,0.545,0,1.0,7.082394,0
384,11,0.523,0,1.0,5.093978,0
384,12,0.510,0,1.0,4.5516186,0
384,13,0.461,0,1.0,4.078429,0
384,14,0.449,0,1.0,4.7621126,0
384,15,0.417,1,-0.05,3.8433795,0
384,16,0.409,1,-0.05,2.5211728,0
384,17,0.410,1,-0.05,6.195136,0
384,18,0.406,1,-0.05,5.7274303,0
384,19,0.408,1,-0.05,5.5292125,0
384,20,0.404,0,1.0,5.9230886,0
384,21,0.433,0,1.0,5.6614947,0
384,22,0.448,0,1.0,4.21365,0
384,23,0.481,0,1.0,5.323845,0
384,24,0.488,0,1.0,6.372994,0
384,25,0.508,2,-0.05,5.3969398,0
384,26,0.515,0,1.0,5.483341,0
384,27,0.536,0,1.0,5.92936,0
384,28,0.536,0,1.0,5.4155335,0
384,29,0.549,0,1.0,5.684208,0
384,30,0.563,0,1.0,4.4925327,0
384,31,0.574,0,1.0,5.189212,0
384,32,0.590,1,-0.05,5.0245495,0
384,33,0.585,0,1.0,5.3551207,0
384,34,0.595,1,-0.05,4.2493525,0
384,35,0.618,0,1.0,4.236472,0
384,36,0.627,2,-0.05,3.966961,0
384,37,0.638,1,-0.05,2.5044875,0
384,38,0.648,1,-0.05,3.8201413,0
384,39,0.639,1,-0.05,1.1122632,0
384,40,0.659,1,-0.05,1.8578111,0
384,41,0.661,2,-0.05,0.4856423,0
384,42,0.678,2,-0.05,0.57505155,0
384,43,0.699,0,1.0,2.4247887,0
384,44,0.711,2,-0.05,2.2302341,0
384,45,0.691,0,1.0,3.0421324,0
384,46,0.669,2,-0.05,1.7272996,0
384,47,0.648,2,-0.05,3.0567374,0
384,48,0.663,0,1.0,3.527328,0
384,49,0.648,2,-0.05,4.9290504,0
384,50,0.631,2,-0.05,4.9416904,0
384,51,0.634,2,-0.05,7.268735,0
384,52,0.647,0,1.0,4.6787205,0
384,53,0.669,0,1.0,5.0588694,0
384,54,0.674,2,-0.05,6.3337774,0
384,55,0.689,0,1.0,6.6994267,0
384,56,0.713,0,1.0,5.7547293,0
384,57,0.747,0,1.0,7.456509,0
384,58,0.770,0,1.0,8.8442955,0
384,59,0.783,0,1.0,7.5084805,0
384,60,0.837,0,1.0,7.2594566,0
384,61,0.734,0,1.0,3.7216218,0
384,62,0.676,0,1.0,6.681502,0
384,63,0.570,0,1.0,4.8853564,0
384,64,0.511,0,1.0,4.154502,0
384,65,0.384,0,1.0,3.5779226,0
384,66,0.325,2,-0.05,0.5178197,0
384,67,0.312,2,-0.05,-4.3110433,0
384,68,0.295,1,-0.05,-6.9496446,0
384,69,0.282,1,-0.05,-9.65585,0
384,70,0.254,2,-0.05,-28.131895,0
384,71,0.245,2,-0.05,-40.387352,0
384,72,0.242,1,-0.05,-62.21296,0
384,73,0.221,1,-0.05,-67.243835,0
384,74,0.194,2,-100.0,-76.324005,0
385,0,0.663,0,1.0,7.1838303,0
385,1,0.664,0,1.0,6.8290043,0
385,2,0.676,0,1.0,6.7564144,0
385,3,0.673,0,1.0,6.9928737,0
385,4,0.680,0,1.0,5.928222,0
385,5,0.680,0,1.0,6.7298503,0
385,6,0.690,0,1.0,6.0183077,0
385,7,0.684,0,1.0,6.746825,0
385,8,0.688,2,-0.05,6.9782524,0
385,9,0.685,0,1.0,6.9930954,0
385,10,0.693,0,1.0,8.478247,0
385,11,0.699,1,-0.05,6.5568004,0
385,12,0.691,0,1.0,6.2523794,0
385,13,0.694,0,1.0,6.416253,0
385,14,0.685,0,1.0,6.16017,0
385,15,0.694,0,1.0,6.7848773,0
385,16,0.683,0,1.0,7.2285357,0
385,17,0.684,0,1.0,6.5624933,0
385,18,0.683,1,-0.05,6.3494163,0
385,19,0.678,0,1.0,6.290634,0
385,20,0.694,0,1.0,5.109405,0
385,21,0.690,0,1.0,7.065839,0
385,22,0.706,1,-0.05,5.312293,0
385,23,0.714,0,1.0,4.1450043,0
385,24,0.685,0,1.0,6.185828,0
385,25,0.678,0,1.0,5.6850867,0
385,26,0.662,0,1.0,5.8095417,0
385,27,0.637,0,1.0,4.2722015,0
385,28,0.624,0,1.0,5.379786,0
385,29,0.609,0,1.0,4.582814,0
385,30,0.598,0,1.0,4.6795597,0
385,31,0.589,2,-0.05,6.0996428,0
385,32,0.574,0,1.0,5.6818366,0
385,33,0.561,0,1.0,6.602307,0
385,34,0.564,0,1.0,6.0441656,0
385,35,0.549,0,1.0,5.1379223,0
385,36,0.543,0,1.0,5.7306514,0
385,37,0.519,0,1.0,6.27104,0
385,38,0.524,0,1.0,6.887052,0
385,39,0.517,0,1.0,4.2715464,0
385,40,0.521,2,-0.05,4.808889,0
385,41,0.515,0,1.0,6.335368,0
385,42,0.517,0,1.0,4.6853313,0
385,43,0.520,0,1.0,7.017981,0
385,44,0.503,0,1.0,6.33534,0
385,45,0.535,0,1.0,5.0337625,0
385,46,0.532,0,1.0,7.2765737,0
385,47,0.474,0,1.0,7.1162925,0
385,48,0.385,2,-0.05,4.165721,0
385,49,0.380,2,-0.05,1.5176728,0
385,50,0.352,2,-0.05,1.7863072,0
385,51,0.328,2,-0.05,-0.70849705,0
385,52,0.332,1,-0.05,-2.3374784,0
385,53,0.269,0,1.0,-3.3990474,0
385,54,0.229,2,-0.05,-42.877655,0
385,55,0.205,2,-0.05,-86.66716,0
385,56,0.199,1,-100.0,-90.0553,0
386,0,0.666,0,1.0,5.622654,0
386,1,0.659,0,1.0,6.197766,0
386,2,0.657,1,-0.05,6.7142553,0
386,3,0.658,0,1.0,6.3212304,0
386,4,0.659,0,1.0,6.513678,0
386,5,0.630,0,1.0,5.3543096,0
386,6,0.630,0,1.0,5.8422008,0
386,7,0.604,2,-0.05,5.5753555,0
386,8,0.616,1,-0.05,4.8927617,0
386,9,0.603,0,1.0,5.336792,0
386,10,0.568,0,1.0,6.9779587,0
386,11,0.560,0,1.0,3.7669396,0
386,12,0.526,0,1.0,5.1146207,0
386,13,0.498,1,-0.05,4.095205,0
386,14,0.504,1,-0.05,5.684812,0
386,15,0.487,0,1.0,5.6517906,0
386,16,0.436,0,1.0,6.116357,0
386,17,0.403,0,1.0,5.343796,0
386,18,0.344,0,1.0,5.0443954,0
386,19,0.309,2,-0.05,3.1621315,0
386,20,0.314,1,-0.05,2.28848,0
386,21,0.294,2,-0.05,3.4998426,0
386,22,0.289,2,-0.05,3.865504,0
386,23,0.273,2,-0.05,1.8283012,0
386,24,0.276,2,-0.05,1.1934309,0
386,25,0.279,1,-0.05,0.9773678,0
386,26,0.274,1,-0.05,0.1662395,0
386,27,0.265,2,-0.05,0.50822425,0
386,28,0.242,2,-0.05,-0.7854419,0
386,29,0.257,1,-0.05,-2.0285535,0
386,30,0.256,2,-0.05,-1.2429712,0
386,31,0.226,1,-0.05,-2.2302036,0
386,32,0.257,1,-0.05,-1.5238342,0
386,33,0.238,2,-0.05,-12.847361,0
386,34,0.238,2,-0.05,-16.208107,0
386,35,0.229,2,-0.05,-6.48114,0
386,36,0.224,1,-0.05,0.22222221,0
386,37,0.219,1,-0.05,-2.8887753,0
386,38,0.217,1,-0.05,-16.547916,0
386,39,0.215,0,1.0,-28.40509,0
386,40,0.187,2,-100.0,-75.043846,0
387,0,0.657,1,-0.05,7.142282,0
387,1,0.657,0,1.0,6.510035,0
387,2,0.651,0,1.0,5.8681245,0
387,3,0.635,0,1.0,5.423643,0
387,4,0.636,0,1.0,7.046439,0
387,5,0.607,1,-0.05,6.310422,0
387,6,0.611,0,1.0,6.472722,0
387,7,0.583,0,1.0,5.8713665,0
387,8,0.576,0,1.0,5.075742,0
387,9,0.546,0,1.0,6.032935,0
387,10,0.526,0,1.0,6.7777305,0
387,11,0.494,0,1.0,6.043816,0
387,12,0.491,2,-0.05,4.8910103,0
387,13,0.463,0,1.0,5.7609687,0
387,14,0.456,1,-0.05,6.2515693,0
387,15,0.469,0,1.0,5.6057363,0
387,16,0.463,0,1.0,6.7811494,0
387,17,0.425,1,-0.05,6.65788,0
387,18,0.417,0,1.0,6.0878654,0
387,19,0.379,0,1.0,4.988066,0
387,20,0.354,0,1.0,6.4452124,0
387,21,0.321,1,-0.05,3.027244,0
387,22,0.324,2,-0.05,1.2499795,0
387,23,0.326,2,-0.05,2.3285325,0
387,24,0.316,1,-0.05,3.3263159,0
387,25,0.319,2,-0.05,2.7912443,0
387,26,0.309,1,-0.05,2.1405778,0
387,27,0.318,1,-0.05,3.4278638,0
387,28,0.302,2,-0.05,2.6903706,0
387,29,0.302,2,-0.05,1.0346667,0
387,30,0.289,1,-0.05,2.0001187,0
387,31,0.286,0,1.0,0.95564795,0
387,32,0.272,2,-0.05,-0.6436305,0
387,33,0.262,2,-0.05,-1.6903756,0
387,34,0.250,2,-0.05,-1.8492918,0
387,35,0.258,1,-0.05,-1.6808579,0
387,36,0.251,1,-0.05,-6.19751,0
387,37,0.237,1,-0.05,-4.5417128,0
387,38,0.251,2,-0.05,-8.98896,0
387,39,0.238,1,-0.05,-17.013851,0
387,40,0.227,2,-0.05,-19.729027,0
387,41,0.225,1,-0.05,-19.778835,0
387,42,0.205,0,1.0,-35.354603,0
387,43,0.194,1,-100.0,-43.267464,0
388,0,0.671,0,1.0,7.292553,0
388,1,0.673,1,-0.05,5.8074427,0
388,2,0.664,1,-0.05,6.395115,0
388,3,0.658,0,1.0,5.7329745,0
388,4,0.653,0,1.0,6.239438,0
388,5,0.621,1,-0.05,4.396155,0
388,6,0.621,0,1.0,5.175243,0
388,7,0.587,0,1.0,4.646057,0
388,8,0.543,0,1.0,4.5191708,0
388,9,0.521,0,1.0,3.782943,0
388,10,0.488,0,1.0,5.522321,0
388,11,0.469,0,1.0,5.4850683,0
388,12,0.424,0,1.0,4.720773,0
388,13,0.379,0,1.0,5.737069,0
388,14,0.371,0,1.0,5.455534,0
388,15,0.325,0,1.0,4.3500195,0
388,16,0.297,0,1.0,4.6514096,0
388,17,0.270,2,-0.05,2.0889878,0
388,18,0.258,2,-0.05,0.47495842,0
388,19,0.257,2,-0.05,-1.9119506,0
388,20,0.261,1,-0.05,0.9992523,0
388,21,0.259,1,-0.05,1.5599597,0
388,22,0.264,2,-0.05,-4.3983793,0
388,23,0.241,0,1.0,-9.9905815,0
388,24,0.234,1,-0.05,-0.038412333,0
388,25,0.232,1,-0.05,-0.40612364,0
388,26,0.217,2,-0.05,-18.199518,0
388,27,0.224,1,-0.05,-23.881117,0
388,28,0.225,2,-0.05,-47.906616,0
388,29,0.214,2,-0.05,-37.70503,0
388,30,0.214,1,-0.05,-5.405254,0
388,31,0.203,1,-0.05,-7.420874,0
388,32,0.197,1,-100.0,-50.474102,0
389,0,0.663,0,1.0,5.967843,0
389,1,0.669,0,1.0,6.554956,0
389,2,0.655,0,1.0,4.8905673,0
389,3,0.648,0,1.0,6.409137,0
389,4,0.661,1,-0.05,5.909131,0
389,5,0.645,0,1.0,6.655039,0
389,6,0.645,0,1.0,5.8412642,0
389,7,0.627,0,1.0,6.6617875,0
389,8,0.614,0,1.0,6.4905396,0
389,9,0.602,0,1.0,5.9532876,0
389,10,0.581,0,1.0,5.05611,0
389,11,0.580,0,1.0,7.013778,0
389,12,0.562,0,1.0,6.640226,0
389,13,0.542,0,1.0,7.0295606,0
389,14,0.544,2,-0.05,7.050962,0
389,15,0.534,0,1.0,5.244418,0
389,16,0.539,0,1.0,6.778068,0
389,17,0.525,0,1.0,7.444855,0
389,18,0.541,2,-0.05,7.1084056,0
389,19,0.522,0,1.0,6.520691,0
389,20,0.545,2,-0.05,5.737532,0
389,21,0.542,2,-0.05,5.439471,0
389,22,0.534,1,-0.05,3.851371,0
389,23,0.546,1,-0.05,4.6194773,0
389,24,0.545,0,1.0,7.616805,0
389,25,0.537,0,1.0,4.2993503,0
389,26,0.534,0,1.0,4.9051576,0
389,27,0.518,0,1.0,6.7026734,0
389,28,0.520,0,1.0,5.8548126,0
389,29,0.522,0,1.0,5.920859,0
389,30,0.512,0,1.0,4.8716216,0
389,31,0.498,0,1.0,4.1789236,0
389,32,0.498,0,1.0,4.73769,0
389,33,0.492,0,1.0,5.71028,0
389,34,0.478,0,1.0,6.6749187,0
389,35,0.478,0,1.0,6.790682,0
389,36,0.471,0,1.0,5.276405,0
389,37,0.463,1,-0.05,4.9817977,0
389,38,0.474,0,1.0,5.34359,0
389,39,0.450,0,1.0,6.695667,0
389,40,0.437,0,1.0,5.6911526,0
389,41,0.410,1,-0.05,5.3804116,0
389,42,0.417,2,-0.05,6.099461,0
389,43,0.410,2,-0.05,6.1134233,0
389,44,0.414,0,1.0,6.0091486,0
389,45,0.415,0,1.0,6.1043224,0
389,46,0.427,1,-0.05,6.820468,0
389,47,0.424,2,-0.05,4.7002497,0
389,48,0.426,0,1.0,5.484217,0
389,49,0.449,0,1.0,8.165147,0
389,50,0.469,0,1.0,7.249847,0
389,51,0.480,0,1.0,6.536609,0
389,52,0.511,0,1.0,7.846411,0
389,53,0.514,0,1.0,6.9426665,0
389,54,0.436,0,1.0,3.6511183,0
389,55,0.307,0,1.0,0.029874742,0
389,56,0.253,0,1.0,-13.499586,0
389,57,0.164,2,-100.0,-67.16681,0
390,0,0.663,0,1.0,6.007569,0
390,1,0.674,0,1.0,7.1370187,0
390,2,0.670,1,-0.05,6.1084824,0
390,3,0.666,0,1.0,5.479827,0
390,4,0.662,2,-0.05,5.4988337,0
390,5,0.649,0,1.0,6.371975,0
390,6,0.655,0,1.0,5.945335,0
390,7,0.661,2,-0.05,6.8637667,0
390,8,0.672,0,1.0,6.1584425,0
390,9,0.683,1,-0.05,7.6237326,0
390,10,0.676,2,-0.05,7.4678063,0
390,11,0.674,0,1.0,6.323996,0
390,12,0.710,0,1.0,6.7764573,0
390,13,0.683,0,1.0,5.2899566,0
390,14,0.666,1,-0.05,3.3787043,0
390,15,0.660,1,-0.05,5.0955143,0
390,16,0.657,1,-0.05,6.5800514,0
390,17,0.643,1,-0.05,6.038163,0
390,18,0.641,1,-0.05,5.254606,0
390,19,0.651,0,1.0,6.022499,0
390,20,0.670,0,1.0,4.902134,0
390,21,0.701,0,1.0,4.542847,0
390,22,0.696,0,1.0,4.754101,0
390,23,0.675,0,1.0,4.865903,0
390,24,0.661,2,-0.05,5.904006,0
390,25,0.655,1,-0.05,7.6639876,0
390,26,0.649,0,1.0,6.4334064,0
390,27,0.595,0,1.0,6.360158,0
390,28,0.573,0,1.0,5.1879935,0
390,29,0.560,2,-0.05,5.872423,0
390,30,0.539,2,-0.05,4.466592,0
390,31,0.518,0,1.0,6.1120973,0
390,32,0.506,0,1.0,6.0628066,0
390,33,0.501,0,1.0,6.545611,0
390,34,0.474,0,1.0,5.7230377,0
390,35,0.450,0,1.0,4.1028485,0
390,36,0.449,0,1.0,4.275052,0
390,37,0.422,0,1.0,4.3789644,0
390,38,0.415,0,1.0,6.043993,0
390,39,0.376,0,1.0,5.0777874,0
390,40,0.370,2,-0.05,6.073124,0
390,41,0.374,2,-0.05,4.967875,0
390,42,0.362,0,1.0,5.96528,0
390,43,0.355,0,1.0,5.637587,0
390,44,0.360,0,1.0,3.9347923,0
390,45,0.355,0,1.0,4.340651,0
390,46,0.373,2,-0.05,5.037247,0
390,47,0.369,1,-0.05,8.678679,0
390,48,0.372,2,-0.05,4.2002406,0
390,49,0.360,2,-0.05,3.966967,0
390,50,0.372,0,1.0,8.923441,0
390,51,0.374,2,-0.05,7.6944485,0
390,52,0.378,2,-0.05,9.12973,0
390,53,0.384,2,-0.05,4.846821,0
390,54,0.394,2,-0.05,1.3961904,0
390,55,0.406,1,-0.05,3.7793977,0
390,56,0.413,0,1.0,0.91073847,0
390,57,0.443,2,-0.05,3.9240532,0
390,58,0.436,2,-0.05,5.4506254,0
390,59,0.444,2,-0.05,3.6861432,0
390,60,0.461,1,-0.05,2.0708709,0
390,61,0.464,1,-0.05,3.7675686,0
390,62,0.452,2,-0.05,2.9691434,0
390,63,0.468,2,-0.05,2.9780474,0
390,64,0.484,1,-0.05,2.619297,0
390,65,0.498,1,-0.05,2.7960129,0
390,66,0.498,2,-0.05,5.3307896,0
390,67,0.501,2,-0.05,5.3993297,0
390,68,0.536,0,1.0,1.688834,0
390,69,0.570,0,1.0,2.6115189,0
390,70,0.633,0,1.0,2.0584095,0
390,71,0.672,0,1.0,1.0015998,0
390,72,0.666,0,1.0,1.4055176,0
390,73,0.567,0,1.0,3.0447097,0
390,74,0.516,2,-0.05,2.9725199,0
390,75,0.505,1,-0.05,2.2079334,0
390,76,0.491,2,-0.05,2.0116124,0
390,77,0.472,1,-0.05,0.1637001,0
390,78,0.463,2,-0.05,1.1565461,0
390,79,0.442,0,1.0,-0.8903762,0
390,80,0.376,1,-0.05,-0.8891239,0
390,81,0.368,1,-0.05,-1.7009196,0
390,82,0.359,1,-0.05,-8.517343,0
390,83,0.333,0,1.0,-2.866403,0
390,84,0.268,2,-0.05,-6.010286,0
390,85,0.250,2,-0.05,-40.616383,0
390,86,0.236,1,-0.05,-78.0846,0
390,87,0.211,1,-0.05,-97.13438,0
390,88,0.207,2,-0.05,-91.99509,0
390,89,0.182,2,-100.0,-100.24935,0
391,0,0.663,0,1.0,7.5943966,0
391,1,0.664,0,1.0,5.457791,0
391,2,0.676,0,1.0,4.670624,0
391,3,0.673,0,1.0,6.121626,0
391,4,0.680,0,1.0,6.995897,0
391,5,0.667,0,1.0,6.048907,0
391,6,0.680,0,1.0,6.4375296,0
391,7,0.685,0,1.0,6.7664833,0
391,8,0.685,0,1.0,6.5572815,0
391,9,0.692,0,1.0,7.5525637,0
391,10,0.679,0,1.0,5.382026,0
391,11,0.703,0,1.0,6.777528,0
391,12,0.690,1,-0.05,5.8761163,0
391,13,0.699,1,-0.05,5.6017084,0
391,14,0.705,0,1.0,4.973198,0
391,15,0.692,0,1.0,5.9252987,0
391,16,0.672,1,-0.05,4.606073,0
391,17,0.673,2,-0.05,6.082519,0
391,18,0.664,1,-0.05,4.212517,0
391,19,0.669,1,-0.05,4.555265,0
391,20,0.659,2,-0.05,5.2123237,0
391,21,0.656,0,1.0,4.660057,0
391,22,0.636,0,1.0,5.0980515,0
391,23,0.615,0,1.0,4.540485,0
391,24,0.607,2,-0.05,4.8219485,0
391,25,0.594,1,-0.05,4.1784115,0
391,26,0.598,0,1.0,5.1129074,0
391,27,0.579,0,1.0,5.683251,0
391,28,0.554,0,1.0,5.7501535,0
391,29,0.537,0,1.0,5.5790505,0
391,30,0.500,0,1.0,4.53777,0
391,31,0.494,0,1.0,5.6341395,0
391,32,0.456,0,1.0,5.307507,0
391,33,0.418,0,1.0,6.747398,0
391,34,0.401,0,1.0,8.047048,0
391,35,0.376,0,1.0,6.1236706,0
391,36,0.363,0,1.0,6.408441,0
391,37,0.326,0,1.0,6.674401,0
391,38,0.309,2,-0.05,2.4373748,0
391,39,0.301,1,-0.05,1.3320817,0
391,40,0.307,1,-0.05,2.245934,0
391,41,0.299,1,-0.05,-0.5755137,0
391,42,0.286,1,-0.05,-1.7390847,0
391,43,0.290,2,-0.05,-4.655735,0
391,44,0.276,1,-0.05,-9.796064,0
391,45,0.253,0,1.0,-9.002466,0
391,46,0.224,1,-0.05,-16.204124,0
391,47,0.196,0,-100.0,-53.6606,0
392,0,0.662,0,1.0,6.0736356,0
392,1,0.656,0,1.0,5.7869616,0
392,2,0.666,0,1.0,4.6157813,0
392,3,0.659,0,1.0,5.854753,0
392,4,0.674,0,1.0,6.396157,0
392,5,0.660,0,1.0,5.8128,0
392,6,0.661,0,1.0,4.7597575,0
392,7,0.651,0,1.0,6.1574078,0
392,8,0.658,0,1.0,5.8312435,0
392,9,0.651,0,1.0,6.2721357,0
392,10,0.652,0,1.0,7.196244,0
392,11,0.652,0,1.0,6.3631816,0
392,12,0.664,0,1.0,6.208726,0
392,13,0.647,0,1.0,6.5548387,0
392,14,0.644,2,-0.05,6.9929004,0
392,15,0.643,0,1.0,5.8760743,0
392,16,0.658,0,1.0,6.868056,0
392,17,0.664,0,1.0,5.850436,0
392,18,0.660,0,1.0,6.7955375,0
392,19,0.686,0,1.0,5.6484776,0
392,20,0.679,2,-0.05,7.1056137,0
392,21,0.676,0,1.0,5.7899547,0
392,22,0.699,0,1.0,5.465442,0
392,23,0.699,0,1.0,6.1145625,0
392,24,0.669,0,1.0,4.8182664,0
392,25,0.669,0,1.0,4.8168707,0
392,26,0.644,0,1.0,4.223897,0
392,27,0.638,0,1.0,4.7794843,0
392,28,0.620,0,1.0,6.010671,0
392,29,0.607,2,-0.05,3.0595796,0
392,30,0.591,0,1.0,3.6655529,0
392,31,0.558,0,1.0,3.5266867,0
392,32,0.551,0,1.0,5.3064356,0
392,33,0.525,0,1.0,2.8099718,0
392,34,0.482,0,1.0,3.0407658,0
392,35,0.475,0,1.0,6.351616,0
392,36,0.447,0,1.0,6.0014763,0
392,37,0.444,2,-0.05,3.4083433,0
392,38,0.453,0,1.0,5.3154235,0
392,39,0.461,0,1.0,4.90534,0
392,40,0.492,0,1.0,6.282591,0
392,41,0.516,0,1.0,7.5340953,0
392,42,0.591,0,1.0,6.7560163,0
392,43,0.681,0,1.0,6.6632504,0
392,44,0.725,0,1.0,5.9364724,0
392,45,0.631,0,1.0,5.496738,0
392,46,0.508,0,1.0,3.2630765,0
392,47,0.479,1,-0.05,2.70027,0
392,48,0.446,1,-0.05,-0.74622476,0
392,49,0.394,0,1.0,-1.9094012,0
392,50,0.361,1,-0.05,-6.5250278,0
392,51,0.320,2,-0.05,-15.042597,0
392,52,0.317,2,-0.05,-19.160599,0
392,53,0.283,2,-0.05,-16.505863,0
392,54,0.273,2,-0.05,-32.04077,0
392,55,0.275,1,-0.05,-68.798706,0
392,56,0.248,1,-0.05,-61.26214,0
392,57,0.184,0,-100.0,-52.30751,0
393,0,0.671,0,1.0,7.0212193,0
393,1,0.676,0,1.0,5.7894335,0
393,2,0.662,0,1.0,5.4796505,0
393,3,0.652,0,1.0,6.7392464,0
393,4,0.668,0,1.0,5.1673813,0
393,5,0.646,0,1.0,4.550783,0
393,6,0.650,0,1.0,6.470613,0
393,7,0.652,0,1.0,5.263362,0
393,8,0.653,0,1.0,5.86998,0
393,9,0.651,0,1.0,7.5705137,0
393,10,0.646,0,1.0,5.596453,0
393,11,0.647,0,1.0,7.015566,0
393,12,0.645,0,1.0,6.603586,0
393,13,0.655,0,1.0,6.6810803,0
393,14,0.651,0,1.0,6.125876,0
393,15,0.649,0,1.0,6.4695187,0
393,16,0.633,0,1.0,4.1479955,0
393,17,0.637,0,1.0,6.4026327,0
393,18,0.642,0,1.0,6.76161,0
393,19,0.631,0,1.0,6.0706773,0
393,20,0.638,0,1.0,5.6590524,0
393,21,0.643,2,-0.05,5.6256285,0
393,22,0.634,2,-0.05,3.2090545,0
393,23,0.632,2,-0.05,3.467925,0
393,24,0.630,2,-0.05,4.9761734,0
393,25,0.632,2,-0.05,4.631855,0
393,26,0.630,2,-0.05,5.421129,0
393,27,0.641,2,-0.05,5.8143106,0
393,28,0.673,0,1.0,2.8066993,0
393,29,0.676,0,1.0,3.1365836,0
393,30,0.644,0,1.0,3.085981,0
393,31,0.576,0,1.0,2.9441674,0
393,32,0.482,0,1.0,2.3612778,0
393,33,0.468,0,1.0,-0.7201611,0
393,34,0.408,1,-0.05,-0.5387415,0
393,35,0.391,2,-0.05,-3.831593,0
393,36,0.377,1,-0.05,-10.017126,0
393,37,0.377,2,-0.05,-8.269125,0
393,38,0.378,2,-0.05,-9.640438,0
393,39,0.348,0,1.0,-10.301722,0
393,40,0.291,1,-0.05,-14.792877,0
393,41,0.276,1,-0.05,-19.16384,0
393,42,0.261,1,-0.05,-23.35345,0
393,43,0.217,0,1.0,-31.311193,0
393,44,0.187,0,-100.0,-42.489395,0
394,0,0.670,0,1.0,6.632325,0
394,1,0.658,0,1.0,5.125928,0
394,2,0.669,0,1.0,6.3776226,0
394,3,0.658,1,-0.05,6.566861,0
394,4,0.669,0,1.0,6.499167,0
394,5,0.668,1,-0.05,6.74756,0
394,6,0.657,0,1.0,5.4497595,0
394,7,0.627,0,1.0,5.241048,0
394,8,0.633,0,1.0,7.2270617,0
394,9,0.600,0,1.0,7.407824,0
394,10,0.596,0,1.0,5.8229365,0
394,11,0.579,2,-0.05,6.6525106,0
394,12,0.572,0,1.0,5.902738,0
394,13,0.550,0,1.0,7.4366307,0
394,14,0.553,0,1.0,5.8937874,0
394,15,0.557,0,1.0,6.5561185,0
394,16,0.553,2,-0.05,7.4060655,0
394,17,0.537,0,1.0,6.733577,0
394,18,0.543,0,1.0,7.2750225,0
394,19,0.545,0,1.0,6.9395084,0
394,20,0.542,0,1.0,5.9024444,0
394,21,0.542,0,1.0,7.3052626,0
394,22,0.542,2,-0.05,6.17931,0
394,23,0.551,2,-0.05,7.5863395,0
394,24,0.551,0,1.0,4.930472,0
394,25,0.564,2,-0.05,4.325389,0
394,26,0.577,2,-0.05,4.439789,0
394,27,0.563,2,-0.05,3.8849792,0
394,28,0.590,1,-0.05,4.059987,0
394,29,0.615,0,1.0,5.365057,0
394,30,0.619,1,-0.05,3.6627026,0
394,31,0.631,0,1.0,4.871947,0
394,32,0.657,0,1.0,5.0879617,0
394,33,0.659,0,1.0,5.8190465,0
394,34,0.687,0,1.0,5.8413153,0
394,35,0.697,0,1.0,2.877591,0
394,36,0.696,0,1.0,4.6878185,0
394,37,0.687,0,1.0,5.2566504,0
394,38,0.665,0,1.0,5.003545,0
394,39,0.659,0,1.0,3.394895,0
394,40,0.625,0,1.0,4.4194365,0
394,41,0.636,1,-0.05,6.0080657,0
394,42,0.628,1,-0.05,3.7655575,0
394,43,0.620,0,1.0,2.4654555,0
394,44,0.622,0,1.0,3.3333256,0
394,45,0.661,0,1.0,3.5162241,0
394,46,0.686,0,1.0,3.9031982,0
394,47,0.750,0,1.0,4.0373096,0
394,48,0.777,0,1.0,4.5723853,0
394,49,0.782,0,1.0,3.662817,0
394,50,0.765,0,1.0,1.4797976,0
394,51,0.642,0,1.0,3.5610564,0
394,52,0.574,0,1.0,0.5079715,0
394,53,0.444,0,1.0,2.1186647,0
394,54,0.396,0,1.0,0.5024861,0
394,55,0.315,2,-0.05,-2.4141479,0
394,56,0.298,2,-0.05,-9.212095,0
394,57,0.288,2,-0.05,-13.466398,0
394,58,0.256,2,-0.05,-31.779524,0
394,59,0.240,0,1.0,-43.421776,0
394,60,0.160,2,-100.0,-54.240612,0
395,0,0.659,2,-0.05,5.6437535,0
395,1,0.659,0,1.0,5.841314,0
395,2,0.680,0,1.0,6.92765,0
395,3,0.686,2,-0.05,5.107588,0
395,4,0.708,0,1.0,7.625057,0
395,5,0.702,1,-0.05,2.6293583,0
395,6,0.676,0,1.0,5.19787,0
395,7,0.657,0,1.0,6.4711084,0
395,8,0.651,0,1.0,5.8744617,0
395,9,0.621,0,1.0,6.9168944,0
395,10,0.605,1,-0.05,6.818733,0
395,11,0.608,0,1.0,6.129224,0
395,12,0.594,0,1.0,6.4757996,0
395,13,0.587,0,1.0,5.1949153,0
395,14,0.565,0,1.0,6.3036475,0
395,15,0.565,1,-0.05,5.0939684,0
395,16,0.563,0,1.0,6.4159555,0
395,17,0.563,0,1.0,5.4687123,0
395,18,0.562,0,1.0,5.865314,0
395,19,0.551,0,1.0,5.481789,0
395,20,0.568,0,1.0,4.8903832,0
395,21,0.565,2,-0.05,5.6505117,0
395,22,0.564,1,-0.05,6.0452704,0
395,23,0.562,1,-0.05,4.2107925,0
395,24,0.577,0,1.0,5.525945,0
395,25,0.585,2,-0.05,3.9827096,0
395,26,0.577,2,-0.05,3.4727573,0
395,27,0.603,2,-0.05,2.8668716,0
395,28,0.584,0,1.0,4.4705563,0
395,29,0.589,1,-0.05,5.7248588,0
395,30,0.589,0,1.0,4.565316,0
395,31,0.594,0,1.0,5.015783,0
395,32,0.604,0,1.0,4.27198,0
395,33,0.618,1,-0.05,4.41695,0
395,34,0.607,2,-0.05,3.720171,0
395,35,0.614,0,1.0,2.91538,0
395,36,0.617,2,-0.05,3.3987768,0
395,37,0.611,2,-0.05,4.6311073,0
395,38,0.581,0,1.0,4.400259,0
395,39,0.579,0,1.0,0.7193892,0
395,40,0.552,0,1.0,3.78182,0
395,41,0.547,0,1.0,4.582428,0
395,42,0.502,0,1.0,4.003184,0
395,43,0.477,0,1.0,1.4710547,0
395,44,0.464,2,-0.05,3.5055082,0
395,45,0.457,2,-0.05,2.3179379,0
395,46,0.456,2,-0.05,2.7350068,0
395,47,0.450,0,1.0,0.6524137,0
395,48,0.377,0,1.0,1.9992793,0
395,49,0.353,2,-0.05,1.6289161,0
395,50,0.355,2,-0.05,2.10822,0
395,51,0.327,2,-0.05,2.2496567,0
395,52,0.333,2,-0.05,4.078125,0
395,53,0.318,2,-0.05,1.1134653,0
395,54,0.299,2,-0.05,2.888688,0
395,55,0.298,2,-0.05,0.39656568,0
395,56,0.268,2,-0.05,-0.8979151,0
395,57,0.276,2,-0.05,-3.7474165,0
395,58,0.257,2,-0.05,-1.3415512,0
395,59,0.245,2,-0.05,-5.0965667,0
395,60,0.244,2,-0.05,-2.5382502,0
395,61,0.226,1,-0.05,-2.9113183,0
395,62,0.199,1,-100.0,-4.2430196,0
396,0,0.670,1,-0.05,5.9027743,0
396,1,0.656,0,1.0,5.663446,0
396,2,0.649,0,1.0,5.4351225,0
396,3,0.633,0,1.0,6.5689135,0
396,4,0.616,0,1.0,6.1549926,0
396,5,0.591,0,1.0,6.429466,0
396,6,0.567,0,1.0,6.1692014,0
396,7,0.552,0,1.0,5.553498,0
396,8,0.537,0,1.0,7.1426477,0
396,9,0.539,2,-0.05,6.7699766,0
396,10,0.521,2,-0.05,5.946195,0
396,11,0.515,0,1.0,7.3780046,0
396,12,0.524,0,1.0,5.911261,0
396,13,0.511,0,1.0,6.3215146,0
396,14,0.527,0,1.0,7.4156775,0
396,15,0.511,0,1.0,7.5779862,0
396,16,0.514,0,1.0,7.0328875,0
396,17,0.521,0,1.0,7.7995114,0
396,18,0.528,0,1.0,7.1472025,0
396,19,0.533,0,1.0,6.6295314,0
396,20,0.539,0,1.0,7.6594257,0
396,21,0.522,0,1.0,6.5563684,0
396,22,0.524,0,1.0,5.268028,0
396,23,0.538,0,1.0,5.9266376,0
396,24,0.528,0,1.0,5.3677473,0
396,25,0.544,0,1.0,6.9223623,0
396,26,0.533,0,1.0,6.142408,0
396,27,0.540,0,1.0,5.760669,0
396,28,0.541,0,1.0,6.1346893,0
396,29,0.538,0,1.0,6.7530584,0
396,30,0.528,0,1.0,5.1155653,0
396,31,0.527,0,1.0,6.0901423,0
396,32,0.532,0,1.0,5.1775103,0
396,33,0.539,0,1.0,7.6753035,0
396,34,0.536,0,1.0,5.5475106,0
396,35,0.537,0,1.0,7.2253847,0
396,36,0.536,0,1.0,6.627532,0
396,37,0.539,0,1.0,5.2130976,0
396,38,0.545,0,1.0,3.0100474,0
396,39,0.547,0,1.0,4.371332,0
396,40,0.542,0,1.0,5.261427,0
396,41,0.554,0,1.0,5.0892024,0
396,42,0.561,0,1.0,4.584862,0
396,43,0.546,0,1.0,5.0392265,0
396,44,0.545,1,-0.05,4.465444,0
396,45,0.544,0,1.0,3.7674687,0
396,46,0.469,0,1.0,4.5158515,0
396,47,0.363,0,1.0,5.383954,0
396,48,0.285,2,-0.05,-1.3733411,0
396,49,0.269,2,-0.05,-8.45512,0
396,50,0.249,2,-0.05,-42.589355,0
396,51,0.234,2,-0.05,-66.73406,0
396,52,0.223,2,-0.05,-74.58032,0
396,53,0.209,1,-0.05,-82.27928,0
396,54,0.193,1,-100.0,-98.29997,0
397,0,0.663,0,1.0,5.9592867,0
397,1,0.658,0,1.0,4.3627257,0
397,2,0.654,0,1.0,6.28156,0
397,3,0.657,0,1.0,5.26679,0
397,4,0.658,0,1.0,6.633742,0
397,5,0.647,0,1.0,5.653654,0
397,6,0.647,0,1.0,5.3793397,0
397,7,0.625,0,1.0,5.872945,0
397,8,0.635,0,1.0,7.1244235,0
397,9,0.634,0,1.0,6.1068277,0
397,10,0.631,0,1.0,7.742589,0
397,11,0.641,0,1.0,6.4171066,0
397,12,0.619,0,1.0,6.754346,0
397,13,0.620,0,1.0,6.5205894,0
397,14,0.605,0,1.0,6.9823422,0
397,15,0.614,0,1.0,6.5311317,0
397,16,0.604,2,-0.05,4.5722265,0
397,17,0.612,0,1.0,7.2690268,0
397,18,0.615,0,1.0,6.8476915,0
397,19,0.615,0,1.0,6.7312517,0
397,20,0.625,0,1.0,7.244872,0
397,21,0.631,0,1.0,6.5173125,0
397,22,0.635,0,1.0,5.652257,0
397,23,0.647,0,1.0,6.199473,0
397,24,0.652,1,-0.05,4.9825516,0
397,25,0.645,0,1.0,5.919095,0
397,26,0.646,0,1.0,5.650958,0
397,27,0.638,0,1.0,6.222718,0
397,28,0.630,2,-0.05,6.5531554,0
397,29,0.627,0,1.0,5.8204255,0
397,30,0.619,0,1.0,6.3558655,0
397,31,0.627,2,-0.05,3.4015374,0
397,32,0.635,0,1.0,5.494284,0
397,33,0.660,2,-0.05,4.202684,0
397,34,0.654,0,1.0,4.8730702,0
397,35,0.673,0,1.0,5.8742933,0
397,36,0.691,0,1.0,3.7399728,0
397,37,0.706,0,1.0,4.478776,0
397,38,0.713,0,1.0,7.4913893,0
397,39,0.706,0,1.0,6.8156548,0
397,40,0.713,1,-0.05,7.7239943,0
397,41,0.736,0,1.0,6.4379992,0
397,42,0.755,0,1.0,6.091644,0
397,43,0.818,0,1.0,4.7070675,0
397,44,0.814,1,-0.05,5.126635,0
397,45,0.788,0,1.0,2.6114094,0
397,46,0.655,0,1.0,4.2822,0
397,47,0.547,0,1.0,3.5272422,0
397,48,0.484,0,1.0,2.825748,0
397,49,0.361,0,1.0,3.141048,0
397,50,0.310,1,-0.05,-5.977117,0
397,51,0.300,2,-0.05,-12.739217,0
397,52,0.264,2,-0.05,-22.965998,0
397,53,0.239,2,-0.05,-50.127876,0
397,54,0.242,1,-0.05,-60.545845,0
397,55,0.224,2,-0.05,-81.47631,0
397,56,0.206,1,-0.05,-96.434685,0
397,57,0.186,1,-100.0,-105.8378,0
398,0,0.666,0,1.0,6.8571086,0
398,1,0.659,0,1.0,4.7246265,0
398,2,0.655,0,1.0,6.2609763,0
398,3,0.657,0,1.0,5.7757697,0
398,4,0.656,0,1.0,6.6084495,0
398,5,0.655,0,1.0,6.4325876,0
398,6,0.654,0,1.0,6.090131,0
398,7,0.637,0,1.0,6.4182744,0
398,8,0.640,0,1.0,6.4039154,0
398,9,0.640,0,1.0,7.1739116,0
398,10,0.627,0,1.0,6.4816394,0
398,11,0.625,0,1.0,5.5299015,0
398,12,0.617,0,1.0,5.6633787,0
398,13,0.620,0,1.0,7.1568255,0
398,14,0.618,0,1.0,6.7070065,0
398,15,0.600,0,1.0,6.7968845,0
398,16,0.607,0,1.0,6.497977,0
398,17,0.602,0,1.0,6.6462455,0
398,18,0.607,0,1.0,5.3010063,0
398,19,0.588,0,1.0,6.3530307,0
398,20,0.605,0,1.0,5.7840037,0
398,21,0.594,1,-0.05,4.130511,0
398,22,0.599,0,1.0,5.315054,0
398,23,0.562,0,1.0,5.675547,0
398,24,0.567,0,1.0,6.881724,0
398,25,0.555,0,1.0,4.9883833,0
398,26,0.530,0,1.0,5.4230113,0
398,27,0.529,0,1.0,5.2402186,0
398,28,0.506,0,1.0,5.050828,0
398,29,0.494,0,1.0,5.7097893,0
398,30,0.482,1,-0.05,6.1399226,0
398,31,0.475,0,1.0,6.0240355,0
398,32,0.466,2,-0.05,7.3644733,0
398,33,0.473,2,-0.05,5.77585,0
398,34,0.459,0,1.0,8.052314,0
398,35,0.449,0,1.0,6.5382905,0
398,36,0.468,2,-0.05,6.4785733,0
398,37,0.450,0,1.0,4.3525333,0
398,38,0.454,2,-0.05,5.532977,0
398,39,0.456,0,1.0,5.3092556,0
398,40,0.477,0,1.0,8.899839,0
398,41,0.486,0,1.0,8.643597,0
398,42,0.513,0,1.0,5.565678,0
398,43,0.522,0,1.0,6.306728,0
398,44,0.544,0,1.0,4.7633705,0
398,45,0.569,0,1.0,5.8450465,0
398,46,0.575,0,1.0,6.3734426,0
398,47,0.492,0,1.0,3.4257855,0
398,48,0.366,0,1.0,-1.9754992,0
398,49,0.325,2,-0.05,-5.6068954,0
398,50,0.309,2,-0.05,-9.751961,0
398,51,0.302,1,-0.05,-15.456045,0
398,52,0.276,2,-0.05,-19.114504,0
398,53,0.247,1,-0.05,-33.853924,0
398,54,0.248,2,-0.05,-56.814415,0
398,55,0.223,2,-0.05,-64.2542,0
398,56,0.213,1,-0.05,-60.90071,0
398,57,0.196,1,-100.0,-87.370155,0
399,0,0.663,0,1.0,6.283447,0
399,1,0.659,0,1.0,6.4068985,0
399,2,0.660,0,1.0,6.6603103,0
399,3,0.660,0,1.0,6.729465,0
399,4,0.657,0,1.0,6.0151486,0
399,5,0.653,0,1.0,5.7858787,0
399,6,0.646,0,1.0,6.3915596,0
399,7,0.643,0,1.0,6.2016106,0
399,8,0.633,0,1.0,6.6851454,0
399,9,0.627,0,1.0,5.611022,0
399,10,0.625,0,1.0,6.3502884,0
399,11,0.620,1,-0.05,5.925155,0
399,12,0.628,0,1.0,7.241016,0
399,13,0.619,0,1.0,6.7541876,0
399,14,0.614,0,1.0,5.797047,0
399,15,0.585,0,1.0,4.753376,0
399,16,0.564,0,1.0,6.634682,0
399,17,0.562,0,1.0,4.435882,0
399,18,0.551,0,1.0,4.1292934,0
399,19,0.533,0,1.0,7.238025,0
399,20,0.524,0,1.0,6.389251,0
399,21,0.514,0,1.0,6.793216,0
399,22,0.492,0,1.0,6.579791,0
399,23,0.492,0,1.0,6.4653363,0
399,24,0.468,0,1.0,6.2057023,0
399,25,0.460,1,-0.05,5.3743258,0
399,26,0.458,2,-0.05,5.8920617,0
399,27,0.451,0,1.0,4.3455257,0
399,28,0.459,2,-0.05,6.969709,0
399,29,0.453,0,1.0,6.3975086,0
399,30,0.469,0,1.0,4.979067,0
399,31,0.476,0,1.0,5.7524285,0
399,32,0.494,0,1.0,5.9862914,0
399,33,0.491,0,1.0,5.916123,0
399,34,0.512,1,-0.05,5.089116,0
399,35,0.508,0,1.0,3.6726313,0
399,36,0.513,0,1.0,5.9352036,0
399,37,0.508,0,1.0,5.1746645,0
399,38,0.529,0,1.0,5.0167456,0
399,39,0.540,0,1.0,4.9557867,0
399,40,0.529,0,1.0,4.1922836,0
399,41,0.524,0,1.0,4.8385563,0
399,42,0.529,0,1.0,5.6653886,0
399,43,0.528,0,1.0,3.4129767,0
399,44,0.531,0,1.0,4.6348886,0
399,45,0.545,0,1.0,4.225438,0
399,46,0.546,0,1.0,3.6052067,0
399,47,0.458,0,1.0,4.6557207,0
399,48,0.394,0,1.0,1.3354101,0
399,49,0.295,2,-0.05,1.3287252,0
399,50,0.262,2,-0.05,-39.341373,0
399,51,0.262,2,-0.05,-47.5953,0
399,52,0.242,2,-0.05,-57.194485,0
399,53,0.230,2,-0.05,-67.35309,0
399,54,0.221,1,-0.05,-55.925114,0
399,55,0.196,1,-100.0,-72.145386,0
400,0,0.657,2,-0.05,5.6411104,0
400,1,0.674,0,1.0,6.4086394,0
400,2,0.676,0,1.0,5.984924,0
400,3,0.680,0,1.0,7.581266,0
400,4,0.706,1,-0.05,7.10549,0
400,5,0.699,1,-0.05,6.4008994,0
400,6,0.697,1,-0.05,6.12809,0
400,7,0.703,2,-0.05,5.048681,0
400,8,0.716,1,-0.05,5.0708203,0
400,9,0.696,1,-0.05,4.6015196,0
400,10,0.708,1,-0.05,4.3730235,0
400,11,0.696,0,1.0,4.0723934,0
400,12,0.664,1,-0.05,4.018162,0
400,13,0.653,0,1.0,6.443892,0
400,14,0.619,0,1.0,5.463208,0
400,15,0.559,0,1.0,7.771604,0
400,16,0.516,1,-0.05,7.9603386,0
400,17,0.522,2,-0.05,7.7097363,0
400,18,0.501,0,1.0,6.77126,0
400,19,0.473,2,-0.05,5.9394174,0
400,20,0.478,1,-0.05,5.2100744,0
400,21,0.461,0,1.0,6.6612215,0
400,22,0.396,0,1.0,7.079004,0
400,23,0.367,0,1.0,5.361649,0
400,24,0.323,0,1.0,4.2675858,0
400,25,0.279,2,-0.05,2.8154907,0
400,26,0.267,2,-0.05,2.9880805,0
400,27,0.274,2,-0.05,1.8420702,0
400,28,0.261,2,-0.05,1.779494,0
400,29,0.266,1,-0.05,0.30489063,0
400,30,0.248,2,-0.05,-3.299047,0
400,31,0.249,1,-0.05,-1.9563565,0
400,32,0.251,1,-0.05,-2.39388,0
400,33,0.241,2,-0.05,-6.5358963,0
400,34,0.240,2,-0.05,-10.088816,0
400,35,0.231,1,-0.05,-2.2604122,0
400,36,0.236,1,-0.05,-0.6872947,0
400,37,0.233,2,-0.05,-13.834628,0
400,38,0.234,2,-0.05,-14.061924,0
400,39,0.208,0,1.0,-2.0996432,0
400,40,0.217,0,1.0,4.6751366,0
400,41,0.213,0,1.0,3.0803003,0
400,42,0.220,0,1.0,2.3464544,0
400,43,0.207,0,1.0,3.5554926,0
400,44,0.208,0,1.0,1.6442878,0
400,45,0.210,0,1.0,1.1722593,0
400,46,0.205,0,1.0,1.894995,0
400,47,0.202,0,1.0,1.0240811,0
400,48,0.202,1,-0.05,-2.1710207,0
400,49,0.190,1,-100.0,-1.52829,0
401,0,0.659,1,-0.05,4.8015466,0
401,1,0.672,2,-0.05,6.5404735,0
401,2,0.658,0,1.0,6.1882796,0
401,3,0.670,1,-0.05,6.526608,0
401,4,0.671,0,1.0,5.832464,0
401,5,0.667,0,1.0,5.7478724,0
401,6,0.673,0,1.0,6.0347285,0
401,7,0.672,0,1.0,5.984515,0
401,8,0.654,0,1.0,6.056011,0
401,9,0.661,0,1.0,6.0597563,0
401,10,0.644,0,1.0,5.668055,0
401,11,0.649,1,-0.05,4.037801,0
401,12,0.654,1,-0.05,5.521981,0
401,13,0.643,2,-0.05,5.2687135,0
401,14,0.650,2,-0.05,5.391306,0
401,15,0.641,0,1.0,6.1223674,0
401,16,0.656,0,1.0,6.038483,0
401,17,0.662,0,1.0,5.5052032,0
401,18,0.675,2,-0.05,6.363617,0
401,19,0.670,0,1.0,7.10046,0
401,20,0.682,0,1.0,5.6014957,0
401,21,0.700,0,1.0,5.3323703,0
401,22,0.685,0,1.0,6.309675,0
401,23,0.654,1,-0.05,3.9938586,0
401,24,0.661,1,-0.05,4.1968737,0
401,25,0.668,2,-0.05,5.0965157,0
401,26,0.671,0,1.0,5.115198,0
401,27,0.633,0,1.0,3.531385,0
401,28,0.628,0,1.0,4.89067,0
401,29,0.595,1,-0.05,5.2894306,0
401,30,0.591,0,1.0,5.9614496,0
401,31,0.581,1,-0.05,5.457506,0
401,32,0.568,0,1.0,6.517779,0
401,33,0.568,0,1.0,6.779534,0
401,34,0.557,0,1.0,6.3543825,0
401,35,0.565,0,1.0,6.0522013,0
401,36,0.561,0,1.0,5.054434,0
401,37,0.548,0,1.0,5.1386714,0
401,38,0.539,0,1.0,5.9322157,0
401,39,0.538,0,1.0,5.231461,0
401,40,0.521,0,1.0,6.1444783,0
401,41,0.522,0,1.0,5.9098864,0
401,42,0.520,0,1.0,6.4749994,0
401,43,0.519,0,1.0,5.3893642,0
401,44,0.510,2,-0.05,2.5550637,0
401,45,0.517,2,-0.05,3.2374659,0
401,46,0.512,0,1.0,3.0950794,0
401,47,0.508,1,-0.05,5.031782,0
401,48,0.533,0,1.0,5.4401813,0
401,49,0.551,2,-0.05,4.317895,0
401,50,0.543,2,-0.05,5.684299,0
401,51,0.571,0,1.0,5.263893,0
401,52,0.590,0,1.0,6.5432644,0
401,53,0.638,0,1.0,7.6796613,0
401,54,0.718,0,1.0,4.835988,0
401,55,0.727,2,-0.05,4.9344096,0
401,56,0.723,0,1.0,5.1794295,0
401,57,0.670,0,1.0,4.9323273,0
401,58,0.546,0,1.0,4.926977,0
401,59,0.508,1,-0.05,4.380699,0
401,60,0.482,1,-0.05,4.0143213,0
401,61,0.451,0,1.0,2.7214568,0
401,62,0.364,1,-0.05,0.14213169,0
401,63,0.366,1,-0.05,-3.9713736,0
401,64,0.354,2,-0.05,-10.354649,0
401,65,0.328,2,-0.05,-12.143196,0
401,66,0.321,1,-0.05,-8.421835,0
401,67,0.305,2,-0.05,-10.742729,0
401,68,0.291,1,-0.05,-14.550452,0
401,69,0.264,2,-0.05,-18.241877,0
401,70,0.265,2,-0.05,-25.663177,0
401,71,0.247,2,-0.05,-42.31306,0
401,72,0.221,1,-0.05,-84.41217,0
401,73,0.212,1,-0.05,-79.44,0
401,74,0.202,1,-0.05,-74.83629,0
401,75,0.187,2,-100.0,-96.57729,0
402,0,0.663,0,1.0,7.4095845,0
402,1,0.663,1,-0.05,4.188301,0
402,2,0.664,0,1.0,5.898772,0
402,3,0.663,0,1.0,6.4166303,0
402,4,0.666,0,1.0,5.8882565,0
402,5,0.653,0,1.0,6.8409176,0
402,6,0.621,0,1.0,6.6237144,0
402,7,0.634,0,1.0,6.8996024,0
402,8,0.625,0,1.0,6.514374,0
402,9,0.631,0,1.0,6.062439,0
402,10,0.612,2,-0.05,7.2994647,0
402,11,0.616,0,1.0,6.525906,0
402,12,0.610,0,1.0,6.5332265,0
402,13,0.616,0,1.0,6.723529,0
402,14,0.619,0,1.0,6.76191,0
402,15,0.625,0,1.0,7.4562745,0
402,16,0.642,0,1.0,6.439699,0
402,17,0.635,0,1.0,6.9679356,0
402,18,0.651,0,1.0,7.1802173,0
402,19,0.649,0,1.0,6.895045,0
402,20,0.642,0,1.0,6.021507,0
402,21,0.648,0,1.0,8.005569,0
402,22,0.652,0,1.0,7.649772,0
402,23,0.640,0,1.0,6.0453606,0
402,24,0.670,0,1.0,6.0780277,0
402,25,0.668,0,1.0,5.1350536,0
402,26,0.673,0,1.0,5.8632326,0
402,27,0.681,0,1.0,7.051528,0
402,28,0.675,0,1.0,5.2303524,0
402,29,0.674,0,1.0,5.609119,0
402,30,0.690,0,1.0,5.8214946,0
402,31,0.683,0,1.0,6.2088227,0
402,32,0.699,0,1.0,6.0293584,0
402,33,0.697,0,1.0,6.3266,0
402,34,0.700,0,1.0,5.291818,0
402,35,0.713,0,1.0,5.703066,0
402,36,0.704,0,1.0,3.9796507,0
402,37,0.711,0,1.0,4.7156734,0
402,38,0.716,0,1.0,5.5473433,0
402,39,0.722,0,1.0,4.3438425,0
402,40,0.719,0,1.0,4.416648,0
402,41,0.731,0,1.0,3.8557453,0
402,42,0.686,1,-0.05,2.9546518,0
402,43,0.636,0,1.0,3.7683446,0
402,44,0.580,0,1.0,4.140069,0
402,45,0.463,0,1.0,4.374593,0
402,46,0.398,0,1.0,4.803239,0
402,47,0.272,0,1.0,0.5122295,0
402,48,0.205,2,-0.05,-13.778175,0
402,49,0.184,2,-100.0,-92.044075,0
403,0,0.663,0,1.0,7.8205485,0
403,1,0.674,0,1.0,6.847364,0
403,2,0.668,0,1.0,6.8383994,0
403,3,0.662,0,1.0,6.0449014,0
403,4,0.685,0,1.0,7.070066,0
403,5,0.665,2,-0.05,6.59361,0
403,6,0.681,0,1.0,6.59924,0
403,7,0.671,0,1.0,6.0598207,0
403,8,0.698,0,1.0,7.1924357,0
403,9,0.702,0,1.0,6.1980596,0
403,10,0.690,0,1.0,7.1239543,0
403,11,0.684,0,1.0,7.4690547,0
403,12,0.677,0,1.0,6.784796,0
403,13,0.654,0,1.0,6.8596873,0
403,14,0.633,1,-0.05,6.744952,0
403,15,0.644,1,-0.05,4.823618,0
403,16,0.640,0,1.0,5.2905326,0
403,17,0.654,0,1.0,7.100348,0
403,18,0.652,0,1.0,5.1265655,0
403,19,0.671,0,1.0,6.195691,0
403,20,0.677,0,1.0,6.488279,0
403,21,0.686,2,-0.05,4.7598805,0
403,22,0.684,2,-0.05,4.716884,0
403,23,0.680,2,-0.05,6.2561507,0
403,24,0.690,0,1.0,5.115897,0
403,25,0.666,0,1.0,5.313953,0
403,26,0.650,0,1.0,4.462735,0
403,27,0.625,0,1.0,3.6705027,0
403,28,0.616,0,1.0,5.567618,0
403,29,0.583,0,1.0,4.62848,0
403,30,0.562,0,1.0,5.8118715,0
403,31,0.545,1,-0.05,3.9947069,0
403,32,0.536,0,1.0,4.107064,0
403,33,0.518,0,1.0,6.227808,0
403,34,0.522,0,1.0,4.151829,0
403,35,0.508,0,1.0,4.6391582,0
403,36,0.505,2,-0.05,5.365463,0
403,37,0.488,0,1.0,4.8093796,0
403,38,0.467,0,1.0,4.3818274,0
403,39,0.462,0,1.0,6.607399,0
403,40,0.435,0,1.0,5.152693,0
403,41,0.433,2,-0.05,6.197632,0
403,42,0.411,2,-0.05,5.209205,0
403,43,0.432,2,-0.05,4.4888535,0
403,44,0.425,0,1.0,4.4222016,0
403,45,0.408,0,1.0,2.4259448,0
403,46,0.405,0,1.0,0.6142247,0
403,47,0.417,0,1.0,1.7639575,0
403,48,0.457,0,1.0,2.5396657,0
403,49,0.519,0,1.0,2.5811539,0
403,50,0.594,0,1.0,4.587698,0
403,51,0.684,0,1.0,5.8847966,0
403,52,0.696,2,-0.05,3.2996361,0
403,53,0.672,2,-0.05,4.553503,0
403,54,0.667,2,-0.05,2.1399105,0
403,55,0.644,2,-0.05,3.624587,0
403,56,0.605,0,1.0,2.181324,0
403,57,0.573,0,1.0,8.515602,0
403,58,0.499,0,1.0,4.5115633,0
403,59,0.466,0,1.0,3.2154908,0
403,60,0.400,2,-0.05,3.5933719,0
403,61,0.396,2,-0.05,3.6799147,0
403,62,0.377,2,-0.05,4.2135463,0
403,63,0.363,1,-0.05,7.3253407,0
403,64,0.342,0,1.0,6.2148833,0
403,65,0.316,2,-0.05,2.6768687,0
403,66,0.293,2,-0.05,-6.0073805,0
403,67,0.290,2,-0.05,4.9908123,0
403,68,0.290,2,-0.05,5.6735716,0
403,69,0.274,2,-0.05,4.146203,0
403,70,0.277,1,-0.05,2.5622673,0
403,71,0.259,0,1.0,2.445793,0
403,72,0.238,2,-0.05,3.2047825,0
403,73,0.248,2,-0.05,1.0432417,0
403,74,0.212,2,-0.05,0.4220035,0
403,75,0.230,1,-0.05,0.7051607,0
403,76,0.223,1,-0.05,1.8078549,0
403,77,0.220,2,-0.05,0.660305,0
403,78,0.223,2,-0.05,1.605766,0
403,79,0.211,1,-0.05,1.2333896,0
403,80,0.205,2,-0.05,1.2266247,0
403,81,0.203,1,-0.05,2.1946769,0
403,82,0.214,1,-0.05,-0.06459451,0
403,83,0.196,2,-100.0,-0.08857536,0
404,0,0.663,0,1.0,5.9926586,0
404,1,0.663,0,1.0,6.6996603,0
404,2,0.668,0,1.0,6.125195,0
404,3,0.673,0,1.0,7.377593,0
404,4,0.680,0,1.0,6.8256974,0
404,5,0.672,1,-0.05,5.4371953,0
404,6,0.665,0,1.0,5.0865254,0
404,7,0.677,0,1.0,5.654313,0
404,8,0.672,0,1.0,7.775349,0
404,9,0.663,0,1.0,5.9678335,0
404,10,0.660,0,1.0,7.4601874,0
404,11,0.662,0,1.0,6.7775135,0
404,12,0.654,0,1.0,7.398753,0
404,13,0.654,0,1.0,6.776621,0
404,14,0.634,0,1.0,7.140987,0
404,15,0.643,0,1.0,6.918553,0
404,16,0.636,0,1.0,7.6875815,0
404,17,0.631,0,1.0,5.5176616,0
404,18,0.619,0,1.0,5.000349,0
404,19,0.618,0,1.0,6.857872,0
404,20,0.619,0,1.0,6.445901,0
404,21,0.620,0,1.0,5.8212237,0
404,22,0.600,0,1.0,3.563725,0
404,23,0.593,0,1.0,5.107778,0
404,24,0.602,0,1.0,6.1608043,0
404,25,0.579,0,1.0,4.670827,0
404,26,0.591,0,1.0,6.2662516,0
404,27,0.585,1,-0.05,4.378048,0
404,28,0.583,0,1.0,6.1427026,0
404,29,0.577,0,1.0,5.1483965,0
404,30,0.547,0,1.0,6.001197,0
404,31,0.542,0,1.0,6.1780806,0
404,32,0.533,0,1.0,5.5020223,0
404,33,0.518,1,-0.05,5.54715,0
404,34,0.518,0,1.0,6.9093924,0
404,35,0.503,2,-0.05,6.136231,0
404,36,0.477,2,-0.05,5.228612,0
404,37,0.478,0,1.0,5.9189763,0
404,38,0.473,0,1.0,7.0436497,0
404,39,0.476,0,1.0,6.5984106,0
404,40,0.482,0,1.0,5.9929504,0
404,41,0.474,2,-0.05,5.8650064,0
404,42,0.477,2,-0.05,5.4190693,0
404,43,0.468,2,-0.05,4.3243265,0
404,44,0.473,0,1.0,4.738518,0
404,45,0.497,0,1.0,7.67834,0
404,46,0.506,0,1.0,6.8827877,0
404,47,0.531,0,1.0,6.8779483,0
404,48,0.546,0,1.0,4.797166,0
404,49,0.584,0,1.0,5.4094796,0
404,50,0.593,0,1.0,6.447344,0
404,51,0.573,2,-0.05,6.9695625,0
404,52,0.542,2,-0.05,7.158731,0
404,53,0.550,2,-0.05,5.011031,0
404,54,0.535,0,1.0,5.354947,0
404,55,0.466,1,-0.05,5.2799134,0
404,56,0.441,1,-0.05,3.125788,0
404,57,0.435,1,-0.05,0.96378326,0
404,58,0.408,2,-0.05,3.2185798,0
404,59,0.404,2,-0.05,1.7839441,0
404,60,0.356,0,1.0,1.2831198,0
404,61,0.310,1,-0.05,-2.826692,0
404,62,0.295,1,-0.05,-27.969542,0
404,63,0.283,1,-0.05,-26.54526,0
404,64,0.262,2,-0.05,-33.830803,0
404,65,0.253,2,-0.05,-48.32852,0
404,66,0.237,1,-0.05,-58.14658,0
404,67,0.222,1,-0.05,-77.25943,0
404,68,0.210,1,-0.05,-70.80775,0
404,69,0.194,2,-100.0,-98.00046,0
405,0,0.662,0,1.0,5.522691,0
405,1,0.658,0,1.0,7.2510176,0
405,2,0.670,0,1.0,7.1342893,0
405,3,0.686,0,1.0,7.0833015,0
405,4,0.680,0,1.0,7.17044,0
405,5,0.681,0,1.0,6.1833086,0
405,6,0.690,0,1.0,6.533679,0
405,7,0.678,0,1.0,6.31309,0
405,8,0.699,0,1.0,7.2796865,0
405,9,0.682,0,1.0,8.114255,0
405,10,0.694,0,1.0,6.17215,0
405,11,0.692,0,1.0,6.7899494,0
405,12,0.694,0,1.0,5.66847,0
405,13,0.705,0,1.0,7.017221,0
405,14,0.708,0,1.0,6.3663726,0
405,15,0.701,0,1.0,7.583229,0
405,16,0.700,0,1.0,6.564463,0
405,17,0.696,0,1.0,6.743412,0
405,18,0.695,0,1.0,6.749638,0
405,19,0.695,0,1.0,5.643487,0
405,20,0.702,2,-0.05,6.5354295,0
405,21,0.700,0,1.0,5.7404585,0
405,22,0.683,0,1.0,6.597753,0
405,23,0.669,0,1.0,7.323908,0
405,24,0.652,0,1.0,5.1199007,0
405,25,0.661,0,1.0,4.812493,0
405,26,0.630,0,1.0,4.3287973,0
405,27,0.623,0,1.0,4.4319906,0
405,28,0.616,0,1.0,4.832007,0
405,29,0.609,0,1.0,4.9860067,0
405,30,0.602,0,1.0,5.7336617,0
405,31,0.577,0,1.0,4.8029613,0
405,32,0.580,0,1.0,4.84338,0
405,33,0.569,0,1.0,5.8167863,0
405,34,0.545,0,1.0,5.0162654,0
405,35,0.566,0,1.0,4.520939,0
405,36,0.586,0,1.0,4.9300222,0
405,37,0.613,2,-0.05,5.6086946,0
405,38,0.632,0,1.0,5.878567,0
405,39,0.675,0,1.0,6.5305147,0
405,40,0.730,0,1.0,6.1235933,0
405,41,0.777,0,1.0,7.103504,0
405,42,0.683,0,1.0,6.56563,0
405,43,0.626,0,1.0,2.9638424,0
405,44,0.526,1,-0.05,3.9310238,0
405,45,0.510,1,-0.05,2.596943,0
405,46,0.506,1,-0.05,-0.6295935,0
405,47,0.490,1,-0.05,-2.145496,0
405,48,0.471,1,-0.05,-4.518761,0
405,49,0.452,1,-0.05,-7.189721,0
405,50,0.436,1,-0.05,-10.792724,0
405,51,0.428,1,-0.05,-5.189204,0
405,52,0.427,1,-0.05,-0.89186454,0
405,53,0.399,1,-0.05,-3.6211078,0
405,54,0.388,2,-0.05,-12.374027,0
405,55,0.375,2,-0.05,-13.60257,0
405,56,0.371,1,-0.05,-3.3439534,0
405,57,0.352,2,-0.05,-5.1400156,0
405,58,0.331,2,-0.05,-6.302676,0
405,59,0.315,1,-0.05,-10.011603,0
405,60,0.303,1,-0.05,-9.600532,0
405,61,0.296,2,-0.05,-12.922117,0
405,62,0.253,0,1.0,-14.755428,0
405,63,0.208,2,-0.05,-28.965647,0
405,64,0.179,1,-100.0,-46.675518,0
406,0,0.663,0,1.0,6.0064635,0
406,1,0.664,0,1.0,6.2766113,0
406,2,0.655,0,1.0,6.9884853,0
406,3,0.663,0,1.0,5.438611,0
406,4,0.658,0,1.0,5.4011865,0
406,5,0.649,0,1.0,6.4676504,0
406,6,0.654,0,1.0,6.510917,0
406,7,0.654,0,1.0,6.7715473,0
406,8,0.638,0,1.0,6.3621664,0
406,9,0.635,0,1.0,7.96306,0
406,10,0.638,0,1.0,7.4617352,0
406,11,0.623,0,1.0,6.0534434,0
406,12,0.638,0,1.0,7.5862446,0
406,13,0.625,0,1.0,6.1311617,0
406,14,0.614,0,1.0,5.398886,0
406,15,0.616,2,-0.05,7.601537,0
406,16,0.614,0,1.0,6.046286,0
406,17,0.614,0,1.0,7.755741,0
406,18,0.629,0,1.0,6.612979,0
406,19,0.621,0,1.0,6.239567,0
406,20,0.637,0,1.0,7.4921985,0
406,21,0.636,0,1.0,5.850483,0
406,22,0.651,0,1.0,6.4692364,0
406,23,0.646,0,1.0,7.1031375,0
406,24,0.659,0,1.0,6.313827,0
406,25,0.666,0,1.0,4.793059,0
406,26,0.675,2,-0.05,2.0093775,0
406,27,0.659,0,1.0,4.661267,0
406,28,0.682,2,-0.05,2.0949101,0
406,29,0.685,1,-0.05,2.2464054,0
406,30,0.677,1,-0.05,5.0826244,0
406,31,0.692,0,1.0,5.60025,0
406,32,0.689,0,1.0,5.8773084,0
406,33,0.680,0,1.0,4.772897,0
406,34,0.661,0,1.0,5.6919346,0
406,35,0.658,0,1.0,4.3466425,0
406,36,0.643,0,1.0,5.1425734,0
406,37,0.635,0,1.0,5.376608,0
406,38,0.629,2,-0.05,5.1833634,0
406,39,0.623,0,1.0,4.5203223,0
406,40,0.626,0,1.0,6.494304,0
406,41,0.634,0,1.0,5.6396246,0
406,42,0.623,0,1.0,5.8213587,0
406,43,0.637,0,1.0,5.1030083,0
406,44,0.629,0,1.0,5.8279963,0
406,45,0.635,0,1.0,5.153991,0
406,46,0.631,0,1.0,4.2863927,0
406,47,0.620,0,1.0,2.4215636,0
406,48,0.506,0,1.0,4.030168,0
406,49,0.438,0,1.0,2.9905005,0
406,50,0.365,2,-0.05,0.015244484,0
406,51,0.290,0,1.0,-3.4740434,0
406,52,0.248,2,-0.05,-25.431583,0
406,53,0.218,2,-0.05,-79.250374,0
406,54,0.199,2,-100.0,-86.69562,0
407,0,0.666,0,1.0,5.8587875,0
407,1,0.674,0,1.0,6.1939635,0
407,2,0.670,0,1.0,7.1156883,0
407,3,0.685,0,1.0,6.1607256,0
407,4,0.681,0,1.0,6.5665717,0
407,5,0.681,0,1.0,6.8387194,0
407,6,0.676,0,1.0,5.792863,0
407,7,0.693,0,1.0,6.523243,0
407,8,0.681,0,1.0,6.0912905,0
407,9,0.690,0,1.0,6.0017886,0
407,10,0.702,0,1.0,6.9360185,0
407,11,0.710,1,-0.05,4.497099,0
407,12,0.698,1,-0.05,4.124469,0
407,13,0.696,0,1.0,5.095174,0
407,14,0.683,0,1.0,5.5356402,0
407,15,0.660,0,1.0,5.541422,0
407,16,0.638,0,1.0,5.4893036,0
407,17,0.624,0,1.0,4.9519796,0
407,18,0.607,0,1.0,4.8056507,0
407,19,0.584,0,1.0,3.3857646,0
407,20,0.584,0,1.0,6.8013387,0
407,21,0.558,0,1.0,5.703862,0
407,22,0.554,1,-0.05,5.962536,0
407,23,0.544,0,1.0,6.892106,0
407,24,0.517,0,1.0,6.1917987,0
407,25,0.495,0,1.0,5.5306697,0
407,26,0.460,0,1.0,4.5925655,0
407,27,0.455,0,1.0,7.0110955,0
407,28,0.428,0,1.0,6.586594,0
407,29,0.389,0,1.0,7.7292743,0
407,30,0.375,0,1.0,5.2076793,0
407,31,0.341,0,1.0,6.6834335,0
407,32,0.330,2,-0.05,7.6356235,0
407,33,0.329,2,-0.05,5.1879005,0
407,34,0.319,2,-0.05,5.7458367,0
407,35,0.317,0,1.0,3.5897534,0
407,36,0.316,0,1.0,4.0847445,0
407,37,0.310,0,1.0,6.440301,0
407,38,0.324,0,1.0,6.7682037,0
407,39,0.314,0,1.0,5.002608,0
407,40,0.317,1,-0.05,5.1832843,0
407,41,0.326,2,-0.05,5.564949,0
407,42,0.317,2,-0.05,5.4816265,0
407,43,0.329,0,1.0,8.824118,0
407,44,0.334,2,-0.05,7.50119,0
407,45,0.359,0,1.0,6.9432416,0
407,46,0.359,2,-0.05,5.4602623,0
407,47,0.376,2,-0.05,4.6710653,0
407,48,0.387,0,1.0,2.804211,0
407,49,0.431,0,1.0,1.4720528,0
407,50,0.499,0,1.0,0.7720079,0
407,51,0.516,1,-0.05,2.0983467,0
407,52,0.542,2,-0.05,2.6422224,0
407,53,0.538,2,-0.05,1.7618214,0
407,54,0.550,1,-0.05,1.2817715,0
407,55,0.554,1,-0.05,1.1894537,0
407,56,0.558,1,-0.05,1.86144,0
407,57,0.582,1,-0.05,4.0960007,0
407,58,0.597,0,1.0,4.8208156,0
407,59,0.544,0,1.0,5.045468,0
407,60,0.449,0,1.0,6.766651,0
407,61,0.388,0,1.0,2.6668463,0
407,62,0.337,2,-0.05,-0.5475324,0
407,63,0.313,2,-0.05,-3.5924058,0
407,64,0.300,2,-0.05,-4.080388,0
407,65,0.301,1,-0.05,-11.978364,0
407,66,0.271,1,-0.05,-13.344218,0
407,67,0.268,2,-0.05,-35.129074,0
407,68,0.242,2,-0.05,-49.44922,0
407,69,0.236,1,-0.05,-59.32423,0
407,70,0.223,1,-0.05,-59.37496,0
407,71,0.207,1,-0.05,-80.72918,0
407,72,0.195,2,-100.0,-104.68085,0
408,0,0.658,0,1.0,5.255459,0
408,1,0.658,0,1.0,7.172083,0
408,2,0.658,0,1.0,5.6625957,0
408,3,0.686,0,1.0,6.7932134,0
408,4,0.680,0,1.0,6.112886,0
408,5,0.681,0,1.0,7.38277,0
408,6,0.679,0,1.0,6.759422,0
408,7,0.687,0,1.0,6.4116673,0
408,8,0.678,1,-0.05,6.6002197,0
408,9,0.689,0,1.0,5.945492,0
408,10,0.680,0,1.0,6.5031295,0
408,11,0.667,0,1.0,6.3716955,0
408,12,0.665,0,1.0,7.295132,0
408,13,0.648,0,1.0,5.8702602,0
408,14,0.653,0,1.0,7.976154,0
408,15,0.642,0,1.0,6.504804,0
408,16,0.637,0,1.0,6.975801,0
408,17,0.628,2,-0.05,5.933489,0
408,18,0.614,0,1.0,6.975426,0
408,19,0.646,0,1.0,6.7830544,0
408,20,0.630,0,1.0,6.993811,0
408,21,0.627,0,1.0,7.3100452,0
408,22,0.648,2,-0.05,6.7493477,0
408,23,0.642,1,-0.05,6.742248,0
408,24,0.643,2,-0.05,5.5192485,0
408,25,0.657,0,1.0,6.604904,0
408,26,0.644,2,-0.05,5.965418,0
408,27,0.663,0,1.0,4.931424,0
408,28,0.680,1,-0.05,5.5190167,0
408,29,0.680,0,1.0,3.7764792,0
408,30,0.703,2,-0.05,4.4657607,0
408,31,0.693,2,-0.05,5.324646,0
408,32,0.693,0,1.0,4.3188634,0
408,33,0.681,2,-0.05,4.2468076,0
408,34,0.696,2,-0.05,3.798396,0
408,35,0.688,2,-0.05,0.28224334,0
408,36,0.663,0,1.0,3.5557213,0
408,37,0.616,0,1.0,2.6856208,0
408,38,0.557,0,1.0,3.3195956,0
408,39,0.526,1,-0.05,1.0245013,0
408,40,0.512,1,-0.05,-2.4398835,0
408,41,0.488,1,-0.05,-0.85551834,0
408,42,0.493,0,1.0,-0.5254892,0
408,43,0.458,1,-0.05,1.532008,0
408,44,0.441,0,1.0,1.5308006,0
408,45,0.442,0,1.0,3.740356,0
408,46,0.398,0,1.0,5.3252254,0
408,47,0.385,0,1.0,6.174837,0
408,48,0.380,0,1.0,5.1371546,0
408,49,0.403,0,1.0,5.953873,0
408,50,0.410,2,-0.05,4.3839626,0
408,51,0.440,0,1.0,5.254076,0
408,52,0.483,2,-0.05,4.861902,0
408,53,0.505,0,1.0,5.0471563,0
408,54,0.541,0,1.0,7.3888726,0
408,55,0.622,0,1.0,6.700683,0
408,56,0.715,0,1.0,5.8381157,0
408,57,0.686,0,1.0,3.2360437,0
408,58,0.570,0,1.0,3.2720432,0
408,59,0.458,0,1.0,1.5205173,0
408,60,0.428,2,-0.05,-0.99647295,0
408,61,0.394,1,-0.05,-2.1278071,0
408,62,0.408,1,-0.05,-4.2929077,0
408,63,0.374,1,-0.05,-6.2669315,0
408,64,0.375,2,-0.05,-8.903239,0
408,65,0.338,1,-0.05,-8.901591,0
408,66,0.332,2,-0.05,-12.423166,0
408,67,0.310,1,-0.05,-14.8121395,0
408,68,0.299,2,-0.05,-25.943306,0
408,69,0.290,2,-0.05,-34.276314,0
408,70,0.260,2,-0.05,-32.540043,0
408,71,0.257,1,-0.05,-24.32551,0
408,72,0.254,1,-0.05,-33.960278,0
408,73,0.227,2,-0.05,-48.42725,0
408,74,0.212,2,-0.05,-69.3672,0
408,75,0.203,1,-0.05,-77.14468,0
408,76,0.188,1,-100.0,-81.70463,0
409,0,0.663,0,1.0,6.421105,0
409,1,0.669,0,1.0,6.0891967,0
409,2,0.658,0,1.0,5.0017376,0
409,3,0.656,0,1.0,5.1889963,0
409,4,0.652,0,1.0,6.255119,0
409,5,0.644,0,1.0,6.414802,0
409,6,0.644,0,1.0,6.666971,0
409,7,0.625,0,1.0,5.8461123,0
409,8,0.634,0,1.0,6.6093946,0
409,9,0.631,0,1.0,6.988317,0
409,10,0.631,1,-0.05,5.757349,0
409,11,0.629,2,-0.05,3.680067,0
409,12,0.639,0,1.0,5.876053,0
409,13,0.643,0,1.0,7.27501,0
409,14,0.629,0,1.0,6.5968194,0
409,15,0.648,0,1.0,7.2594147,0
409,16,0.663,2,-0.05,7.0634227,0
409,17,0.674,0,1.0,5.252718,0
409,18,0.673,0,1.0,6.5929904,0
409,19,0.689,0,1.0,5.270016,0
409,20,0.702,0,1.0,6.446149,0
409,21,0.679,2,-0.05,5.4345446,0
409,22,0.675,0,1.0,5.6313167,0
409,23,0.652,0,1.0,5.9123406,0
409,24,0.629,0,1.0,5.9092298,0
409,25,0.608,0,1.0,4.5480394,0
409,26,0.589,1,-0.05,7.456414,0
409,27,0.575,0,1.0,5.039072,0
409,28,0.560,0,1.0,5.37263,0
409,29,0.536,1,-0.05,5.3970838,0
409,30,0.535,0,1.0,5.999681,0
409,31,0.516,0,1.0,6.555685,0
409,32,0.507,0,1.0,6.097694,0
409,33,0.500,0,1.0,6.816596,0
409,34,0.497,0,1.0,6.1613708,0
409,35,0.474,0,1.0,4.6991034,0
409,36,0.467,0,1.0,5.306906,0
409,37,0.453,0,1.0,4.814996,0
409,38,0.446,0,1.0,5.7921877,0
409,39,0.432,0,1.0,7.8272305,0
409,40,0.426,0,1.0,6.108464,0
409,41,0.423,1,-0.05,4.0564585,0
409,42,0.447,1,-0.05,3.8344576,0
409,43,0.440,0,1.0,3.1233487,0
409,44,0.480,1,-0.05,2.5971465,0
409,45,0.514,0,1.0,2.9972157,0
409,46,0.553,1,-0.05,2.728955,0
409,47,0.559,1,-0.05,2.7619197,0
409,48,0.571,1,-0.05,2.2893186,0
409,49,0.589,2,-0.05,0.11008519,0
409,50,0.580,1,-0.05,0.07834619,0
409,51,0.619,1,-0.05,0.5416454,0
409,52,0.618,1,-0.05,-0.57411385,0
409,53,0.653,2,-0.05,-1.5003605,0
409,54,0.649,1,-0.05,-1.7542644,0
409,55,0.685,1,-0.05,-1.551476,0
409,56,0.705,0,1.0,-3.5163531,0
409,57,0.790,1,-0.05,-3.067932,0
409,58,0.825,0,1.0,-4.37216,0
409,59,0.788,2,-0.05,-7.313302,0
409,60,0.766,2,-0.05,-6.8210816,0
409,61,0.733,0,1.0,-2.5126324,0
409,62,0.653,0,1.0,5.353752,0
409,63,0.618,0,1.0,7.8593955,0
409,64,0.536,0,1.0,7.904741,0
409,65,0.499,2,-0.05,7.9418545,0
409,66,0.472,2,-0.05,7.0950656,0
409,67,0.459,2,-0.05,8.975727,0
409,68,0.442,1,-0.05,1.9648104,0
409,69,0.440,1,-0.05,1.0906922,0
409,70,0.424,2,-0.05,5.6851025,0
409,71,0.407,2,-0.05,3.944207,0
409,72,0.385,2,-0.05,-1.036051,0
409,73,0.371,2,-0.05,-12.164736,0
409,74,0.352,1,-0.05,-5.6395845,0
409,75,0.348,2,-0.05,-9.41506,0
409,76,0.332,2,-0.05,-15.225897,0
409,77,0.319,2,-0.05,-11.183203,0
409,78,0.296,2,-0.05,-11.792015,0
409,79,0.294,2,-0.05,-17.011902,0
409,80,0.251,2,-0.05,-25.645172,0
409,81,0.235,1,-0.05,-41.433086,0
409,82,0.236,2,-0.05,-84.15474,0
409,83,0.223,2,-0.05,-81.97739,0
409,84,0.202,1,-0.05,-78.25913,0
409,85,0.180,1,-100.0,-90.962456,0
410,0,0.663,0,1.0,6.4537287,0
410,1,0.669,0,1.0,5.2012763,0
410,2,0.655,0,1.0,7.3446546,0
410,3,0.655,0,1.0,5.621851,0
410,4,0.648,0,1.0,6.9644027,0
410,5,0.665,0,1.0,6.2321844,0
410,6,0.660,1,-0.05,5.8210816,0
410,7,0.650,0,1.0,6.839884,0
410,8,0.634,1,-0.05,5.782349,0
410,9,0.634,0,1.0,6.7389917,0
410,10,0.628,0,1.0,4.482545,0
410,11,0.637,0,1.0,5.758503,0
410,12,0.645,0,1.0,6.509149,0
410,13,0.635,0,1.0,7.158404,0
410,14,0.636,0,1.0,6.464429,0
410,15,0.634,0,1.0,6.6183987,0
410,16,0.624,0,1.0,6.995758,0
410,17,0.621,1,-0.05,7.132242,0
410,18,0.634,0,1.0,6.399606,0
410,19,0.618,0,1.0,7.765282,0
410,20,0.604,2,-0.05,5.634369,0
410,21,0.604,0,1.0,5.16933,0
410,22,0.609,0,1.0,5.9147086,0
410,23,0.609,0,1.0,5.993162,0
410,24,0.598,0,1.0,5.9081826,0
410,25,0.598,0,1.0,6.874412,0
410,26,0.583,0,1.0,5.847642,0
410,27,0.592,0,1.0,5.9432325,0
410,28,0.592,0,1.0,5.578098,0
410,29,0.581,0,1.0,6.737129,0
410,30,0.562,0,1.0,4.2447505,0
410,31,0.572,0,1.0,5.899035,0
410,32,0.568,0,1.0,4.9490943,0
410,33,0.534,0,1.0,4.4045286,0
410,34,0.530,0,1.0,5.488621,0
410,35,0.528,0,1.0,5.6629777,0
410,36,0.509,0,1.0,5.171119,0
410,37,0.490,0,1.0,6.733134,0
410,38,0.494,0,1.0,5.604972,0
410,39,0.484,0,1.0,4.2432528,0
410,40,0.465,0,1.0,5.0595584,0
410,41,0.451,0,1.0,6.4289436,0
410,42,0.443,0,1.0,6.4455404,0
410,43,0.439,0,1.0,6.9934688,0
410,44,0.433,0,1.0,7.0028887,0
410,45,0.419,0,1.0,6.3521776,0
410,46,0.398,0,1.0,6.4633822,0
410,47,0.390,0,1.0,7.040111,0
410,48,0.379,0,1.0,5.611965,0
410,49,0.374,0,1.0,7.1380773,0
410,50,0.357,2,-0.05,5.4334383,0
410,51,0.352,0,1.0,3.8598437,0
410,52,0.346,0,1.0,7.9826636,0
410,53,0.345,0,1.0,7.907212,0
410,54,0.345,0,1.0,6.843093,0
410,55,0.343,0,1.0,5.8726225,0
410,56,0.341,1,-0.05,5.5370946,0
410,57,0.336,2,-0.05,5.3997164,0
410,58,0.344,2,-0.05,5.542565,0
410,59,0.346,1,-0.05,5.512792,0
410,60,0.333,2,-0.05,3.0632653,0
410,61,0.342,2,-0.05,3.8916774,0
410,62,0.342,1,-0.05,7.1408267,0
410,63,0.352,0,1.0,7.4687953,0
410,64,0.358,0,1.0,2.6867602,0
410,65,0.370,0,1.0,1.9704745,0
410,66,0.371,2,-0.05,2.197017,0
410,67,0.370,2,-0.05,1.5416362,0
410,68,0.365,2,-0.05,0.29098767,0
410,69,0.371,1,-0.05,-2.3216314,0
410,70,0.389,1,-0.05,-1.0542074,0
410,71,0.360,2,-0.05,-3.5580578,0
410,72,0.349,2,-0.05,-0.14000237,0
410,73,0.338,1,-0.05,-2.0209064,0
410,74,0.308,2,-0.05,-3.7898498,0
410,75,0.304,1,-0.05,-10.544663,0
410,76,0.285,2,-0.05,-12.621875,0
410,77,0.271,1,-0.05,-28.252342,0
410,78,0.260,1,-0.05,-43.119137,0
410,79,0.238,1,-0.05,-46.55752,0
410,80,0.216,2,-0.05,-79.23047,0
410,81,0.204,2,-0.05,-84.33498,0
410,82,0.187,1,-100.0,-86.438126,0
411,0,0.663,0,1.0,4.28334,0
411,1,0.669,0,1.0,5.8224277,0
411,2,0.659,0,1.0,6.236517,0
411,3,0.656,0,1.0,6.693115,0
411,4,0.656,0,1.0,6.135501,0
411,5,0.644,1,-0.05,6.9953017,0
411,6,0.653,0,1.0,5.2486486,0
411,7,0.644,0,1.0,7.0303116,0
411,8,0.626,0,1.0,6.330725,0
411,9,0.616,0,1.0,6.2973413,0
411,10,0.596,0,1.0,4.150297,0
411,11,0.586,0,1.0,6.1010203,0
411,12,0.578,0,1.0,6.059928,0
411,13,0.568,0,1.0,6.1837773,0
411,14,0.540,1,-0.05,5.020059,0
411,15,0.555,1,-0.05,5.397391,0
411,16,0.545,0,1.0,6.324213,0
411,17,0.525,0,1.0,4.8596463,0
411,18,0.470,0,1.0,6.327676,0
411,19,0.460,0,1.0,5.460898,0
411,20,0.416,0,1.0,5.7848444,0
411,21,0.379,0,1.0,4.4762936,0
411,22,0.372,0,1.0,4.421446,0
411,23,0.326,0,1.0,1.3939247,0
411,24,0.317,2,-0.05,1.2643296,0
411,25,0.305,2,-0.05,0.60389936,0
411,26,0.288,2,-0.05,0.7721497,0
411,27,0.290,0,1.0,1.2622719,0
411,28,0.291,0,1.0,2.4934103,0
411,29,0.289,2,-0.05,3.9261525,0
411,30,0.284,0,1.0,4.559099,0
411,31,0.283,0,1.0,5.367036,0
411,32,0.273,0,1.0,6.3392687,0
411,33,0.297,0,1.0,5.839232,0
411,34,0.304,0,1.0,5.2091002,0
411,35,0.300,0,1.0,4.6275373,0
411,36,0.307,0,1.0,6.3891964,0
411,37,0.311,0,1.0,5.1666346,0
411,38,0.315,0,1.0,4.483762,0
411,39,0.320,2,-0.05,3.764749,0
411,40,0.329,0,1.0,3.7687507,0
411,41,0.330,0,1.0,4.905076,0
411,42,0.354,0,1.0,8.402006,0
411,43,0.357,0,1.0,7.601864,0
411,44,0.376,0,1.0,8.351421,0
411,45,0.382,0,1.0,5.874253,0
411,46,0.402,0,1.0,5.0758886,0
411,47,0.404,0,1.0,5.053753,0
411,48,0.425,2,-0.05,6.031323,0
411,49,0.431,2,-0.05,6.2873273,0
411,50,0.425,0,1.0,6.695987,0
411,51,0.465,0,1.0,6.1144,0
411,52,0.498,0,1.0,7.098269,0
411,53,0.447,0,1.0,5.1698713,0
411,54,0.391,0,1.0,1.6573365,0
411,55,0.305,1,-0.05,0.22388041,0
411,56,0.273,2,-0.05,-7.7771034,0
411,57,0.263,0,1.0,-21.097498,0
411,58,0.185,1,-100.0,-44.82244,0
412,0,0.671,0,1.0,6.9660997,0
412,1,0.672,0,1.0,5.2387676,0
412,2,0.659,0,1.0,7.5588636,0
412,3,0.654,0,1.0,5.9977484,0
412,4,0.647,0,1.0,6.640477,0
412,5,0.644,0,1.0,6.974754,0
412,6,0.639,0,1.0,5.5312986,0
412,7,0.644,0,1.0,7.0636873,0
412,8,0.641,0,1.0,6.8138266,0
412,9,0.632,0,1.0,6.8732853,0
412,10,0.634,0,1.0,6.5135446,0
412,11,0.629,0,1.0,6.6002502,0
412,12,0.630,0,1.0,6.322024,0
412,13,0.612,0,1.0,7.7515783,0
412,14,0.607,2,-0.05,6.855356,0
412,15,0.616,0,1.0,6.822917,0
412,16,0.627,0,1.0,6.741715,0
412,17,0.630,0,1.0,6.9992614,0
412,18,0.632,2,-0.05,4.2158427,0
412,19,0.635,0,1.0,5.8592234,0
412,20,0.670,0,1.0,6.011086,0
412,21,0.670,0,1.0,5.193645,0
412,22,0.681,0,1.0,5.589366,0
412,23,0.704,0,1.0,4.9015565,0
412,24,0.689,0,1.0,4.6309037,0
412,25,0.672,0,1.0,5.6318827,0
412,26,0.675,0,1.0,5.2011566,0
412,27,0.654,2,-0.05,2.9429264,0
412,28,0.646,0,1.0,6.2843294,0
412,29,0.624,0,1.0,3.248543,0
412,30,0.600,0,1.0,3.4432192,0
412,31,0.566,0,1.0,3.12621,0
412,32,0.545,0,1.0,4.463216,0
412,33,0.518,0,1.0,5.0908337,0
412,34,0.517,0,1.0,5.414168,0
412,35,0.511,2,-0.05,5.465608,0
412,36,0.509,2,-0.05,5.789048,0
412,37,0.489,0,1.0,4.553767,0
412,38,0.497,0,1.0,2.466631,0
412,39,0.517,0,1.0,2.2037978,0
412,40,0.550,0,1.0,3.519081,0
412,41,0.578,0,1.0,5.9892316,0
412,42,0.668,0,1.0,7.4867883,0
412,43,0.711,0,1.0,4.982044,0
412,44,0.666,0,1.0,5.5003414,0
412,45,0.582,1,-0.05,3.9031546,0
412,46,0.577,1,-0.05,4.1800776,0
412,47,0.572,1,-0.05,2.1450505,0
412,48,0.506,0,1.0,0.75706446,0
412,49,0.459,1,-0.05,-4.648284,0
412,50,0.437,1,-0.05,-4.6732326,0
412,51,0.421,1,-0.05,-10.589466,0
412,52,0.384,0,1.0,-17.580206,0
412,53,0.303,2,-0.05,-21.388002,0
412,54,0.295,2,-0.05,-51.48154,0
412,55,0.271,2,-0.05,-63.82382,0
412,56,0.256,1,-0.05,-72.10336,0
412,57,0.239,2,-0.05,-84.85463,0
412,58,0.226,2,-0.05,-90.421875,0
412,59,0.213,1,-0.05,-92.95507,0
412,60,0.188,2,-100.0,-105.08769,0
413,0,0.658,0,1.0,6.484609,0
413,1,0.658,0,1.0,6.4015255,0
413,2,0.670,0,1.0,7.456006,0
413,3,0.670,2,-0.05,5.8654304,0
413,4,0.682,1,-0.05,4.6283526,0
413,5,0.669,0,1.0,5.5353303,0
413,6,0.669,0,1.0,7.3961678,0
413,7,0.657,0,1.0,6.761227,0
413,8,0.645,0,1.0,7.0054607,0
413,9,0.639,2,-0.05,4.8872623,0
413,10,0.640,2,-0.05,5.151542,0
413,11,0.628,0,1.0,6.3691955,0
413,12,0.642,0,1.0,6.960297,0
413,13,0.636,0,1.0,6.1371446,0
413,14,0.641,0,1.0,7.233256,0
413,15,0.652,0,1.0,6.9054174,0
413,16,0.659,0,1.0,5.7078676,0
413,17,0.664,1,-0.05,6.863511,0
413,18,0.661,0,1.0,6.193221,0
413,19,0.639,0,1.0,7.051266,0
413,20,0.644,0,1.0,6.1494517,0
413,21,0.653,0,1.0,8.292931,0
413,22,0.629,0,1.0,5.9887342,0
413,23,0.630,0,1.0,5.311114,0
413,24,0.620,0,1.0,6.206005,0
413,25,0.626,0,1.0,5.0145087,0
413,26,0.602,0,1.0,3.7040663,0
413,27,0.614,0,1.0,4.529535,0
413,28,0.613,0,1.0,5.745196,0
413,29,0.607,2,-0.05,5.66492,0
413,30,0.600,0,1.0,5.944901,0
413,31,0.596,1,-0.05,4.985985,0
413,32,0.610,0,1.0,5.0840893,0
413,33,0.600,0,1.0,5.769371,0
413,34,0.598,0,1.0,3.7615137,0
413,35,0.598,0,1.0,7.104939,0
413,36,0.583,0,1.0,5.769279,0
413,37,0.589,0,1.0,5.1651206,0
413,38,0.573,0,1.0,6.6066985,0
413,39,0.569,0,1.0,6.678292,0
413,40,0.560,0,1.0,4.1603327,0
413,41,0.573,0,1.0,5.267198,0
413,42,0.565,1,-0.05,5.0457153,0
413,43,0.554,0,1.0,5.0399303,0
413,44,0.544,0,1.0,5.5329843,0
413,45,0.521,0,1.0,5.1997266,0
413,46,0.514,0,1.0,7.712978,0
413,47,0.503,0,1.0,6.183263,0
413,48,0.489,0,1.0,7.4006143,0
413,49,0.476,0,1.0,6.748282,0
413,50,0.420,0,1.0,9.067776,0
413,51,0.319,1,-0.05,6.744217,0
413,52,0.322,2,-0.05,1.3830745,0
413,53,0.307,2,-0.05,-0.19791937,0
413,54,0.284,2,-0.05,-14.087755,0
413,55,0.283,2,-0.05,-39.656174,0
413,56,0.262,2,-0.05,-39.461487,0
413,57,0.237,1,-0.05,-54.45164,0
413,58,0.224,1,-0.05,-75.4425,0
413,59,0.215,1,-0.05,-76.05126,0
413,60,0.192,2,-100.0,-89.223434,0
414,0,0.657,1,-0.05,5.379794,0
414,1,0.657,0,1.0,5.077477,0
414,2,0.646,0,1.0,6.954063,0
414,3,0.635,0,1.0,5.1194453,0
414,4,0.634,0,1.0,6.8094425,0
414,5,0.596,0,1.0,5.719617,0
414,6,0.579,0,1.0,4.0862403,0
414,7,0.588,0,1.0,6.643922,0
414,8,0.565,0,1.0,6.204949,0
414,9,0.558,1,-0.05,6.6624694,0
414,10,0.561,0,1.0,5.653728,0
414,11,0.532,0,1.0,5.6804037,0
414,12,0.518,1,-0.05,5.472584,0
414,13,0.493,0,1.0,6.6246595,0
414,14,0.476,0,1.0,5.239278,0
414,15,0.431,0,1.0,6.4436517,0
414,16,0.382,0,1.0,5.706032,0
414,17,0.360,0,1.0,4.6348104,0
414,18,0.314,0,1.0,4.443119,0
414,19,0.283,0,1.0,3.1807768,0
414,20,0.248,2,-0.05,-0.8499718,0
414,21,0.252,2,-0.05,-8.787054,0
414,22,0.238,2,-0.05,-10.258608,0
414,23,0.239,2,-0.05,-5.300205,0
414,24,0.234,0,1.0,3.0546956,0
414,25,0.243,0,1.0,4.635666,0
414,26,0.240,0,1.0,4.210636,0
414,27,0.247,0,1.0,5.254025,0
414,28,0.250,0,1.0,5.2824926,0
414,29,0.251,1,-0.05,5.3641953,0
414,30,0.242,0,1.0,5.1854234,0
414,31,0.249,1,-0.05,1.8311465,0
414,32,0.232,1,-0.05,0.25004208,0
414,33,0.254,1,-0.05,-2.0099878,0
414,34,0.239,1,-0.05,-5.6379247,0
414,35,0.244,2,-0.05,-8.694244,0
414,36,0.228,1,-0.05,-6.7811484,0
414,37,0.229,2,-0.05,-11.371577,0
414,38,0.226,2,-0.05,-16.059355,0
414,39,0.218,1,-0.05,-23.326376,0
414,40,0.210,1,-0.05,-25.925245,0
414,41,0.216,1,-0.05,-47.30133,0
414,42,0.213,1,-0.05,-57.066086,0
414,43,0.209,1,-0.05,-67.50269,0
414,44,0.198,1,-100.0,-70.482346,0
415,0,0.665,0,1.0,6.5373497,0
415,1,0.677,0,1.0,6.412775,0
415,2,0.664,0,1.0,5.731108,0
415,3,0.663,0,1.0,5.5212607,0
415,4,0.651,0,1.0,6.749388,0
415,5,0.656,0,1.0,4.699775,0
415,6,0.647,0,1.0,6.3432856,0
415,7,0.648,0,1.0,5.6980133,0
415,8,0.651,0,1.0,6.310378,0
415,9,0.633,0,1.0,7.0485554,0
415,10,0.620,0,1.0,6.9089217,0
415,11,0.627,2,-0.05,7.21397,0
415,12,0.634,1,-0.05,5.7466316,0
415,13,0.618,0,1.0,4.484488,0
415,14,0.612,2,-0.05,5.802738,0
415,15,0.613,0,1.0,5.0886984,0
415,16,0.593,0,1.0,6.7479644,0
415,17,0.592,0,1.0,6.568876,0
415,18,0.585,0,1.0,4.1438866,0
415,19,0.562,0,1.0,5.674935,0
415,20,0.557,1,-0.05,5.90749,0
415,21,0.558,0,1.0,4.7629924,0
415,22,0.549,1,-0.05,5.6152167,0
415,23,0.542,0,1.0,5.2793927,0
415,24,0.503,0,1.0,4.9329414,0
415,25,0.480,1,-0.05,5.0176477,0
415,26,0.468,0,1.0,4.4932203,0
415,27,0.446,0,1.0,3.3766475,0
415,28,0.416,1,-0.05,4.260193,0
415,29,0.407,0,1.0,4.2768764,0
415,30,0.355,0,1.0,4.934783,0
415,31,0.321,2,-0.05,3.6368065,0
415,32,0.319,2,-0.05,2.4783003,0
415,33,0.294,0,1.0,2.0109904,0
415,34,0.286,1,-0.05,1.696825,0
415,35,0.280,1,-0.05,1.5607103,0
415,36,0.275,2,-0.05,-0.7865977,0
415,37,0.281,1,-0.05,-1.3263185,0
415,38,0.266,1,-0.05,-8.748745,0
415,39,0.246,1,-0.05,-3.5048442,0
415,40,0.248,1,-0.05,-7.3460665,0
415,41,0.239,2,-0.05,-26.756388,0
415,42,0.232,1,-0.05,-26.543474,0
415,43,0.225,1,-0.05,-56.030952,0
415,44,0.213,1,-0.05,-58.32693,0
415,45,0.195,2,-100.0,-82.59498,0
416,0,0.657,1,-0.05,6.5134864,0
416,1,0.657,0,1.0,6.64152,0
416,2,0.646,0,1.0,5.75309,0
416,3,0.635,0,1.0,6.299497,0
416,4,0.634,0,1.0,5.806499,0
416,5,0.596,0,1.0,6.2531624,0
416,6,0.579,0,1.0,5.7121525,0
416,7,0.576,0,1.0,5.714943,0
416,8,0.565,0,1.0,4.9233294,0
416,9,0.542,0,1.0,6.874819,0
416,10,0.549,0,1.0,5.9283376,0
416,11,0.529,0,1.0,6.195893,0
416,12,0.495,0,1.0,6.3478165,0
416,13,0.496,0,1.0,6.0136843,0
416,14,0.492,1,-0.05,4.683705,0
416,15,0.483,2,-0.05,4.0281096,0
416,16,0.487,0,1.0,5.5965114,0
416,17,0.475,0,1.0,7.2019935,0
416,18,0.487,0,1.0,6.844981,0
416,19,0.482,0,1.0,5.1879625,0
416,20,0.482,0,1.0,6.929267,0
416,21,0.479,0,1.0,5.5030417,0
416,22,0.487,0,1.0,5.1335173,0
416,23,0.479,2,-0.05,5.574405,0
416,24,0.483,2,-0.05,6.5735946,0
416,25,0.494,0,1.0,5.2016025,0
416,26,0.512,1,-0.05,4.0178347,0
416,27,0.513,2,-0.05,4.9176564,0
416,28,0.516,2,-0.05,5.6008554,0
416,29,0.508,2,-0.05,3.769837,0
416,30,0.516,2,-0.05,4.3555717,0
416,31,0.533,1,-0.05,3.4674807,0
416,32,0.537,2,-0.05,4.653069,0
416,33,0.549,1,-0.05,1.672167,0
416,34,0.566,0,1.0,1.3699715,0
416,35,0.600,2,-0.05,3.0729418,0
416,36,0.606,2,-0.05,0.72362834,0
416,37,0.611,2,-0.05,3.6146636,0
416,38,0.615,2,-0.05,2.067499,0
416,39,0.638,0,1.0,0.97141856,0
416,40,0.692,2,-0.05,3.0195518,0
416,41,0.706,2,-0.05,0.20826733,0
416,42,0.703,2,-0.05,-2.3950515,0
416,43,0.651,0,1.0,-0.7540827,0
416,44,0.621,2,-0.05,-5.559604,0
416,45,0.584,2,-0.05,-6.7585793,0
416,46,0.585,1,-0.05,-7.869235,0
416,47,0.532,0,1.0,-7.1149883,0
416,48,0.492,2,-0.05,-6.83138,0
416,49,0.468,1,-0.05,-7.253279,0
416,50,0.473,2,-0.05,-5.8072577,0
416,51,0.450,2,-0.05,-8.424197,0
416,52,0.413,0,1.0,-5.0174174,0
416,53,0.336,1,-0.05,-7.505582,0
416,54,0.347,2,-0.05,-7.1405687,0
416,55,0.313,1,-0.05,-8.222533,0
416,56,0.302,1,-0.05,-8.277343,0
416,57,0.289,1,-0.05,-8.662758,0
416,58,0.269,2,-0.05,-16.22974,0
416,59,0.251,1,-0.05,-18.823284,0
416,60,0.234,1,-0.05,-23.606192,0
416,61,0.224,1,-0.05,-44.709568,0
416,62,0.199,1,-100.0,-46.99892,0
417,0,0.666,0,1.0,4.5621433,0
417,1,0.659,0,1.0,6.545021,0
417,2,0.660,0,1.0,6.557843,0
417,3,0.657,0,1.0,6.2119856,0
417,4,0.654,0,1.0,6.790134,0
417,5,0.658,2,-0.05,6.2035785,0
417,6,0.652,0,1.0,6.3250217,0
417,7,0.655,0,1.0,6.732212,0
417,8,0.666,0,1.0,7.0224237,0
417,9,0.664,0,1.0,6.443187,0
417,10,0.658,0,1.0,6.9662566,0
417,11,0.673,0,1.0,6.6306725,0
417,12,0.679,0,1.0,7.0689726,0
417,13,0.688,0,1.0,6.03841,0
417,14,0.691,0,1.0,7.995147,0
417,15,0.695,0,1.0,5.483171,0
417,16,0.688,0,1.0,7.6573505,0
417,17,0.706,0,1.0,5.8689446,0
417,18,0.711,0,1.0,7.215256,0
417,19,0.686,0,1.0,6.627789,0
417,20,0.697,2,-0.05,4.52165,0
417,21,0.698,0,1.0,5.6604185,0
417,22,0.677,0,1.0,6.242302,0
417,23,0.676,1,-0.05,5.895346,0
417,24,0.661,0,1.0,5.7193074,0
417,25,0.641,0,1.0,5.9693766,0
417,26,0.660,0,1.0,5.871237,0
417,27,0.647,0,1.0,5.2500105,0
417,28,0.658,0,1.0,4.495668,0
417,29,0.644,0,1.0,3.6684732,0
417,30,0.640,0,1.0,4.5231347,0
417,31,0.638,0,1.0,5.4820724,0
417,32,0.606,1,-0.05,6.483471,0
417,33,0.635,0,1.0,5.4024644,0
417,34,0.636,0,1.0,4.478884,0
417,35,0.628,0,1.0,4.2134867,0
417,36,0.646,0,1.0,4.8703747,0
417,37,0.658,2,-0.05,4.720529,0
417,38,0.654,0,1.0,2.275594,0
417,39,0.658,0,1.0,4.5378647,0
417,40,0.716,0,1.0,4.5629387,0
417,41,0.738,0,1.0,4.653366,0
417,42,0.782,0,1.0,4.698066,0
417,43,0.789,0,1.0,3.6297078,0
417,44,0.781,0,1.0,2.5184762,0
417,45,0.679,0,1.0,0.9701302,0
417,46,0.558,0,1.0,2.957413,0
417,47,0.501,0,1.0,0.4882625,0
417,48,0.401,2,-0.05,0.8973564,0
417,49,0.383,2,-0.05,0.021012068,0
417,50,0.348,2,-0.05,0.75647664,0
417,51,0.355,2,-0.05,-0.5323713,0
417,52,0.316,1,-0.05,-1.1222167,0
417,53,0.311,1,-0.05,-1.9967752,0
417,54,0.289,0,1.0,-14.335991,0
417,55,0.179,0,-100.0,-23.983334,0
418,0,0.660,0,1.0,5.902189,0
418,1,0.655,0,1.0,5.830796,0
418,2,0.657,0,1.0,7.1451387,0
418,3,0.658,0,1.0,5.702917,0
418,4,0.673,0,1.0,6.237596,0
418,5,0.662,2,-0.05,3.6981323,0
418,6,0.664,0,1.0,3.5716994,0
418,7,0.670,0,1.0,6.4584637,0
418,8,0.666,1,-0.05,5.287933,0
418,9,0.674,0,1.0,6.6653795,0
418,10,0.674,0,1.0,6.117717,0
418,11,0.669,1,-0.05,4.344317,0
418,12,0.666,0,1.0,5.2819676,0
418,13,0.652,0,1.0,5.8063035,0
418,14,0.653,0,1.0,6.6643476,0
418,15,0.628,0,1.0,6.3252187,0
418,16,0.611,0,1.0,5.6463776,0
418,17,0.607,2,-0.05,5.6791735,0
418,18,0.600,0,1.0,5.3553424,0
418,19,0.599,0,1.0,6.388126,0
418,20,0.603,0,1.0,5.85744,0
418,21,0.594,0,1.0,5.805343,0
418,22,0.575,0,1.0,6.142611,0
418,23,0.593,0,1.0,3.5144641,0
418,24,0.575,0,1.0,4.9240174,0
418,25,0.589,0,1.0,5.1590414,0
418,26,0.587,0,1.0,6.6080413,0
418,27,0.584,0,1.0,6.2815714,0
418,28,0.579,0,1.0,6.0498834,0
418,29,0.562,0,1.0,5.622232,0
418,30,0.572,0,1.0,5.3908525,0
418,31,0.565,0,1.0,5.8222833,0
418,32,0.549,0,1.0,6.262466,0
418,33,0.559,0,1.0,7.011783,0
418,34,0.554,0,1.0,6.133231,0
418,35,0.558,0,1.0,5.416651,0
418,36,0.552,0,1.0,5.0017357,0
418,37,0.550,0,1.0,5.579682,0
418,38,0.557,0,1.0,5.0975895,0
418,39,0.544,0,1.0,5.455268,0
418,40,0.533,0,1.0,5.686629,0
418,41,0.532,0,1.0,5.5991454,0
418,42,0.532,0,1.0,5.2638583,0
418,43,0.516,0,1.0,6.675815,0
418,44,0.537,2,-0.05,6.0967016,0
418,45,0.521,0,1.0,4.666931,0
418,46,0.416,0,1.0,7.0174346,0
418,47,0.362,2,-0.05,3.416991,0
418,48,0.358,2,-0.05,0.25927424,0
418,49,0.338,2,-0.05,-1.1060119,0
418,50,0.320,2,-0.05,-3.4244595,0
418,51,0.307,2,-0.05,-9.236215,0
418,52,0.273,2,-0.05,-11.351286,0
418,53,0.261,1,-0.05,-27.587963,0
418,54,0.266,2,-0.05,-53.870995,0
418,55,0.246,1,-0.05,-67.065186,0
418,56,0.238,1,-0.05,-73.93026,0
418,57,0.232,1,-0.05,-76.91845,0
418,58,0.200,0,-100.0,-76.70286,0
419,0,0.668,0,1.0,5.5278234,0
419,1,0.657,0,1.0,6.948803,0
419,2,0.662,0,1.0,5.4910793,0
419,3,0.675,0,1.0,6.288612,0
419,4,0.666,2,-0.05,4.9240904,0
419,5,0.656,0,1.0,6.942853,0
419,6,0.670,0,1.0,6.7233133,0
419,7,0.662,2,-0.05,6.666531,0
419,8,0.676,0,1.0,5.5530696,0
419,9,0.686,0,1.0,7.5303307,0
419,10,0.694,0,1.0,7.000129,0
419,11,0.688,0,1.0,6.167557,0
419,12,0.655,0,1.0,6.619768,0
419,13,0.655,0,1.0,7.5300975,0
419,14,0.634,0,1.0,7.2489595,0
419,15,0.607,0,1.0,6.327206,0
419,16,0.592,0,1.0,7.0213137,0
419,17,0.585,0,1.0,5.8624616,0
419,18,0.571,0,1.0,7.2277265,0
419,19,0.555,1,-0.05,4.9825287,0
419,20,0.553,0,1.0,6.4696217,0
419,21,0.524,0,1.0,6.455148,0
419,22,0.530,0,1.0,6.347361,0
419,23,0.510,0,1.0,6.8294845,0
419,24,0.499,0,1.0,6.21995,0
419,25,0.494,0,1.0,6.2390785,0
419,26,0.479,0,1.0,7.2866945,0
419,27,0.472,0,1.0,6.4098263,0
419,28,0.458,0,1.0,7.4018993,0
419,29,0.456,0,1.0,5.746577,0
419,30,0.443,0,1.0,6.2744217,0
419,31,0.433,0,1.0,4.3073993,0
419,32,0.434,0,1.0,6.2469435,0
419,33,0.421,0,1.0,4.6522207,0
419,34,0.402,0,1.0,4.5715523,0
419,35,0.388,0,1.0,5.112273,0
419,36,0.404,0,1.0,5.7105465,0
419,37,0.448,0,1.0,4.428668,0
419,38,0.499,0,1.0,3.7951217,0
419,39,0.534,0,1.0,5.6078672,0
419,40,0.662,0,1.0,6.0063353,0
419,41,0.748,0,1.0,2.4185598,0
419,42,0.661,0,1.0,2.2471452,0
419,43,0.595,0,1.0,0.56411326,0
419,44,0.481,0,1.0,2.2255611,0
419,45,0.361,0,1.0,0.654995,0
419,46,0.286,2,-0.05,-8.428627,0
419,47,0.274,0,1.0,-16.487715,0
419,48,0.203,2,-0.05,-39.917984,0
419,49,0.196,2,-100.0,-101.73875,0
420,0,0.666,0,1.0,6.532015,0
420,1,0.674,2,-0.05,6.7952538,0
420,2,0.663,2,-0.05,5.5852556,0
420,3,0.671,0,1.0,7.5994306,0
420,4,0.697,0,1.0,5.7033796,0
420,5,0.696,0,1.0,5.7833266,0
420,6,0.670,0,1.0,5.879884,0
420,7,0.661,0,1.0,5.4944286,0
420,8,0.625,0,1.0,6.428621,0
420,9,0.596,0,1.0,5.235665,0
420,10,0.587,0,1.0,5.9364243,0
420,11,0.561,0,1.0,6.2774715,0
420,12,0.527,0,1.0,6.385748,0
420,13,0.521,1,-0.05,5.0698805,0
420,14,0.503,1,-0.05,4.250491,0
420,15,0.501,1,-0.05,6.392518,0
420,16,0.507,1,-0.05,6.244455,0
420,17,0.509,0,1.0,6.0847125,0
420,18,0.527,0,1.0,5.0756855,0
420,19,0.533,0,1.0,6.3113003,0
420,20,0.554,0,1.0,7.72367,0
420,21,0.552,0,1.0,6.3895364,0
420,22,0.572,1,-0.05,7.0362062,0
420,23,0.583,0,1.0,7.1613255,0
420,24,0.617,0,1.0,6.043727,0
420,25,0.649,0,1.0,6.687148,0
420,26,0.666,0,1.0,5.4098015,0
420,27,0.686,0,1.0,7.116613,0
420,28,0.686,0,1.0,5.5602407,0
420,29,0.680,1,-0.05,4.973472,0
420,30,0.668,0,1.0,4.5530515,0
420,31,0.636,2,-0.05,3.3102052,0
420,32,0.626,0,1.0,4.8064485,0
420,33,0.575,0,1.0,3.6355965,0
420,34,0.558,0,1.0,3.8527012,0
420,35,0.551,0,1.0,4.853546,0
420,36,0.515,0,1.0,4.072279,0
420,37,0.503,0,1.0,4.2068977,0
420,38,0.482,0,1.0,4.8688393,0
420,39,0.429,0,1.0,6.6343365,0
420,40,0.425,0,1.0,6.651928,0
420,41,0.397,0,1.0,5.347605,0
420,42,0.375,1,-0.05,7.3721967,0
420,43,0.376,2,-0.05,5.261907,0
420,44,0.381,1,-0.05,4.8652315,0
420,45,0.356,2,-0.05,5.78697,0
420,46,0.360,2,-0.05,2.69248,0
420,47,0.369,0,1.0,3.1530704,0
420,48,0.354,0,1.0,3.6710002,0
420,49,0.359,0,1.0,5.5828843,0
420,50,0.359,0,1.0,5.295149,0
420,51,0.359,0,1.0,7.2521358,0
420,52,0.363,0,1.0,6.134838,0
420,53,0.365,0,1.0,5.5710588,0
420,54,0.375,0,1.0,6.2397785,0
420,55,0.356,0,1.0,3.5810003,0
420,56,0.353,2,-0.05,3.1638002,0
420,57,0.365,2,-0.05,0.44087335,0
420,58,0.363,0,1.0,2.214078,0
420,59,0.310,0,1.0,3.9213881,0
420,60,0.267,2,-0.05,-5.493802,0
420,61,0.245,2,-0.05,-18.01184,0
420,62,0.245,1,-0.05,-47.73734,0
420,63,0.218,2,-0.05,-57.241478,0
420,64,0.206,2,-0.05,-74.989784,0
420,65,0.196,1,-100.0,-82.98357,0
421,0,0.663,0,1.0,5.932078,0
421,1,0.669,0,1.0,7.468323,0
421,2,0.658,0,1.0,5.7548113,0
421,3,0.656,0,1.0,6.9695797,0
421,4,0.661,2,-0.05,6.4294467,0
421,5,0.645,0,1.0,6.5873713,0
421,6,0.658,2,-0.05,5.9441996,0
421,7,0.663,2,-0.05,6.9822955,0
421,8,0.656,0,1.0,5.268388,0
421,9,0.689,0,1.0,6.575732,0
421,10,0.711,0,1.0,4.5315266,0
421,11,0.687,0,1.0,3.9141886,0
421,12,0.646,0,1.0,7.1350784,0
421,13,0.622,0,1.0,5.5866184,0
421,14,0.603,0,1.0,6.203812,0
421,15,0.574,0,1.0,5.918592,0
421,16,0.566,0,1.0,6.847184,0
421,17,0.524,0,1.0,6.3092265,0
421,18,0.488,0,1.0,5.979162,0
421,19,0.473,0,1.0,4.7524943,0
421,20,0.451,1,-0.05,5.285598,0
421,21,0.448,1,-0.05,5.273837,0
421,22,0.440,2,-0.05,5.685829,0
421,23,0.447,2,-0.05,5.3243833,0
421,24,0.440,1,-0.05,4.4368486,0
421,25,0.426,1,-0.05,4.5738015,0
421,26,0.432,2,-0.05,5.0028114,0
421,27,0.417,1,-0.05,5.3354764,0
421,28,0.426,1,-0.05,4.364067,0
421,29,0.416,0,1.0,5.026343,0
421,30,0.429,0,1.0,5.617594,0
421,31,0.422,0,1.0,6.791528,0
421,32,0.420,0,1.0,5.3185034,0
421,33,0.442,0,1.0,7.165792,0
421,34,0.451,0,1.0,4.832465,0
421,35,0.441,0,1.0,5.0622616,0
421,36,0.457,0,1.0,5.1055393,0
421,37,0.461,0,1.0,4.57106,0
421,38,0.454,2,-0.05,4.7421045,0
421,39,0.451,0,1.0,4.474944,0
421,40,0.457,0,1.0,5.1545925,0
421,41,0.455,0,1.0,3.9572067,0
421,42,0.451,0,1.0,5.49587,0
421,43,0.453,0,1.0,5.3820763,0
421,44,0.455,0,1.0,3.7095933,0
421,45,0.462,2,-0.05,3.725344,0
421,46,0.479,0,1.0,2.526432,0
421,47,0.524,0,1.0,4.875409,0
421,48,0.579,0,1.0,5.7692986,0
421,49,0.617,0,1.0,4.9535127,0
421,50,0.701,0,1.0,5.7623034,0
421,51,0.720,0,1.0,4.614379,0
421,52,0.661,0,1.0,2.288194,0
421,53,0.578,1,-0.05,1.2037003,0
421,54,0.515,0,1.0,1.684948,0
421,55,0.451,1,-0.05,-0.13225317,0
421,56,0.425,1,-0.05,-2.5264797,0
421,57,0.414,1,-0.05,-7.619581,0
421,58,0.403,2,-0.05,-14.13093,0
421,59,0.385,2,-0.05,-16.560387,0
421,60,0.353,2,-0.05,-8.7182865,0
421,61,0.349,2,-0.05,-4.020987,0
421,62,0.337,2,-0.05,-5.570175,0
421,63,0.314,1,-0.05,-7.427778,0
421,64,0.298,2,-0.05,-12.895113,0
421,65,0.278,2,-0.05,-13.348124,0
421,66,0.278,1,-0.05,-17.551058,0
421,67,0.255,1,-0.05,-22.395317,0
421,68,0.236,2,-0.05,-52.902706,0
421,69,0.204,1,-0.05,-58.653557,0
421,70,0.209,2,-0.05,-67.07094,0
421,71,0.193,2,-100.0,-78.087296,0
422,0,0.663,0,1.0,6.287745,0
422,1,0.669,2,-0.05,3.7221465,0
422,2,0.661,2,-0.05,4.798705,0
422,3,0.658,2,-0.05,4.4890075,0
422,4,0.680,0,1.0,4.6077423,0
422,5,0.693,2,-0.05,3.2833142,0
422,6,0.688,0,1.0,3.637432,0
422,7,0.665,2,-0.05,3.3371513,0
422,8,0.673,2,-0.05,4.738241,0
422,9,0.655,2,-0.05,5.6905437,0
422,10,0.651,2,-0.05,6.033057,0
422,11,0.646,1,-0.05,4.008413,0
422,12,0.619,0,1.0,5.8330956,0
422,13,0.585,2,-0.05,4.463376,0
422,14,0.576,2,-0.05,4.2673006,0
422,15,0.544,1,-0.05,4.275102,0
422,16,0.537,0,1.0,3.7550755,0
422,17,0.499,2,-0.05,3.7256584,0
422,18,0.452,0,1.0,3.0019314,0
422,19,0.427,0,1.0,2.6226244,0
422,20,0.380,1,-0.05,3.3077369,0
422,21,0.367,1,-0.05,4.7834625,0
422,22,0.362,1,-0.05,3.8318586,0
422,23,0.340,1,-0.05,-0.99969053,0
422,24,0.338,0,1.0,0.5509938,0
422,25,0.325,0,1.0,0.43636835,0
422,26,0.296,1,-0.05,0.9881104,0
422,27,0.302,1,-0.05,2.9505718,0
422,28,0.290,1,-0.05,1.6768342,0
422,29,0.295,0,1.0,6.9965076,0
422,30,0.290,1,-0.05,5.411874,0
422,31,0.281,1,-0.05,5.3682656,0
422,32,0.293,0,1.0,6.4835796,0
422,33,0.310,0,1.0,5.4471126,0
422,34,0.324,0,1.0,6.0453424,0
422,35,0.357,0,1.0,7.34593,0
422,36,0.370,0,1.0,5.8985705,0
422,37,0.381,0,1.0,6.7920055,0
422,38,0.417,0,1.0,8.08139,0
422,39,0.421,0,1.0,7.719463,0
422,40,0.443,0,1.0,7.318396,0
422,41,0.472,0,1.0,7.8025866,0
422,42,0.487,0,1.0,5.627093,0
422,43,0.510,0,1.0,6.3355417,0
422,44,0.529,0,1.0,5.8200793,0
422,45,0.552,0,1.0,7.0993743,0
422,46,0.572,0,1.0,6.0440516,0
422,47,0.582,0,1.0,4.224951,0
422,48,0.616,1,-0.05,2.858817,0
422,49,0.611,1,-0.05,1.9193959,0
422,50,0.611,1,-0.05,1.3274775,0
422,51,0.626,1,-0.05,0.037288487,0
422,52,0.625,1,-0.05,0.2879511,0
422,53,0.632,0,1.0,-0.21919227,0
422,54,0.694,1,-0.05,1.5317004,0
422,55,0.698,0,1.0,0.298885,0
422,56,0.640,0,1.0,0.94327843,0
422,57,0.562,2,-0.05,3.4712834,0
422,58,0.553,2,-0.05,1.940455,0
422,59,0.547,2,-0.05,5.1280284,0
422,60,0.540,2,-0.05,3.0352683,0
422,61,0.530,1,-0.05,4.403261,0
422,62,0.511,2,-0.05,3.479982,0
422,63,0.509,2,-0.05,4.0921955,0
422,64,0.492,2,-0.05,7.0946794,0
422,65,0.476,2,-0.05,4.9962134,0
422,66,0.481,1,-0.05,6.107555,0
422,67,0.472,2,-0.05,5.0790634,0
422,68,0.461,2,-0.05,6.2719,0
422,69,0.478,0,1.0,3.5714667,0
422,70,0.473,1,-0.05,3.9053488,0
422,71,0.477,0,1.0,4.588039,0
422,72,0.470,2,-0.05,5.0105324,0
422,73,0.465,2,-0.05,5.7280436,0
422,74,0.482,2,-0.05,6.3004913,0
422,75,0.476,2,-0.05,6.326682,0
422,76,0.475,0,1.0,7.697299,0
422,77,0.492,2,-0.05,5.4015074,0
422,78,0.501,2,-0.05,4.557062,0
422,79,0.530,0,1.0,2.1190796,0
422,80,0.567,0,1.0,-0.08141482,0
422,81,0.624,0,1.0,0.93765396,0
422,82,0.647,0,1.0,1.1284369,0
422,83,0.700,0,1.0,1.6517898,0
422,84,0.635,2,-0.05,2.7576497,0
422,85,0.618,2,-0.05,3.5209467,0
422,86,0.606,2,-0.05,2.9452162,0
422,87,0.594,1,-0.05,0.80839163,0
422,88,0.584,1,-0.05,2.2628555,0
422,89,0.567,1,-0.05,3.705838,0
422,90,0.558,1,-0.05,1.8871218,0
422,91,0.509,0,1.0,5.134494,0
422,92,0.409,0,1.0,4.777248,0
422,93,0.355,2,-0.05,1.3108184,0
422,94,0.337,2,-0.05,-0.6379422,0
422,95,0.316,1,-0.05,-3.2458014,0
422,96,0.304,2,-0.05,-3.4813046,0
422,97,0.284,2,-0.05,-8.967954,0
422,98,0.269,1,-0.05,-40.711903,0
422,99,0.263,1,-0.05,-47.450073,0
422,100,0.246,1,-0.05,-32.33084,0
422,101,0.224,2,-0.05,-67.245674,0
422,102,0.223,1,-0.05,-82.02214,0
422,103,0.195,1,-100.0,-84.7828,0
423,0,0.663,0,1.0,5.384133,0
423,1,0.669,0,1.0,7.20953,0
423,2,0.658,0,1.0,5.5428123,0
423,3,0.656,0,1.0,7.0186834,0
423,4,0.656,0,1.0,5.274796,0
423,5,0.644,0,1.0,5.795539,0
423,6,0.632,0,1.0,7.1483903,0
423,7,0.625,0,1.0,6.4261146,0
423,8,0.637,0,1.0,4.4946165,0
423,9,0.631,0,1.0,7.3446393,0
423,10,0.619,0,1.0,7.7255063,0
423,11,0.631,2,-0.05,7.61822,0
423,12,0.622,0,1.0,6.9331136,0
423,13,0.640,0,1.0,7.9230485,0
423,14,0.640,0,1.0,7.220362,0
423,15,0.644,0,1.0,6.796092,0
423,16,0.650,0,1.0,7.737034,0
423,17,0.656,0,1.0,7.3220377,0
423,18,0.663,0,1.0,6.880796,0
423,19,0.677,0,1.0,6.2546887,0
423,20,0.666,0,1.0,7.049087,0
423,21,0.682,0,1.0,6.4984207,0
423,22,0.683,0,1.0,6.0919,0
423,23,0.694,0,1.0,6.3735013,0
423,24,0.711,0,1.0,5.350606,0
423,25,0.689,0,1.0,4.7534266,0
423,26,0.709,0,1.0,4.8979764,0
423,27,0.697,0,1.0,4.3045807,0
423,28,0.692,0,1.0,5.786389,0
423,29,0.687,0,1.0,6.3343854,0
423,30,0.680,0,1.0,6.3216763,0
423,31,0.668,0,1.0,5.9332213,0
423,32,0.659,0,1.0,6.473286,0
423,33,0.656,0,1.0,6.56067,0
423,34,0.660,0,1.0,6.0762906,0
423,35,0.670,0,1.0,6.581509,0
423,36,0.680,0,1.0,4.5480995,0
423,37,0.718,0,1.0,5.147877,0
423,38,0.716,0,1.0,6.6360435,0
423,39,0.775,0,1.0,6.13924,0
423,40,0.790,0,1.0,5.0511255,0
423,41,0.794,0,1.0,2.5396445,0
423,42,0.693,0,1.0,0.7209993,0
423,43,0.633,0,1.0,0.75310224,0
423,44,0.515,0,1.0,2.0568516,0
423,45,0.394,0,1.0,1.7798755,0
423,46,0.355,2,-0.05,-1.6511247,0
423,47,0.339,2,-0.05,-4.1364717,0
423,48,0.318,2,-0.05,-5.798581,0
423,49,0.291,2,-0.05,-11.642848,0
423,50,0.286,2,-0.05,-10.430858,0
423,51,0.264,1,-0.05,-42.075336,0
423,52,0.247,1,-0.05,-43.36753,0
423,53,0.234,1,-0.05,-40.580925,0
423,54,0.226,2,-0.05,-75.5039,0
423,55,0.211,2,-0.05,-73.08548,0
423,56,0.192,1,-100.0,-83.68711,0
424,0,0.666,0,1.0,6.530657,0
424,1,0.659,0,1.0,5.897792,0
424,2,0.655,0,1.0,6.481491,0
424,3,0.660,0,1.0,6.9766917,0
424,4,0.657,2,-0.05,6.4514756,0
424,5,0.635,0,1.0,5.610542,0
424,6,0.663,0,1.0,7.560815,0
424,7,0.672,0,1.0,6.6202917,0
424,8,0.665,2,-0.05,6.5693283,0
424,9,0.680,0,1.0,6.652274,0
424,10,0.695,0,1.0,6.7913475,0
424,11,0.695,0,1.0,6.4907784,0
424,12,0.692,0,1.0,7.2779818,0
424,13,0.687,0,1.0,7.0417438,0
424,14,0.648,0,1.0,5.1567044,0
424,15,0.649,0,1.0,7.184354,0
424,16,0.632,0,1.0,4.4796658,0
424,17,0.611,0,1.0,7.2646837,0
424,18,0.599,1,-0.05,7.507747,0
424,19,0.602,0,1.0,5.2785077,0
424,20,0.587,0,1.0,5.166651,0
424,21,0.580,2,-0.05,6.8693943,0
424,22,0.580,0,1.0,6.7983913,0
424,23,0.578,0,1.0,5.3872166,0
424,24,0.551,0,1.0,5.22047,0
424,25,0.550,0,1.0,5.7697005,0
424,26,0.531,1,-0.05,5.441824,0
424,27,0.509,0,1.0,5.761345,0
424,28,0.505,0,1.0,5.9569054,0
424,29,0.505,0,1.0,3.9380739,0
424,30,0.511,0,1.0,4.777401,0
424,31,0.509,0,1.0,4.413862,0
424,32,0.489,0,1.0,6.4482045,0
424,33,0.485,0,1.0,4.6601086,0
424,34,0.480,0,1.0,6.949231,0
424,35,0.484,0,1.0,6.2886896,0
424,36,0.490,1,-0.05,4.8267817,0
424,37,0.493,1,-0.05,3.8592012,0
424,38,0.492,0,1.0,2.029656,0
424,39,0.522,2,-0.05,0.49661928,0
424,40,0.535,1,-0.05,1.1861308,0
424,41,0.587,0,1.0,1.6327889,0
424,42,0.612,2,-0.05,-0.03314756,0
424,43,0.637,0,1.0,1.5909829,0
424,44,0.758,0,1.0,2.5790572,0
424,45,0.816,1,-0.05,3.6106963,0
424,46,0.810,1,-0.05,3.1488545,0
424,47,0.822,1,-0.05,1.3764514,0
424,48,0.811,1,-0.05,0.5919633,0
424,49,0.838,2,-0.05,2.1765335,0
424,50,0.795,2,-0.05,2.4870346,0
424,51,0.791,1,-0.05,2.8056726,0
424,52,0.786,1,-0.05,0.53576183,0
424,53,0.765,2,-0.05,0.7160822,0
424,54,0.752,2,-0.05,0.48886335,0
424,55,0.743,1,-0.05,1.5511562,0
424,56,0.725,1,-0.05,0.671116,0
424,57,0.719,2,-0.05,4.814268,0
424,58,0.697,2,-0.05,4.310834,0
424,59,0.674,1,-0.05,5.012186,0
424,60,0.664,1,-0.05,2.92252,0
424,61,0.637,2,-0.05,3.511175,0
424,62,0.641,1,-0.05,3.60867,0
424,63,0.619,1,-0.05,3.3703935,0
424,64,0.614,2,-0.05,8.029503,0
424,65,0.602,2,-0.05,8.947153,0
424,66,0.573,1,-0.05,5.3234515,0
424,67,0.574,1,-0.05,7.2431707,0
424,68,0.553,2,-0.05,9.59577,0
424,69,0.543,1,-0.05,9.836507,0
424,70,0.529,2,-0.05,9.312633,0
424,71,0.509,2,-0.05,10.362896,0
424,72,0.500,1,-0.05,6.3574743,0
424,73,0.478,1,-0.05,2.3266299,0
424,74,0.484,2,-0.05,8.947768,0
424,75,0.460,2,-0.05,8.315398,0
424,76,0.447,2,-0.05,1.5711544,0
424,77,0.440,1,-0.05,-1.4154551,0
424,78,0.431,2,-0.05,-5.729294,0
424,79,0.421,2,-0.05,-4.16591,0
424,80,0.375,0,1.0,-5.9499674,0
424,81,0.330,2,-0.05,-2.7609525,0
424,82,0.284,2,-0.05,-5.776789,0
424,83,0.266,2,-0.05,-10.267352,0
424,84,0.271,2,-0.05,-27.673527,0
424,85,0.247,2,-0.05,-57.0737,0
424,86,0.247,2,-0.05,-73.38258,0
424,87,0.218,2,-0.05,-80.20503,0
424,88,0.208,1,-0.05,-76.01753,0
424,89,0.182,1,-100.0,-100.43254,0
425,0,0.661,0,1.0,6.9214444,0
425,1,0.671,0,1.0,6.1306157,0
425,2,0.665,0,1.0,5.9830694,0
425,3,0.645,0,1.0,6.4748635,0
425,4,0.663,0,1.0,6.60374,0
425,5,0.642,1,-0.05,6.457307,0
425,6,0.653,0,1.0,6.921295,0
425,7,0.625,0,1.0,5.6844025,0
425,8,0.630,0,1.0,5.82435,0
425,9,0.610,0,1.0,5.441944,0
425,10,0.599,0,1.0,6.765077,0
425,11,0.582,0,1.0,6.0137024,0
425,12,0.575,0,1.0,5.071403,0
425,13,0.548,0,1.0,6.9602575,0
425,14,0.545,0,1.0,4.5848637,0
425,15,0.535,0,1.0,6.694014,0
425,16,0.519,0,1.0,4.8453336,0
425,17,0.503,0,1.0,3.7740843,0
425,18,0.488,0,1.0,4.5884714,0
425,19,0.483,0,1.0,5.6591377,0
425,20,0.458,1,-0.05,4.8228717,0
425,21,0.450,0,1.0,4.6014767,0
425,22,0.450,2,-0.05,5.806954,0
425,23,0.432,0,1.0,5.649855,0
425,24,0.413,0,1.0,4.247567,0
425,25,0.404,0,1.0,5.782777,0
425,26,0.404,0,1.0,4.771166,0
425,27,0.374,1,-0.05,5.8494053,0
425,28,0.370,0,1.0,6.024006,0
425,29,0.346,0,1.0,6.982109,0
425,30,0.323,0,1.0,5.6195626,0
425,31,0.303,0,1.0,4.8575544,0
425,32,0.278,1,-0.05,0.44736463,0
425,33,0.294,1,-0.05,-0.7545812,0
425,34,0.275,1,-0.05,-2.907684,0
425,35,0.265,2,-0.05,-9.105328,0
425,36,0.261,2,-0.05,-4.9604635,0
425,37,0.264,1,-0.05,-7.5033693,0
425,38,0.259,1,-0.05,-8.588516,0
425,39,0.230,2,-0.05,-21.591661,0
425,40,0.235,2,-0.05,-24.299559,0
425,41,0.229,1,-0.05,-24.400566,0
425,42,0.223,1,-0.05,-29.864407,0
425,43,0.232,1,-0.05,-39.79007,0
425,44,0.211,1,-0.05,-54.085087,0
425,45,0.214,1,-0.05,-73.51744,0
425,46,0.205,2,-0.05,-69.52716,0
425,47,0.188,1,-100.0,-92.010056,0
426,0,0.666,0,1.0,6.191976,0
426,1,0.670,2,-0.05,4.1238904,0
426,2,0.658,2,-0.05,5.7948446,0
426,3,0.652,1,-0.05,5.048648,0
426,4,0.675,1,-0.05,5.642757,0
426,5,0.661,0,1.0,6.6756334,0
426,6,0.651,0,1.0,5.7323303,0
426,7,0.637,0,1.0,5.1705813,0
426,8,0.603,0,1.0,6.4276366,0
426,9,0.600,0,1.0,5.1311293,0
426,10,0.572,1,-0.05,4.5844445,0
426,11,0.563,0,1.0,5.4545555,0
426,12,0.544,2,-0.05,2.5341575,0
426,13,0.534,0,1.0,4.295682,0
426,14,0.515,0,1.0,5.348896,0
426,15,0.500,2,-0.05,4.924375,0
426,16,0.489,2,-0.05,5.4175963,0
426,17,0.498,2,-0.05,6.0572343,0
426,18,0.490,0,1.0,7.525411,0
426,19,0.492,1,-0.05,6.9126306,0
426,20,0.485,1,-0.05,6.155634,0
426,21,0.498,0,1.0,6.2503214,0
426,22,0.501,0,1.0,6.2340693,0
426,23,0.481,0,1.0,5.2635207,0
426,24,0.471,0,1.0,5.977022,0
426,25,0.462,0,1.0,4.637852,0
426,26,0.455,0,1.0,5.329576,0
426,27,0.446,0,1.0,5.9680214,0
426,28,0.438,0,1.0,5.6616497,0
426,29,0.419,0,1.0,4.850745,0
426,30,0.411,0,1.0,6.2958345,0
426,31,0.394,0,1.0,6.3339176,0
426,32,0.401,0,1.0,5.8940845,0
426,33,0.372,0,1.0,6.9016514,0
426,34,0.361,0,1.0,5.7589407,0
426,35,0.356,0,1.0,6.6235538,0
426,36,0.350,0,1.0,6.3894267,0
426,37,0.346,0,1.0,8.135908,0
426,38,0.332,0,1.0,8.033399,0
426,39,0.330,0,1.0,6.6945844,0
426,40,0.307,0,1.0,4.219639,0
426,41,0.307,1,-0.05,1.8615228,0
426,42,0.296,0,1.0,1.1213702,0
426,43,0.263,0,1.0,3.5675406,0
426,44,0.281,1,-0.05,-0.2635888,0
426,45,0.257,1,-0.05,-2.1692433,0
426,46,0.262,1,-0.05,-6.6039205,0
426,47,0.261,1,-0.05,-9.332695,0
426,48,0.256,1,-0.05,-13.298658,0
426,49,0.253,2,-0.05,-7.6382375,0
426,50,0.243,0,1.0,-13.2998295,0
426,51,0.196,1,-100.0,-19.806816,0
427,0,0.663,0,1.0,6.9170284,0
427,1,0.672,0,1.0,6.558459,0
427,2,0.663,1,-0.05,4.5857677,0
427,3,0.665,1,-0.05,5.658636,0
427,4,0.667,0,1.0,5.175642,0
427,5,0.643,0,1.0,6.3083563,0
427,6,0.606,0,1.0,5.728549,0
427,7,0.610,0,1.0,5.9654374,0
427,8,0.577,0,1.0,4.929834,0
427,9,0.563,0,1.0,6.1586137,0
427,10,0.550,2,-0.05,6.0196886,0
427,11,0.536,0,1.0,5.656518,0
427,12,0.536,2,-0.05,5.7769756,0
427,13,0.515,0,1.0,7.12305,0
427,14,0.523,0,1.0,7.7498546,0
427,15,0.523,0,1.0,7.406637,0
427,16,0.521,0,1.0,8.571635,0
427,17,0.521,0,1.0,7.214851,0
427,18,0.517,0,1.0,7.8364954,0
427,19,0.511,0,1.0,7.376513,0
427,20,0.510,0,1.0,5.263087,0
427,21,0.510,0,1.0,5.888659,0
427,22,0.509,1,-0.05,5.247688,0
427,23,0.528,0,1.0,5.930242,0
427,24,0.506,0,1.0,4.491746,0
427,25,0.503,0,1.0,5.8688993,0
427,26,0.496,0,1.0,6.424982,0
427,27,0.467,0,1.0,5.944142,0
427,28,0.469,0,1.0,5.7451196,0
427,29,0.462,0,1.0,6.019284,0
427,30,0.439,0,1.0,5.307507,0
427,31,0.443,0,1.0,6.2001104,0
427,32,0.428,0,1.0,6.219721,0
427,33,0.423,0,1.0,7.215929,0
427,34,0.405,0,1.0,7.6740594,0
427,35,0.398,0,1.0,7.336446,0
427,36,0.395,2,-0.05,7.2462926,0
427,37,0.380,0,1.0,4.49827,0
427,38,0.389,0,1.0,7.3177423,0
427,39,0.387,0,1.0,5.0051823,0
427,40,0.384,0,1.0,6.5654254,0
427,41,0.369,0,1.0,5.973506,0
427,42,0.375,0,1.0,4.884887,0
427,43,0.376,0,1.0,6.080404,0
427,44,0.388,0,1.0,5.2223463,0
427,45,0.371,0,1.0,4.976528,0
427,46,0.381,1,-0.05,5.1690183,0
427,47,0.375,1,-0.05,4.151512,0
427,48,0.376,2,-0.05,4.343809,0
427,49,0.380,2,-0.05,3.462541,0
427,50,0.379,1,-0.05,4.5392027,0
427,51,0.373,2,-0.05,3.4427743,0
427,52,0.373,2,-0.05,3.7390835,0
427,53,0.364,2,-0.05,2.1538448,0
427,54,0.391,0,1.0,3.7554255,0
427,55,0.391,1,-0.05,1.831434,0
427,56,0.337,0,1.0,-0.42565918,0
427,57,0.280,1,-0.05,-4.7337723,0
427,58,0.253,2,-0.05,-28.783302,0
427,59,0.242,2,-0.05,-34.845207,0
427,60,0.224,1,-0.05,-60.70847,0
427,61,0.213,1,-0.05,-59.27138,0
427,62,0.191,2,-100.0,-90.17211,0
428,0,0.672,1,-0.05,6.411792,0
428,1,0.675,1,-0.05,4.6287856,0
428,2,0.662,2,-0.05,3.7959478,0
428,3,0.652,0,1.0,6.1747246,0
428,4,0.676,0,1.0,7.0423727,0
428,5,0.650,0,1.0,6.3542523,0
428,6,0.653,0,1.0,5.374401,0
428,7,0.663,0,1.0,6.3004766,0
428,8,0.678,0,1.0,5.6804576,0
428,9,0.670,0,1.0,6.6067677,0
428,10,0.669,0,1.0,7.4215245,0
428,11,0.673,0,1.0,6.8749957,0
428,12,0.678,0,1.0,6.0480065,0
428,13,0.684,0,1.0,7.0853596,0
428,14,0.683,0,1.0,5.452096,0
428,15,0.682,0,1.0,6.1469784,0
428,16,0.666,0,1.0,7.3755417,0
428,17,0.686,0,1.0,5.1601076,0
428,18,0.679,0,1.0,6.1907563,0
428,19,0.688,2,-0.05,4.1052876,0
428,20,0.685,1,-0.05,5.725405,0
428,21,0.675,2,-0.05,3.634942,0
428,22,0.676,0,1.0,5.4932957,0
428,23,0.687,0,1.0,6.8840885,0
428,24,0.698,0,1.0,6.166427,0
428,25,0.690,0,1.0,5.0242543,0
428,26,0.670,0,1.0,6.5898266,0
428,27,0.669,0,1.0,4.714634,0
428,28,0.662,0,1.0,6.1642056,0
428,29,0.653,0,1.0,5.543319,0
428,30,0.632,0,1.0,6.572397,0
428,31,0.610,0,1.0,4.223916,0
428,32,0.608,0,1.0,4.6901836,0
428,33,0.584,0,1.0,4.301651,0
428,34,0.580,0,1.0,4.7155943,0
428,35,0.555,0,1.0,5.181949,0
428,36,0.562,0,1.0,5.6904254,0
428,37,0.537,0,1.0,5.0152946,0
428,38,0.525,0,1.0,6.195156,0
428,39,0.521,0,1.0,5.584282,0
428,40,0.522,0,1.0,5.0129137,0
428,41,0.537,0,1.0,5.644243,0
428,42,0.570,0,1.0,4.47017,0
428,43,0.610,0,1.0,6.2393975,0
428,44,0.646,0,1.0,6.1142693,0
428,45,0.727,0,1.0,4.8205414,0
428,46,0.727,0,1.0,5.1307025,0
428,47,0.744,0,1.0,4.461338,0
428,48,0.688,0,1.0,3.7999945,0
428,49,0.566,0,1.0,2.760421,0
428,50,0.540,2,-0.05,2.7673354,0
428,51,0.513,2,-0.05,0.8595698,0
428,52,0.507,2,-0.05,2.374552,0
428,53,0.489,2,-0.05,3.4667888,0
428,54,0.460,1,-0.05,6.6062603,0
428,55,0.464,1,-0.05,5.910165,0
428,56,0.436,1,-0.05,3.8026466,0
428,57,0.409,2,-0.05,0.81127733,0
428,58,0.410,1,-0.05,-2.5376024,0
428,59,0.390,1,-0.05,-0.0460943,0
428,60,0.364,2,-0.05,-2.403286,0
428,61,0.346,2,-0.05,-1.9448032,0
428,62,0.339,1,-0.05,-4.0387816,0
428,63,0.324,2,-0.05,-6.648883,0
428,64,0.294,2,-0.05,-11.290591,0
428,65,0.284,2,-0.05,-11.768986,0
428,66,0.276,1,-0.05,-23.452374,0
428,67,0.253,1,-0.05,-28.952717,0
428,68,0.242,2,-0.05,-44.434975,0
428,69,0.227,1,-0.05,-49.87099,0
428,70,0.208,1,-0.05,-71.99307,0
428,71,0.205,2,-0.05,-93.66139,0
428,72,0.170,2,-100.0,-105.90254,0
429,0,0.663,0,1.0,7.324913,0
429,1,0.663,1,-0.05,7.226579,0
429,2,0.669,0,1.0,7.103214,0
429,3,0.659,0,1.0,6.297011,0
429,4,0.658,0,1.0,6.069576,0
429,5,0.647,0,1.0,7.427154,0
429,6,0.646,2,-0.05,7.3941197,0
429,7,0.645,0,1.0,6.289923,0
429,8,0.644,0,1.0,7.389847,0
429,9,0.640,0,1.0,6.7559376,0
429,10,0.641,0,1.0,5.8276186,0
429,11,0.646,0,1.0,7.724815,0
429,12,0.651,0,1.0,6.4007874,0
429,13,0.648,0,1.0,6.150792,0
429,14,0.664,0,1.0,6.208361,0
429,15,0.654,0,1.0,6.821745,0
429,16,0.669,0,1.0,7.5280347,0
429,17,0.673,0,1.0,6.750736,0
429,18,0.683,0,1.0,7.0874214,0
429,19,0.668,1,-0.05,5.165224,0
429,20,0.678,0,1.0,6.5935464,0
429,21,0.670,0,1.0,5.7527905,0
429,22,0.666,1,-0.05,4.880193,0
429,23,0.661,1,-0.05,4.886088,0
429,24,0.665,0,1.0,4.9147735,0
429,25,0.627,0,1.0,4.9260697,0
429,26,0.590,0,1.0,5.8769026,0
429,27,0.569,0,1.0,3.679182,0
429,28,0.549,0,1.0,4.4864044,0
429,29,0.524,0,1.0,3.730887,0
429,30,0.496,0,1.0,5.269808,0
429,31,0.465,0,1.0,4.546549,0
429,32,0.427,0,1.0,5.9171014,0
429,33,0.407,0,1.0,6.003841,0
429,34,0.364,0,1.0,6.909006,0
429,35,0.361,0,1.0,4.828992,0
429,36,0.334,2,-0.05,3.5124567,0
429,37,0.328,2,-0.05,2.5981169,0
429,38,0.318,0,1.0,1.3111223,0
429,39,0.318,0,1.0,3.12697,0
429,40,0.307,0,1.0,4.3694863,0
429,41,0.297,2,-0.05,4.413234,0
429,42,0.296,2,-0.05,4.2878428,0
429,43,0.289,0,1.0,2.9900408,0
429,44,0.314,0,1.0,6.9286976,0
429,45,0.326,0,1.0,7.5839972,0
429,46,0.340,0,1.0,6.46707,0
429,47,0.347,0,1.0,6.3588448,0
429,48,0.368,0,1.0,4.731221,0
429,49,0.376,0,1.0,6.378339,0
429,50,0.387,0,1.0,4.9635854,0
429,51,0.327,1,-0.05,-0.23424399,0
429,52,0.303,2,-0.05,-12.473132,0
429,53,0.290,2,-0.05,-13.772587,0
429,54,0.287,1,-0.05,-13.467579,0
429,55,0.254,0,1.0,-23.5601,0
429,56,0.177,2,-100.0,-53.068512,0
430,0,0.650,0,1.0,6.628689,0
430,1,0.672,0,1.0,7.9040103,0
430,2,0.675,0,1.0,5.682132,0
430,3,0.664,1,-0.05,7.501151,0
430,4,0.671,0,1.0,6.444186,0
430,5,0.654,0,1.0,7.2370734,0
430,6,0.647,0,1.0,6.8027554,0
430,7,0.657,0,1.0,6.486108,0
430,8,0.631,1,-0.05,5.039376,0
430,9,0.650,1,-0.05,5.6188903,0
430,10,0.642,0,1.0,4.5047894,0
430,11,0.623,0,1.0,4.9481044,0
430,12,0.590,0,1.0,4.5220942,0
430,13,0.575,0,1.0,5.076222,0
430,14,0.551,0,1.0,6.408141,0
430,15,0.546,0,1.0,4.676112,0
430,16,0.513,0,1.0,7.075823,0
430,17,0.480,0,1.0,6.64336,0
430,18,0.480,0,1.0,5.52053,0
430,19,0.435,0,1.0,6.3822546,0
430,20,0.433,1,-0.05,6.3661647,0
430,21,0.419,0,1.0,6.1050215,0
430,22,0.398,0,1.0,4.941307,0
430,23,0.381,0,1.0,4.1374545,0
430,24,0.363,0,1.0,3.9652584,0
430,25,0.317,0,1.0,2.975432,0
430,26,0.304,0,1.0,2.916708,0
430,27,0.264,2,-0.05,-1.2095053,0
430,28,0.247,2,-0.05,-10.349918,0
430,29,0.257,2,-0.05,-7.1792293,0
430,30,0.245,2,-0.05,-6.15794,0
430,31,0.242,0,1.0,0.8699748,0
430,32,0.240,0,1.0,4.218113,0
430,33,0.251,0,1.0,6.1965933,0
430,34,0.252,0,1.0,5.511524,0
430,35,0.251,0,1.0,5.025119,0
430,36,0.265,0,1.0,4.2045355,0
430,37,0.271,0,1.0,6.4683957,0
430,38,0.279,0,1.0,5.022614,0
430,39,0.259,1,-0.05,3.8365037,0
430,40,0.273,0,1.0,5.163696,0
430,41,0.263,2,-0.05,0.87584066,0
430,42,0.268,0,1.0,3.1608167,0
430,43,0.271,0,1.0,6.2241693,0
430,44,0.284,0,1.0,7.8207817,0
430,45,0.292,0,1.0,5.8943806,0
430,46,0.297,0,1.0,5.193981,0
430,47,0.304,1,-0.05,5.692207,0
430,48,0.301,0,1.0,5.000202,0
430,49,0.299,0,1.0,3.8256238,0
430,50,0.299,2,-0.05,4.5028386,0
430,51,0.290,0,1.0,1.9763951,0
430,52,0.289,0,1.0,4.0040083,0
430,53,0.288,0,1.0,2.6607208,0
430,54,0.291,2,-0.05,6.523073,0
430,55,0.295,2,-0.05,2.2409868,0
430,56,0.290,2,-0.05,4.381789,0
430,57,0.311,0,1.0,2.2445385,0
430,58,0.338,1,-0.05,-1.1254382,0
430,59,0.332,2,-0.05,-4.392938,0
430,60,0.338,2,-0.05,-2.9073095,0
430,61,0.320,1,-0.05,-1.2996612,0
430,62,0.306,1,-0.05,-9.687886,0
430,63,0.301,2,-0.05,-13.66484,0
430,64,0.287,2,-0.05,-20.077003,0
430,65,0.273,1,-0.05,-15.138751,0
430,66,0.255,2,-0.05,-31.64441,0
430,67,0.240,1,-0.05,-55.184425,0
430,68,0.218,1,-0.05,-68.49408,0
430,69,0.211,2,-0.05,-72.91695,0
430,70,0.192,2,-100.0,-75.42754,0
431,0,0.657,1,-0.05,6.0164857,0
431,1,0.657,0,1.0,5.3471756,0
431,2,0.646,0,1.0,5.8959055,0
431,3,0.635,0,1.0,6.151217,0
431,4,0.636,1,-0.05,4.248066,0
431,5,0.618,0,1.0,5.359877,0
431,6,0.601,0,1.0,5.434189,0
431,7,0.563,0,1.0,4.094635,0
431,8,0.545,0,1.0,6.1497645,0
431,9,0.518,0,1.0,5.6354523,0
431,10,0.496,2,-0.05,6.1296587,0
431,11,0.492,0,1.0,6.2825575,0
431,12,0.471,2,-0.05,4.9716935,0
431,13,0.464,2,-0.05,5.8843913,0
431,14,0.477,0,1.0,7.547478,0
431,15,0.470,0,1.0,7.3861346,0
431,16,0.473,0,1.0,6.621847,0
431,17,0.477,0,1.0,6.8843455,0
431,18,0.500,0,1.0,6.9540462,0
431,19,0.484,0,1.0,7.0798116,0
431,20,0.487,0,1.0,7.466543,0
431,21,0.488,0,1.0,6.7941613,0
431,22,0.482,0,1.0,5.9261737,0
431,23,0.498,0,1.0,7.675828,0
431,24,0.501,0,1.0,7.3227534,0
431,25,0.516,1,-0.05,4.261755,0
431,26,0.485,0,1.0,5.380073,0
431,27,0.501,1,-0.05,3.3273547,0
431,28,0.515,0,1.0,4.9387302,0
431,29,0.480,0,1.0,5.403097,0
431,30,0.470,0,1.0,5.276999,0
431,31,0.467,0,1.0,6.107921,0
431,32,0.442,0,1.0,6.2009506,0
431,33,0.424,0,1.0,7.628585,0
431,34,0.403,0,1.0,6.5394692,0
431,35,0.400,0,1.0,7.119801,0
431,36,0.374,0,1.0,8.81303,0
431,37,0.369,0,1.0,5.7286882,0
431,38,0.352,0,1.0,5.3949814,0
431,39,0.328,0,1.0,3.9534276,0
431,40,0.322,0,1.0,2.6513243,0
431,41,0.306,2,-0.05,3.0943115,0
431,42,0.292,1,-0.05,-1.1947322,0
431,43,0.306,0,1.0,0.19143856,0
431,44,0.272,1,-0.05,1.4850625,0
431,45,0.287,1,-0.05,1.7885928,0
431,46,0.277,1,-0.05,3.8093028,0
431,47,0.270,2,-0.05,-10.946886,0
431,48,0.253,2,-0.05,-19.5569,0
431,49,0.251,2,-0.05,0.33344817,0
431,50,0.239,2,-0.05,-2.1042318,0
431,51,0.244,1,-0.05,-7.9805937,0
431,52,0.244,1,-0.05,-6.636091,0
431,53,0.233,2,-0.05,-6.408106,0
431,54,0.226,2,-0.05,-4.0997543,0
431,55,0.230,1,-0.05,-13.124601,0
431,56,0.217,1,-0.05,-8.468464,0
431,57,0.211,2,-0.05,-8.657188,0
431,58,0.212,2,-0.05,-15.276243,0
431,59,0.217,1,-0.05,-22.155941,0
431,60,0.210,1,-0.05,-14.947308,0
431,61,0.196,2,-100.0,-20.6352,0
432,0,0.667,1,-0.05,6.2711463,0
432,1,0.657,0,1.0,5.862548,0
432,2,0.648,0,1.0,6.992266,0
432,3,0.643,2,-0.05,5.8706536,0
432,4,0.644,0,1.0,6.0483265,0
432,5,0.631,0,1.0,6.337467,0
432,6,0.620,0,1.0,6.709013,0
432,7,0.631,0,1.0,6.81726,0
432,8,0.623,0,1.0,6.3121634,0
432,9,0.617,0,1.0,5.9540625,0
432,10,0.617,0,1.0,8.482807,0
432,11,0.615,0,1.0,5.353454,0
432,12,0.610,0,1.0,7.4725647,0
432,13,0.600,0,1.0,6.9133496,0
432,14,0.607,0,1.0,6.717995,0
432,15,0.602,0,1.0,7.1464815,0
432,16,0.601,0,1.0,5.7969427,0
432,17,0.591,0,1.0,5.4100027,0
432,18,0.582,0,1.0,7.371669,0
432,19,0.579,0,1.0,5.8482814,0
432,20,0.590,0,1.0,6.5421023,0
432,21,0.589,0,1.0,5.5109487,0
432,22,0.580,0,1.0,4.494385,0
432,23,0.563,0,1.0,5.318465,0
432,24,0.546,2,-0.05,6.106954,0
432,25,0.564,0,1.0,4.6018157,0
432,26,0.571,0,1.0,7.155746,0
432,27,0.572,0,1.0,5.4858594,0
432,28,0.575,0,1.0,5.3081746,0
432,29,0.579,0,1.0,5.5088534,0
432,30,0.595,0,1.0,6.2045746,0
432,31,0.593,0,1.0,5.972684,0
432,32,0.588,0,1.0,4.749337,0
432,33,0.604,0,1.0,4.9452195,0
432,34,0.611,0,1.0,4.787035,0
432,35,0.603,0,1.0,5.74066,0
432,36,0.611,0,1.0,6.1677394,0
432,37,0.622,0,1.0,6.1606803,0
432,38,0.615,0,1.0,4.6643972,0
432,39,0.629,0,1.0,4.737487,0
432,40,0.624,0,1.0,3.6042461,0
432,41,0.634,0,1.0,5.4299445,0
432,42,0.640,0,1.0,5.650579,0
432,43,0.652,0,1.0,4.8528366,0
432,44,0.636,0,1.0,1.5625038,0
432,45,0.542,0,1.0,2.8394768,0
432,46,0.490,0,1.0,4.055828,0
432,47,0.368,0,1.0,2.9110754,0
432,48,0.312,2,-0.05,-4.1166477,0
432,49,0.278,2,-0.05,-28.34885,0
432,50,0.255,2,-0.05,-40.10022,0
432,51,0.252,2,-0.05,-59.660095,0
432,52,0.237,2,-0.05,-58.445442,0
432,53,0.221,1,-0.05,-65.380104,0
432,54,0.197,1,-100.0,-81.6116,0
433,0,0.666,0,1.0,6.4828343,0
433,1,0.659,0,1.0,5.627886,0
433,2,0.655,0,1.0,7.559923,0
433,3,0.657,0,1.0,6.9719996,0
433,4,0.656,2,-0.05,5.246637,0
433,5,0.638,0,1.0,6.5202,0
433,6,0.659,0,1.0,7.39626,0
433,7,0.656,0,1.0,5.4826736,0
433,8,0.669,0,1.0,7.629825,0
433,9,0.674,0,1.0,7.0595226,0
433,10,0.680,0,1.0,6.8513513,0
433,11,0.680,0,1.0,7.366012,0
433,12,0.697,0,1.0,5.6241736,0
433,13,0.702,0,1.0,7.1195993,0
433,14,0.710,0,1.0,6.239175,0
433,15,0.703,1,-0.05,7.072068,0
433,16,0.703,0,1.0,4.8464246,0
433,17,0.700,0,1.0,7.137191,0
433,18,0.691,0,1.0,6.499949,0
433,19,0.706,0,1.0,6.294318,0
433,20,0.698,2,-0.05,6.4170885,0
433,21,0.707,0,1.0,5.458571,0
433,22,0.713,0,1.0,4.4209213,0
433,23,0.697,0,1.0,5.5810194,0
433,24,0.704,0,1.0,6.703053,0
433,25,0.697,2,-0.05,5.2076197,0
433,26,0.692,0,1.0,5.621998,0
433,27,0.668,0,1.0,7.100526,0
433,28,0.662,0,1.0,5.3556833,0
433,29,0.650,0,1.0,5.222078,0
433,30,0.638,2,-0.05,2.4686434,0
433,31,0.617,0,1.0,2.5708752,0
433,32,0.609,2,-0.05,2.8714507,0
433,33,0.592,0,1.0,1.1891732,0
433,34,0.579,1,-0.05,3.6017082,0
433,35,0.569,0,1.0,2.9049945,0
433,36,0.542,0,1.0,3.2012794,0
433,37,0.512,0,1.0,2.8928392,0
433,38,0.494,0,1.0,5.544938,0
433,39,0.474,0,1.0,4.107012,0
433,40,0.453,0,1.0,4.430744,0
433,41,0.444,0,1.0,4.8308806,0
433,42,0.503,0,1.0,4.692749,0
433,43,0.524,0,1.0,5.7390156,0
433,44,0.555,0,1.0,5.595644,0
433,45,0.677,0,1.0,5.9799967,0
433,46,0.679,0,1.0,5.264853,0
433,47,0.707,0,1.0,4.8653193,0
433,48,0.581,0,1.0,3.3779066,0
433,49,0.535,0,1.0,2.024552,0
433,50,0.411,0,1.0,-0.052325726,0
433,51,0.349,2,-0.05,-5.788878,0
433,52,0.341,2,-0.05,-6.6319904,0
433,53,0.315,2,-0.05,-7.4426827,0
433,54,0.307,1,-0.05,-15.695453,0
433,55,0.294,1,-0.05,-25.97318,0
433,56,0.261,2,-0.05,-21.68269,0
433,57,0.255,2,-0.05,-29.03297,0
433,58,0.241,1,-0.05,-49.8969,0
433,59,0.231,1,-0.05,-55.84269,0
433,60,0.212,2,-0.05,-58.618156,0
433,61,0.202,2,-0.05,-77.16042,0
433,62,0.192,1,-100.0,-98.51767,0
434,0,0.663,0,1.0,7.608198,0
434,1,0.669,0,1.0,6.328732,0
434,2,0.655,0,1.0,5.1185384,0
434,3,0.648,0,1.0,6.3011484,0
434,4,0.660,0,1.0,6.291604,0
434,5,0.633,0,1.0,7.616018,0
434,6,0.648,0,1.0,6.2249513,0
434,7,0.653,2,-0.05,5.839225,0
434,8,0.636,0,1.0,7.7133846,0
434,9,0.636,0,1.0,6.574185,0
434,10,0.645,0,1.0,6.7952247,0
434,11,0.659,0,1.0,6.7181745,0
434,12,0.675,0,1.0,6.541339,0
434,13,0.668,0,1.0,7.346443,0
434,14,0.678,0,1.0,6.4918256,0
434,15,0.680,0,1.0,7.365427,0
434,16,0.698,0,1.0,6.55777,0
434,17,0.690,0,1.0,6.8297563,0
434,18,0.705,0,1.0,6.624832,0
434,19,0.709,0,1.0,5.91837,0
434,20,0.699,0,1.0,7.092393,0
434,21,0.692,0,1.0,6.340275,0
434,22,0.672,0,1.0,6.3939104,0
434,23,0.685,0,1.0,5.2391286,0
434,24,0.683,0,1.0,5.6443095,0
434,25,0.673,2,-0.05,3.1862707,0
434,26,0.679,0,1.0,3.586885,0
434,27,0.659,0,1.0,4.026624,0
434,28,0.636,0,1.0,4.8586082,0
434,29,0.625,0,1.0,4.7774367,0
434,30,0.602,0,1.0,6.1212964,0
434,31,0.590,2,-0.05,4.635838,0
434,32,0.582,0,1.0,6.676159,0
434,33,0.565,0,1.0,6.633879,0
434,34,0.537,0,1.0,5.292663,0
434,35,0.540,0,1.0,4.061968,0
434,36,0.556,0,1.0,5.681978,0
434,37,0.583,0,1.0,6.018694,0
434,38,0.592,2,-0.05,6.0790873,0
434,39,0.646,0,1.0,8.027321,0
434,40,0.643,0,1.0,7.161075,0
434,41,0.747,0,1.0,6.265933,0
434,42,0.700,0,1.0,7.25223,0
434,43,0.656,0,1.0,5.0230837,0
434,44,0.523,0,1.0,4.1269193,0
434,45,0.445,1,-0.05,2.899797,0
434,46,0.433,1,-0.05,-0.6204716,0
434,47,0.421,1,-0.05,-1.9987369,0
434,48,0.400,2,-0.05,-4.523831,0
434,49,0.402,2,-0.05,-4.980986,0
434,50,0.368,1,-0.05,-3.9073243,0
434,51,0.345,1,-0.05,-4.799923,0
434,52,0.345,2,-0.05,-8.968042,0
434,53,0.321,2,-0.05,-13.743619,0
434,54,0.300,2,-0.05,-12.086093,0
434,55,0.294,1,-0.05,-19.934925,0
434,56,0.276,2,-0.05,-23.293922,0
434,57,0.252,2,-0.05,-32.238888,0
434,58,0.241,1,-0.05,-37.90207,0
434,59,0.227,2,-0.05,-54.110474,0
434,60,0.218,1,-0.05,-79.265434,0
434,61,0.209,1,-0.05,-79.38732,0
434,62,0.180,2,-100.0,-88.73641,0
435,0,0.657,1,-0.05,6.3053317,0
435,1,0.657,0,1.0,6.531831,0
435,2,0.660,0,1.0,5.695544,0
435,3,0.641,0,1.0,5.7995977,0
435,4,0.633,2,-0.05,4.2062116,0
435,5,0.624,0,1.0,6.3320284,0
435,6,0.603,0,1.0,6.019186,0
435,7,0.613,0,1.0,6.053503,0
435,8,0.618,0,1.0,7.0228667,0
435,9,0.612,0,1.0,6.270876,0
435,10,0.603,0,1.0,6.716459,0
435,11,0.610,1,-0.05,6.584104,0
435,12,0.610,2,-0.05,4.9997263,0
435,13,0.597,0,1.0,6.5881944,0
435,14,0.618,1,-0.05,5.831359,0
435,15,0.615,0,1.0,7.233842,0
435,16,0.610,1,-0.05,5.636931,0
435,17,0.623,0,1.0,7.4855986,0
435,18,0.616,0,1.0,6.7074986,0
435,19,0.609,0,1.0,6.765093,0
435,20,0.612,0,1.0,5.7712345,0
435,21,0.579,0,1.0,6.472655,0
435,22,0.594,0,1.0,6.342724,0
435,23,0.590,2,-0.05,5.995412,0
435,24,0.576,2,-0.05,4.2536387,0
435,25,0.595,0,1.0,7.05184,0
435,26,0.594,0,1.0,5.8420653,0
435,27,0.608,0,1.0,4.965792,0
435,28,0.628,0,1.0,6.4409604,0
435,29,0.626,2,-0.05,5.5643826,0
435,30,0.636,2,-0.05,6.0057178,0
435,31,0.638,1,-0.05,4.014039,0
435,32,0.629,1,-0.05,3.6958416,0
435,33,0.650,0,1.0,4.9874797,0
435,34,0.635,0,1.0,5.3019085,0
435,35,0.645,2,-0.05,3.9322402,0
435,36,0.642,0,1.0,5.3869257,0
435,37,0.653,0,1.0,5.908745,0
435,38,0.658,0,1.0,6.0906386,0
435,39,0.643,0,1.0,5.7895107,0
435,40,0.652,0,1.0,6.105254,0
435,41,0.661,0,1.0,5.8128605,0
435,42,0.673,0,1.0,6.446814,0
435,43,0.672,1,-0.05,6.9349546,0
435,44,0.663,0,1.0,5.9650507,0
435,45,0.673,0,1.0,5.00797,0
435,46,0.672,0,1.0,3.6663055,0
435,47,0.654,0,1.0,5.3180676,0
435,48,0.648,0,1.0,3.585445,0
435,49,0.639,0,1.0,3.2156816,0
435,50,0.652,0,1.0,3.589501,0
435,51,0.648,0,1.0,5.8075223,0
435,52,0.609,0,1.0,5.0083694,0
435,53,0.498,0,1.0,5.66462,0
435,54,0.457,2,-0.05,5.6761417,0
435,55,0.443,2,-0.05,4.618908,0
435,56,0.408,2,-0.05,3.4181266,0
435,57,0.396,2,-0.05,-0.7786999,0
435,58,0.385,1,-0.05,1.5378983,0
435,59,0.363,0,1.0,-1.4134097,0
435,60,0.260,2,-0.05,-0.25075412,0
435,61,0.260,2,-0.05,-35.83892,0
435,62,0.242,2,-0.05,-56.356583,0
435,63,0.218,1,-0.05,-58.634216,0
435,64,0.200,2,-100.0,-89.92095,0
436,0,0.658,0,1.0,6.524811,0
436,1,0.663,0,1.0,5.1799793,0
436,2,0.674,1,-0.05,7.4028883,0
436,3,0.664,0,1.0,6.421533,0
436,4,0.669,0,1.0,7.645224,0
436,5,0.663,0,1.0,5.729341,0
436,6,0.639,0,1.0,6.4405828,0
436,7,0.641,0,1.0,5.8362193,0
436,8,0.647,0,1.0,6.9685216,0
436,9,0.631,0,1.0,7.3249717,0
436,10,0.616,0,1.0,5.035913,0
436,11,0.616,1,-0.05,4.4995193,0
436,12,0.612,0,1.0,6.032499,0
436,13,0.596,0,1.0,6.2173653,0
436,14,0.587,1,-0.05,5.7708225,0
436,15,0.584,1,-0.05,5.749404,0
436,16,0.576,0,1.0,6.489696,0
436,17,0.533,0,1.0,5.198313,0
436,18,0.509,0,1.0,5.7597837,0
436,19,0.477,0,1.0,5.3026013,0
436,20,0.434,1,-0.05,5.2531843,0
436,21,0.429,0,1.0,4.9233403,0
436,22,0.372,0,1.0,3.3852177,0
436,23,0.335,0,1.0,3.764335,0
436,24,0.309,1,-0.05,2.063179,0
436,25,0.284,1,-0.05,2.413118,0
436,26,0.300,1,-0.05,1.2562029,0
436,27,0.294,2,-0.05,-1.4181299,0
436,28,0.283,1,-0.05,1.7348607,0
436,29,0.268,2,-0.05,-1.9350109,0
436,30,0.257,1,-0.05,-2.8045974,0
436,31,0.241,1,-0.05,-5.369255,0
436,32,0.246,1,-0.05,-44.574345,0
436,33,0.232,1,-0.05,-48.622288,0
436,34,0.207,1,-0.05,-76.055374,0
436,35,0.208,1,-0.05,-88.01839,0
436,36,0.196,1,-100.0,-72.03083,0
437,0,0.672,1,-0.05,4.875147,0
437,1,0.657,0,1.0,4.1178303,0
437,2,0.649,0,1.0,6.270137,0
437,3,0.633,2,-0.05,6.608291,0
437,4,0.630,0,1.0,6.708679,0
437,5,0.610,0,1.0,6.1846824,0
437,6,0.608,0,1.0,6.9459677,0
437,7,0.600,0,1.0,6.0375824,0
437,8,0.585,0,1.0,6.2197556,0
437,9,0.577,0,1.0,6.6310844,0
437,10,0.563,0,1.0,6.881587,0
437,11,0.555,0,1.0,5.079902,0
437,12,0.558,0,1.0,6.7589865,0
437,13,0.541,0,1.0,6.098245,0
437,14,0.523,0,1.0,6.430907,0
437,15,0.502,2,-0.05,5.439238,0
437,16,0.510,2,-0.05,6.1547318,0
437,17,0.508,1,-0.05,6.6875005,0
437,18,0.507,0,1.0,5.2649155,0
437,19,0.487,0,1.0,6.9585586,0
437,20,0.482,0,1.0,5.4084377,0
437,21,0.469,0,1.0,6.522586,0
437,22,0.462,0,1.0,5.9849744,0
437,23,0.446,0,1.0,5.3788905,0
437,24,0.446,0,1.0,5.2066007,0
437,25,0.414,0,1.0,4.914051,0
437,26,0.397,0,1.0,5.5646443,0
437,27,0.408,0,1.0,4.865655,0
437,28,0.389,0,1.0,6.517204,0
437,29,0.382,0,1.0,6.6867247,0
437,30,0.372,2,-0.05,6.2467804,0
437,31,0.351,0,1.0,4.993019,0
437,32,0.361,0,1.0,5.2842216,0
437,33,0.350,0,1.0,2.1502318,0
437,34,0.342,0,1.0,3.7212229,0
437,35,0.343,0,1.0,3.1395707,0
437,36,0.343,0,1.0,4.067735,0
437,37,0.345,2,-0.05,4.6518965,0
437,38,0.333,0,1.0,3.870659,0
437,39,0.341,1,-0.05,7.6066103,0
437,40,0.346,0,1.0,6.4707017,0
437,41,0.341,0,1.0,5.0574965,0
437,42,0.344,0,1.0,5.0197015,0
437,43,0.337,2,-0.05,5.3708043,0
437,44,0.336,2,-0.05,4.165345,0
437,45,0.329,0,1.0,6.0543885,0
437,46,0.349,0,1.0,6.4729543,0
437,47,0.380,0,1.0,7.466519,0
437,48,0.397,0,1.0,6.403424,0
437,49,0.404,0,1.0,5.5826035,0
437,50,0.433,2,-0.05,4.632128,0
437,51,0.443,0,1.0,1.0791011,0
437,52,0.408,0,1.0,0.9065781,0
437,53,0.326,1,-0.05,-3.5174918,0
437,54,0.306,2,-0.05,-17.290087,0
437,55,0.288,1,-0.05,-27.629734,0
437,56,0.278,1,-0.05,-25.547173,0
437,57,0.260,2,-0.05,-50.779675,0
437,58,0.249,1,-0.05,-75.878815,0
437,59,0.229,2,-0.05,-81.17155,0
437,60,0.201,1,-0.05,-92.41764,0
437,61,0.193,2,-100.0,-96.71375,0
438,0,0.658,0,1.0,5.37691,0
438,1,0.658,0,1.0,7.04113,0
438,2,0.670,0,1.0,6.6483235,0
438,3,0.686,0,1.0,6.707711,0
438,4,0.680,0,1.0,5.6204357,0
438,5,0.679,0,1.0,6.5450234,0
438,6,0.690,0,1.0,7.184096,0
438,7,0.679,0,1.0,5.188886,0
438,8,0.699,0,1.0,7.652889,0
438,9,0.687,2,-0.05,6.056476,0
438,10,0.692,0,1.0,7.1716228,0
438,11,0.700,0,1.0,7.697145,0
438,12,0.703,0,1.0,7.8204675,0
438,13,0.686,0,1.0,7.465093,0
438,14,0.671,0,1.0,7.2003875,0
438,15,0.661,0,1.0,7.2046556,0
438,16,0.642,0,1.0,6.3480964,0
438,17,0.650,1,-0.05,6.1499,0
438,18,0.628,0,1.0,6.7099385,0
438,19,0.630,0,1.0,7.3972163,0
438,20,0.634,0,1.0,5.2936697,0
438,21,0.634,0,1.0,6.0294185,0
438,22,0.633,0,1.0,6.8476553,0
438,23,0.629,0,1.0,6.495196,0
438,24,0.637,0,1.0,5.8499146,0
438,25,0.637,0,1.0,4.5702114,0
438,26,0.641,0,1.0,4.7582073,0
438,27,0.618,2,-0.05,4.9625063,0
438,28,0.623,0,1.0,5.889726,0
438,29,0.622,2,-0.05,3.7431586,0
438,30,0.609,0,1.0,5.4232454,0
438,31,0.597,0,1.0,2.767979,0
438,32,0.574,0,1.0,5.1332726,0
438,33,0.549,0,1.0,4.9978647,0
438,34,0.527,2,-0.05,5.892547,0
438,35,0.531,0,1.0,5.2328916,0
438,36,0.484,0,1.0,5.1633353,0
438,37,0.474,1,-0.05,4.4131474,0
438,38,0.474,0,1.0,4.6461916,0
438,39,0.459,2,-0.05,4.3287325,0
438,40,0.463,0,1.0,3.871873,0
438,41,0.481,0,1.0,5.515695,0
438,42,0.489,0,1.0,7.240166,0
438,43,0.553,0,1.0,6.7325935,0
438,44,0.637,0,1.0,4.660716,0
438,45,0.669,0,1.0,5.081775,0
438,46,0.724,0,1.0,5.0626493,0
438,47,0.676,0,1.0,3.2114549,0
438,48,0.557,0,1.0,2.7237134,0
438,49,0.487,1,-0.05,3.325203,0
438,50,0.465,1,-0.05,-0.44295943,0
438,51,0.451,1,-0.05,-1.8844798,0
438,52,0.431,1,-0.05,-3.298069,0
438,53,0.418,2,-0.05,-12.526326,0
438,54,0.396,2,-0.05,-11.816566,0
438,55,0.373,2,-0.05,-5.7319803,0
438,56,0.371,1,-0.05,-5.307099,0
438,57,0.354,2,-0.05,-5.435415,0
438,58,0.352,2,-0.05,-7.6434855,0
438,59,0.320,1,-0.05,-6.028341,0
438,60,0.305,1,-0.05,-8.508002,0
438,61,0.295,2,-0.05,-16.866686,0
438,62,0.273,2,-0.05,-20.606539,0
438,63,0.250,1,-0.05,-36.58977,0
438,64,0.250,2,-0.05,-35.44679,0
438,65,0.223,2,-0.05,-39.898945,0
438,66,0.219,1,-0.05,-89.353134,0
438,67,0.192,1,-100.0,-95.15208,0
439,0,0.666,0,1.0,7.387326,0
439,1,0.669,0,1.0,6.2175813,0
439,2,0.660,0,1.0,6.6674814,0
439,3,0.653,0,1.0,6.9078765,0
439,4,0.654,0,1.0,6.152151,0
439,5,0.647,0,1.0,6.348585,0
439,6,0.648,0,1.0,6.162106,0
439,7,0.647,0,1.0,5.8418746,0
439,8,0.634,0,1.0,6.815349,0
439,9,0.631,0,1.0,7.1459475,0
439,10,0.626,0,1.0,6.2559104,0
439,11,0.621,0,1.0,6.569479,0
439,12,0.620,0,1.0,8.100194,0
439,13,0.607,0,1.0,5.773339,0
439,14,0.618,0,1.0,6.8857455,0
439,15,0.611,0,1.0,5.2611933,0
439,16,0.610,0,1.0,6.908603,0
439,17,0.596,0,1.0,4.7231255,0
439,18,0.605,0,1.0,4.755418,0
439,19,0.605,0,1.0,5.417721,0
439,20,0.579,0,1.0,5.0178013,0
439,21,0.593,0,1.0,4.5683894,0
439,22,0.597,0,1.0,5.255419,0
439,23,0.583,0,1.0,6.116477,0
439,24,0.569,1,-0.05,5.9621964,0
439,25,0.579,0,1.0,5.857087,0
439,26,0.570,0,1.0,5.781874,0
439,27,0.553,2,-0.05,4.86819,0
439,28,0.548,0,1.0,6.285372,0
439,29,0.540,0,1.0,6.125659,0
439,30,0.546,0,1.0,6.353909,0
439,31,0.538,2,-0.05,5.9065895,0
439,32,0.543,0,1.0,6.4155045,0
439,33,0.553,0,1.0,5.5748005,0
439,34,0.551,0,1.0,7.2882166,0
439,35,0.553,0,1.0,7.103599,0
439,36,0.560,0,1.0,6.6400585,0
439,37,0.562,0,1.0,6.2690673,0
439,38,0.579,0,1.0,5.295969,0
439,39,0.586,0,1.0,7.415284,0
439,40,0.593,0,1.0,5.3801417,0
439,41,0.591,0,1.0,7.0337515,0
439,42,0.591,0,1.0,4.8432426,0
439,43,0.606,0,1.0,4.0882635,0
439,44,0.509,0,1.0,3.0678704,0
439,45,0.458,2,-0.05,1.01139,0
439,46,0.437,2,-0.05,3.0048132,0
439,47,0.431,2,-0.05,2.0327575,0
439,48,0.409,2,-0.05,0.1208356,0
439,49,0.394,1,-0.05,1.0532482,0
439,50,0.370,1,-0.05,1.0631236,0
439,51,0.362,2,-0.05,0.52893686,0
439,52,0.353,2,-0.05,-2.2625113,0
439,53,0.329,1,-0.05,-5.1172423,0
439,54,0.322,2,-0.05,-5.246722,0
439,55,0.289,2,-0.05,-6.1700335,0
439,56,0.282,1,-0.05,-34.57216,0
439,57,0.261,1,-0.05,-37.01621,0
439,58,0.249,1,-0.05,-33.202763,0
439,59,0.228,2,-0.05,-66.29835,0
439,60,0.222,2,-0.05,-75.892166,0
439,61,0.214,1,-0.05,-85.40963,0
439,62,0.187,1,-100.0,-103.04942,0
440,0,0.666,0,1.0,6.331126,0
440,1,0.669,0,1.0,6.2540727,0
440,2,0.660,0,1.0,4.8540487,0
440,3,0.657,0,1.0,6.107393,0
440,4,0.654,0,1.0,6.379639,0
440,5,0.647,0,1.0,6.194095,0
440,6,0.649,0,1.0,7.3301296,0
440,7,0.647,0,1.0,4.351847,0
440,8,0.634,0,1.0,6.782388,0
440,9,0.632,2,-0.05,7.1422634,0
440,10,0.634,0,1.0,6.8359194,0
440,11,0.639,0,1.0,6.9847794,0
440,12,0.642,0,1.0,6.041339,0
440,13,0.648,0,1.0,7.7250233,0
440,14,0.660,0,1.0,7.7249393,0
440,15,0.659,0,1.0,6.7220135,0
440,16,0.672,0,1.0,6.117657,0
440,17,0.676,0,1.0,6.901462,0
440,18,0.671,0,1.0,6.9965367,0
440,19,0.693,0,1.0,5.8913765,0
440,20,0.696,0,1.0,6.3887568,0
440,21,0.707,2,-0.05,7.2102013,0
440,22,0.705,0,1.0,5.655765,0
440,23,0.697,0,1.0,5.176187,0
440,24,0.677,0,1.0,4.4159565,0
440,25,0.654,0,1.0,5.170481,0
440,26,0.648,0,1.0,5.8420296,0
440,27,0.636,0,1.0,5.2069044,0
440,28,0.625,0,1.0,3.6813788,0
440,29,0.605,0,1.0,3.9072201,0
440,30,0.583,0,1.0,4.731839,0
440,31,0.570,0,1.0,5.006925,0
440,32,0.556,0,1.0,5.120276,0
440,33,0.552,0,1.0,5.8988967,0
440,34,0.532,0,1.0,5.4311094,0
440,35,0.507,2,-0.05,4.7820263,0
440,36,0.532,0,1.0,6.220615,0
440,37,0.528,2,-0.05,5.078472,0
440,38,0.524,1,-0.05,5.5772767,0
440,39,0.542,0,1.0,4.3916097,0
440,40,0.574,0,1.0,5.015482,0
440,41,0.626,0,1.0,6.2415833,0
440,42,0.733,0,1.0,4.5776997,0
440,43,0.754,0,1.0,4.8212843,0
440,44,0.691,0,1.0,2.5359302,0
440,45,0.653,0,1.0,0.82266,0
440,46,0.528,0,1.0,1.3363075,0
440,47,0.434,1,-0.05,-1.5941474,0
440,48,0.427,1,-0.05,-2.3174098,0
440,49,0.408,1,-0.05,-2.351443,0
440,50,0.387,2,-0.05,-8.917587,0
440,51,0.389,2,-0.05,-7.994716,0
440,52,0.362,2,-0.05,-6.681414,0
440,53,0.351,2,-0.05,-4.967007,0
440,54,0.333,2,-0.05,-5.689405,0
440,55,0.315,1,-0.05,-3.9348402,0
440,56,0.306,1,-0.05,-7.628518,0
440,57,0.248,0,1.0,-14.21892,0
440,58,0.183,2,-100.0,-54.26197,0
441,0,0.666,0,1.0,7.110586,0
441,1,0.674,0,1.0,7.1866083,0
441,2,0.670,0,1.0,5.554438,0
441,3,0.685,0,1.0,5.381159,0
441,4,0.681,1,-0.05,8.009862,0
441,5,0.663,0,1.0,7.2123675,0
441,6,0.665,0,1.0,7.154465,0
441,7,0.664,1,-0.05,4.3010426,0
441,8,0.661,1,-0.05,4.6371727,0
441,9,0.670,1,-0.05,5.500947,0
441,10,0.660,0,1.0,3.7754605,0
441,11,0.617,0,1.0,2.8937132,0
441,12,0.598,0,1.0,4.5617228,0
441,13,0.554,0,1.0,5.013463,0
441,14,0.500,0,1.0,4.7567945,0
441,15,0.484,0,1.0,6.886339,0
441,16,0.424,0,1.0,6.732935,0
441,17,0.407,2,-0.05,5.914126,0
441,18,0.405,0,1.0,5.4217687,0
441,19,0.367,0,1.0,5.661812,0
441,20,0.342,0,1.0,4.0559025,0
441,21,0.323,0,1.0,3.1569142,0
441,22,0.284,1,-0.05,2.85152,0
441,23,0.260,0,1.0,0.38341674,0
441,24,0.254,2,-0.05,0.9718982,0
441,25,0.245,2,-0.05,-3.7876115,0
441,26,0.242,2,-0.05,-8.146456,0
441,27,0.231,1,-0.05,-4.8665094,0
441,28,0.236,2,-0.05,-11.665968,0
441,29,0.217,2,-0.05,-17.480942,0
441,30,0.232,1,-0.05,-5.1162677,0
441,31,0.224,2,-0.05,-6.252519,0
441,32,0.212,1,-0.05,-3.9546146,0
441,33,0.223,1,-0.05,-4.478806,0
441,34,0.215,2,-0.05,-32.144447,0
441,35,0.221,2,-0.05,-32.00209,0
441,36,0.211,1,-0.05,-10.584139,0
441,37,0.217,1,-0.05,-13.447429,0
441,38,0.215,2,-0.05,-55.032825,0
441,39,0.203,2,-0.05,-54.84201,0
441,40,0.216,1,-0.05,-3.7840676,0
441,41,0.216,1,-0.05,-9.047415,0
441,42,0.189,2,-100.0,-58.873398,0
442,0,0.658,0,1.0,6.1056614,0
442,1,0.663,0,1.0,6.393829,0
442,2,0.676,0,1.0,6.4885507,0
442,3,0.673,0,1.0,6.3515325,0
442,4,0.680,0,1.0,7.292293,0
442,5,0.678,1,-0.05,5.2941365,0
442,6,0.689,0,1.0,6.1321507,0
442,7,0.674,0,1.0,5.5332813,0
442,8,0.663,0,1.0,6.6757393,0
442,9,0.658,0,1.0,7.6306643,0
442,10,0.658,0,1.0,6.1061444,0
442,11,0.646,0,1.0,6.928891,0
442,12,0.635,0,1.0,6.092576,0
442,13,0.643,0,1.0,6.8665977,0
442,14,0.628,0,1.0,6.778476,0
442,15,0.630,1,-0.05,6.3482137,0
442,16,0.631,0,1.0,4.888575,0
442,17,0.601,0,1.0,4.10645,0
442,18,0.595,0,1.0,4.1154857,0
442,19,0.564,0,1.0,6.0958495,0
442,20,0.558,0,1.0,5.5865283,0
442,21,0.551,1,-0.05,5.277354,0
442,22,0.535,0,1.0,4.324298,0
442,23,0.508,0,1.0,6.8305535,0
442,24,0.472,0,1.0,4.7761416,0
442,25,0.466,0,1.0,4.028532,0
442,26,0.436,0,1.0,5.651941,0
442,27,0.420,1,-0.05,3.4443665,0
442,28,0.408,1,-0.05,4.713518,0
442,29,0.389,0,1.0,5.3855686,0
442,30,0.335,0,1.0,4.001709,0
442,31,0.325,2,-0.05,3.4049857,0
442,32,0.309,1,-0.05,2.2584057,0
442,33,0.302,0,1.0,3.7691338,0
442,34,0.254,2,-0.05,1.9711512,0
442,35,0.236,1,-0.05,-28.033226,0
442,36,0.237,1,-0.05,-23.463778,0
442,37,0.222,1,-0.05,-39.065243,0
442,38,0.206,2,-0.05,-57.174953,0
442,39,0.215,1,-0.05,-84.97661,0
442,40,0.198,1,-100.0,-87.53733,0
443,0,0.663,0,1.0,6.1212497,0
443,1,0.669,0,1.0,6.7959757,0
443,2,0.649,0,1.0,5.6276474,0
443,3,0.648,0,1.0,7.6693926,0
443,4,0.660,0,1.0,7.5704694,0
443,5,0.649,0,1.0,6.3894124,0
443,6,0.648,0,1.0,8.01969,0
443,7,0.625,0,1.0,6.7742248,0
443,8,0.639,0,1.0,7.4648175,0
443,9,0.632,0,1.0,6.2984633,0
443,10,0.632,0,1.0,6.447459,0
443,11,0.630,0,1.0,6.897393,0
443,12,0.618,0,1.0,6.62767,0
443,13,0.624,0,1.0,6.663745,0
443,14,0.625,0,1.0,7.9942985,0
443,15,0.616,0,1.0,6.858202,0
443,16,0.611,0,1.0,6.303157,0
443,17,0.605,0,1.0,6.465164,0
443,18,0.616,0,1.0,5.9841943,0
443,19,0.591,0,1.0,6.1702895,0
443,20,0.590,0,1.0,5.070161,0
443,21,0.593,0,1.0,4.8065,0
443,22,0.590,2,-0.05,5.8077846,0
443,23,0.589,0,1.0,6.8705583,0
443,24,0.582,0,1.0,4.6937966,0
443,25,0.594,0,1.0,6.854652,0
443,26,0.606,0,1.0,5.4251113,0
443,27,0.612,0,1.0,7.643621,0
443,28,0.613,0,1.0,5.896426,0
443,29,0.623,0,1.0,6.0564632,0
443,30,0.614,0,1.0,5.930545,0
443,31,0.626,0,1.0,6.893125,0
443,32,0.638,0,1.0,6.456872,0
443,33,0.648,0,1.0,6.6473646,0
443,34,0.621,0,1.0,6.847308,0
443,35,0.646,0,1.0,6.432847,0
443,36,0.658,0,1.0,5.799429,0
443,37,0.668,0,1.0,5.349922,0
443,38,0.644,0,1.0,4.4335766,0
443,39,0.668,0,1.0,5.2623177,0
443,40,0.684,2,-0.05,2.357067,0
443,41,0.661,0,1.0,3.1130168,0
443,42,0.688,2,-0.05,4.071558,0
443,43,0.676,1,-0.05,4.4945645,0
443,44,0.642,0,1.0,4.0093975,0
443,45,0.514,0,1.0,1.1755456,0
443,46,0.455,0,1.0,2.5415182,0
443,47,0.377,2,-0.05,2.417609,0
443,48,0.356,2,-0.05,-1.8805528,0
443,49,0.339,2,-0.05,-4.902317,0
443,50,0.327,2,-0.05,-4.404283,0
443,51,0.307,2,-0.05,-8.479784,0
443,52,0.294,2,-0.05,-5.9553847,0
443,53,0.282,1,-0.05,-24.225136,0
443,54,0.261,1,-0.05,-41.09766,0
443,55,0.254,1,-0.05,-43.463814,0
443,56,0.229,2,-0.05,-65.61906,0
443,57,0.211,1,-0.05,-73.62376,0
443,58,0.210,1,-0.05,-99.49476,0
443,59,0.184,2,-100.0,-113.174774,0
444,0,0.658,0,1.0,6.8450913,0
444,1,0.658,0,1.0,7.229659,0
444,2,0.670,0,1.0,6.6797667,0
444,3,0.673,0,1.0,5.6811013,0
444,4,0.678,0,1.0,7.2996173,0
444,5,0.665,0,1.0,6.4233737,0
444,6,0.666,0,1.0,6.80786,0
444,7,0.695,0,1.0,6.8160586,0
444,8,0.683,0,1.0,6.565824,0
444,9,0.690,0,1.0,5.677015,0
444,10,0.695,0,1.0,5.820729,0
444,11,0.700,0,1.0,6.909978,0
444,12,0.692,0,1.0,6.109163,0
444,13,0.697,0,1.0,5.6525836,0
444,14,0.694,0,1.0,7.7216883,0
444,15,0.705,0,1.0,6.0300746,0
444,16,0.692,0,1.0,7.9146185,0
444,17,0.698,0,1.0,6.772102,0
444,18,0.700,0,1.0,6.4385557,0
444,19,0.691,0,1.0,5.7417383,0
444,20,0.692,0,1.0,5.5546975,0
444,21,0.664,2,-0.05,7.1902604,0
444,22,0.708,0,1.0,5.89006,0
444,23,0.676,0,1.0,5.0603943,0
444,24,0.668,0,1.0,7.1984863,0
444,25,0.663,0,1.0,4.955573,0
444,26,0.631,0,1.0,5.67412,0
444,27,0.620,0,1.0,3.4974384,0
444,28,0.613,0,1.0,3.2426474,0
444,29,0.598,0,1.0,4.8250895,0
444,30,0.588,2,-0.05,4.8840303,0
444,31,0.581,0,1.0,2.212739,0
444,32,0.556,0,1.0,3.867224,0
444,33,0.537,0,1.0,4.5394526,0
444,34,0.518,0,1.0,3.5892322,0
444,35,0.515,2,-0.05,4.741156,0
444,36,0.520,2,-0.05,5.986716,0
444,37,0.517,2,-0.05,4.3093944,0
444,38,0.517,1,-0.05,1.6566675,0
444,39,0.499,0,1.0,2.8955305,0
444,40,0.518,2,-0.05,5.733121,0
444,41,0.514,0,1.0,7.101023,0
444,42,0.548,0,1.0,6.3202257,0
444,43,0.587,0,1.0,7.343868,0
444,44,0.607,0,1.0,6.910982,0
444,45,0.705,0,1.0,5.9454455,0
444,46,0.682,0,1.0,5.4478364,0
444,47,0.637,2,-0.05,5.505866,0
444,48,0.609,2,-0.05,4.492896,0
444,49,0.573,2,-0.05,4.5405555,0
444,50,0.590,1,-0.05,3.4159665,0
444,51,0.578,2,-0.05,5.229035,0
444,52,0.557,2,-0.05,4.3251595,0
444,53,0.548,1,-0.05,3.8740675,0
444,54,0.536,1,-0.05,4.405061,0
444,55,0.521,2,-0.05,1.3503834,0
444,56,0.495,2,-0.05,3.7046468,0
444,57,0.493,1,-0.05,2.7870126,0
444,58,0.477,1,-0.05,2.451889,0
444,59,0.472,1,-0.05,0.039191008,0
444,60,0.446,1,-0.05,0.9120523,0
444,61,0.435,2,-0.05,-1.215328,0
444,62,0.427,1,-0.05,-1.6093216,0
444,63,0.404,2,-0.05,-3.175375,0
444,64,0.372,0,1.0,-1.8223977,0
444,65,0.316,1,-0.05,-2.1394048,0
444,66,0.307,1,-0.05,-23.582382,0
444,67,0.268,1,-0.05,-22.252596,0
444,68,0.273,2,-0.05,-21.613758,0
444,69,0.260,2,-0.05,-25.799389,0
444,70,0.234,1,-0.05,-58.37121,0
444,71,0.225,1,-0.05,-61.226837,0
444,72,0.211,2,-0.05,-54.6892,0
444,73,0.190,2,-100.0,-66.408455,0
445,0,0.663,0,1.0,6.857646,0
445,1,0.663,0,1.0,6.865281,0
445,2,0.676,0,1.0,6.1285663,0
445,3,0.673,0,1.0,6.8166547,0
445,4,0.680,0,1.0,7.5629106,0
445,5,0.679,0,1.0,6.106811,0
445,6,0.690,0,1.0,5.5639453,0
445,7,0.683,0,1.0,7.527189,0
445,8,0.685,0,1.0,6.16123,0
445,9,0.691,2,-0.05,4.646533,0
445,10,0.686,2,-0.05,5.62576,0
445,11,0.702,1,-0.05,5.826421,0
445,12,0.691,0,1.0,5.9244084,0
445,13,0.691,0,1.0,5.9766026,0
445,14,0.686,0,1.0,6.7465167,0
445,15,0.687,0,1.0,5.7168684,0
445,16,0.683,0,1.0,7.130935,0
445,17,0.690,0,1.0,6.7498584,0
445,18,0.692,0,1.0,4.518352,0
445,19,0.693,0,1.0,5.612463,0
445,20,0.697,0,1.0,5.6785297,0
445,21,0.689,0,1.0,5.852233,0
445,22,0.683,0,1.0,5.0982885,0
445,23,0.689,0,1.0,7.00782,0
445,24,0.689,2,-0.05,5.30534,0
445,25,0.695,0,1.0,4.7475133,0
445,26,0.703,0,1.0,5.505372,0
445,27,0.690,2,-0.05,5.2250223,0
445,28,0.710,0,1.0,4.8598833,0
445,29,0.694,0,1.0,4.561918,0
445,30,0.681,0,1.0,5.2694626,0
445,31,0.671,0,1.0,4.6751456,0
445,32,0.635,0,1.0,4.1168165,0
445,33,0.636,0,1.0,5.069109,0
445,34,0.623,0,1.0,4.6547494,0
445,35,0.611,0,1.0,4.82516,0
445,36,0.588,2,-0.05,4.7145205,0
445,37,0.578,0,1.0,4.652143,0
445,38,0.542,0,1.0,2.7509246,0
445,39,0.556,0,1.0,4.5176244,0
445,40,0.545,0,1.0,5.7468433,0
445,41,0.591,0,1.0,6.721721,0
445,42,0.621,1,-0.05,5.873464,0
445,43,0.618,0,1.0,6.2497587,0
445,44,0.698,0,1.0,6.836258,0
445,45,0.746,0,1.0,5.2551713,0
445,46,0.717,0,1.0,5.360132,0
445,47,0.607,0,1.0,3.46849,0
445,48,0.538,2,-0.05,1.2971382,0
445,49,0.524,1,-0.05,0.3795943,0
445,50,0.494,2,-0.05,0.23276228,0
445,51,0.473,1,-0.05,-1.1024892,0
445,52,0.454,1,-0.05,-1.878231,0
445,53,0.442,2,-0.05,-1.6417084,0
445,54,0.432,1,-0.05,-2.8085532,0
445,55,0.411,2,-0.05,-2.1166553,0
445,56,0.392,2,-0.05,-3.981598,0
445,57,0.388,2,-0.05,-3.3703737,0
445,58,0.346,0,1.0,-3.5094013,0
445,59,0.270,1,-0.05,-1.8374605,0
445,60,0.254,2,-0.05,-29.596642,0
445,61,0.246,1,-0.05,-38.611816,0
445,62,0.230,1,-0.05,-58.573357,0
445,63,0.213,2,-0.05,-69.762596,0
445,64,0.200,2,-0.05,-82.43448,0
445,65,0.193,1,-100.0,-98.75311,0
446,0,0.663,0,1.0,5.3324156,0
446,1,0.669,0,1.0,6.758254,0
446,2,0.655,0,1.0,5.883907,0
446,3,0.648,0,1.0,7.5253363,0
446,4,0.660,0,1.0,5.5797615,0
446,5,0.633,0,1.0,7.2990265,0
446,6,0.648,0,1.0,5.919006,0
446,7,0.652,0,1.0,7.7801595,0
446,8,0.633,0,1.0,5.8076963,0
446,9,0.627,0,1.0,6.9843016,0
446,10,0.631,0,1.0,6.8476443,0
446,11,0.621,0,1.0,7.3098288,0
446,12,0.619,0,1.0,4.859585,0
446,13,0.620,0,1.0,6.6401486,0
446,14,0.609,0,1.0,6.0201116,0
446,15,0.621,0,1.0,7.1300063,0
446,16,0.607,0,1.0,6.6176662,0
446,17,0.604,0,1.0,7.169705,0
446,18,0.608,0,1.0,6.8928986,0
446,19,0.596,1,-0.05,5.838268,0
446,20,0.600,0,1.0,5.249759,0
446,21,0.581,0,1.0,6.6831484,0
446,22,0.580,0,1.0,5.3059344,0
446,23,0.561,0,1.0,5.2471595,0
446,24,0.550,0,1.0,4.884186,0
446,25,0.532,0,1.0,6.121179,0
446,26,0.521,0,1.0,5.4807367,0
446,27,0.512,0,1.0,5.7256413,0
446,28,0.488,0,1.0,6.5938625,0
446,29,0.467,0,1.0,6.2783093,0
446,30,0.466,0,1.0,5.721623,0
446,31,0.447,0,1.0,6.644816,0
446,32,0.436,0,1.0,6.562896,0
446,33,0.420,0,1.0,5.8861637,0
446,34,0.415,0,1.0,6.449167,0
446,35,0.403,0,1.0,3.4059966,0
446,36,0.390,0,1.0,5.958719,0
446,37,0.373,2,-0.05,4.694248,0
446,38,0.377,2,-0.05,3.9615204,0
446,39,0.376,2,-0.05,5.17772,0
446,40,0.377,0,1.0,6.547664,0
446,41,0.391,0,1.0,6.827494,0
446,42,0.405,0,1.0,7.514219,0
446,43,0.437,0,1.0,6.5926313,0
446,44,0.434,2,-0.05,6.4397254,0
446,45,0.435,2,-0.05,6.18763,0
446,46,0.459,0,1.0,5.723796,0
446,47,0.476,0,1.0,7.0657477,0
446,48,0.417,0,1.0,4.642785,0
446,49,0.384,2,-0.05,1.2823257,0
446,50,0.353,2,-0.05,-1.2992682,0
446,51,0.336,1,-0.05,-0.04894638,0
446,52,0.323,2,-0.05,-2.3923836,0
446,53,0.311,1,-0.05,-3.5061426,0
446,54,0.280,2,-0.05,-14.120226,0
446,55,0.261,1,-0.05,-26.63364,0
446,56,0.259,1,-0.05,-26.747639,0
446,57,0.247,2,-0.05,-32.989326,0
446,58,0.236,1,-0.05,-41.62393,0
446,59,0.216,2,-0.05,-56.928013,0
446,60,0.209,1,-0.05,-76.021996,0
446,61,0.191,1,-100.0,-82.44112,0
447,0,0.669,1,-0.05,6.7238274,0
447,1,0.659,0,1.0,6.599739,0
447,2,0.638,0,1.0,5.25645,0
447,3,0.623,0,1.0,7.0480256,0
447,4,0.624,0,1.0,5.7129993,0
447,5,0.604,0,1.0,5.5372996,0
447,6,0.585,0,1.0,6.3769665,0
447,7,0.554,0,1.0,6.0354943,0
447,8,0.552,0,1.0,6.2906637,0
447,9,0.512,0,1.0,5.544514,0
447,10,0.496,0,1.0,6.122785,0
447,11,0.492,0,1.0,6.546446,0
447,12,0.467,0,1.0,4.80824,0
447,13,0.438,0,1.0,6.027691,0
447,14,0.446,1,-0.05,5.125712,0
447,15,0.433,0,1.0,6.023362,0
447,16,0.412,0,1.0,6.343432,0
447,17,0.376,0,1.0,5.9506063,0
447,18,0.355,0,1.0,5.1547856,0
447,19,0.305,0,1.0,4.029989,0
447,20,0.298,0,1.0,1.5827785,0
447,21,0.260,2,-0.05,-1.8269713,0
447,22,0.258,2,-0.05,-0.8607609,0
447,23,0.243,2,-0.05,-2.281887,0
447,24,0.249,2,-0.05,-0.9215766,0
447,25,0.254,0,1.0,5.23802,0
447,26,0.265,0,1.0,4.838605,0
447,27,0.274,0,1.0,5.715005,0
447,28,0.276,0,1.0,5.3354063,0
447,29,0.292,0,1.0,5.4554806,0
447,30,0.307,0,1.0,5.274847,0
447,31,0.301,0,1.0,5.289177,0
447,32,0.327,0,1.0,6.0762596,0
447,33,0.330,0,1.0,4.0641146,0
447,34,0.335,0,1.0,5.375631,0
447,35,0.361,0,1.0,5.786801,0
447,36,0.359,0,1.0,4.587513,0
447,37,0.375,0,1.0,5.0359077,0
447,38,0.380,0,1.0,7.574325,0
447,39,0.372,0,1.0,8.474204,0
447,40,0.394,0,1.0,7.9718137,0
447,41,0.409,0,1.0,6.694698,0
447,42,0.417,0,1.0,4.469753,0
447,43,0.430,0,1.0,5.684037,0
447,44,0.438,0,1.0,4.484026,0
447,45,0.454,2,-0.05,6.488355,0
447,46,0.444,2,-0.05,5.5928183,0
447,47,0.441,0,1.0,5.4269075,0
447,48,0.478,2,-0.05,6.396219,0
447,49,0.482,1,-0.05,6.051756,0
447,50,0.491,0,1.0,4.7250104,0
447,51,0.466,0,1.0,3.7425761,0
447,52,0.372,2,-0.05,0.8760618,0
447,53,0.374,2,-0.05,-3.645719,0
447,54,0.346,2,-0.05,-2.7925906,0
447,55,0.329,1,-0.05,-3.4657726,0
447,56,0.294,0,1.0,-4.3195996,0
447,57,0.219,2,-0.05,-24.276463,0
447,58,0.206,2,-0.05,-92.47292,0
447,59,0.190,1,-100.0,-95.40836,0
448,0,0.666,0,1.0,6.2542872,0
448,1,0.659,0,1.0,6.5342364,0
448,2,0.655,0,1.0,5.625794,0
448,3,0.660,0,1.0,6.614126,0
448,4,0.655,0,1.0,5.987142,0
448,5,0.655,0,1.0,7.4444523,0
448,6,0.645,0,1.0,6.1186495,0
448,7,0.637,0,1.0,7.0069566,0
448,8,0.640,0,1.0,6.082887,0
448,9,0.631,0,1.0,6.743081,0
448,10,0.627,1,-0.05,5.696968,0
448,11,0.625,0,1.0,6.7788725,0
448,12,0.598,0,1.0,5.8434153,0
448,13,0.606,0,1.0,4.655907,0
448,14,0.582,0,1.0,5.0658517,0
448,15,0.587,2,-0.05,5.7762694,0
448,16,0.564,0,1.0,6.741673,0
448,17,0.575,1,-0.05,6.886476,0
448,18,0.576,0,1.0,6.001794,0
448,19,0.557,0,1.0,5.070205,0
448,20,0.551,2,-0.05,4.5374703,0
448,21,0.546,0,1.0,5.4595957,0
448,22,0.555,2,-0.05,5.4122596,0
448,23,0.545,0,1.0,5.9699802,0
448,24,0.556,2,-0.05,6.148296,0
448,25,0.559,0,1.0,6.9147305,0
448,26,0.552,0,1.0,3.7408185,0
448,27,0.579,0,1.0,5.904324,0
448,28,0.597,0,1.0,5.283734,0
448,29,0.608,0,1.0,4.218051,0
448,30,0.633,0,1.0,4.7104673,0
448,31,0.630,0,1.0,5.609627,0
448,32,0.663,0,1.0,4.2303677,0
448,33,0.685,0,1.0,4.373359,0
448,34,0.678,0,1.0,5.5341916,0
448,35,0.714,0,1.0,4.01145,0
448,36,0.684,0,1.0,5.1698704,0
448,37,0.682,0,1.0,4.376759,0
448,38,0.677,0,1.0,4.769982,0
448,39,0.660,0,1.0,4.970487,0
448,40,0.693,0,1.0,4.8951855,0
448,41,0.735,0,1.0,6.9676886,0
448,42,0.776,0,1.0,6.9603653,0
448,43,0.824,0,1.0,6.9156556,0
448,44,0.776,0,1.0,7.032023,0
448,45,0.719,0,1.0,4.9215016,0
448,46,0.593,0,1.0,3.122174,0
448,47,0.536,0,1.0,2.1244762,0
448,48,0.419,0,1.0,0.8610336,0
448,49,0.335,2,-0.05,-1.6865485,0
448,50,0.325,2,-0.05,-9.029782,0
448,51,0.299,2,-0.05,-9.399726,0
448,52,0.276,1,-0.05,-7.994522,0
448,53,0.272,1,-0.05,-23.877935,0
448,54,0.220,0,1.0,-29.321007,0
448,55,0.163,2,-100.0,-95.4141,0
449,0,0.663,0,1.0,7.04454,0
449,1,0.674,0,1.0,6.72831,0
449,2,0.668,0,1.0,6.405669,0
449,3,0.662,0,1.0,6.5798607,0
449,4,0.681,0,1.0,5.72951,0
449,5,0.665,2,-0.05,4.8937106,0
449,6,0.680,0,1.0,6.9180055,0
449,7,0.670,0,1.0,7.292463,0
449,8,0.712,0,1.0,7.285765,0
449,9,0.695,0,1.0,7.8842998,0
449,10,0.684,0,1.0,5.47692,0
449,11,0.681,0,1.0,5.9151278,0
449,12,0.665,0,1.0,7.2936,0
449,13,0.656,0,1.0,6.6415334,0
449,14,0.642,0,1.0,7.597801,0
449,15,0.625,0,1.0,6.1608176,0
449,16,0.624,0,1.0,5.720846,0
449,17,0.616,0,1.0,7.8163548,0
449,18,0.606,0,1.0,5.0882554,0
449,19,0.591,2,-0.05,4.270409,0
449,20,0.577,0,1.0,5.5170236,0
449,21,0.569,0,1.0,5.914411,0
449,22,0.543,0,1.0,5.131455,0
449,23,0.538,0,1.0,6.4196634,0
449,24,0.508,0,1.0,6.036181,0
449,25,0.489,0,1.0,3.725785,0
449,26,0.468,0,1.0,4.302449,0
449,27,0.428,0,1.0,1.848474,0
449,28,0.429,0,1.0,3.0975218,0
449,29,0.406,0,1.0,3.3506646,0
449,30,0.389,0,1.0,3.0534167,0
449,31,0.367,1,-0.05,2.6737435,0
449,32,0.352,0,1.0,0.67182165,0
449,33,0.343,0,1.0,2.885368,0
449,34,0.324,0,1.0,5.627207,0
449,35,0.319,0,1.0,4.3160315,0
449,36,0.330,0,1.0,3.866433,0
449,37,0.362,0,1.0,4.83711,0
449,38,0.442,0,1.0,3.1355767,0
449,39,0.470,0,1.0,2.4808116,0
449,40,0.557,0,1.0,3.7242343,0
449,41,0.598,0,1.0,2.9064877,0
449,42,0.707,0,1.0,2.2801046,0
449,43,0.642,0,1.0,1.7844067,0
449,44,0.595,0,1.0,0.3786559,0
449,45,0.487,1,-0.05,-1.7810204,0
449,46,0.464,1,-0.05,-2.781866,0
449,47,0.442,1,-0.05,-5.006985,0
449,48,0.443,1,-0.05,-8.260409,0
449,49,0.417,1,-0.05,-14.582966,0
449,50,0.405,1,-0.05,-7.567987,0
449,51,0.385,1,-0.05,-6.4035573,0
449,52,0.366,1,-0.05,-8.142178,0
449,53,0.356,1,-0.05,-20.175213,0
449,54,0.348,1,-0.05,-31.013935,0
449,55,0.332,2,-0.05,-75.487144,0
449,56,0.326,2,-0.05,-44.669743,0
449,57,0.306,2,-0.05,-38.05247,0
449,58,0.275,2,-0.05,-28.721317,0
449,59,0.272,1,-0.05,-19.221222,0
449,60,0.261,2,-0.05,-25.506458,0
449,61,0.244,2,-0.05,-29.485662,0
449,62,0.230,2,-0.05,-46.767456,0
449,63,0.217,2,-0.05,-66.89704,0
449,64,0.187,2,-100.0,-102.826614,0
450,0,0.663,0,1.0,5.6093593,0
450,1,0.663,0,1.0,7.7155433,0
450,2,0.676,0,1.0,6.2650127,0
450,3,0.673,0,1.0,7.219715,0
450,4,0.680,0,1.0,5.3621674,0
450,5,0.679,0,1.0,7.1066566,0
450,6,0.690,0,1.0,6.293116,0
450,7,0.683,0,1.0,6.1945286,0
450,8,0.685,0,1.0,7.1917353,0
450,9,0.692,0,1.0,7.2222986,0
450,10,0.696,0,1.0,6.4443474,0
450,11,0.692,0,1.0,6.511858,0
450,12,0.703,0,1.0,6.116889,0
450,13,0.714,0,1.0,7.2537794,0
450,14,0.709,0,1.0,5.963329,0
450,15,0.686,0,1.0,6.9161325,0
450,16,0.707,0,1.0,7.309282,0
450,17,0.696,0,1.0,6.2052655,0
450,18,0.693,2,-0.05,5.041425,0
450,19,0.698,0,1.0,6.9534273,0
450,20,0.691,0,1.0,6.6120415,0
450,21,0.677,0,1.0,5.6992,0
450,22,0.646,0,1.0,5.8721843,0
450,23,0.644,0,1.0,6.14962,0
450,24,0.635,0,1.0,5.266772,0
450,25,0.628,0,1.0,6.5105395,0
450,26,0.614,0,1.0,5.4363327,0
450,27,0.603,0,1.0,5.236601,0
450,28,0.594,1,-0.05,4.850454,0
450,29,0.592,0,1.0,5.3094406,0
450,30,0.577,0,1.0,5.9056005,0
450,31,0.573,0,1.0,6.082206,0
450,32,0.578,0,1.0,4.8924136,0
450,33,0.572,0,1.0,5.104865,0
450,34,0.588,0,1.0,5.2757683,0
450,35,0.589,2,-0.05,3.6957674,0
450,36,0.591,0,1.0,2.636649,0
450,37,0.593,0,1.0,5.603995,0
450,38,0.628,0,1.0,6.3997827,0
450,39,0.682,0,1.0,6.648346,0
450,40,0.724,0,1.0,6.270399,0
450,41,0.816,0,1.0,6.1560388,0
450,42,0.767,0,1.0,4.549279,0
450,43,0.642,0,1.0,4.702903,0
450,44,0.602,1,-0.05,2.0301323,0
450,45,0.545,0,1.0,-0.22809088,0
450,46,0.434,0,1.0,0.55505896,0
450,47,0.378,2,-0.05,-2.673699,0
450,48,0.343,2,-0.05,-4.36922,0
450,49,0.283,0,1.0,-2.9076042,0
450,50,0.246,2,-0.05,-25.161354,0
450,51,0.220,2,-0.05,-71.57292,0
450,52,0.188,2,-100.0,-96.40904,0
451,0,0.657,1,-0.05,7.2127166,0
451,1,0.657,0,1.0,7.589884,0
451,2,0.651,0,1.0,5.1231728,0
451,3,0.635,0,1.0,6.596809,0
451,4,0.636,0,1.0,5.644727,0
451,5,0.612,0,1.0,6.2227974,0
451,6,0.582,0,1.0,5.511218,0
451,7,0.582,0,1.0,7.118368,0
451,8,0.576,0,1.0,5.9500246,0
451,9,0.561,0,1.0,6.537984,0
451,10,0.556,0,1.0,5.6150103,0
451,11,0.532,0,1.0,5.759907,0
451,12,0.521,0,1.0,5.8080425,0
451,13,0.503,0,1.0,6.8351536,0
451,14,0.499,0,1.0,5.788988,0
451,15,0.489,0,1.0,4.6594048,0
451,16,0.484,2,-0.05,4.9296503,0
451,17,0.471,2,-0.05,4.584459,0
451,18,0.473,0,1.0,6.6851897,0
451,19,0.469,2,-0.05,8.04348,0
451,20,0.480,2,-0.05,6.5935645,0
451,21,0.481,2,-0.05,5.3430166,0
451,22,0.486,2,-0.05,5.313553,0
451,23,0.495,1,-0.05,5.101104,0
451,24,0.485,1,-0.05,4.4868135,0
451,25,0.507,2,-0.05,5.032144,0
451,26,0.499,1,-0.05,4.339425,0
451,27,0.489,2,-0.05,4.390937,0
451,28,0.510,1,-0.05,6.031645,0
451,29,0.524,1,-0.05,3.978731,0
451,30,0.517,1,-0.05,5.3083987,0
451,31,0.525,0,1.0,5.915943,0
451,32,0.527,0,1.0,5.682655,0
451,33,0.515,0,1.0,6.117406,0
451,34,0.512,0,1.0,6.2385283,0
451,35,0.516,0,1.0,5.722442,0
451,36,0.507,0,1.0,6.4655533,0
451,37,0.504,0,1.0,6.164668,0
451,38,0.505,0,1.0,6.5002427,0
451,39,0.485,0,1.0,5.26552,0
451,40,0.503,0,1.0,6.5643167,0
451,41,0.492,0,1.0,6.0640078,0
451,42,0.494,0,1.0,4.907792,0
451,43,0.482,0,1.0,6.461418,0
451,44,0.474,0,1.0,4.6613703,0
451,45,0.467,0,1.0,7.8198752,0
451,46,0.473,0,1.0,6.1004963,0
451,47,0.473,0,1.0,5.542826,0
451,48,0.466,0,1.0,4.580453,0
451,49,0.470,0,1.0,5.723528,0
451,50,0.465,0,1.0,5.755393,0
451,51,0.452,2,-0.05,7.123229,0
451,52,0.458,2,-0.05,5.3819838,0
451,53,0.459,1,-0.05,7.425511,0
451,54,0.449,2,-0.05,5.6143584,0
451,55,0.447,2,-0.05,5.9595876,0
451,56,0.452,2,-0.05,4.223122,0
451,57,0.461,0,1.0,6.5357194,0
451,58,0.497,0,1.0,5.562645,0
451,59,0.519,0,1.0,5.3697166,0
451,60,0.486,1,-0.05,5.166675,0
451,61,0.467,2,-0.05,2.0851302,0
451,62,0.441,1,-0.05,3.002962,0
451,63,0.442,2,-0.05,2.4317024,0
451,64,0.414,1,-0.05,0.090461254,0
451,65,0.405,1,-0.05,0.41629195,0
451,66,0.384,1,-0.05,-0.020826578,0
451,67,0.371,2,-0.05,-1.3166203,0
451,68,0.365,2,-0.05,-1.5691926,0
451,69,0.354,1,-0.05,-0.9362302,0
451,70,0.328,1,-0.05,-1.8258266,0
451,71,0.316,2,-0.05,-3.3597598,0
451,72,0.287,2,-0.05,-12.382433,0
451,73,0.285,1,-0.05,-11.178764,0
451,74,0.281,1,-0.05,-21.306278,0
451,75,0.255,2,-0.05,-37.795124,0
451,76,0.255,2,-0.05,-75.45214,0
451,77,0.233,2,-0.05,-71.09523,0
451,78,0.224,1,-0.05,-63.609314,0
451,79,0.201,1,-0.05,-82.990776,0
451,80,0.196,2,-100.0,-106.20518,0
452,0,0.663,0,1.0,6.955221,0
452,1,0.663,0,1.0,6.315858,0
452,2,0.676,0,1.0,6.658345,0
452,3,0.673,0,1.0,6.0930037,0
452,4,0.680,0,1.0,7.053251,0
452,5,0.679,0,1.0,4.6456523,0
452,6,0.689,2,-0.05,6.5271683,0
452,7,0.677,0,1.0,7.370188,0
452,8,0.698,0,1.0,6.9974647,0
452,9,0.692,0,1.0,6.3822026,0
452,10,0.697,0,1.0,7.550082,0
452,11,0.688,0,1.0,7.7894106,0
452,12,0.672,0,1.0,5.9874425,0
452,13,0.644,0,1.0,7.0421786,0
452,14,0.644,0,1.0,6.634148,0
452,15,0.631,0,1.0,6.131161,0
452,16,0.626,0,1.0,7.556855,0
452,17,0.605,0,1.0,5.7367597,0
452,18,0.586,0,1.0,6.0310855,0
452,19,0.591,0,1.0,6.2237163,0
452,20,0.581,0,1.0,6.713976,0
452,21,0.562,0,1.0,5.1989717,0
452,22,0.545,0,1.0,5.7376175,0
452,23,0.532,0,1.0,5.227319,0
452,24,0.524,0,1.0,5.9736257,0
452,25,0.510,2,-0.05,5.617644,0
452,26,0.496,0,1.0,5.386237,0
452,27,0.491,2,-0.05,5.008017,0
452,28,0.485,0,1.0,3.5691507,0
452,29,0.451,1,-0.05,0.0005979538,0
452,30,0.456,2,-0.05,0.7724637,0
452,31,0.448,1,-0.05,0.15173635,0
452,32,0.433,0,1.0,-0.7273531,0
452,33,0.416,0,1.0,2.223854,0
452,34,0.405,2,-0.05,1.0513346,0
452,35,0.372,0,1.0,3.258728,0
452,36,0.359,0,1.0,-2.8960536,0
452,37,0.329,0,1.0,-3.807228,0
452,38,0.273,0,1.0,-1.2973404,0
452,39,0.259,0,1.0,5.10958,0
452,40,0.257,0,1.0,2.7862606,0
452,41,0.279,2,-0.05,4.9825635,0
452,42,0.287,2,-0.05,4.8813915,0
452,43,0.305,0,1.0,4.1789875,0
452,44,0.348,1,-0.05,2.6246963,0
452,45,0.377,0,1.0,1.8944446,0
452,46,0.436,2,-0.05,6.37516,0
452,47,0.442,2,-0.05,5.4789267,0
452,48,0.497,0,1.0,3.9759521,0
452,49,0.530,0,1.0,1.0902159,0
452,50,0.608,0,1.0,1.9062939,0
452,51,0.708,0,1.0,3.220121,0
452,52,0.651,1,-0.05,2.965592,0
452,53,0.651,2,-0.05,2.234592,0
452,54,0.630,2,-0.05,2.8797169,0
452,55,0.613,0,1.0,2.63094,0
452,56,0.536,0,1.0,4.696073,0
452,57,0.506,0,1.0,5.1001167,0
452,58,0.436,2,-0.05,4.080808,0
452,59,0.421,2,-0.05,3.4197469,0
452,60,0.410,2,-0.05,2.9729393,0
452,61,0.382,0,1.0,4.5380516,0
452,62,0.338,0,1.0,2.8647048,0
452,63,0.313,0,1.0,1.5743165,0
452,64,0.284,2,-0.05,1.3730768,0
452,65,0.246,2,-0.05,-0.28138924,0
452,66,0.264,2,-0.05,-0.76102257,0
452,67,0.262,1,-0.05,0.43621755,0
452,68,0.255,1,-0.05,1.2383218,0
452,69,0.251,2,-0.05,-2.1409154,0
452,70,0.245,2,-0.05,-1.9583616,0
452,71,0.239,0,1.0,0.8717339,0
452,72,0.222,2,-0.05,-1.0296705,0
452,73,0.224,0,1.0,-0.5678338,0
452,74,0.223,0,1.0,2.762613,0
452,75,0.223,0,1.0,5.0876713,0
452,76,0.210,0,1.0,1.5232375,0
452,77,0.220,2,-0.05,0.17236327,0
452,78,0.220,1,-0.05,0.6033403,0
452,79,0.214,0,1.0,0.3459422,0
452,80,0.209,2,-0.05,-3.520186,0
452,81,0.194,2,-100.0,-7.113987,0
453,0,0.658,2,-0.05,4.936821,0
453,1,0.659,0,1.0,6.4984784,0
453,2,0.680,0,1.0,5.7840343,0
453,3,0.688,0,1.0,6.0002513,0
453,4,0.693,0,1.0,6.116541,0
453,5,0.676,0,1.0,5.409858,0
453,6,0.679,2,-0.05,6.9770656,0
453,7,0.657,0,1.0,6.2532077,0
453,8,0.646,0,1.0,4.752739,0
453,9,0.597,0,1.0,4.245869,0
453,10,0.575,0,1.0,5.873077,0
453,11,0.566,0,1.0,5.735065,0
453,12,0.535,0,1.0,4.842263,0
453,13,0.501,0,1.0,5.3613596,0
453,14,0.487,1,-0.05,2.359027,0
453,15,0.469,0,1.0,4.7013273,0
453,16,0.459,0,1.0,4.8520427,0
453,17,0.434,0,1.0,5.7851124,0
453,18,0.411,0,1.0,4.793288,0
453,19,0.404,0,1.0,5.120124,0
453,20,0.388,1,-0.05,4.057114,0
453,21,0.378,0,1.0,4.171565,0
453,22,0.379,1,-0.05,5.473591,0
453,23,0.363,1,-0.05,4.3340793,0
453,24,0.365,0,1.0,5.211802,0
453,25,0.374,0,1.0,7.534637,0
453,26,0.396,0,1.0,5.4789305,0
453,27,0.405,0,1.0,6.4449644,0
453,28,0.424,0,1.0,5.796219,0
453,29,0.422,0,1.0,4.8237166,0
453,30,0.440,0,1.0,3.6873977,0
453,31,0.449,0,1.0,4.7239323,0
453,32,0.460,0,1.0,4.893859,0
453,33,0.482,0,1.0,5.356887,0
453,34,0.473,0,1.0,3.73306,0
453,35,0.482,2,-0.05,3.0059538,0
453,36,0.505,1,-0.05,3.5373023,0
453,37,0.500,1,-0.05,2.294929,0
453,38,0.509,0,1.0,1.8454013,0
453,39,0.523,0,1.0,-0.3296044,0
453,40,0.553,1,-0.05,1.0619893,0
453,41,0.565,1,-0.05,-1.4590652,0
453,42,0.570,0,1.0,-1.2183805,0
453,43,0.599,2,-0.05,-1.0618256,0
453,44,0.639,0,1.0,1.178993,0
453,45,0.676,2,-0.05,2.7746587,0
453,46,0.681,2,-0.05,4.4643803,0
453,47,0.704,2,-0.05,4.996395,0
453,48,0.700,2,-0.05,3.631008,0
453,49,0.730,0,1.0,5.133117,0
453,50,0.729,0,1.0,4.2379622,0
453,51,0.720,1,-0.05,6.0869937,0
453,52,0.719,2,-0.05,5.3088245,0
453,53,0.722,1,-0.05,5.7206917,0
453,54,0.712,2,-0.05,4.4938254,0
453,55,0.716,0,1.0,2.7896829,0
453,56,0.702,2,-0.05,5.902987,0
453,57,0.725,0,1.0,5.758313,0
453,58,0.716,0,1.0,6.033502,0
453,59,0.673,0,1.0,7.005094,0
453,60,0.562,0,1.0,4.7319913,0
453,61,0.484,1,-0.05,2.5747244,0
453,62,0.480,2,-0.05,1.852484,0
453,63,0.465,2,-0.05,1.4042773,0
453,64,0.421,2,-0.05,4.6200957,0
453,65,0.428,1,-0.05,3.964682,0
453,66,0.421,1,-0.05,3.4216495,0
453,67,0.394,2,-0.05,0.7322497,0
453,68,0.385,1,-0.05,0.45410103,0
453,69,0.378,1,-0.05,-2.7414207,0
453,70,0.349,2,-0.05,-6.3146963,0
453,71,0.342,2,-0.05,-6.939739,0
453,72,0.324,2,-0.05,-6.348482,0
453,73,0.297,1,-0.05,-3.4358916,0
453,74,0.280,1,-0.05,-9.956937,0
453,75,0.283,2,-0.05,-36.349106,0
453,76,0.255,2,-0.05,-33.084892,0
453,77,0.233,1,-0.05,-43.641655,0
453,78,0.231,1,-0.05,-69.22248,0
453,79,0.205,2,-0.05,-85.36135,0
453,80,0.183,2,-100.0,-101.017456,0
454,0,0.663,0,1.0,7.204039,0
454,1,0.663,0,1.0,6.3530636,0
454,2,0.676,0,1.0,7.1381702,0
454,3,0.673,0,1.0,6.3289747,0
454,4,0.665,0,1.0,5.834866,0
454,5,0.691,0,1.0,7.52946,0
454,6,0.677,0,1.0,6.005685,0
454,7,0.683,0,1.0,6.6794357,0
454,8,0.674,0,1.0,5.2954535,0
454,9,0.695,0,1.0,7.065723,0
454,10,0.698,0,1.0,6.222881,0
454,11,0.704,0,1.0,6.219658,0
454,12,0.705,2,-0.05,6.727272,0
454,13,0.689,0,1.0,7.3603096,0
454,14,0.699,0,1.0,7.0684004,0
454,15,0.689,0,1.0,7.566495,0
454,16,0.662,0,1.0,5.2978396,0
454,17,0.664,0,1.0,7.4339232,0
454,18,0.646,0,1.0,6.3688626,0
454,19,0.646,0,1.0,6.598264,0
454,20,0.622,0,1.0,5.965655,0
454,21,0.619,0,1.0,6.211992,0
454,22,0.591,0,1.0,7.218525,0
454,23,0.581,0,1.0,5.1333137,0
454,24,0.578,0,1.0,5.3821325,0
454,25,0.563,0,1.0,6.024537,0
454,26,0.559,0,1.0,4.850521,0
454,27,0.543,0,1.0,5.235185,0
454,28,0.524,0,1.0,4.6592245,0
454,29,0.519,0,1.0,5.1223655,0
454,30,0.508,2,-0.05,5.0763664,0
454,31,0.504,0,1.0,5.046694,0
454,32,0.487,0,1.0,4.1053867,0
454,33,0.448,0,1.0,5.213927,0
454,34,0.435,0,1.0,4.994437,0
454,35,0.437,0,1.0,4.277232,0
454,36,0.447,0,1.0,6.3032336,0
454,37,0.472,0,1.0,4.356285,0
454,38,0.519,0,1.0,6.3247886,0
454,39,0.562,2,-0.05,5.657959,0
454,40,0.586,0,1.0,6.133063,0
454,41,0.654,0,1.0,5.703844,0
454,42,0.703,0,1.0,4.128895,0
454,43,0.677,0,1.0,2.958565,0
454,44,0.593,1,-0.05,2.5770833,0
454,45,0.585,0,1.0,3.810759,0
454,46,0.496,1,-0.05,0.34852144,0
454,47,0.468,1,-0.05,-2.0966418,0
454,48,0.466,1,-0.05,-3.3007727,0
454,49,0.438,1,-0.05,-5.7912,0
454,50,0.418,2,-0.05,-12.858504,0
454,51,0.414,2,-0.05,-10.4012375,0
454,52,0.394,1,-0.05,-10.057644,0
454,53,0.380,2,-0.05,-11.920479,0
454,54,0.340,0,1.0,-13.4338875,0
454,55,0.277,2,-0.05,-8.914656,0
454,56,0.246,2,-0.05,-30.399792,0
454,57,0.233,2,-0.05,-34.39341,0
454,58,0.226,2,-0.05,-58.42318,0
454,59,0.203,1,-0.05,-78.392494,0
454,60,0.197,1,-100.0,-93.09206,0
455,0,0.671,0,1.0,5.6933355,0
455,1,0.654,0,1.0,6.603448,0
455,2,0.656,0,1.0,5.504718,0
455,3,0.649,0,1.0,7.5658493,0
455,4,0.658,2,-0.05,5.2284245,0
455,5,0.644,0,1.0,6.706835,0
455,6,0.660,0,1.0,6.4042163,0
455,7,0.657,0,1.0,7.303959,0
455,8,0.676,0,1.0,5.457109,0
455,9,0.671,0,1.0,7.692783,0
455,10,0.665,0,1.0,7.34178,0
455,11,0.684,0,1.0,5.6701255,0
455,12,0.683,0,1.0,6.2676935,0
455,13,0.694,1,-0.05,4.3959255,0
455,14,0.688,2,-0.05,5.8510413,0
455,15,0.695,0,1.0,6.2113895,0
455,16,0.700,0,1.0,4.4872413,0
455,17,0.684,0,1.0,5.789747,0
455,18,0.661,0,1.0,5.116376,0
455,19,0.640,0,1.0,6.079387,0
455,20,0.623,0,1.0,5.4836864,0
455,21,0.595,0,1.0,5.161857,0
455,22,0.568,0,1.0,6.2224927,0
455,23,0.562,0,1.0,5.4309893,0
455,24,0.543,0,1.0,5.7374496,0
455,25,0.522,0,1.0,4.461849,0
455,26,0.500,0,1.0,5.2681704,0
455,27,0.481,0,1.0,2.476236,0
455,28,0.464,0,1.0,3.9118083,0
455,29,0.440,2,-0.05,5.3045197,0
455,30,0.425,0,1.0,3.648157,0
455,31,0.409,0,1.0,-1.3007572,0
455,32,0.364,0,1.0,-1.0726061,0
455,33,0.336,0,1.0,-3.8170166,0
455,34,0.316,0,1.0,-0.003774643,0
455,35,0.290,0,1.0,0.22496438,0
455,36,0.266,0,1.0,4.9968243,0
455,37,0.264,0,1.0,5.449904,0
455,38,0.299,0,1.0,5.9085746,0
455,39,0.367,0,1.0,4.4766874,0
455,40,0.431,2,-0.05,4.9994254,0
455,41,0.440,0,1.0,3.5937147,0
455,42,0.512,0,1.0,5.471048,0
455,43,0.644,0,1.0,4.815693,0
455,44,0.681,2,-0.05,3.6095793,0
455,45,0.707,2,-0.05,3.823667,0
455,46,0.713,2,-0.05,3.723261,0
455,47,0.671,0,1.0,1.8330669,0
455,48,0.621,0,1.0,2.5676785,0
455,49,0.551,2,-0.05,3.018211,0
455,50,0.507,2,-0.05,3.294191,0
455,51,0.497,2,-0.05,2.6538558,0
455,52,0.490,0,1.0,3.6502244,0
455,53,0.431,0,1.0,6.8986053,0
455,54,0.368,0,1.0,5.1788654,0
455,55,0.344,2,-0.05,2.452592,0
455,56,0.322,2,-0.05,1.368808,0
455,57,0.311,2,-0.05,3.489022,0
455,58,0.298,0,1.0,2.4747458,0
455,59,0.299,1,-0.05,2.0637884,0
455,60,0.278,1,-0.05,1.761044,0
455,61,0.278,2,-0.05,-0.82071996,0
455,62,0.280,2,-0.05,-1.7192078,0
455,63,0.266,1,-0.05,1.7938803,0
455,64,0.258,1,-0.05,1.5910493,0
455,65,0.262,2,-0.05,-1.8545094,0
455,66,0.258,2,-0.05,-0.55852103,0
455,67,0.249,1,-0.05,1.4328749,0
455,68,0.259,2,-0.05,-0.5896163,0
455,69,0.243,2,-0.05,-1.1104043,0
455,70,0.235,1,-0.05,1.4872216,0
455,71,0.238,1,-0.05,1.8499169,0
455,72,0.239,2,-0.05,0.6642041,0
455,73,0.225,2,-0.05,-0.8119347,0
455,74,0.216,2,-0.05,-1.0190182,0
455,75,0.230,0,1.0,3.7499714,0
455,76,0.240,0,1.0,0.5312391,0
455,77,0.243,0,1.0,0.719603,0
455,78,0.242,0,1.0,4.7279625,0
455,79,0.265,0,1.0,3.8811412,0
455,80,0.272,0,1.0,4.3961616,0
455,81,0.262,0,1.0,4.2272444,0
455,82,0.279,1,-0.05,3.8812327,0
455,83,0.286,0,1.0,6.045451,0
455,84,0.286,0,1.0,3.5795035,0
455,85,0.289,0,1.0,3.689176,0
455,86,0.285,0,1.0,4.230941,0
455,87,0.287,0,1.0,5.7225833,0
455,88,0.282,0,1.0,2.9129617,0
455,89,0.286,0,1.0,3.9833295,0
455,90,0.290,0,1.0,5.8160706,0
455,91,0.282,2,-0.05,4.3246107,0
455,92,0.275,0,1.0,6.721451,0
455,93,0.291,0,1.0,7.9052014,0
455,94,0.290,1,-0.05,7.0681806,0
455,95,0.304,0,1.0,6.078711,0
455,96,0.295,0,1.0,2.26947,0
455,97,0.296,1,-0.05,3.885954,0
455,98,0.301,1,-0.05,3.6184072,0
455,99,0.298,2,-0.05,1.8241339,0
455,100,0.298,1,-0.05,2.9661324,0
455,101,0.290,2,-0.05,3.0336928,0
455,102,0.298,1,-0.05,4.3927827,0
455,103,0.300,1,-0.05,2.6299818,0
455,104,0.303,0,1.0,1.7845641,0
455,105,0.278,1,-0.05,5.150518,0
455,106,0.274,1,-0.05,4.981863,0
455,107,0.274,1,-0.05,1.8995215,0
455,108,0.265,2,-0.05,-4.1916523,0
455,109,0.255,2,-0.05,-2.4224195,0
455,110,0.248,2,-0.05,-0.506701,0
455,111,0.237,2,-0.05,-0.5674796,0
455,112,0.239,2,-0.05,2.1008222,0
455,113,0.237,1,-0.05,2.9310029,0
455,114,0.227,2,-0.05,3.4148517,0
455,115,0.231,2,-0.05,2.5464804,0
455,116,0.236,2,-0.05,2.5619402,0
455,117,0.236,2,-0.05,6.33541,0
455,118,0.231,2,-0.05,2.9963202,0
455,119,0.244,1,-0.05,2.923741,0
455,120,0.265,1,-0.05,2.8749352,0
455,121,0.263,0,1.0,4.003077,0
455,122,0.273,2,-0.05,2.4558196,0
455,123,0.275,2,-0.05,-0.25535572,0
455,124,0.270,2,-0.05,0.9868052,0
455,125,0.279,2,-0.05,-3.070902,0
455,126,0.276,1,-0.05,1.2623177,0
455,127,0.292,1,-0.05,1.8772756,0
455,128,0.308,0,1.0,-3.0824573,0
455,129,0.284,2,-0.05,-4.8289833,0
455,130,0.275,2,-0.05,-25.36977,0
455,131,0.232,2,-0.05,-34.34372,0
455,132,0.233,1,-0.05,-44.136715,0
455,133,0.212,1,-0.05,-63.564808,0
455,134,0.197,2,-100.0,-73.05039,0
456,0,0.663,0,1.0,6.708419,0
456,1,0.664,0,1.0,5.9721007,0
456,2,0.676,0,1.0,6.771739,0
456,3,0.681,0,1.0,5.980893,0
456,4,0.680,0,1.0,5.987498,0
456,5,0.680,0,1.0,6.7110076,0
456,6,0.685,2,-0.05,4.435956,0
456,7,0.679,0,1.0,7.2550626,0
456,8,0.698,0,1.0,7.1447024,0
456,9,0.707,2,-0.05,5.79803,0
456,10,0.704,0,1.0,7.910307,0
456,11,0.691,0,1.0,6.419966,0
456,12,0.642,0,1.0,4.3925724,0
456,13,0.632,0,1.0,6.061567,0
456,14,0.601,0,1.0,6.5206337,0
456,15,0.581,0,1.0,5.164749,0
456,16,0.560,0,1.0,6.7503424,0
456,17,0.556,1,-0.05,7.352848,0
456,18,0.538,0,1.0,5.777118,0
456,19,0.525,0,1.0,5.677814,0
456,20,0.517,1,-0.05,5.445109,0
456,21,0.517,0,1.0,6.090019,0
456,22,0.499,0,1.0,5.513657,0
456,23,0.504,0,1.0,5.8556685,0
456,24,0.500,0,1.0,5.3174086,0
456,25,0.492,0,1.0,5.075347,0
456,26,0.495,0,1.0,7.0097475,0
456,27,0.487,0,1.0,4.777927,0
456,28,0.479,0,1.0,5.971395,0
456,29,0.483,0,1.0,3.2548919,0
456,30,0.477,0,1.0,4.8925657,0
456,31,0.475,0,1.0,5.164811,0
456,32,0.462,0,1.0,5.3917856,0
456,33,0.465,2,-0.05,4.6239634,0
456,34,0.458,0,1.0,4.3840737,0
456,35,0.450,0,1.0,5.182461,0
456,36,0.466,0,1.0,6.091013,0
456,37,0.456,2,-0.05,5.4883366,0
456,38,0.454,2,-0.05,4.9541254,0
456,39,0.459,2,-0.05,4.9228354,0
456,40,0.454,0,1.0,4.971666,0
456,41,0.481,0,1.0,3.4123297,0
456,42,0.508,0,1.0,4.9387674,0
456,43,0.552,0,1.0,5.4188976,0
456,44,0.590,0,1.0,7.6094923,0
456,45,0.651,0,1.0,6.134125,0
456,46,0.710,2,-0.05,5.0399694,0
456,47,0.705,2,-0.05,1.8041344,0
456,48,0.682,0,1.0,3.69412,0
456,49,0.583,0,1.0,2.9147902,0
456,50,0.509,2,-0.05,2.9588695,0
456,51,0.513,2,-0.05,1.6892208,0
456,52,0.501,2,-0.05,2.8172529,0
456,53,0.487,2,-0.05,1.0713971,0
456,54,0.451,0,1.0,2.1778133,0
456,55,0.397,0,1.0,4.930025,0
456,56,0.357,0,1.0,2.094244,0
456,57,0.312,2,-0.05,1.965685,0
456,58,0.303,2,-0.05,1.9112949,0
456,59,0.290,2,-0.05,3.1575198,0
456,60,0.278,2,-0.05,3.2925794,0
456,61,0.285,2,-0.05,2.9554882,0
456,62,0.267,2,-0.05,5.687542,0
456,63,0.277,2,-0.05,4.671751,0
456,64,0.275,2,-0.05,8.746353,0
456,65,0.272,2,-0.05,9.452443,0
456,66,0.281,2,-0.05,7.7272215,0
456,67,0.276,2,-0.05,6.8350344,0
456,68,0.289,2,-0.05,2.1866508,0
456,69,0.284,2,-0.05,0.8727666,0
456,70,0.295,1,-0.05,-1.0350465,0
456,71,0.304,1,-0.05,-2.4093492,0
456,72,0.318,2,-0.05,1.432351,0
456,73,0.330,1,-0.05,-1.1584239,0
456,74,0.336,1,-0.05,-0.3966372,0
456,75,0.342,2,-0.05,3.6237166,0
456,76,0.353,2,-0.05,3.9410207,0
456,77,0.346,1,-0.05,-2.040124,0
456,78,0.363,1,-0.05,2.437894,0
456,79,0.361,2,-0.05,3.6919737,0
456,80,0.377,2,-0.05,4.627207,0
456,81,0.387,1,-0.05,0.24477097,0
456,82,0.394,2,-0.05,5.3381763,0
456,83,0.418,0,1.0,3.2464669,0
456,84,0.464,1,-0.05,-0.16285521,0
456,85,0.475,1,-0.05,-1.6345887,0
456,86,0.489,0,1.0,0.49572337,0
456,87,0.538,2,-0.05,7.868523,0
456,88,0.526,2,-0.05,7.3098545,0
456,89,0.541,1,-0.05,4.8044086,0
456,90,0.564,1,-0.05,6.745874,0
456,91,0.557,1,-0.05,8.718815,0
456,92,0.558,1,-0.05,6.1723847,0
456,93,0.580,1,-0.05,0.99979514,0
456,94,0.586,1,-0.05,3.2570465,0
456,95,0.600,0,1.0,-0.48266006,0
456,96,0.592,2,-0.05,2.3004818,0
456,97,0.592,0,1.0,0.2875498,0
456,98,0.599,0,1.0,2.963232,0
456,99,0.575,2,-0.05,2.5180194,0
456,100,0.588,0,1.0,1.0929389,0
456,101,0.589,1,-0.05,3.4260309,0
456,102,0.610,1,-0.05,2.7842462,0
456,103,0.609,0,1.0,4.7134705,0
456,104,0.606,2,-0.05,3.7679937,0
456,105,0.601,2,-0.05,3.305371,0
456,106,0.594,0,1.0,3.3406773,0
456,107,0.619,0,1.0,3.063662,0
456,108,0.632,0,1.0,5.194616,0
456,109,0.633,1,-0.05,3.1379154,0
456,110,0.644,0,1.0,4.216625,0
456,111,0.650,1,-0.05,5.6993403,0
456,112,0.633,0,1.0,5.517782,0
456,113,0.645,0,1.0,6.1584773,0
456,114,0.625,0,1.0,6.4156594,0
456,115,0.614,0,1.0,6.643856,0
456,116,0.619,0,1.0,5.733363,0
456,117,0.608,0,1.0,5.11358,0
456,118,0.595,0,1.0,3.9871912,0
456,119,0.596,0,1.0,3.6854737,0
456,120,0.589,0,1.0,2.3013978,0
456,121,0.575,0,1.0,4.0819845,0
456,122,0.571,0,1.0,5.2241535,0
456,123,0.571,1,-0.05,5.949286,0
456,124,0.558,0,1.0,5.3518186,0
456,125,0.537,2,-0.05,7.2503414,0
456,126,0.527,0,1.0,6.665031,0
456,127,0.405,0,1.0,3.3836112,0
456,128,0.330,2,-0.05,1.3090242,0
456,129,0.324,2,-0.05,-5.9571495,0
456,130,0.295,2,-0.05,-7.876648,0
456,131,0.260,2,-0.05,-20.575394,0
456,132,0.257,2,-0.05,-37.471718,0
456,133,0.248,1,-0.05,-46.184067,0
456,134,0.225,2,-0.05,-44.8368,0
456,135,0.215,1,-0.05,-64.14196,0
456,136,0.199,1,-100.0,-87.40885,0
457,0,0.663,0,1.0,6.2149944,0
457,1,0.669,0,1.0,5.0175924,0
457,2,0.655,0,1.0,7.1425157,0
457,3,0.648,0,1.0,5.9934354,0
457,4,0.660,0,1.0,7.121137,0
457,5,0.633,0,1.0,6.830947,0
457,6,0.646,0,1.0,6.9388285,0
457,7,0.645,1,-0.05,7.2385287,0
457,8,0.631,0,1.0,8.398056,0
457,9,0.632,0,1.0,5.7637725,0
457,10,0.612,0,1.0,5.8896213,0
457,11,0.592,0,1.0,6.6334124,0
457,12,0.586,0,1.0,5.9134665,0
457,13,0.574,0,1.0,5.493918,0
457,14,0.552,0,1.0,6.6919136,0
457,15,0.559,0,1.0,6.3103757,0
457,16,0.541,0,1.0,5.297651,0
457,17,0.530,0,1.0,4.1064076,0
457,18,0.513,1,-0.05,3.0507245,0
457,19,0.493,0,1.0,6.828701,0
457,20,0.484,0,1.0,6.060751,0
457,21,0.460,0,1.0,6.8687706,0
457,22,0.416,0,1.0,6.8613887,0
457,23,0.418,0,1.0,4.775712,0
457,24,0.393,0,1.0,5.318587,0
457,25,0.366,0,1.0,4.5952787,0
457,26,0.351,0,1.0,5.3903766,0
457,27,0.337,0,1.0,4.405979,0
457,28,0.303,0,1.0,5.154751,0
457,29,0.289,0,1.0,2.971761,0
457,30,0.263,2,-0.05,-0.014031351,0
457,31,0.258,1,-0.05,0.2233733,0
457,32,0.263,1,-0.05,-1.1820636,0
457,33,0.252,1,-0.05,-7.8289704,0
457,34,0.261,2,-0.05,-5.485247,0
457,35,0.239,2,-0.05,-14.34614,0
457,36,0.232,1,-0.05,-10.381709,0
457,37,0.236,1,-0.05,-18.14885,0
457,38,0.233,1,-0.05,-35.431797,0
457,39,0.223,1,-0.05,-50.475834,0
457,40,0.229,1,-0.05,-59.29096,0
457,41,0.195,0,-100.0,-78.41392,0
458,0,0.671,0,1.0,6.53423,0
458,1,0.676,1,-0.05,4.734105,0
458,2,0.666,1,-0.05,5.571482,0
458,3,0.658,1,-0.05,3.5531914,0
458,4,0.676,2,-0.05,5.4497876,0
458,5,0.655,0,1.0,5.1648254,0
458,6,0.634,0,1.0,6.6704645,0
458,7,0.632,0,1.0,6.0754113,0
458,8,0.640,2,-0.05,4.227702,0
458,9,0.618,2,-0.05,5.6354437,0
458,10,0.628,0,1.0,6.250605,0
458,11,0.628,0,1.0,5.761319,0
458,12,0.656,0,1.0,6.276772,0
458,13,0.651,0,1.0,7.5891867,0
458,14,0.660,0,1.0,6.3899455,0
458,15,0.685,0,1.0,7.3382854,0
458,16,0.682,0,1.0,6.7496834,0
458,17,0.697,0,1.0,6.8878617,0
458,18,0.690,0,1.0,7.130065,0
458,19,0.702,0,1.0,6.3275685,0
458,20,0.680,0,1.0,6.8839383,0
458,21,0.664,0,1.0,6.322921,0
458,22,0.665,2,-0.05,4.6845083,0
458,23,0.661,0,1.0,5.9256635,0
458,24,0.651,0,1.0,6.683389,0
458,25,0.623,2,-0.05,4.3612375,0
458,26,0.609,0,1.0,6.1749077,0
458,27,0.598,0,1.0,5.8706484,0
458,28,0.567,0,1.0,5.3101974,0
458,29,0.540,1,-0.05,4.920742,0
458,30,0.546,1,-0.05,5.2337255,0
458,31,0.526,0,1.0,6.137413,0
458,32,0.510,0,1.0,6.258789,0
458,33,0.500,0,1.0,4.5544577,0
458,34,0.491,2,-0.05,5.4728227,0
458,35,0.493,0,1.0,5.6825366,0
458,36,0.471,1,-0.05,5.2122397,0
458,37,0.474,0,1.0,3.842774,0
458,38,0.458,0,1.0,4.0329905,0
458,39,0.443,0,1.0,4.706347,0
458,40,0.434,0,1.0,5.198978,0
458,41,0.426,0,1.0,5.068953,0
458,42,0.429,0,1.0,5.8727074,0
458,43,0.426,0,1.0,5.796456,0
458,44,0.459,0,1.0,3.4796538,0
458,45,0.526,0,1.0,4.754637,0
458,46,0.563,0,1.0,5.538333,0
458,47,0.644,0,1.0,5.1370687,0
458,48,0.718,0,1.0,4.4863772,0
458,49,0.752,0,1.0,2.9394588,0
458,50,0.628,0,1.0,1.2786281,0
458,51,0.502,0,1.0,1.6078827,0
458,52,0.382,0,1.0,-2.7209551,0
458,53,0.327,2,-0.05,-4.6891127,0
458,54,0.306,2,-0.05,-8.148659,0
458,55,0.298,2,-0.05,-15.618114,0
458,56,0.278,1,-0.05,-22.498253,0
458,57,0.263,2,-0.05,-26.407864,0
458,58,0.218,2,-0.05,-43.43738,0
458,59,0.234,1,-0.05,-52.62191,0
458,60,0.218,1,-0.05,-58.56745,0
458,61,0.165,0,-100.0,-84.54961,0
459,0,0.671,0,1.0,7.4463177,0
459,1,0.676,0,1.0,6.348216,0
459,2,0.662,0,1.0,6.9452906,0
459,3,0.652,1,-0.05,6.3019757,0
459,4,0.658,0,1.0,6.2460446,0
459,5,0.655,0,1.0,6.3188047,0
459,6,0.655,0,1.0,6.762595,0
459,7,0.651,0,1.0,6.157289,0
459,8,0.637,0,1.0,6.9377766,0
459,9,0.637,0,1.0,6.317086,0
459,10,0.639,0,1.0,4.41159,0
459,11,0.629,0,1.0,7.3115005,0
459,12,0.622,0,1.0,6.892547,0
459,13,0.607,0,1.0,7.7841725,0
459,14,0.622,0,1.0,5.914878,0
459,15,0.610,0,1.0,6.794493,0
459,16,0.607,0,1.0,6.171973,0
459,17,0.594,0,1.0,6.6527715,0
459,18,0.605,0,1.0,5.673526,0
459,19,0.598,0,1.0,5.4964385,0
459,20,0.595,0,1.0,4.8416305,0
459,21,0.585,0,1.0,4.8266263,0
459,22,0.590,0,1.0,5.1635203,0
459,23,0.582,0,1.0,4.610284,0
459,24,0.567,0,1.0,6.220168,0
459,25,0.557,0,1.0,5.593987,0
459,26,0.572,0,1.0,5.2274504,0
459,27,0.567,0,1.0,5.346362,0
459,28,0.561,0,1.0,4.0995617,0
459,29,0.563,0,1.0,6.5772233,0
459,30,0.556,0,1.0,6.0408206,0
459,31,0.553,0,1.0,6.1070457,0
459,32,0.558,0,1.0,6.2480955,0
459,33,0.542,0,1.0,7.5121884,0
459,34,0.545,0,1.0,5.3193917,0
459,35,0.539,0,1.0,5.2994027,0
459,36,0.529,2,-0.05,2.2116919,0
459,37,0.536,2,-0.05,3.986775,0
459,38,0.534,0,1.0,4.571493,0
459,39,0.546,0,1.0,4.0094366,0
459,40,0.539,0,1.0,5.7001176,0
459,41,0.548,0,1.0,6.171325,0
459,42,0.579,0,1.0,6.072889,0
459,43,0.576,2,-0.05,5.694368,0
459,44,0.597,2,-0.05,3.6385407,0
459,45,0.599,0,1.0,6.0898433,0
459,46,0.592,1,-0.05,5.61473,0
459,47,0.569,1,-0.05,4.7244463,0
459,48,0.553,0,1.0,4.8714337,0
459,49,0.469,1,-0.05,0.5351812,0
459,50,0.453,0,1.0,1.137343,0
459,51,0.355,2,-0.05,0.9153428,0
459,52,0.328,2,-0.05,-3.0321379,0
459,53,0.324,2,-0.05,-4.314125,0
459,54,0.300,2,-0.05,-9.344608,0
459,55,0.294,2,-0.05,-8.794014,0
459,56,0.273,1,-0.05,-20.416407,0
459,57,0.253,1,-0.05,-31.380524,0
459,58,0.255,2,-0.05,-55.080482,0
459,59,0.228,2,-0.05,-69.69144,0
459,60,0.203,1,-0.05,-77.11501,0
459,61,0.201,1,-0.05,-86.795715,0
459,62,0.188,1,-100.0,-95.153534,0
460,0,0.663,0,1.0,5.4009466,0
460,1,0.669,0,1.0,5.511157,0
460,2,0.660,0,1.0,7.43477,0
460,3,0.657,0,1.0,5.875965,0
460,4,0.654,0,1.0,6.58738,0
460,5,0.647,0,1.0,5.957324,0
460,6,0.649,0,1.0,6.4089766,0
460,7,0.647,0,1.0,6.907061,0
460,8,0.634,0,1.0,6.6241617,0
460,9,0.633,0,1.0,6.405971,0
460,10,0.626,0,1.0,6.694815,0
460,11,0.621,0,1.0,7.0016003,0
460,12,0.631,0,1.0,6.581476,0
460,13,0.607,0,1.0,7.070687,0
460,14,0.618,0,1.0,6.9451823,0
460,15,0.615,0,1.0,6.610958,0
460,16,0.596,0,1.0,4.8131833,0
460,17,0.608,0,1.0,6.774349,0
460,18,0.596,0,1.0,5.1918445,0
460,19,0.590,0,1.0,5.413821,0
460,20,0.597,0,1.0,4.314234,0
460,21,0.589,0,1.0,3.5839224,0
460,22,0.581,0,1.0,5.9306707,0
460,23,0.579,0,1.0,4.5920544,0
460,24,0.574,0,1.0,6.7900596,0
460,25,0.566,0,1.0,6.2734184,0
460,26,0.562,0,1.0,6.1244392,0
460,27,0.574,0,1.0,6.9546027,0
460,28,0.562,0,1.0,6.137116,0
460,29,0.574,0,1.0,5.3695483,0
460,30,0.562,0,1.0,5.8714046,0
460,31,0.558,0,1.0,6.1066556,0
460,32,0.554,0,1.0,5.4177895,0
460,33,0.542,0,1.0,6.613913,0
460,34,0.553,0,1.0,5.4598284,0
460,35,0.522,0,1.0,4.6594048,0
460,36,0.536,0,1.0,5.663656,0
460,37,0.531,0,1.0,5.0851665,0
460,38,0.536,0,1.0,6.6257753,0
460,39,0.530,0,1.0,5.802099,0
460,40,0.514,0,1.0,6.2109957,0
460,41,0.440,0,1.0,4.616557,0
460,42,0.402,2,-0.05,3.577452,0
460,43,0.383,2,-0.05,4.1025505,0
460,44,0.365,2,-0.05,1.556736,0
460,45,0.347,2,-0.05,-0.109568596,0
460,46,0.319,2,-0.05,-2.6989803,0
460,47,0.315,1,-0.05,-1.8899696,0
460,48,0.304,2,-0.05,-6.1570377,0
460,49,0.287,2,-0.05,-7.6196337,0
460,50,0.270,1,-0.05,-33.485886,0
460,51,0.249,1,-0.05,-40.873837,0
460,52,0.250,2,-0.05,-48.63855,0
460,53,0.221,2,-0.05,-59.260365,0
460,54,0.197,1,-100.0,-75.43034,0
461,0,0.671,0,1.0,6.2361994,0
461,1,0.662,0,1.0,7.1467924,0
461,2,0.666,0,1.0,6.142815,0
461,3,0.651,0,1.0,6.039232,0
461,4,0.660,0,1.0,6.494165,0
461,5,0.644,0,1.0,6.6190023,0
461,6,0.634,0,1.0,6.178092,0
461,7,0.646,0,1.0,7.039354,0
461,8,0.640,0,1.0,7.681889,0
461,9,0.644,0,1.0,6.35198,0
461,10,0.635,0,1.0,5.913856,0
461,11,0.633,0,1.0,7.4523416,0
461,12,0.616,2,-0.05,6.7158813,0
461,13,0.611,2,-0.05,7.507501,0
461,14,0.624,0,1.0,7.329417,0
461,15,0.642,0,1.0,6.2895956,0
461,16,0.659,0,1.0,5.649349,0
461,17,0.657,0,1.0,7.2216363,0
461,18,0.677,0,1.0,5.8413095,0
461,19,0.688,0,1.0,5.567967,0
461,20,0.705,0,1.0,5.8124175,0
461,21,0.699,1,-0.05,6.824896,0
461,22,0.694,1,-0.05,5.5136375,0
461,23,0.688,0,1.0,4.8716173,0
461,24,0.700,0,1.0,5.096422,0
461,25,0.699,0,1.0,5.9409223,0
461,26,0.705,0,1.0,5.368051,0
461,27,0.702,0,1.0,6.382007,0
461,28,0.705,0,1.0,5.0353117,0
461,29,0.709,0,1.0,5.706299,0
461,30,0.696,2,-0.05,5.2436604,0
461,31,0.691,0,1.0,6.172931,0
461,32,0.677,0,1.0,6.9323406,0
461,33,0.686,0,1.0,4.8848066,0
461,34,0.684,0,1.0,6.298201,0
461,35,0.679,0,1.0,5.7185144,0
461,36,0.676,1,-0.05,5.948828,0
461,37,0.670,0,1.0,4.6960554,0
461,38,0.680,0,1.0,4.125704,0
461,39,0.655,0,1.0,7.1383433,0
461,40,0.652,0,1.0,5.2502894,0
461,41,0.634,0,1.0,6.7440557,0
461,42,0.631,0,1.0,6.6928325,0
461,43,0.609,0,1.0,7.073104,0
461,44,0.604,0,1.0,6.1643577,0
461,45,0.604,0,1.0,7.235052,0
461,46,0.595,0,1.0,5.849092,0
461,47,0.563,0,1.0,6.821907,0
461,48,0.497,0,1.0,5.5935297,0
461,49,0.437,0,1.0,3.051414,0
461,50,0.355,2,-0.05,2.0715265,0
461,51,0.329,0,1.0,-1.8971238,0
461,52,0.243,2,-0.05,-6.734416,0
461,53,0.225,2,-0.05,-51.05867,0
461,54,0.217,2,-0.05,-89.63768,0
461,55,0.195,2,-100.0,-91.79894,0
462,0,0.667,1,-0.05,5.98336,0
462,1,0.659,1,-0.05,4.001457,0
462,2,0.654,0,1.0,3.759318,0
462,3,0.636,0,1.0,7.2853036,0
462,4,0.625,1,-0.05,6.421921,0
462,5,0.617,0,1.0,6.467714,0
462,6,0.594,0,1.0,4.3634977,0
462,7,0.536,0,1.0,6.241141,0
462,8,0.516,0,1.0,5.718061,0
462,9,0.491,0,1.0,5.9300346,0
462,10,0.452,0,1.0,6.2763815,0
462,11,0.418,0,1.0,5.9254055,0
462,12,0.408,0,1.0,5.785143,0
462,13,0.369,0,1.0,4.883881,0
462,14,0.321,1,-0.05,5.488008,0
462,15,0.330,0,1.0,3.3432257,0
462,16,0.290,0,1.0,4.0652256,0
462,17,0.244,2,-0.05,1.5033684,0
462,18,0.230,2,-0.05,-5.356694,0
462,19,0.230,2,-0.05,-5.760577,0
462,20,0.217,2,-0.05,-6.011673,0
462,21,0.202,2,-0.05,-2.2276726,0
462,22,0.213,0,1.0,4.4922695,0
462,23,0.220,0,1.0,3.8265142,0
462,24,0.228,0,1.0,5.4513273,0
462,25,0.234,0,1.0,3.7014327,0
462,26,0.247,0,1.0,3.519042,0
462,27,0.253,0,1.0,5.1363473,0
462,28,0.256,0,1.0,4.7057467,0
462,29,0.271,0,1.0,5.9499793,0
462,30,0.265,0,1.0,4.008918,0
462,31,0.272,0,1.0,5.3230724,0
462,32,0.268,0,1.0,5.6460214,0
462,33,0.292,0,1.0,4.9400024,0
462,34,0.304,0,1.0,3.9065552,0
462,35,0.294,0,1.0,5.386544,0
462,36,0.309,0,1.0,5.089638,0
462,37,0.317,2,-0.05,4.7914085,0
462,38,0.308,0,1.0,3.762147,0
462,39,0.327,0,1.0,4.262185,0
462,40,0.352,2,-0.05,3.0692134,0
462,41,0.344,2,-0.05,5.3380823,0
462,42,0.339,2,-0.05,2.6775994,0
462,43,0.351,1,-0.05,2.5163147,0
462,44,0.364,0,1.0,0.23271799,0
462,45,0.386,2,-0.05,2.4784229,0
462,46,0.402,0,1.0,6.7203255,0
462,47,0.436,0,1.0,3.50524,0
462,48,0.452,0,1.0,5.143101,0
462,49,0.490,0,1.0,5.7320695,0
462,50,0.525,0,1.0,6.293717,0
462,51,0.551,0,1.0,6.117265,0
462,52,0.558,2,-0.05,5.5899167,0
462,53,0.580,0,1.0,6.019651,0
462,54,0.616,0,1.0,4.8965306,0
462,55,0.570,1,-0.05,6.0288835,0
462,56,0.546,0,1.0,3.016298,0
462,57,0.471,2,-0.05,4.1889343,0
462,58,0.456,2,-0.05,5.7587676,0
462,59,0.440,1,-0.05,3.8547444,0
462,60,0.418,1,-0.05,2.6389127,0
462,61,0.417,2,-0.05,0.60889184,0
462,62,0.401,2,-0.05,1.4473106,0
462,63,0.374,1,-0.05,3.0633585,0
462,64,0.370,1,-0.05,0.92154884,0
462,65,0.353,1,-0.05,-1.925792,0
462,66,0.343,2,-0.05,-2.630618,0
462,67,0.310,2,-0.05,-6.4485064,0
462,68,0.304,1,-0.05,-5.1874228,0
462,69,0.282,2,-0.05,-9.514962,0
462,70,0.277,1,-0.05,-17.550713,0
462,71,0.251,1,-0.05,-32.762043,0
462,72,0.237,2,-0.05,-46.037643,0
462,73,0.217,2,-0.05,-77.562485,0
462,74,0.216,1,-0.05,-78.57304,0
462,75,0.192,2,-100.0,-86.81318,0
463,0,0.666,0,1.0,7.1310773,0
463,1,0.674,0,1.0,6.747144,0
463,2,0.665,1,-0.05,5.17263,0
463,3,0.666,0,1.0,4.502548,0
463,4,0.669,0,1.0,6.7008295,0
463,5,0.660,0,1.0,5.5848794,0
463,6,0.649,0,1.0,7.257029,0
463,7,0.651,0,1.0,7.199576,0
463,8,0.642,0,1.0,6.5016723,0
463,9,0.647,0,1.0,6.497288,0
463,10,0.628,0,1.0,7.0106897,0
463,11,0.635,0,1.0,6.71266,0
463,12,0.627,0,1.0,5.811848,0
463,13,0.627,0,1.0,6.2624745,0
463,14,0.609,0,1.0,7.05004,0
463,15,0.611,0,1.0,6.3644905,0
463,16,0.580,0,1.0,6.245361,0
463,17,0.601,0,1.0,5.752813,0
463,18,0.578,0,1.0,7.37481,0
463,19,0.586,0,1.0,5.4656043,0
463,20,0.583,1,-0.05,5.361823,0
463,21,0.583,0,1.0,5.36026,0
463,22,0.568,0,1.0,5.474883,0
463,23,0.547,0,1.0,5.647761,0
463,24,0.532,0,1.0,5.2139516,0
463,25,0.506,0,1.0,6.400629,0
463,26,0.505,0,1.0,5.5452547,0
463,27,0.484,0,1.0,4.779057,0
463,28,0.457,0,1.0,6.1285925,0
463,29,0.450,0,1.0,6.656402,0
463,30,0.435,0,1.0,5.8888664,0
463,31,0.425,0,1.0,6.897409,0
463,32,0.398,1,-0.05,8.050741,0
463,33,0.394,0,1.0,9.595137,0
463,34,0.378,0,1.0,8.36447,0
463,35,0.361,1,-0.05,7.674922,0
463,36,0.366,2,-0.05,3.497674,0
463,37,0.341,2,-0.05,3.4465623,0
463,38,0.334,0,1.0,3.2735844,0
463,39,0.326,0,1.0,4.484788,0
463,40,0.325,0,1.0,4.7710323,0
463,41,0.332,0,1.0,4.430208,0
463,42,0.341,0,1.0,6.375958,0
463,43,0.328,2,-0.05,5.6816206,0
463,44,0.333,2,-0.05,5.080446,0
463,45,0.337,0,1.0,6.426052,0
463,46,0.354,0,1.0,7.644627,0
463,47,0.375,0,1.0,7.192494,0
463,48,0.403,0,1.0,5.9379473,0
463,49,0.410,2,-0.05,7.3178263,0
463,50,0.421,0,1.0,4.689213,0
463,51,0.402,0,1.0,3.5629113,0
463,52,0.365,1,-0.05,-2.3023543,0
463,53,0.341,1,-0.05,-3.4842305,0
463,54,0.325,2,-0.05,-4.3970838,0
463,55,0.288,2,-0.05,-5.271219,0
463,56,0.284,1,-0.05,-18.17899,0
463,57,0.271,1,-0.05,-20.113846,0
463,58,0.252,2,-0.05,-40.521988,0
463,59,0.229,2,-0.05,-68.30454,0
463,60,0.218,1,-0.05,-59.988293,0
463,61,0.198,1,-100.0,-75.18388,0
464,0,0.653,2,-0.05,4.956655,0
464,1,0.667,0,1.0,6.8825026,0
464,2,0.678,0,1.0,6.98563,0
464,3,0.695,0,1.0,6.7304397,0
464,4,0.692,0,1.0,7.3243237,0
464,5,0.703,0,1.0,5.8173504,0
464,6,0.683,0,1.0,5.752523,0
464,7,0.682,0,1.0,7.408519,0
464,8,0.669,2,-0.05,4.9678984,0
464,9,0.649,0,1.0,6.4098096,0
464,10,0.642,2,-0.05,4.6936493,0
464,11,0.636,0,1.0,5.429165,0
464,12,0.593,0,1.0,5.6614485,0
464,13,0.559,0,1.0,6.914471,0
464,14,0.537,0,1.0,5.8576612,0
464,15,0.504,0,1.0,7.279746,0
464,16,0.460,0,1.0,3.9505103,0
464,17,0.443,0,1.0,4.0421815,0
464,18,0.406,0,1.0,5.7028646,0
464,19,0.353,0,1.0,2.811893,0
464,20,0.338,0,1.0,-0.114780664,0
464,21,0.312,1,-0.05,-2.4964068,0
464,22,0.316,0,1.0,-3.2853284,0
464,23,0.278,0,1.0,-1.8790033,0
464,24,0.269,1,-0.05,-3.6906886,0
464,25,0.252,1,-0.05,-1.4262965,0
464,26,0.257,1,-0.05,-1.6112382,0
464,27,0.252,1,-0.05,4.847397,0
464,28,0.255,0,1.0,5.5976086,0
464,29,0.278,0,1.0,5.4046135,0
464,30,0.284,0,1.0,6.217128,0
464,31,0.292,0,1.0,6.5730324,0
464,32,0.326,0,1.0,7.252597,0
464,33,0.336,0,1.0,3.5849535,0
464,34,0.352,0,1.0,6.0272236,0
464,35,0.369,0,1.0,5.480039,0
464,36,0.378,2,-0.05,4.333742,0
464,37,0.392,2,-0.05,4.6369224,0
464,38,0.396,0,1.0,3.4032388,0
464,39,0.389,0,1.0,4.249968,0
464,40,0.381,0,1.0,3.595192,0
464,41,0.387,2,-0.05,3.654386,0
464,42,0.394,0,1.0,5.02149,0
464,43,0.408,0,1.0,4.964634,0
464,44,0.441,0,1.0,3.6690345,0
464,45,0.442,0,1.0,3.9859438,0
464,46,0.535,0,1.0,3.2656498,0
464,47,0.604,0,1.0,3.4857173,0
464,48,0.663,0,1.0,3.121408,0
464,49,0.723,0,1.0,2.9614549,0
464,50,0.682,0,1.0,1.335706,0
464,51,0.637,2,-0.05,2.10447,0
464,52,0.580,0,1.0,1.8038092,0
464,53,0.460,0,1.0,0.20371419,0
464,54,0.394,0,1.0,-4.3392634,0
464,55,0.336,2,-0.05,-5.4208336,0
464,56,0.325,2,-0.05,-15.292146,0
464,57,0.290,2,-0.05,-14.461299,0
464,58,0.280,1,-0.05,-17.861162,0
464,59,0.277,1,-0.05,-15.890479,0
464,60,0.276,2,-0.05,-31.848007,0
464,61,0.227,2,-0.05,-35.76255,0
464,62,0.222,1,-0.05,-64.167274,0
464,63,0.219,1,-0.05,-81.742424,0
464,64,0.196,2,-100.0,-88.27116,0
465,0,0.658,0,1.0,6.3352575,0
465,1,0.658,0,1.0,7.4079876,0
465,2,0.670,0,1.0,6.4066377,0
465,3,0.686,0,1.0,7.5817533,0
465,4,0.678,2,-0.05,5.7180643,0
465,5,0.663,0,1.0,5.2263737,0
465,6,0.687,1,-0.05,5.408159,0
465,7,0.684,1,-0.05,6.463191,0
465,8,0.690,0,1.0,5.1032205,0
465,9,0.675,0,1.0,7.401765,0
465,10,0.676,0,1.0,6.769283,0
465,11,0.674,0,1.0,5.4068284,0
465,12,0.655,0,1.0,6.4146714,0
465,13,0.650,0,1.0,6.554459,0
465,14,0.644,0,1.0,6.4300466,0
465,15,0.643,0,1.0,6.3575983,0
465,16,0.627,0,1.0,5.97316,0
465,17,0.618,2,-0.05,4.4782205,0
465,18,0.620,0,1.0,5.8059025,0
465,19,0.628,0,1.0,7.1739473,0
465,20,0.612,0,1.0,6.566035,0
465,21,0.619,0,1.0,6.7755537,0
465,22,0.643,0,1.0,6.214883,0
465,23,0.639,0,1.0,6.250953,0
465,24,0.642,0,1.0,5.817373,0
465,25,0.640,0,1.0,4.960449,0
465,26,0.640,0,1.0,5.3687677,0
465,27,0.663,0,1.0,4.2790885,0
465,28,0.658,0,1.0,4.3714714,0
465,29,0.649,0,1.0,6.182579,0
465,30,0.645,2,-0.05,5.3410006,0
465,31,0.665,0,1.0,5.498445,0
465,32,0.665,0,1.0,5.2137465,0
465,33,0.684,0,1.0,4.9690056,0
465,34,0.697,0,1.0,4.2316976,0
465,35,0.707,0,1.0,4.763956,0
465,36,0.711,0,1.0,5.487627,0
465,37,0.713,0,1.0,4.4148455,0
465,38,0.714,0,1.0,6.8631587,0
465,39,0.753,0,1.0,6.1297593,0
465,40,0.764,0,1.0,6.72443,0
465,41,0.771,0,1.0,6.8102403,0
465,42,0.789,0,1.0,5.409806,0
465,43,0.702,0,1.0,5.267069,0
465,44,0.589,0,1.0,4.4879303,0
465,45,0.522,0,1.0,3.9074414,0
465,46,0.408,0,1.0,3.8049912,0
465,47,0.311,2,-0.05,-0.3046012,0
465,48,0.297,0,1.0,-9.947033,0
465,49,0.203,2,-0.05,-19.099518,0
465,50,0.180,2,-100.0,-101.07904,0
466,0,0.666,0,1.0,6.952144,0
466,1,0.674,0,1.0,7.11232,0
466,2,0.670,0,1.0,6.432834,0
466,3,0.685,0,1.0,6.573409,0
466,4,0.681,0,1.0,7.4358783,0
466,5,0.681,0,1.0,6.577214,0
466,6,0.676,0,1.0,6.884577,0
466,7,0.693,0,1.0,6.5298862,0
466,8,0.680,0,1.0,6.4942684,0
466,9,0.676,0,1.0,7.0707593,0
466,10,0.686,0,1.0,7.086146,0
466,11,0.693,0,1.0,4.6195793,0
466,12,0.705,0,1.0,7.437737,0
466,13,0.703,0,1.0,6.45609,0
466,14,0.698,0,1.0,6.4843473,0
466,15,0.708,0,1.0,7.0416803,0
466,16,0.703,0,1.0,6.831339,0
466,17,0.706,0,1.0,7.0193753,0
466,18,0.712,0,1.0,6.5907793,0
466,19,0.710,0,1.0,6.803228,0
466,20,0.692,0,1.0,6.631391,0
466,21,0.700,0,1.0,5.0184836,0
466,22,0.690,0,1.0,5.8833804,0
466,23,0.697,0,1.0,4.4215913,0
466,24,0.693,0,1.0,3.9830213,0
466,25,0.686,0,1.0,5.1025105,0
466,26,0.676,0,1.0,5.1641884,0
466,27,0.689,0,1.0,5.0188794,0
466,28,0.691,1,-0.05,4.904888,0
466,29,0.689,0,1.0,5.399075,0
466,30,0.659,1,-0.05,4.6476336,0
466,31,0.690,1,-0.05,4.7258368,0
466,32,0.691,0,1.0,3.27737,0
466,33,0.710,1,-0.05,2.1970468,0
466,34,0.704,2,-0.05,1.3626451,0
466,35,0.700,2,-0.05,1.6426144,0
466,36,0.702,0,1.0,3.8584511,0
466,37,0.697,0,1.0,3.7219834,0
466,38,0.686,0,1.0,5.2840424,0
466,39,0.677,0,1.0,5.488689,0
466,40,0.686,0,1.0,5.6006775,0
466,41,0.684,0,1.0,5.606994,0
466,42,0.676,0,1.0,4.511239,0
466,43,0.682,0,1.0,3.8086522,0
466,44,0.679,0,1.0,4.637433,0
466,45,0.681,0,1.0,3.3173504,0
466,46,0.671,0,1.0,4.951556,0
466,47,0.552,0,1.0,5.3276434,0
466,48,0.427,0,1.0,4.3808517,0
466,49,0.389,2,-0.05,1.9732435,0
466,50,0.371,2,-0.05,0.5275469,0
466,51,0.347,2,-0.05,-3.1706753,0
466,52,0.332,2,-0.05,-2.164925,0
466,53,0.314,2,-0.05,-4.441637,0
466,54,0.307,1,-0.05,-8.287818,0
466,55,0.291,2,-0.05,-15.836896,0
466,56,0.263,1,-0.05,-26.402588,0
466,57,0.253,1,-0.05,-43.544193,0
466,58,0.240,2,-0.05,-62.302803,0
466,59,0.239,1,-0.05,-83.85731,0
466,60,0.205,2,-0.05,-88.94238,0
466,61,0.178,2,-100.0,-102.90403,0
467,0,0.666,0,1.0,4.912268,0
467,1,0.658,0,1.0,6.92354,0
467,2,0.674,0,1.0,6.7733493,0
467,3,0.673,0,1.0,5.9555287,0
467,4,0.677,0,1.0,6.8342123,0
467,5,0.682,0,1.0,6.5818696,0
467,6,0.678,0,1.0,7.0106883,0
467,7,0.679,0,1.0,6.4009776,0
467,8,0.689,0,1.0,6.274257,0
467,9,0.688,1,-0.05,6.6856093,0
467,10,0.698,0,1.0,7.546287,0
467,11,0.687,0,1.0,5.809232,0
467,12,0.654,0,1.0,5.782767,0
467,13,0.676,0,1.0,5.098034,0
467,14,0.659,0,1.0,7.1082954,0
467,15,0.652,0,1.0,5.0533924,0
467,16,0.638,0,1.0,7.066771,0
467,17,0.641,0,1.0,5.948615,0
467,18,0.622,0,1.0,5.002727,0
467,19,0.614,0,1.0,6.4851036,0
467,20,0.612,0,1.0,4.581655,0
467,21,0.607,0,1.0,4.1884074,0
467,22,0.582,0,1.0,5.6880136,0
467,23,0.592,0,1.0,4.2669106,0
467,24,0.577,0,1.0,6.156646,0
467,25,0.575,0,1.0,4.6709046,0
467,26,0.565,0,1.0,5.3956747,0
467,27,0.552,0,1.0,4.9101377,0
467,28,0.543,0,1.0,6.5600114,0
467,29,0.534,0,1.0,6.1071353,0
467,30,0.535,0,1.0,4.916159,0
467,31,0.519,0,1.0,6.2119513,0
467,32,0.506,0,1.0,6.790485,0
467,33,0.504,0,1.0,5.557744,0
467,34,0.499,0,1.0,6.1442013,0
467,35,0.493,0,1.0,4.83393,0
467,36,0.484,2,-0.05,5.068583,0
467,37,0.476,0,1.0,5.5619364,0
467,38,0.476,0,1.0,7.1501985,0
467,39,0.478,0,1.0,6.5325756,0
467,40,0.489,0,1.0,6.9588704,0
467,41,0.480,0,1.0,6.7094436,0
467,42,0.483,0,1.0,5.3171196,0
467,43,0.451,0,1.0,4.2272215,0
467,44,0.421,2,-0.05,2.6280532,0
467,45,0.381,2,-0.05,0.9299922,0
467,46,0.372,2,-0.05,0.16974902,0
467,47,0.354,2,-0.05,-1.8101981,0
467,48,0.342,2,-0.05,-0.8135071,0
467,49,0.308,1,-0.05,-4.520135,0
467,50,0.301,1,-0.05,-14.602899,0
467,51,0.290,2,-0.05,-16.68701,0
467,52,0.264,2,-0.05,-16.10731,0
467,53,0.240,1,-0.05,-46.360687,0
467,54,0.247,1,-0.05,-49.673088,0
467,55,0.220,1,-0.05,-56.046963,0
467,56,0.199,2,-100.0,-84.70121,0
468,0,0.663,0,1.0,6.166455,0
468,1,0.663,0,1.0,6.519057,0
468,2,0.676,0,1.0,6.9283447,0
468,3,0.673,0,1.0,6.9649296,0
468,4,0.680,0,1.0,7.53897,0
468,5,0.679,0,1.0,4.468217,0
468,6,0.690,0,1.0,7.3381643,0
468,7,0.683,0,1.0,6.940135,0
468,8,0.685,0,1.0,7.1716833,0
468,9,0.692,0,1.0,6.846811,0
468,10,0.696,0,1.0,7.1221914,0
468,11,0.689,0,1.0,7.2770267,0
468,12,0.695,2,-0.05,4.908369,0
468,13,0.711,0,1.0,5.8121214,0
468,14,0.697,1,-0.05,7.650357,0
468,15,0.697,2,-0.05,7.2205043,0
468,16,0.690,0,1.0,6.7270117,0
468,17,0.674,0,1.0,6.699265,0
468,18,0.646,0,1.0,5.076195,0
468,19,0.639,0,1.0,4.9293394,0
468,20,0.596,0,1.0,5.728547,0
468,21,0.582,0,1.0,5.226527,0
468,22,0.559,1,-0.05,4.4481807,0
468,23,0.545,1,-0.05,3.8345625,0
468,24,0.548,0,1.0,5.69649,0
468,25,0.539,0,1.0,5.8107347,0
468,26,0.515,0,1.0,6.3324337,0
468,27,0.522,0,1.0,4.9855967,0
468,28,0.495,0,1.0,7.55672,0
468,29,0.511,0,1.0,5.779605,0
468,30,0.505,0,1.0,6.1930733,0
468,31,0.481,0,1.0,5.8683376,0
468,32,0.486,0,1.0,5.007083,0
468,33,0.478,0,1.0,4.199149,0
468,34,0.468,0,1.0,5.1288223,0
468,35,0.450,0,1.0,5.1096764,0
468,36,0.448,0,1.0,4.517266,0
468,37,0.456,1,-0.05,5.7574196,0
468,38,0.439,0,1.0,5.9707723,0
468,39,0.450,1,-0.05,3.3313673,0
468,40,0.452,1,-0.05,1.1639994,0
468,41,0.454,0,1.0,2.7357109,0
468,42,0.485,2,-0.05,3.0879643,0
468,43,0.493,2,-0.05,2.9598806,0
468,44,0.520,0,1.0,2.2167048,0
468,45,0.584,0,1.0,3.7393298,0
468,46,0.633,0,1.0,4.9350157,0
468,47,0.722,0,1.0,5.2009983,0
468,48,0.782,0,1.0,2.7774353,0
468,49,0.720,0,1.0,1.6408851,0
468,50,0.605,0,1.0,2.377059,0
468,51,0.479,0,1.0,1.3780568,0
468,52,0.404,1,-0.05,-0.030382216,0
468,53,0.397,2,-0.05,-4.789882,0
468,54,0.377,2,-0.05,-2.2296066,0
468,55,0.359,2,-0.05,-4.8742623,0
468,56,0.348,1,-0.05,-4.739003,0
468,57,0.332,2,-0.05,-4.822344,0
468,58,0.307,2,-0.05,-5.381667,0
468,59,0.290,1,-0.05,-5.2551794,0
468,60,0.278,2,-0.05,-16.562075,0
468,61,0.263,1,-0.05,-16.507116,0
468,62,0.261,1,-0.05,-34.089108,0
468,63,0.223,2,-0.05,-51.238625,0
468,64,0.222,2,-0.05,-69.54655,0
468,65,0.200,1,-0.05,-75.844864,0
468,66,0.183,1,-100.0,-95.48096,0
469,0,0.666,0,1.0,7.086332,0
469,1,0.669,0,1.0,5.4697285,0
469,2,0.660,0,1.0,7.431229,0
469,3,0.653,0,1.0,6.001965,0
469,4,0.657,0,1.0,7.3336015,0
469,5,0.647,0,1.0,5.8984156,0
469,6,0.648,0,1.0,5.5196037,0
469,7,0.639,2,-0.05,7.4508452,0
469,8,0.642,0,1.0,6.7014422,0
469,9,0.644,0,1.0,5.722478,0
469,10,0.651,0,1.0,7.5938373,0
469,11,0.659,0,1.0,7.507182,0
469,12,0.672,0,1.0,6.560349,0
469,13,0.668,0,1.0,7.20161,0
469,14,0.684,0,1.0,6.453132,0
469,15,0.682,0,1.0,7.5963635,0
469,16,0.694,0,1.0,7.3708253,0
469,17,0.692,0,1.0,6.303038,0
469,18,0.709,0,1.0,6.8000655,0
469,19,0.701,0,1.0,6.3457756,0
469,20,0.700,0,1.0,6.151427,0
469,21,0.697,0,1.0,6.8396444,0
469,22,0.684,0,1.0,5.037274,0
469,23,0.678,0,1.0,5.5579143,0
469,24,0.684,0,1.0,5.239026,0
469,25,0.665,2,-0.05,3.764308,0
469,26,0.651,0,1.0,5.047631,0
469,27,0.660,0,1.0,2.97496,0
469,28,0.636,0,1.0,4.5795403,0
469,29,0.618,1,-0.05,2.3799503,0
469,30,0.625,0,1.0,4.379833,0
469,31,0.617,0,1.0,5.0657187,0
469,32,0.602,0,1.0,6.087731,0
469,33,0.587,0,1.0,6.3762693,0
469,34,0.599,0,1.0,5.877326,0
469,35,0.612,0,1.0,3.942702,0
469,36,0.632,0,1.0,4.4098043,0
469,37,0.656,0,1.0,5.5195584,0
469,38,0.729,0,1.0,5.7197366,0
469,39,0.767,0,1.0,5.106353,0
469,40,0.826,0,1.0,1.9953701,0
469,41,0.706,0,1.0,2.537109,0
469,42,0.652,0,1.0,2.333018,0
469,43,0.510,0,1.0,1.2210562,0
469,44,0.409,0,1.0,1.5195978,0
469,45,0.367,2,-0.05,-0.37755513,0
469,46,0.331,2,-0.05,-4.515373,0
469,47,0.308,2,-0.05,-6.5388546,0
469,48,0.305,2,-0.05,-6.7495823,0
469,49,0.285,1,-0.05,-3.5138364,0
469,50,0.268,1,-0.05,-14.706615,0
469,51,0.251,2,-0.05,-35.58591,0
469,52,0.230,2,-0.05,-55.328472,0
469,53,0.229,1,-0.05,-72.91448,0
469,54,0.205,1,-0.05,-74.36727,0
469,55,0.195,2,-100.0,-103.349174,0
470,0,0.662,0,1.0,6.580372,0
470,1,0.658,0,1.0,6.6590266,0
470,2,0.658,0,1.0,6.7003975,0
470,3,0.686,0,1.0,5.4908156,0
470,4,0.680,1,-0.05,7.915834,0
470,5,0.685,0,1.0,6.4053216,0
470,6,0.656,0,1.0,6.2617836,0
470,7,0.670,0,1.0,7.176566,0
470,8,0.664,0,1.0,6.7752295,0
470,9,0.655,0,1.0,6.229481,0
470,10,0.643,0,1.0,6.6693907,0
470,11,0.638,0,1.0,6.3592005,0
470,12,0.641,1,-0.05,7.162194,0
470,13,0.637,1,-0.05,6.1339116,0
470,14,0.629,0,1.0,5.9586835,0
470,15,0.618,0,1.0,5.3413677,0
470,16,0.597,0,1.0,7.410339,0
470,17,0.579,0,1.0,6.28405,0
470,18,0.537,0,1.0,6.5952415,0
470,19,0.524,0,1.0,5.78614,0
470,20,0.512,0,1.0,6.0012536,0
470,21,0.476,0,1.0,5.7174525,0
470,22,0.457,0,1.0,5.8760557,0
470,23,0.427,0,1.0,6.3059926,0
470,24,0.412,0,1.0,5.147087,0
470,25,0.370,0,1.0,3.945937,0
470,26,0.363,0,1.0,4.6170554,0
470,27,0.330,0,1.0,2.4875493,0
470,28,0.302,0,1.0,3.914235,0
470,29,0.283,0,1.0,2.4476943,0
470,30,0.254,0,1.0,2.3579288,0
470,31,0.253,2,-0.05,-0.16785908,0
470,32,0.243,1,-0.05,-3.1308174,0
470,33,0.239,1,-0.05,-4.349701,0
470,34,0.236,1,-0.05,-28.34187,0
470,35,0.224,1,-0.05,-21.326723,0
470,36,0.212,1,-0.05,-37.25295,0
470,37,0.207,2,-0.05,-57.2258,0
470,38,0.197,1,-100.0,-67.64031,0
471,0,0.666,0,1.0,5.775388,0
471,1,0.659,1,-0.05,4.439979,0
471,2,0.662,1,-0.05,5.16822,0
471,3,0.662,1,-0.05,4.8401337,0
471,4,0.654,0,1.0,4.574154,0
471,5,0.626,0,1.0,4.8123245,0
471,6,0.590,0,1.0,4.360323,0
471,7,0.555,0,1.0,3.8611703,0
471,8,0.540,0,1.0,5.564905,0
471,9,0.502,0,1.0,4.890526,0
471,10,0.454,0,1.0,5.93746,0
471,11,0.443,0,1.0,5.800785,0
471,12,0.402,0,1.0,6.061507,0
471,13,0.352,0,1.0,4.9118667,0
471,14,0.341,0,1.0,4.453744,0
471,15,0.301,0,1.0,3.9978204,0
471,16,0.278,2,-0.05,2.3744724,0
471,17,0.276,2,-0.05,0.9940965,0
471,18,0.260,2,-0.05,2.5084796,0
471,19,0.257,2,-0.05,-0.0121536255,0
471,20,0.257,2,-0.05,3.2296073,0
471,21,0.248,0,1.0,3.6670735,0
471,22,0.265,2,-0.05,3.1572802,0
471,23,0.258,2,-0.05,3.9319308,0
471,24,0.260,2,-0.05,3.1438904,0
471,25,0.279,2,-0.05,2.3503668,0
471,26,0.268,1,-0.05,2.4200957,0
471,27,0.283,1,-0.05,3.8775086,0
471,28,0.297,2,-0.05,2.9765935,0
471,29,0.293,2,-0.05,3.6589837,0
471,30,0.297,1,-0.05,2.1632214,0
471,31,0.312,1,-0.05,2.0895927,0
471,32,0.324,2,-0.05,3.4673648,0
471,33,0.326,2,-0.05,3.2581534,0
471,34,0.317,1,-0.05,3.4339535,0
471,35,0.328,1,-0.05,4.18233,0
471,36,0.339,2,-0.05,3.3898087,0
471,37,0.329,2,-0.05,4.698674,0
471,38,0.344,1,-0.05,4.0233617,0
471,39,0.356,1,-0.05,3.1741652,0
471,40,0.356,1,-0.05,4.7757196,0
471,41,0.368,2,-0.05,2.9319885,0
471,42,0.366,2,-0.05,2.6594613,0
471,43,0.365,2,-0.05,4.6583924,0
471,44,0.393,1,-0.05,3.8817794,0
471,45,0.396,1,-0.05,6.681394,0
471,46,0.404,1,-0.05,2.7812324,0
471,47,0.399,2,-0.05,2.8802156,0
471,48,0.403,2,-0.05,4.246155,0
471,49,0.396,2,-0.05,2.4950943,0
471,50,0.410,1,-0.05,4.137698,0
471,51,0.406,1,-0.05,4.0590982,0
471,52,0.431,1,-0.05,2.0183578,0
471,53,0.438,2,-0.05,-0.901597,0
471,54,0.451,0,1.0,3.300405,0
471,55,0.455,1,-0.05,4.1203375,0
471,56,0.476,1,-0.05,2.4446988,0
471,57,0.476,2,-0.05,2.8409977,0
471,58,0.484,2,-0.05,3.184712,0
471,59,0.496,1,-0.05,3.553732,0
471,60,0.503,2,-0.05,4.0845375,0
471,61,0.507,2,-0.05,2.303718,0
471,62,0.505,1,-0.05,3.44913,0
471,63,0.524,1,-0.05,5.354247,0
471,64,0.518,1,-0.05,3.7920363,0
471,65,0.531,2,-0.05,3.4540837,0
471,66,0.533,2,-0.05,2.7333024,0
471,67,0.539,1,-0.05,2.722333,0
471,68,0.558,1,-0.05,4.1097145,0
471,69,0.554,1,-0.05,4.159836,0
471,70,0.557,1,-0.05,4.0227222,0
471,71,0.552,2,-0.05,4.690843,0
471,72,0.568,0,1.0,4.489269,0
471,73,0.595,2,-0.05,4.4699855,0
471,74,0.592,1,-0.05,4.563616,0
471,75,0.594,2,-0.05,3.820977,0
471,76,0.588,2,-0.05,5.2585797,0
471,77,0.609,2,-0.05,4.7757225,0
471,78,0.600,2,-0.05,3.3968248,0
471,79,0.588,1,-0.05,1.7459731,0
471,80,0.618,1,-0.05,2.8192818,0
471,81,0.622,1,-0.05,1.8783144,0
471,82,0.638,0,1.0,4.523749,0
471,83,0.654,0,1.0,3.166479,0
471,84,0.660,0,1.0,5.0286593,0
471,85,0.697,2,-0.05,2.1505709,0
471,86,0.702,0,1.0,3.404,0
471,87,0.694,0,1.0,2.9917498,0
471,88,0.671,0,1.0,4.0457573,0
471,89,0.637,0,1.0,4.6202354,0
471,90,0.624,0,1.0,3.9239666,0
471,91,0.586,0,1.0,4.634427,0
471,92,0.589,0,1.0,6.2656364,0
471,93,0.578,0,1.0,7.3410463,0
471,94,0.608,0,1.0,7.365195,0
471,95,0.610,0,1.0,8.127747,0
471,96,0.652,2,-0.05,7.9538317,0
471,97,0.701,0,1.0,6.604685,0
471,98,0.711,0,1.0,7.177222,0
471,99,0.748,0,1.0,5.698234,0
471,100,0.701,1,-0.05,6.034329,0
471,101,0.662,0,1.0,4.5935273,0
471,102,0.586,2,-0.05,4.3266973,0
471,103,0.583,1,-0.05,3.5828662,0
471,104,0.522,0,1.0,2.10048,0
471,105,0.459,1,-0.05,-3.4835236,0
471,106,0.443,1,-0.05,-2.698989,0
471,107,0.419,1,-0.05,-3.6396809,0
471,108,0.408,2,-0.05,-9.952919,0
471,109,0.395,2,-0.05,-9.426435,0
471,110,0.373,2,-0.05,-8.706116,0
471,111,0.346,2,-0.05,-5.4944696,0
471,112,0.336,1,-0.05,-5.5171385,0
471,113,0.321,1,-0.05,-6.190522,0
471,114,0.302,2,-0.05,-12.551102,0
471,115,0.290,2,-0.05,-16.824799,0
471,116,0.271,2,-0.05,-22.744682,0
471,117,0.251,1,-0.05,-33.15906,0
471,118,0.243,1,-0.05,-46.11106,0
471,119,0.228,2,-0.05,-56.932674,0
471,120,0.196,2,-100.0,-78.353,0
472,0,0.663,0,1.0,7.205901,0
472,1,0.663,2,-0.05,5.3997064,0
472,2,0.673,0,1.0,7.255668,0
472,3,0.683,0,1.0,5.851174,0
472,4,0.695,0,1.0,7.3637104,0
472,5,0.700,0,1.0,6.770108,0
472,6,0.693,0,1.0,6.9594436,0
472,7,0.685,1,-0.05,5.131495,0
472,8,0.676,0,1.0,6.994197,0
472,9,0.671,0,1.0,6.014909,0
472,10,0.664,0,1.0,5.999457,0
472,11,0.664,0,1.0,6.5694766,0
472,12,0.666,0,1.0,7.2650447,0
472,13,0.662,0,1.0,5.869834,0
472,14,0.648,0,1.0,6.3950057,0
472,15,0.650,0,1.0,6.210415,0
472,16,0.644,0,1.0,7.1356745,0
472,17,0.638,0,1.0,5.3222547,0
472,18,0.624,0,1.0,6.833545,0
472,19,0.638,0,1.0,6.996094,0
472,20,0.618,0,1.0,6.4933167,0
472,21,0.632,0,1.0,6.7128363,0
472,22,0.620,0,1.0,7.419773,0
472,23,0.625,0,1.0,6.7987623,0
472,24,0.620,0,1.0,5.0732346,0
472,25,0.612,0,1.0,5.329345,0
472,26,0.608,0,1.0,5.0566773,0
472,27,0.608,0,1.0,4.9406013,0
472,28,0.600,0,1.0,6.2910185,0
472,29,0.594,0,1.0,5.389151,0
472,30,0.597,0,1.0,4.914163,0
472,31,0.588,0,1.0,5.3075647,0
472,32,0.587,0,1.0,5.755048,0
472,33,0.583,0,1.0,6.1322865,0
472,34,0.602,0,1.0,3.9770124,0
472,35,0.602,0,1.0,4.8153315,0
472,36,0.654,0,1.0,4.9994636,0
472,37,0.700,0,1.0,5.543949,0
472,38,0.754,0,1.0,4.0185175,0
472,39,0.832,0,1.0,3.1462688,0
472,40,0.784,0,1.0,2.939241,0
472,41,0.669,0,1.0,1.503446,0
472,42,0.600,2,-0.05,1.5765965,0
472,43,0.572,0,1.0,2.5191555,0
472,44,0.458,0,1.0,2.2693036,0
472,45,0.388,0,1.0,0.38906974,0
472,46,0.294,2,-0.05,-3.1060467,0
472,47,0.258,2,-0.05,-27.432209,0
472,48,0.253,2,-0.05,-36.15579,0
472,49,0.247,2,-0.05,-37.561516,0
472,50,0.229,1,-0.05,-72.23887,0
472,51,0.209,1,-0.05,-68.2245,0
472,52,0.194,2,-100.0,-87.32344,0
473,0,0.658,0,1.0,6.4657164,0
473,1,0.658,0,1.0,7.1042004,0
473,2,0.670,0,1.0,7.157666,0
473,3,0.686,0,1.0,5.3081145,0
473,4,0.680,0,1.0,7.162031,0
473,5,0.681,0,1.0,7.165337,0
473,6,0.679,0,1.0,6.5747356,0
473,7,0.687,0,1.0,6.087146,0
473,8,0.699,0,1.0,7.1204276,0
473,9,0.689,2,-0.05,6.1482263,0
473,10,0.686,0,1.0,5.7915616,0
473,11,0.696,0,1.0,7.3684115,0
473,12,0.712,0,1.0,6.5304756,0
473,13,0.694,1,-0.05,5.5886827,0
473,14,0.696,0,1.0,6.6095247,0
473,15,0.685,2,-0.05,5.3252482,0
473,16,0.688,0,1.0,6.2249603,0
473,17,0.670,0,1.0,6.0223155,0
473,18,0.655,0,1.0,6.827962,0
473,19,0.664,0,1.0,6.006587,0
473,20,0.644,0,1.0,6.5358114,0
473,21,0.623,0,1.0,6.1192236,0
473,22,0.629,0,1.0,6.111849,0
473,23,0.600,0,1.0,6.272653,0
473,24,0.589,0,1.0,5.7246256,0
473,25,0.582,0,1.0,6.0448256,0
473,26,0.571,0,1.0,5.977087,0
473,27,0.569,0,1.0,6.45042,0
473,28,0.556,0,1.0,4.668933,0
473,29,0.543,0,1.0,6.0920773,0
473,30,0.532,0,1.0,4.438203,0
473,31,0.518,0,1.0,5.67652,0
473,32,0.520,0,1.0,4.817916,0
473,33,0.491,0,1.0,4.9144735,0
473,34,0.482,0,1.0,5.228737,0
473,35,0.476,0,1.0,5.24525,0
473,36,0.472,0,1.0,7.471975,0
473,37,0.468,0,1.0,3.2530038,0
473,38,0.488,0,1.0,3.3769877,0
473,39,0.534,0,1.0,5.323356,0
473,40,0.560,0,1.0,4.9443197,0
473,41,0.664,0,1.0,3.9580557,0
473,42,0.707,2,-0.05,3.81631,0
473,43,0.734,2,-0.05,3.6793945,0
473,44,0.765,0,1.0,5.0767617,0
473,45,0.731,2,-0.05,6.016248,0
473,46,0.696,2,-0.05,4.852248,0
473,47,0.704,1,-0.05,5.344365,0
473,48,0.680,1,-0.05,4.4964695,0
473,49,0.655,0,1.0,4.6274576,0
473,50,0.553,0,1.0,3.1256294,0
473,51,0.416,0,1.0,1.0585446,0
473,52,0.382,2,-0.05,-2.1380062,0
473,53,0.360,2,-0.05,-4.556085,0
473,54,0.343,1,-0.05,-2.650653,0
473,55,0.330,1,-0.05,-9.33476,0
473,56,0.321,1,-0.05,-11.0174675,0
473,57,0.306,2,-0.05,-24.78464,0
473,58,0.279,2,-0.05,-33.696743,0
473,59,0.260,2,-0.05,-32.365753,0
473,60,0.235,1,-0.05,-42.899452,0
473,61,0.230,2,-0.05,-65.37236,0
473,62,0.218,2,-0.05,-68.862946,0
473,63,0.188,1,-100.0,-66.988266,0
474,0,0.666,0,1.0,5.400532,0
474,1,0.670,2,-0.05,6.5951066,0
474,2,0.658,2,-0.05,6.680771,0
474,3,0.667,0,1.0,6.675069,0
474,4,0.683,0,1.0,6.5980186,0
474,5,0.700,0,1.0,6.6817245,0
474,6,0.710,0,1.0,6.4624557,0
474,7,0.689,0,1.0,5.967782,0
474,8,0.678,0,1.0,5.787803,0
474,9,0.649,0,1.0,7.388695,0
474,10,0.641,0,1.0,6.1256824,0
474,11,0.617,0,1.0,6.9622793,0
474,12,0.604,0,1.0,5.203413,0
474,13,0.587,0,1.0,5.35816,0
474,14,0.563,0,1.0,6.925365,0
474,15,0.549,0,1.0,5.221622,0
474,16,0.540,0,1.0,6.115435,0
474,17,0.520,0,1.0,4.47088,0
474,18,0.485,0,1.0,5.5119224,0
474,19,0.485,0,1.0,7.416534,0
474,20,0.461,0,1.0,7.420404,0
474,21,0.457,2,-0.05,5.003567,0
474,22,0.450,0,1.0,4.7108545,0
474,23,0.428,0,1.0,2.820443,0
474,24,0.426,2,-0.05,2.335356,0
474,25,0.408,2,-0.05,2.1327043,0
474,26,0.392,0,1.0,4.7184978,0
474,27,0.357,0,1.0,-0.13631141,0
474,28,0.304,0,1.0,-2.7659788,0
474,29,0.277,2,-0.05,-14.28165,0
474,30,0.268,2,-0.05,-20.73695,0
474,31,0.266,2,-0.05,-47.1093,0
474,32,0.268,2,-0.05,-63.203934,0
474,33,0.243,1,-0.05,-73.76088,0
474,34,0.227,2,-0.05,-79.56996,0
474,35,0.228,2,-0.05,-89.43681,0
474,36,0.180,0,-100.0,-87.258385,0
475,0,0.655,0,1.0,5.959776,0
475,1,0.673,1,-0.05,6.404884,0
475,2,0.665,0,1.0,4.7929616,0
475,3,0.652,0,1.0,6.4338255,0
475,4,0.656,0,1.0,6.636885,0
475,5,0.645,2,-0.05,6.034269,0
475,6,0.652,0,1.0,5.124669,0
475,7,0.640,0,1.0,6.6229205,0
475,8,0.650,0,1.0,5.7196903,0
475,9,0.652,0,1.0,6.5190873,0
475,10,0.642,0,1.0,5.3043633,0
475,11,0.650,0,1.0,7.492983,0
475,12,0.648,2,-0.05,4.528377,0
475,13,0.652,0,1.0,4.430903,0
475,14,0.663,0,1.0,5.610369,0
475,15,0.677,0,1.0,6.358016,0
475,16,0.697,0,1.0,5.8900313,0
475,17,0.697,0,1.0,6.1988797,0
475,18,0.701,0,1.0,6.560827,0
475,19,0.687,0,1.0,5.3668528,0
475,20,0.679,0,1.0,4.8424892,0
475,21,0.658,0,1.0,6.683318,0
475,22,0.646,0,1.0,6.017983,0
475,23,0.648,0,1.0,6.4674954,0
475,24,0.627,0,1.0,5.898381,0
475,25,0.615,0,1.0,5.8880267,0
475,26,0.598,0,1.0,6.382055,0
475,27,0.601,1,-0.05,6.039908,0
475,28,0.588,0,1.0,5.191088,0
475,29,0.586,0,1.0,4.1835165,0
475,30,0.593,0,1.0,5.9950438,0
475,31,0.586,0,1.0,5.3253345,0
475,32,0.582,0,1.0,5.5439262,0
475,33,0.579,0,1.0,4.600117,0
475,34,0.584,0,1.0,5.0335703,0
475,35,0.573,0,1.0,5.9533567,0
475,36,0.598,0,1.0,3.3223627,0
475,37,0.613,0,1.0,5.093889,0
475,38,0.644,0,1.0,4.8922386,0
475,39,0.676,2,-0.05,5.8652563,0
475,40,0.696,0,1.0,5.38579,0
475,41,0.756,0,1.0,5.988879,0
475,42,0.778,0,1.0,5.1330776,0
475,43,0.765,0,1.0,4.1093493,0
475,44,0.698,0,1.0,2.5714607,0
475,45,0.594,0,1.0,2.0343595,0
475,46,0.465,0,1.0,2.60021,0
475,47,0.410,0,1.0,-2.401774,0
475,48,0.304,2,-0.05,-3.354815,0
475,49,0.304,2,-0.05,-17.99363,0
475,50,0.279,2,-0.05,-23.395863,0
475,51,0.269,2,-0.05,-29.298052,0
475,52,0.247,1,-0.05,-32.189106,0
475,53,0.232,1,-0.05,-45.563637,0
475,54,0.214,2,-0.05,-60.678886,0
475,55,0.207,1,-0.05,-84.88098,0
475,56,0.186,2,-100.0,-98.89818,0
476,0,0.658,0,1.0,6.70376,0
476,1,0.662,0,1.0,6.2196774,0
476,2,0.669,0,1.0,7.040928,0
476,3,0.665,0,1.0,7.126063,0
476,4,0.670,0,1.0,7.0764728,0
476,5,0.679,0,1.0,6.455644,0
476,6,0.683,0,1.0,7.3997684,0
476,7,0.684,0,1.0,6.099867,0
476,8,0.685,0,1.0,6.6958756,0
476,9,0.678,0,1.0,6.7127,0
476,10,0.690,0,1.0,5.8021,0
476,11,0.690,0,1.0,7.1913285,0
476,12,0.701,0,1.0,7.0841618,0
476,13,0.703,0,1.0,6.506465,0
476,14,0.705,0,1.0,6.029206,0
476,15,0.707,0,1.0,7.7261076,0
476,16,0.702,0,1.0,6.4043503,0
476,17,0.702,0,1.0,6.844586,0
476,18,0.692,0,1.0,6.9873786,0
476,19,0.698,0,1.0,5.63555,0
476,20,0.704,0,1.0,5.4085855,0
476,21,0.690,0,1.0,6.7550793,0
476,22,0.679,0,1.0,4.642395,0
476,23,0.687,0,1.0,4.7680564,0
476,24,0.686,2,-0.05,2.0199003,0
476,25,0.670,0,1.0,4.9789276,0
476,26,0.668,0,1.0,3.9112482,0
476,27,0.667,0,1.0,4.9619455,0
476,28,0.640,0,1.0,5.248974,0
476,29,0.639,0,1.0,4.402102,0
476,30,0.621,0,1.0,5.9575815,0
476,31,0.618,0,1.0,4.830949,0
476,32,0.603,0,1.0,6.9497185,0
476,33,0.594,1,-0.05,5.9883585,0
476,34,0.575,0,1.0,4.5336294,0
476,35,0.587,0,1.0,4.066418,0
476,36,0.604,0,1.0,3.363495,0
476,37,0.642,0,1.0,4.9068685,0
476,38,0.717,0,1.0,4.835972,0
476,39,0.749,0,1.0,4.192252,0
476,40,0.824,0,1.0,3.4786742,0
476,41,0.755,0,1.0,2.8572412,0
476,42,0.684,0,1.0,1.5535624,0
476,43,0.568,0,1.0,2.7453585,0
476,44,0.442,0,1.0,2.3730416,0
476,45,0.400,2,-0.05,-0.07765949,0
476,46,0.371,2,-0.05,0.6100677,0
476,47,0.353,2,-0.05,-3.621129,0
476,48,0.349,2,-0.05,-4.164608,0
476,49,0.332,1,-0.05,-1.8320835,0
476,50,0.306,2,-0.05,-3.2771335,0
476,51,0.300,1,-0.05,-6.983452,0
476,52,0.272,2,-0.05,-11.568573,0
476,53,0.264,1,-0.05,-26.622349,0
476,54,0.238,1,-0.05,-34.172455,0
476,55,0.232,2,-0.05,-70.409546,0
476,56,0.219,2,-0.05,-71.63008,0
476,57,0.209,2,-0.05,-77.353615,0
476,58,0.181,1,-100.0,-91.47847,0
477,0,0.666,0,1.0,6.1300178,0
477,1,0.669,0,1.0,6.096538,0
477,2,0.661,1,-0.05,6.4341125,0
477,3,0.660,2,-0.05,6.3616276,0
477,4,0.660,0,1.0,5.9840646,0
477,5,0.653,0,1.0,7.1713276,0
477,6,0.676,0,1.0,7.1128798,0
477,7,0.682,0,1.0,6.3739715,0
477,8,0.686,2,-0.05,8.031937,0
477,9,0.681,0,1.0,5.876062,0
477,10,0.705,0,1.0,5.9927197,0
477,11,0.683,0,1.0,5.899199,0
477,12,0.663,0,1.0,5.3080993,0
477,13,0.635,0,1.0,5.992267,0
477,14,0.631,0,1.0,5.3106246,0
477,15,0.601,0,1.0,5.8827786,0
477,16,0.580,0,1.0,5.4782214,0
477,17,0.563,0,1.0,4.975946,0
477,18,0.542,0,1.0,5.6844897,0
477,19,0.519,0,1.0,5.1393113,0
477,20,0.504,0,1.0,6.992711,0
477,21,0.509,1,-0.05,4.217566,0
477,22,0.500,1,-0.05,6.1829605,0
477,23,0.490,0,1.0,5.0599785,0
477,24,0.474,1,-0.05,6.4435635,0
477,25,0.482,0,1.0,5.4895096,0
477,26,0.495,0,1.0,5.277816,0
477,27,0.497,0,1.0,6.09043,0
477,28,0.514,0,1.0,4.9065266,0
477,29,0.527,0,1.0,4.9169426,0
477,30,0.529,0,1.0,4.107833,0
477,31,0.541,0,1.0,4.988393,0
477,32,0.553,0,1.0,5.2154765,0
477,33,0.561,0,1.0,4.2834682,0
477,34,0.566,0,1.0,4.829446,0
477,35,0.570,1,-0.05,3.9963531,0
477,36,0.575,1,-0.05,4.767294,0
477,37,0.578,1,-0.05,1.4464064,0
477,38,0.584,1,-0.05,0.66024554,0
477,39,0.583,2,-0.05,0.7148337,0
477,40,0.603,2,-0.05,-0.35240442,0
477,41,0.600,0,1.0,2.1866581,0
477,42,0.605,0,1.0,2.6328988,0
477,43,0.637,0,1.0,3.192745,0
477,44,0.637,2,-0.05,1.6510872,0
477,45,0.646,0,1.0,3.6241271,0
477,46,0.690,0,1.0,3.8303251,0
477,47,0.700,0,1.0,4.1692467,0
477,48,0.753,2,-0.05,5.3385606,0
477,49,0.759,2,-0.05,5.131313,0
477,50,0.768,1,-0.05,4.2873287,0
477,51,0.771,0,1.0,4.421949,0
477,52,0.777,1,-0.05,4.777086,0
477,53,0.761,1,-0.05,6.818453,0
477,54,0.761,1,-0.05,5.464074,0
477,55,0.767,1,-0.05,5.7487707,0
477,56,0.759,1,-0.05,2.7129507,0
477,57,0.742,2,-0.05,2.2550097,0
477,58,0.747,2,-0.05,0.90122104,0
477,59,0.738,1,-0.05,5.25523,0
477,60,0.734,1,-0.05,3.5487318,0
477,61,0.719,2,-0.05,0.9737014,0
477,62,0.728,1,-0.05,0.6824091,0
477,63,0.720,1,-0.05,3.0562968,0
477,64,0.700,2,-0.05,3.7191255,0
477,65,0.695,1,-0.05,2.7083206,0
477,66,0.694,1,-0.05,3.9024549,0
477,67,0.675,0,1.0,5.5083957,0
477,68,0.603,0,1.0,6.2010775,0
477,69,0.568,2,-0.05,7.654516,0
477,70,0.526,0,1.0,6.7875175,0
477,71,0.485,2,-0.05,9.800845,0
477,72,0.481,2,-0.05,9.185173,0
477,73,0.468,2,-0.05,7.279995,0
477,74,0.457,0,1.0,1.2645522,0
477,75,0.381,2,-0.05,-0.6247387,0
477,76,0.343,2,-0.05,-4.5349855,0
477,77,0.336,2,-0.05,0.18577147,0
477,78,0.323,2,-0.05,2.9331093,0
477,79,0.298,2,-0.05,-1.3109221,0
477,80,0.287,2,-0.05,-26.620384,0
477,81,0.270,2,-0.05,-28.893381,0
477,82,0.267,2,-0.05,-25.690811,0
477,83,0.237,2,-0.05,-31.240175,0
477,84,0.231,1,-0.05,-51.702835,0
477,85,0.206,1,-0.05,-67.009186,0
477,86,0.208,1,-0.05,-79.87717,0
477,87,0.177,1,-100.0,-89.07335,0
478,0,0.671,0,1.0,7.1026325,0
478,1,0.654,0,1.0,6.406885,0
478,2,0.656,0,1.0,6.6394377,0
478,3,0.649,0,1.0,5.9818916,0
478,4,0.657,0,1.0,7.1493993,0
478,5,0.645,0,1.0,5.3356752,0
478,6,0.650,0,1.0,7.772997,0
478,7,0.648,0,1.0,7.175687,0
478,8,0.643,0,1.0,5.8843536,0
478,9,0.632,0,1.0,6.7881784,0
478,10,0.633,0,1.0,5.5537677,0
478,11,0.641,0,1.0,6.2568407,0
478,12,0.621,0,1.0,6.230715,0
478,13,0.619,0,1.0,5.7055206,0
478,14,0.609,0,1.0,7.64386,0
478,15,0.616,0,1.0,6.7069798,0
478,16,0.615,0,1.0,6.9204497,0
478,17,0.614,0,1.0,6.2614126,0
478,18,0.602,0,1.0,6.269954,0
478,19,0.607,0,1.0,6.677044,0
478,20,0.601,0,1.0,6.052668,0
478,21,0.590,0,1.0,4.9663877,0
478,22,0.594,1,-0.05,4.99121,0
478,23,0.601,0,1.0,6.1136417,0
478,24,0.572,0,1.0,4.5480146,0
478,25,0.575,2,-0.05,6.265123,0
478,26,0.564,2,-0.05,5.096641,0
478,27,0.574,0,1.0,6.1114373,0
478,28,0.569,0,1.0,6.7051926,0
478,29,0.573,0,1.0,4.706829,0
478,30,0.584,0,1.0,6.685866,0
478,31,0.594,0,1.0,6.3584776,0
478,32,0.605,0,1.0,5.6500716,0
478,33,0.610,0,1.0,5.5479727,0
478,34,0.612,0,1.0,5.9593363,0
478,35,0.627,0,1.0,4.5128627,0
478,36,0.627,0,1.0,7.055759,0
478,37,0.647,0,1.0,6.504779,0
478,38,0.648,0,1.0,6.379035,0
478,39,0.650,0,1.0,4.2313232,0
478,40,0.651,0,1.0,4.8608627,0
478,41,0.672,0,1.0,4.6726627,0
478,42,0.676,0,1.0,5.9109883,0
478,43,0.674,0,1.0,5.3441706,0
478,44,0.685,0,1.0,4.907675,0
478,45,0.635,2,-0.05,3.535197,0
478,46,0.609,0,1.0,2.6381109,0
478,47,0.517,2,-0.05,4.0802345,0
478,48,0.500,2,-0.05,0.8810303,0
478,49,0.487,1,-0.05,3.4924889,0
478,50,0.475,2,-0.05,4.1354666,0
478,51,0.452,2,-0.05,4.474921,0
478,52,0.428,2,-0.05,3.0672574,0
478,53,0.370,0,1.0,2.1948404,0
478,54,0.334,1,-0.05,1.679122,0
478,55,0.324,1,-0.05,-1.1788969,0
478,56,0.312,1,-0.05,-13.711183,0
478,57,0.299,1,-0.05,-9.866291,0
478,58,0.290,1,-0.05,-10.114975,0
478,59,0.257,2,-0.05,-26.777954,0
478,60,0.237,2,-0.05,-41.45507,0
478,61,0.236,1,-0.05,-46.643524,0
478,62,0.213,1,-0.05,-63.73928,0
478,63,0.198,2,-100.0,-95.72073,0
479,0,0.666,0,1.0,6.8060646,0
479,1,0.658,2,-0.05,3.4120564,0
479,2,0.663,0,1.0,5.787953,0
479,3,0.687,0,1.0,6.6295443,0
479,4,0.702,0,1.0,6.712409,0
479,5,0.705,0,1.0,7.308715,0
479,6,0.696,0,1.0,6.864533,0
479,7,0.679,0,1.0,6.542724,0
479,8,0.677,0,1.0,7.0929337,0
479,9,0.652,0,1.0,7.605481,0
479,10,0.651,0,1.0,6.1541758,0
479,11,0.639,0,1.0,6.7219586,0
479,12,0.621,0,1.0,6.449782,0
479,13,0.590,0,1.0,5.595547,0
479,14,0.596,0,1.0,7.6493397,0
479,15,0.575,0,1.0,6.614574,0
479,16,0.578,0,1.0,5.6281967,0
479,17,0.556,0,1.0,6.0049796,0
479,18,0.533,0,1.0,6.672844,0
479,19,0.535,0,1.0,5.855225,0
479,20,0.538,2,-0.05,6.6242623,0
479,21,0.517,2,-0.05,6.6357527,0
479,22,0.513,2,-0.05,4.8409295,0
479,23,0.527,2,-0.05,4.577048,0
479,24,0.507,0,1.0,5.6483665,0
479,25,0.449,0,1.0,2.2247977,0
479,26,0.421,0,1.0,0.79322493,0
479,27,0.377,1,-0.05,-0.32418972,0
479,28,0.363,1,-0.05,-2.3252232,0
479,29,0.357,0,1.0,0.27261293,0
479,30,0.324,1,-0.05,1.8455168,0
479,31,0.322,1,-0.05,1.1209983,0
479,32,0.324,1,-0.05,1.38637,0
479,33,0.310,1,-0.05,2.0612783,0
479,34,0.302,0,1.0,5.0140886,0
479,35,0.310,0,1.0,5.212135,0
479,36,0.322,1,-0.05,5.846847,0
479,37,0.325,2,-0.05,5.066224,0
479,38,0.317,0,1.0,3.523262,0
479,39,0.319,0,1.0,1.879199,0
479,40,0.317,0,1.0,3.011171,0
479,41,0.293,0,1.0,1.0134825,0
479,42,0.308,0,1.0,4.044133,0
479,43,0.292,2,-0.05,4.7922244,0
479,44,0.297,1,-0.05,3.6039546,0
479,45,0.289,1,-0.05,3.437052,0
479,46,0.281,1,-0.05,2.6039963,0
479,47,0.289,2,-0.05,0.651835,0
479,48,0.286,2,-0.05,1.661955,0
479,49,0.290,1,-0.05,1.8979871,0
479,50,0.292,2,-0.05,0.7294709,0
479,51,0.300,1,-0.05,-0.06893712,0
479,52,0.314,0,1.0,0.5547533,0
479,53,0.346,2,-0.05,0.9233294,0
479,54,0.350,2,-0.05,0.90856385,0
479,55,0.349,2,-0.05,-0.11293918,0
479,56,0.377,0,1.0,2.1229382,0
479,57,0.431,0,1.0,3.5795784,0
479,58,0.471,0,1.0,3.7322457,0
479,59,0.576,0,1.0,4.768281,0
479,60,0.664,0,1.0,3.5098252,0
479,61,0.699,0,1.0,2.5808094,0
479,62,0.660,0,1.0,2.120445,0
479,63,0.548,0,1.0,-0.95224583,0
479,64,0.473,0,1.0,-0.42818058,0
479,65,0.372,1,-0.05,-2.0208242,0
479,66,0.364,2,-0.05,-5.1524625,0
479,67,0.344,2,-0.05,-6.800153,0
479,68,0.334,2,-0.05,-5.408161,0
479,69,0.263,0,1.0,-4.9165382,0
479,70,0.229,1,-0.05,-46.07194,0
479,71,0.214,1,-0.05,-76.29508,0
479,72,0.188,1,-100.0,-90.43784,0
480,0,0.663,0,1.0,7.6336274,0
480,1,0.653,0,1.0,6.499946,0
480,2,0.659,0,1.0,7.4487443,0
480,3,0.670,0,1.0,6.077134,0
480,4,0.659,0,1.0,6.9752455,0
480,5,0.650,0,1.0,7.2074347,0
480,6,0.648,0,1.0,6.4625688,0
480,7,0.648,0,1.0,7.612352,0
480,8,0.647,0,1.0,6.5417013,0
480,9,0.637,0,1.0,7.458487,0
480,10,0.640,2,-0.05,6.1198077,0
480,11,0.634,0,1.0,5.792792,0
480,12,0.636,0,1.0,6.365502,0
480,13,0.648,0,1.0,7.7669992,0
480,14,0.651,2,-0.05,4.337406,0
480,15,0.657,0,1.0,6.080809,0
480,16,0.661,0,1.0,7.0102863,0
480,17,0.684,0,1.0,5.82416,0
480,18,0.698,0,1.0,6.382026,0
480,19,0.701,0,1.0,6.512595,0
480,20,0.679,0,1.0,5.704098,0
480,21,0.677,0,1.0,6.0290227,0
480,22,0.675,0,1.0,5.3652625,0
480,23,0.662,1,-0.05,6.728818,0
480,24,0.661,0,1.0,5.824442,0
480,25,0.636,0,1.0,6.082313,0
480,26,0.642,0,1.0,6.339564,0
480,27,0.632,0,1.0,5.0769978,0
480,28,0.627,0,1.0,4.978172,0
480,29,0.612,0,1.0,5.7281857,0
480,30,0.613,0,1.0,5.4384317,0
480,31,0.629,0,1.0,5.952897,0
480,32,0.616,0,1.0,5.288309,0
480,33,0.614,0,1.0,5.0534654,0
480,34,0.612,0,1.0,5.5999336,0
480,35,0.604,0,1.0,5.020909,0
480,36,0.606,2,-0.05,5.1106772,0
480,37,0.614,0,1.0,2.9623053,0
480,38,0.626,0,1.0,5.1677113,0
480,39,0.679,0,1.0,6.3143597,0
480,40,0.680,0,1.0,5.6236105,0
480,41,0.749,0,1.0,5.3305106,0
480,42,0.814,0,1.0,5.910969,0
480,43,0.755,0,1.0,3.8213577,0
480,44,0.662,1,-0.05,3.734406,0
480,45,0.593,0,1.0,2.3527026,0
480,46,0.535,0,1.0,0.6048399,0
480,47,0.419,0,1.0,1.4592164,0
480,48,0.343,1,-0.05,-2.8504274,0
480,49,0.339,2,-0.05,-8.752664,0
480,50,0.320,2,-0.05,-12.705271,0
480,51,0.294,2,-0.05,-11.837873,0
480,52,0.287,1,-0.05,-18.641552,0
480,53,0.262,1,-0.05,-19.463158,0
480,54,0.243,2,-0.05,-49.260426,0
480,55,0.227,2,-0.05,-63.017815,0
480,56,0.213,1,-0.05,-84.831154,0
480,57,0.185,2,-100.0,-99.43092,0
481,0,0.662,0,1.0,6.8593807,0
481,1,0.658,0,1.0,5.5210867,0
481,2,0.670,0,1.0,7.1535416,0
481,3,0.686,0,1.0,6.797658,0
481,4,0.677,2,-0.05,7.0352044,0
481,5,0.681,0,1.0,6.4202533,0
481,6,0.673,0,1.0,7.015099,0
481,7,0.693,1,-0.05,6.0326204,0
481,8,0.709,0,1.0,6.473561,0
481,9,0.692,0,1.0,6.9794483,0
481,10,0.701,1,-0.05,6.3572626,0
481,11,0.694,0,1.0,5.845568,0
481,12,0.708,0,1.0,5.626047,0
481,13,0.704,0,1.0,7.946482,0
481,14,0.682,0,1.0,6.036683,0
481,15,0.681,0,1.0,5.982935,0
481,16,0.667,0,1.0,6.26998,0
481,17,0.675,0,1.0,7.286495,0
481,18,0.660,0,1.0,6.1964755,0
481,19,0.660,2,-0.05,5.003989,0
481,20,0.660,0,1.0,6.73126,0
481,21,0.654,0,1.0,6.2194734,0
481,22,0.673,1,-0.05,5.758271,0
481,23,0.665,0,1.0,6.399875,0
481,24,0.662,2,-0.05,3.6742325,0
481,25,0.653,0,1.0,5.0730968,0
481,26,0.666,0,1.0,6.394356,0
481,27,0.659,0,1.0,6.0394735,0
481,28,0.661,2,-0.05,4.837049,0
481,29,0.659,1,-0.05,4.5713005,0
481,30,0.654,0,1.0,4.7932487,0
481,31,0.657,0,1.0,5.0034013,0
481,32,0.638,0,1.0,5.0705442,0
481,33,0.627,0,1.0,4.9712887,0
481,34,0.621,0,1.0,4.342607,0
481,35,0.584,0,1.0,5.653551,0
481,36,0.578,0,1.0,6.0841584,0
481,37,0.579,0,1.0,4.763319,0
481,38,0.572,0,1.0,5.766252,0
481,39,0.561,0,1.0,6.308523,0
481,40,0.536,0,1.0,6.113891,0
481,41,0.528,0,1.0,3.291101,0
481,42,0.517,2,-0.05,5.355573,0
481,43,0.516,2,-0.05,5.3439302,0
481,44,0.516,0,1.0,3.8274348,0
481,45,0.522,0,1.0,5.309296,0
481,46,0.521,0,1.0,6.030988,0
481,47,0.536,0,1.0,6.1374197,0
481,48,0.538,0,1.0,6.60078,0
481,49,0.532,2,-0.05,5.637888,0
481,50,0.546,2,-0.05,5.2532215,0
481,51,0.537,2,-0.05,4.043542,0
481,52,0.558,0,1.0,5.426426,0
481,53,0.547,0,1.0,5.8919077,0
481,54,0.441,0,1.0,3.8393095,0
481,55,0.390,0,1.0,0.83197355,0
481,56,0.302,1,-0.05,-0.34448302,0
481,57,0.272,1,-0.05,-17.469137,0
481,58,0.258,2,-0.05,-35.680664,0
481,59,0.227,2,-0.05,-49.823917,0
481,60,0.209,1,-0.05,-56.910255,0
481,61,0.196,1,-100.0,-76.72248,0
482,0,0.663,0,1.0,5.975247,0
482,1,0.669,0,1.0,6.7256737,0
482,2,0.660,0,1.0,6.249147,0
482,3,0.657,0,1.0,5.5329537,0
482,4,0.654,0,1.0,7.3144264,0
482,5,0.647,0,1.0,7.1578054,0
482,6,0.649,0,1.0,5.7194915,0
482,7,0.647,0,1.0,7.0233426,0
482,8,0.634,0,1.0,5.866248,0
482,9,0.631,0,1.0,6.800663,0
482,10,0.627,1,-0.05,5.73739,0
482,11,0.632,0,1.0,5.8024206,0
482,12,0.616,0,1.0,5.928403,0
482,13,0.604,0,1.0,6.656995,0
482,14,0.589,0,1.0,5.3985925,0
482,15,0.573,0,1.0,7.080651,0
482,16,0.558,2,-0.05,5.8086205,0
482,17,0.563,0,1.0,5.4198327,0
482,18,0.567,0,1.0,5.711469,0
482,19,0.550,0,1.0,6.831887,0
482,20,0.549,0,1.0,5.462878,0
482,21,0.552,0,1.0,5.705935,0
482,22,0.541,0,1.0,5.5496187,0
482,23,0.543,0,1.0,3.6584523,0
482,24,0.530,0,1.0,4.825965,0
482,25,0.542,2,-0.05,3.3788085,0
482,26,0.520,2,-0.05,5.0618234,0
482,27,0.536,0,1.0,5.1985846,0
482,28,0.538,0,1.0,4.735767,0
482,29,0.559,0,1.0,4.651767,0
482,30,0.590,0,1.0,3.1445425,0
482,31,0.596,0,1.0,4.056745,0
482,32,0.610,0,1.0,6.1180363,0
482,33,0.628,0,1.0,5.928702,0
482,34,0.638,1,-0.05,5.120962,0
482,35,0.637,0,1.0,5.3232465,0
482,36,0.644,0,1.0,5.8410983,0
482,37,0.651,0,1.0,6.818779,0
482,38,0.654,0,1.0,6.914575,0
482,39,0.654,0,1.0,5.988054,0
482,40,0.672,0,1.0,5.124846,0
482,41,0.673,1,-0.05,4.6622,0
482,42,0.672,0,1.0,4.5395474,0
482,43,0.668,0,1.0,2.954349,0
482,44,0.664,0,1.0,3.2777028,0
482,45,0.672,0,1.0,3.8248067,0
482,46,0.585,0,1.0,2.7710006,0
482,47,0.529,0,1.0,3.5508838,0
482,48,0.411,0,1.0,4.044586,0
482,49,0.290,0,1.0,1.4816153,0
482,50,0.255,2,-0.05,-12.290409,0
482,51,0.223,2,-0.05,-38.95417,0
482,52,0.209,2,-0.05,-93.36876,0
482,53,0.180,2,-100.0,-95.82147,0
483,0,0.666,0,1.0,6.6867886,0
483,1,0.661,0,1.0,5.9889307,0
483,2,0.675,0,1.0,7.694111,0
483,3,0.674,0,1.0,6.466724,0
483,4,0.666,0,1.0,4.834649,0
483,5,0.673,0,1.0,7.177017,0
483,6,0.680,0,1.0,6.6091723,0
483,7,0.664,0,1.0,6.5579944,0
483,8,0.684,0,1.0,6.144989,0
483,9,0.688,0,1.0,6.247951,0
483,10,0.703,0,1.0,5.428709,0
483,11,0.685,0,1.0,7.4321103,0
483,12,0.691,0,1.0,5.847356,0
483,13,0.690,0,1.0,6.60677,0
483,14,0.705,0,1.0,6.9908366,0
483,15,0.709,0,1.0,6.8114023,0
483,16,0.698,0,1.0,7.460116,0
483,17,0.709,0,1.0,5.720039,0
483,18,0.707,0,1.0,7.128398,0
483,19,0.709,0,1.0,6.2629848,0
483,20,0.691,0,1.0,6.2573533,0
483,21,0.704,0,1.0,5.535409,0
483,22,0.686,2,-0.05,5.281642,0
483,23,0.687,2,-0.05,4.9308963,0
483,24,0.697,2,-0.05,6.1511683,0
483,25,0.692,0,1.0,2.2173984,0
483,26,0.664,0,1.0,5.3535495,0
483,27,0.635,0,1.0,3.6443834,0
483,28,0.607,0,1.0,4.9702463,0
483,29,0.566,0,1.0,3.6903336,0
483,30,0.519,0,1.0,3.1660209,0
483,31,0.521,0,1.0,4.146497,0
483,32,0.466,0,1.0,4.3413343,0
483,33,0.461,2,-0.05,3.4280577,0
483,34,0.440,0,1.0,3.9241934,0
483,35,0.383,0,1.0,1.5596769,0
483,36,0.372,0,1.0,3.3012593,0
483,37,0.344,0,1.0,3.3135095,0
483,38,0.327,0,1.0,4.04379,0
483,39,0.341,0,1.0,4.961461,0
483,40,0.381,2,-0.05,5.139782,0
483,41,0.388,0,1.0,6.6241465,0
483,42,0.442,0,1.0,4.5205717,0
483,43,0.526,0,1.0,5.359414,0
483,44,0.570,0,1.0,5.3394623,0
483,45,0.682,0,1.0,5.6435785,0
483,46,0.677,2,-0.05,3.8066413,0
483,47,0.661,2,-0.05,2.7538705,0
483,48,0.626,0,1.0,2.4381442,0
483,49,0.532,0,1.0,1.0158457,0
483,50,0.503,2,-0.05,1.9375412,0
483,51,0.491,1,-0.05,0.95946,0
483,52,0.470,2,-0.05,0.08148301,0
483,53,0.453,2,-0.05,0.6174619,0
483,54,0.440,1,-0.05,3.6137543,0
483,55,0.433,1,-0.05,2.329961,0
483,56,0.429,2,-0.05,0.49659932,0
483,57,0.395,2,-0.05,-1.5606751,0
483,58,0.401,1,-0.05,-1.3293867,0
483,59,0.372,2,-0.05,0.39671552,0
483,60,0.381,2,-0.05,-4.9878407,0
483,61,0.348,2,-0.05,-11.466781,0
483,62,0.337,2,-0.05,-16.491787,0
483,63,0.332,2,-0.05,4.5921426,0
483,64,0.318,2,-0.05,4.674254,0
483,65,0.310,2,-0.05,4.6433334,0
483,66,0.306,2,-0.05,2.0081952,0
483,67,0.297,2,-0.05,4.1213894,0
483,68,0.303,2,-0.05,7.265235,0
483,69,0.290,2,-0.05,8.925112,0
483,70,0.300,2,-0.05,7.1854105,0
483,71,0.289,2,-0.05,5.6265206,0
483,72,0.300,2,-0.05,7.218346,0
483,73,0.318,2,-0.05,3.4605336,0
483,74,0.313,2,-0.05,-2.3120666,0
483,75,0.325,2,-0.05,-2.2346218,0
483,76,0.332,1,-0.05,-2.3815527,0
483,77,0.347,1,-0.05,-1.3571804,0
483,78,0.360,1,-0.05,-2.3920777,0
483,79,0.349,2,-0.05,0.9064281,0
483,80,0.373,2,-0.05,1.0035036,0
483,81,0.377,1,-0.05,-3.468855,0
483,82,0.400,0,1.0,-0.65994453,0
483,83,0.436,1,-0.05,3.7662992,0
483,84,0.431,1,-0.05,6.0837226,0
483,85,0.455,1,-0.05,7.070035,0
483,86,0.449,1,-0.05,8.745594,0
483,87,0.451,2,-0.05,6.2562714,0
483,88,0.463,2,-0.05,4.6288347,0
483,89,0.457,1,-0.05,7.5286045,0
483,90,0.481,1,-0.05,8.678713,0
483,91,0.479,1,-0.05,2.124307,0
483,92,0.477,2,-0.05,1.0408388,0
483,93,0.470,2,-0.05,0.8541299,0
483,94,0.480,1,-0.05,1.9237123,0
483,95,0.502,1,-0.05,0.589921,0
483,96,0.485,2,-0.05,2.0937045,0
483,97,0.493,2,-0.05,0.8997359,0
483,98,0.491,1,-0.05,1.0435917,0
483,99,0.498,1,-0.05,-0.5338671,0
483,100,0.501,0,1.0,1.7701664,0
483,101,0.503,0,1.0,1.3373318,0
483,102,0.511,0,1.0,-0.33590293,0
483,103,0.514,2,-0.05,2.2315087,0
483,104,0.507,0,1.0,2.8003569,0
483,105,0.525,0,1.0,1.4604385,0
483,106,0.523,0,1.0,2.9832284,0
483,107,0.539,0,1.0,2.8693328,0
483,108,0.543,0,1.0,2.7960072,0
483,109,0.563,0,1.0,3.754602,0
483,110,0.562,1,-0.05,4.291743,0
483,111,0.584,0,1.0,4.7123084,0
483,112,0.570,0,1.0,3.9370332,0
483,113,0.575,0,1.0,6.612676,0
483,114,0.582,0,1.0,5.3450937,0
483,115,0.580,0,1.0,5.7987657,0
483,116,0.580,0,1.0,7.1147094,0
483,117,0.577,0,1.0,6.6864066,0
483,118,0.578,0,1.0,6.526535,0
483,119,0.580,0,1.0,5.7493896,0
483,120,0.588,0,1.0,5.5253115,0
483,121,0.571,0,1.0,4.5069485,0
483,122,0.590,0,1.0,3.961024,0
483,123,0.596,0,1.0,2.8968422,0
483,124,0.591,0,1.0,5.265517,0
483,125,0.589,0,1.0,3.9265828,0
483,126,0.521,0,1.0,3.4505372,0
483,127,0.399,0,1.0,3.1268852,0
483,128,0.363,2,-0.05,-1.6464069,0
483,129,0.329,2,-0.05,-3.8422937,0
483,130,0.324,2,-0.05,-3.688973,0
483,131,0.297,2,-0.05,-15.5028515,0
483,132,0.289,2,-0.05,-13.161896,0
483,133,0.269,1,-0.05,-29.80965,0
483,134,0.246,1,-0.05,-27.904915,0
483,135,0.238,1,-0.05,-62.84854,0
483,136,0.225,2,-0.05,-82.19076,0
483,137,0.211,2,-0.05,-86.48407,0
483,138,0.187,1,-100.0,-94.00403,0
484,0,0.663,0,1.0,7.117013,0
484,1,0.669,0,1.0,6.3714924,0
484,2,0.649,0,1.0,5.869206,0
484,3,0.648,0,1.0,7.132491,0
484,4,0.660,0,1.0,7.439219,0
484,5,0.649,0,1.0,6.2184343,0
484,6,0.648,0,1.0,6.8452563,0
484,7,0.652,0,1.0,6.147767,0
484,8,0.637,0,1.0,6.217881,0
484,9,0.627,0,1.0,6.9616027,0
484,10,0.636,0,1.0,6.420212,0
484,11,0.621,0,1.0,7.4521294,0
484,12,0.619,0,1.0,5.6862917,0
484,13,0.630,0,1.0,8.097189,0
484,14,0.610,2,-0.05,5.9080534,0
484,15,0.622,0,1.0,7.4062934,0
484,16,0.618,0,1.0,7.1608396,0
484,17,0.626,0,1.0,7.6496162,0
484,18,0.630,0,1.0,5.7243075,0
484,19,0.636,0,1.0,6.703919,0
484,20,0.646,0,1.0,6.7268834,0
484,21,0.653,0,1.0,6.9034343,0
484,22,0.654,2,-0.05,6.117832,0
484,23,0.664,0,1.0,6.283942,0
484,24,0.680,0,1.0,5.9626184,0
484,25,0.695,0,1.0,5.260518,0
484,26,0.699,0,1.0,7.1199784,0
484,27,0.686,0,1.0,3.6817374,0
484,28,0.691,0,1.0,3.8133836,0
484,29,0.671,0,1.0,2.942536,0
484,30,0.644,0,1.0,5.141664,0
484,31,0.650,2,-0.05,4.6924186,0
484,32,0.636,1,-0.05,4.27535,0
484,33,0.637,0,1.0,4.899715,0
484,34,0.618,0,1.0,4.855418,0
484,35,0.618,1,-0.05,4.7652483,0
484,36,0.628,0,1.0,4.4441414,0
484,37,0.635,2,-0.05,4.170745,0
484,38,0.613,1,-0.05,2.843892,0
484,39,0.637,0,1.0,3.5047057,0
484,40,0.668,2,-0.05,1.6428983,0
484,41,0.689,2,-0.05,3.5800993,0
484,42,0.688,0,1.0,3.4184422,0
484,43,0.739,0,1.0,4.9873796,0
484,44,0.747,0,1.0,4.0754957,0
484,45,0.752,0,1.0,5.5416336,0
484,46,0.750,0,1.0,3.9306135,0
484,47,0.741,0,1.0,4.719657,0
484,48,0.701,0,1.0,5.308869,0
484,49,0.641,0,1.0,4.7161593,0
484,50,0.550,1,-0.05,4.517685,0
484,51,0.465,0,1.0,3.8539958,0
484,52,0.406,0,1.0,3.4727733,0
484,53,0.323,2,-0.05,-1.1572009,0
484,54,0.299,2,-0.05,-6.856638,0
484,55,0.300,2,-0.05,-20.586838,0
484,56,0.267,2,-0.05,-25.2875,0
484,57,0.216,0,1.0,-42.737022,0
484,58,0.165,1,-100.0,-100.81371,0
485,0,0.671,0,1.0,6.440957,0
485,1,0.672,0,1.0,6.5446577,0
485,2,0.659,0,1.0,5.1632175,0
485,3,0.654,0,1.0,5.578739,0
485,4,0.663,0,1.0,6.8320856,0
485,5,0.645,0,1.0,7.2022142,0
485,6,0.649,0,1.0,6.428066,0
485,7,0.642,0,1.0,6.8431478,0
485,8,0.644,0,1.0,6.957401,0
485,9,0.632,0,1.0,6.58988,0
485,10,0.637,0,1.0,8.384451,0
485,11,0.634,0,1.0,6.791809,0
485,12,0.618,0,1.0,6.1352987,0
485,13,0.622,0,1.0,7.514928,0
485,14,0.619,0,1.0,6.594441,0
485,15,0.619,0,1.0,5.536916,0
485,16,0.610,0,1.0,6.844865,0
485,17,0.610,0,1.0,7.251565,0
485,18,0.610,0,1.0,6.6447325,0
485,19,0.604,2,-0.05,5.8291216,0
485,20,0.613,0,1.0,5.6942143,0
485,21,0.607,2,-0.05,3.6011176,0
485,22,0.606,0,1.0,5.4049277,0
485,23,0.628,0,1.0,5.327465,0
485,24,0.643,0,1.0,4.8673844,0
485,25,0.667,0,1.0,5.340691,0
485,26,0.667,0,1.0,5.0994573,0
485,27,0.701,0,1.0,3.1324177,0
485,28,0.704,1,-0.05,3.1343277,0
485,29,0.697,0,1.0,4.516615,0
485,30,0.692,0,1.0,5.3313932,0
485,31,0.694,0,1.0,5.436885,0
485,32,0.680,0,1.0,4.813699,0
485,33,0.674,0,1.0,5.2329664,0
485,34,0.685,0,1.0,5.0923796,0
485,35,0.671,0,1.0,5.8422794,0
485,36,0.667,1,-0.05,4.9010215,0
485,37,0.659,2,-0.05,4.398533,0
485,38,0.674,0,1.0,5.7990785,0
485,39,0.677,0,1.0,6.4768357,0
485,40,0.680,0,1.0,5.5544167,0
485,41,0.700,0,1.0,7.3616443,0
485,42,0.709,0,1.0,6.222133,0
485,43,0.794,0,1.0,6.0827036,0
485,44,0.829,0,1.0,6.985915,0
485,45,0.713,0,1.0,7.055881,0
485,46,0.645,0,1.0,5.4145794,0
485,47,0.526,0,1.0,3.2423406,0
485,48,0.467,1,-0.05,1.5568285,0
485,49,0.442,1,-0.05,1.260844,0
485,50,0.440,2,-0.05,-1.1656082,0
485,51,0.426,2,-0.05,-2.3435276,0
485,52,0.379,0,1.0,-0.3098029,0
485,53,0.318,1,-0.05,1.1522307,0
485,54,0.318,1,-0.05,-6.57051,0
485,55,0.286,2,-0.05,-17.09837,0
485,56,0.276,2,-0.05,-19.284462,0
485,57,0.247,1,-0.05,-13.962545,0
485,58,0.236,1,-0.05,-32.54181,0
485,59,0.229,2,-0.05,-47.15595,0
485,60,0.213,2,-0.05,-55.003353,0
485,61,0.190,1,-100.0,-73.58552,0
486,0,0.666,0,1.0,7.5622244,0
486,1,0.659,0,1.0,5.5891995,0
486,2,0.655,0,1.0,7.281662,0
486,3,0.660,0,1.0,6.332497,0
486,4,0.656,0,1.0,5.913496,0
486,5,0.644,2,-0.05,6.7622137,0
486,6,0.654,1,-0.05,7.0366197,0
486,7,0.655,0,1.0,7.5891547,0
486,8,0.640,0,1.0,6.1787295,0
486,9,0.624,0,1.0,6.177764,0
486,10,0.604,0,1.0,5.1845937,0
486,11,0.585,0,1.0,6.742201,0
486,12,0.582,0,1.0,6.2535048,0
486,13,0.558,0,1.0,5.6058254,0
486,14,0.538,1,-0.05,3.9742968,0
486,15,0.546,1,-0.05,4.929246,0
486,16,0.535,1,-0.05,5.792134,0
486,17,0.482,0,1.0,5.8748465,0
486,18,0.482,0,1.0,6.967299,0
486,19,0.458,0,1.0,6.989314,0
486,20,0.402,0,1.0,6.1311812,0
486,21,0.366,1,-0.05,5.916962,0
486,22,0.355,1,-0.05,5.1046805,0
486,23,0.346,1,-0.05,4.5602016,0
486,24,0.333,2,-0.05,4.6367655,0
486,25,0.334,1,-0.05,4.4052434,0
486,26,0.312,1,-0.05,3.6356301,0
486,27,0.307,2,-0.05,2.633228,0
486,28,0.301,2,-0.05,1.6253252,0
486,29,0.285,2,-0.05,0.68960047,0
486,30,0.264,2,-0.05,-0.56488156,0
486,31,0.265,2,-0.05,-0.93183446,0
486,32,0.250,2,-0.05,-0.5474365,0
486,33,0.242,2,-0.05,-4.0899677,0
486,34,0.242,2,-0.05,-1.3997025,0
486,35,0.248,0,1.0,1.5581055,0
486,36,0.245,0,1.0,3.5654047,0
486,37,0.249,0,1.0,5.809084,0
486,38,0.251,2,-0.05,5.798415,0
486,39,0.258,0,1.0,5.1606655,0
486,40,0.274,0,1.0,6.94603,0
486,41,0.271,0,1.0,3.7491531,0
486,42,0.298,0,1.0,5.664431,0
486,43,0.309,1,-0.05,6.8318615,0
486,44,0.312,0,1.0,6.614421,0
486,45,0.313,0,1.0,5.23977,0
486,46,0.317,0,1.0,5.59705,0
486,47,0.318,0,1.0,5.8016863,0
486,48,0.322,0,1.0,6.5090303,0
486,49,0.329,0,1.0,4.0651817,0
486,50,0.335,0,1.0,6.142823,0
486,51,0.338,0,1.0,6.356112,0
486,52,0.345,0,1.0,7.9618134,0
486,53,0.347,0,1.0,8.603428,0
486,54,0.348,0,1.0,6.995478,0
486,55,0.358,0,1.0,5.7899537,0
486,56,0.367,0,1.0,6.36417,0
486,57,0.364,2,-0.05,5.8805523,0
486,58,0.374,0,1.0,4.1350546,0
486,59,0.391,0,1.0,5.848306,0
486,60,0.391,0,1.0,4.833065,0
486,61,0.403,2,-0.05,5.272404,0
486,62,0.395,2,-0.05,4.358014,0
486,63,0.424,0,1.0,6.258169,0
486,64,0.450,0,1.0,3.4812474,0
486,65,0.340,0,1.0,0.39543897,0
486,66,0.287,2,-0.05,-4.3633437,0
486,67,0.266,2,-0.05,-12.773361,0
486,68,0.262,1,-0.05,-48.961067,0
486,69,0.247,1,-0.05,-55.769676,0
486,70,0.224,2,-0.05,-70.47721,0
486,71,0.218,1,-0.05,-74.85247,0
486,72,0.189,2,-100.0,-80.52921,0
487,0,0.658,0,1.0,5.8269525,0
487,1,0.663,0,1.0,6.7491794,0
487,2,0.675,0,1.0,6.350865,0
487,3,0.680,0,1.0,6.1669707,0
487,4,0.680,0,1.0,5.931852,0
487,5,0.678,0,1.0,8.019269,0
487,6,0.690,0,1.0,6.5066414,0
487,7,0.683,0,1.0,7.033966,0
487,8,0.685,0,1.0,6.7814503,0
487,9,0.691,0,1.0,5.654688,0
487,10,0.695,0,1.0,6.167949,0
487,11,0.689,0,1.0,6.269219,0
487,12,0.695,0,1.0,5.8665004,0
487,13,0.705,0,1.0,7.065279,0
487,14,0.695,1,-0.05,5.8189335,0
487,15,0.692,1,-0.05,5.6605678,0
487,16,0.700,0,1.0,5.3245835,0
487,17,0.684,0,1.0,4.980893,0
487,18,0.677,0,1.0,5.678429,0
487,19,0.649,0,1.0,4.568785,0
487,20,0.641,0,1.0,6.1722445,0
487,21,0.629,0,1.0,4.8825507,0
487,22,0.616,0,1.0,6.107239,0
487,23,0.601,0,1.0,5.813438,0
487,24,0.593,0,1.0,5.7954764,0
487,25,0.559,0,1.0,5.075995,0
487,26,0.549,0,1.0,4.1371837,0
487,27,0.527,0,1.0,3.4770043,0
487,28,0.509,0,1.0,5.13193,0
487,29,0.509,0,1.0,5.413291,0
487,30,0.483,0,1.0,5.2112117,0
487,31,0.464,0,1.0,6.0572815,0
487,32,0.446,0,1.0,7.043522,0
487,33,0.439,0,1.0,7.5028996,0
487,34,0.433,0,1.0,6.3197002,0
487,35,0.405,0,1.0,4.8867435,0
487,36,0.377,2,-0.05,4.672492,0
487,37,0.363,2,-0.05,4.7602696,0
487,38,0.391,1,-0.05,3.7812393,0
487,39,0.392,2,-0.05,5.5735416,0
487,40,0.385,2,-0.05,4.701743,0
487,41,0.371,1,-0.05,4.349476,0
487,42,0.384,2,-0.05,5.7103148,0
487,43,0.377,0,1.0,5.7069454,0
487,44,0.389,0,1.0,4.935558,0
487,45,0.400,0,1.0,6.968239,0
487,46,0.403,0,1.0,5.1305013,0
487,47,0.431,2,-0.05,5.0156865,0
487,48,0.427,2,-0.05,5.969768,0
487,49,0.431,0,1.0,7.0562534,0
487,50,0.459,0,1.0,6.4678664,0
487,51,0.511,0,1.0,6.1426105,0
487,52,0.514,0,1.0,5.4520116,0
487,53,0.429,0,1.0,3.5172257,0
487,54,0.363,1,-0.05,0.7964833,0
487,55,0.342,1,-0.05,-3.408668,0
487,56,0.329,2,-0.05,-3.3332262,0
487,57,0.320,2,-0.05,-5.135574,0
487,58,0.311,2,-0.05,-4.357785,0
487,59,0.254,0,1.0,-15.981757,0
487,60,0.222,1,-0.05,-34.33227,0
487,61,0.203,1,-0.05,-77.50924,0
487,62,0.183,1,-100.0,-102.96535,0
488,0,0.663,0,1.0,6.561905,0
488,1,0.672,0,1.0,6.5679,0
488,2,0.659,0,1.0,5.187946,0
488,3,0.647,2,-0.05,6.7209167,0
488,4,0.650,0,1.0,5.390381,0
488,5,0.666,0,1.0,6.466073,0
488,6,0.659,0,1.0,6.560337,0
488,7,0.686,0,1.0,6.7180667,0
488,8,0.683,0,1.0,5.583331,0
488,9,0.686,0,1.0,6.975961,0
488,10,0.706,0,1.0,5.9379606,0
488,11,0.692,0,1.0,6.7358456,0
488,12,0.697,0,1.0,5.515063,0
488,13,0.697,0,1.0,7.76945,0
488,14,0.685,0,1.0,6.5182557,0
488,15,0.674,0,1.0,6.6057673,0
488,16,0.678,0,1.0,6.4689918,0
488,17,0.669,0,1.0,5.8651233,0
488,18,0.662,0,1.0,6.2280965,0
488,19,0.664,0,1.0,6.2183905,0
488,20,0.656,0,1.0,6.3739886,0
488,21,0.647,2,-0.05,6.936329,0
488,22,0.651,0,1.0,6.0993667,0
488,23,0.614,0,1.0,6.130888,0
488,24,0.607,0,1.0,5.2564588,0
488,25,0.607,0,1.0,6.9052186,0
488,26,0.587,0,1.0,3.9714024,0
488,27,0.571,0,1.0,5.8069415,0
488,28,0.563,0,1.0,6.133681,0
488,29,0.543,0,1.0,4.3865623,0
488,30,0.525,0,1.0,5.879443,0
488,31,0.512,0,1.0,5.7945914,0
488,32,0.485,0,1.0,6.1132526,0
488,33,0.491,0,1.0,5.4165955,0
488,34,0.473,0,1.0,5.1988926,0
488,35,0.466,0,1.0,5.17134,0
488,36,0.469,0,1.0,5.634372,0
488,37,0.520,0,1.0,4.5481157,0
488,38,0.567,0,1.0,6.1569886,0
488,39,0.609,0,1.0,4.4560895,0
488,40,0.654,0,1.0,5.2091613,0
488,41,0.713,1,-0.05,5.1962676,0
488,42,0.738,1,-0.05,3.0212932,0
488,43,0.736,1,-0.05,1.5102148,0
488,44,0.759,0,1.0,2.1943934,0
488,45,0.692,1,-0.05,-0.8652482,0
488,46,0.690,1,-0.05,-1.0537629,0
488,47,0.667,1,-0.05,-2.1107433,0
488,48,0.634,2,-0.05,-3.8757281,0
488,49,0.636,1,-0.05,-4.0796003,0
488,50,0.619,1,-0.05,-2.7598171,0
488,51,0.611,2,-0.05,-1.3019888,0
488,52,0.586,2,-0.05,-2.1341553,0
488,53,0.578,1,-0.05,-1.5350807,0
488,54,0.570,1,-0.05,-1.8329341,0
488,55,0.530,2,-0.05,-0.18680382,0
488,56,0.537,2,-0.05,0.0371511,0
488,57,0.515,2,-0.05,-1.446774,0
488,58,0.493,1,-0.05,-7.1106105,0
488,59,0.485,1,-0.05,-6.7408147,0
488,60,0.467,2,-0.05,-3.5644646,0
488,61,0.454,2,-0.05,-3.8385234,0
488,62,0.441,2,-0.05,-9.113489,0
488,63,0.424,2,-0.05,-8.150316,0
488,64,0.381,2,-0.05,-3.1837497,0
488,65,0.380,2,-0.05,-0.56651926,0
488,66,0.372,2,-0.05,-1.4546609,0
488,67,0.356,2,-0.05,-2.1435099,0
488,68,0.340,1,-0.05,0.42886758,0
488,69,0.316,1,-0.05,-2.0103674,0
488,70,0.303,2,-0.05,-5.650296,0
488,71,0.273,0,1.0,-11.765241,0
488,72,0.203,2,-0.05,-25.564281,0
488,73,0.172,1,-100.0,-94.230896,0
489,0,0.665,2,-0.05,5.716772,0
489,1,0.672,0,1.0,7.502654,0
489,2,0.676,0,1.0,6.8359766,0
489,3,0.691,0,1.0,7.2406983,0
489,4,0.698,0,1.0,6.5415606,0
489,5,0.712,0,1.0,7.13658,0
489,6,0.677,0,1.0,6.0237,0
489,7,0.670,0,1.0,7.942428,0
489,8,0.658,0,1.0,5.8825326,0
489,9,0.643,0,1.0,7.445125,0
489,10,0.635,0,1.0,5.8165665,0
489,11,0.631,1,-0.05,7.7653055,0
489,12,0.625,0,1.0,6.291947,0
489,13,0.618,0,1.0,6.39429,0
489,14,0.620,0,1.0,6.620063,0
489,15,0.596,0,1.0,6.609547,0
489,16,0.619,0,1.0,5.4202204,0
489,17,0.604,0,1.0,7.2411885,0
489,18,0.615,0,1.0,5.741761,0
489,19,0.592,0,1.0,7.3880954,0
489,20,0.598,0,1.0,6.1505613,0
489,21,0.592,0,1.0,5.6444917,0
489,22,0.595,0,1.0,6.7138987,0
489,23,0.597,0,1.0,6.38468,0
489,24,0.590,0,1.0,6.083454,0
489,25,0.601,0,1.0,5.8467026,0
489,26,0.584,0,1.0,5.9979415,0
489,27,0.592,0,1.0,3.538785,0
489,28,0.593,0,1.0,5.5256515,0
489,29,0.588,0,1.0,6.4495687,0
489,30,0.573,0,1.0,5.218741,0
489,31,0.582,0,1.0,5.504733,0
489,32,0.580,0,1.0,4.3370247,0
489,33,0.566,1,-0.05,4.3080716,0
489,34,0.582,0,1.0,5.0519605,0
489,35,0.592,1,-0.05,0.6234779,0
489,36,0.602,0,1.0,2.2056565,0
489,37,0.640,0,1.0,0.7977852,0
489,38,0.659,0,1.0,2.8683822,0
489,39,0.743,0,1.0,4.1456733,0
489,40,0.775,0,1.0,3.070603,0
489,41,0.748,0,1.0,5.2120085,0
489,42,0.720,0,1.0,3.796714,0
489,43,0.724,1,-0.05,3.2368116,0
489,44,0.706,0,1.0,4.3454227,0
489,45,0.631,1,-0.05,5.9310904,0
489,46,0.618,1,-0.05,7.0812707,0
489,47,0.597,1,-0.05,4.3515067,0
489,48,0.570,1,-0.05,7.0439553,0
489,49,0.575,2,-0.05,9.357278,0
489,50,0.561,1,-0.05,8.247694,0
489,51,0.551,2,-0.05,9.039079,0
489,52,0.521,2,-0.05,8.157365,0
489,53,0.519,1,-0.05,4.8025093,0
489,54,0.490,1,-0.05,4.255768,0
489,55,0.496,2,-0.05,9.029322,0
489,56,0.480,2,-0.05,4.752916,0
489,57,0.465,1,-0.05,3.0843203,0
489,58,0.450,1,-0.05,2.5041082,0
489,59,0.437,2,-0.05,5.0979357,0
489,60,0.416,2,-0.05,6.343068,0
489,61,0.412,1,-0.05,-2.471477,0
489,62,0.389,1,-0.05,-2.2556205,0
489,63,0.376,2,-0.05,3.7474718,0
489,64,0.366,2,-0.05,-3.3402357,0
489,65,0.337,1,-0.05,-5.299267,0
489,66,0.333,2,-0.05,-6.777739,0
489,67,0.311,2,-0.05,-9.651057,0
489,68,0.303,2,-0.05,-10.724494,0
489,69,0.291,2,-0.05,-9.027885,0
489,70,0.265,2,-0.05,-6.182387,0
489,71,0.208,0,1.0,-19.649986,0
489,72,0.169,2,-100.0,-93.63109,0
490,0,0.657,1,-0.05,3.9074447,0
490,1,0.674,0,1.0,5.3064523,0
490,2,0.646,0,1.0,5.2369146,0
490,3,0.638,1,-0.05,5.4434624,0
490,4,0.656,1,-0.05,4.696992,0
490,5,0.645,1,-0.05,5.0159,0
490,6,0.643,0,1.0,4.360924,0
490,7,0.597,1,-0.05,5.188279,0
490,8,0.562,0,1.0,6.2830195,0
490,9,0.540,0,1.0,6.6038437,0
490,10,0.482,0,1.0,8.06015,0
490,11,0.455,2,-0.05,6.777796,0
490,12,0.430,0,1.0,6.7583456,0
490,13,0.367,0,1.0,6.169369,0
490,14,0.357,0,1.0,5.312213,0
490,15,0.302,0,1.0,3.7898593,0
490,16,0.283,2,-0.05,2.9818482,0
490,17,0.260,2,-0.05,1.7808802,0
490,18,0.253,2,-0.05,0.37608767,0
490,19,0.235,2,-0.05,0.070611715,0
490,20,0.239,2,-0.05,1.62902,0
490,21,0.245,2,-0.05,4.9754076,0
490,22,0.241,0,1.0,5.0543594,0
490,23,0.258,0,1.0,5.9200873,0
490,24,0.264,2,-0.05,4.9067006,0
490,25,0.270,2,-0.05,3.8509653,0
490,26,0.273,2,-0.05,2.0549073,0
490,27,0.266,2,-0.05,1.1243036,0
490,28,0.260,1,-0.05,3.9154606,0
490,29,0.271,1,-0.05,2.921853,0
490,30,0.308,1,-0.05,2.4807272,0
490,31,0.287,2,-0.05,4.1631246,0
490,32,0.293,2,-0.05,3.0629354,0
490,33,0.301,2,-0.05,4.8017664,0
490,34,0.317,1,-0.05,3.976626,0
490,35,0.318,1,-0.05,5.4556913,0
490,36,0.330,2,-0.05,3.5979025,0
490,37,0.323,2,-0.05,4.108847,0
490,38,0.317,1,-0.05,5.04346,0
490,39,0.336,1,-0.05,5.9493527,0
490,40,0.344,1,-0.05,0.58814955,0
490,41,0.353,0,1.0,4.1026373,0
490,42,0.344,0,1.0,6.7281356,0
490,43,0.359,0,1.0,6.137589,0
490,44,0.377,0,1.0,7.6798353,0
490,45,0.390,0,1.0,4.556405,0
490,46,0.401,0,1.0,5.2026863,0
490,47,0.389,0,1.0,5.915884,0
490,48,0.409,0,1.0,6.673758,0
490,49,0.395,0,1.0,5.7085185,0
490,50,0.411,0,1.0,6.2484584,0
490,51,0.418,0,1.0,3.949991,0
490,52,0.414,0,1.0,5.492654,0
490,53,0.428,0,1.0,6.1249804,0
490,54,0.453,0,1.0,5.9081864,0
490,55,0.439,0,1.0,5.778002,0
490,56,0.441,0,1.0,5.6692004,0
490,57,0.459,0,1.0,5.5853186,0
490,58,0.459,2,-0.05,5.9301343,0
490,59,0.468,0,1.0,7.673977,0
490,60,0.480,0,1.0,6.3383207,0
490,61,0.505,0,1.0,6.8159685,0
490,62,0.503,0,1.0,8.079389,0
490,63,0.538,0,1.0,6.2158613,0
490,64,0.536,0,1.0,5.5925074,0
490,65,0.555,0,1.0,5.436727,0
490,66,0.590,0,1.0,5.7436724,0
490,67,0.591,0,1.0,4.923785,0
490,68,0.522,0,1.0,3.7721438,0
490,69,0.426,1,-0.05,1.7251787,0
490,70,0.432,2,-0.05,0.93053526,0
490,71,0.414,1,-0.05,1.0298973,0
490,72,0.389,2,-0.05,-0.53519773,0
490,73,0.374,2,-0.05,-2.9942408,0
490,74,0.359,1,-0.05,-1.943872,0
490,75,0.355,1,-0.05,-1.9805348,0
490,76,0.331,2,-0.05,-4.0293756,0
490,77,0.310,2,-0.05,-5.4770203,0
490,78,0.302,1,-0.05,-9.427638,0
490,79,0.281,1,-0.05,-14.830428,0
490,80,0.279,2,-0.05,-37.326286,0
490,81,0.251,2,-0.05,-40.67619,0
490,82,0.226,2,-0.05,-53.35262,0
490,83,0.218,1,-0.05,-62.510128,0
490,84,0.183,1,-100.0,-76.50232,0
491,0,0.663,0,1.0,6.639029,0
491,1,0.669,0,1.0,5.863962,0
491,2,0.657,1,-0.05,6.4880605,0
491,3,0.652,0,1.0,6.962331,0
491,4,0.651,0,1.0,5.199794,0
491,5,0.636,0,1.0,5.869986,0
491,6,0.608,0,1.0,6.267434,0
491,7,0.601,0,1.0,6.384638,0
491,8,0.587,0,1.0,5.262729,0
491,9,0.579,0,1.0,7.3325562,0
491,10,0.561,2,-0.05,4.999787,0
491,11,0.562,0,1.0,5.7710896,0
491,12,0.557,2,-0.05,6.436309,0
491,13,0.560,0,1.0,7.734564,0
491,14,0.565,0,1.0,7.3883204,0
491,15,0.564,0,1.0,6.62636,0
491,16,0.577,0,1.0,6.8970904,0
491,17,0.578,2,-0.05,7.6344213,0
491,18,0.586,0,1.0,6.3447824,0
491,19,0.601,0,1.0,6.536079,0
491,20,0.622,0,1.0,5.4933605,0
491,21,0.623,0,1.0,5.3864055,0
491,22,0.647,0,1.0,6.9841456,0
491,23,0.659,2,-0.05,4.9567666,0
491,24,0.661,1,-0.05,4.511282,0
491,25,0.675,2,-0.05,6.7378254,0
491,26,0.679,1,-0.05,6.522917,0
491,27,0.677,1,-0.05,4.5688276,0
491,28,0.685,1,-0.05,4.999426,0
491,29,0.681,2,-0.05,3.4759474,0
491,30,0.678,2,-0.05,1.7237561,0
491,31,0.671,0,1.0,4.321842,0
491,32,0.681,0,1.0,4.3460836,0
491,33,0.706,0,1.0,4.068691,0
491,34,0.696,1,-0.05,3.2602725,0
491,35,0.691,1,-0.05,4.7195253,0
491,36,0.687,2,-0.05,4.1550426,0
491,37,0.691,2,-0.05,3.5033984,0
491,38,0.684,0,1.0,4.763823,0
491,39,0.651,0,1.0,3.9421477,0
491,40,0.609,0,1.0,4.418727,0
491,41,0.595,0,1.0,4.0602293,0
491,42,0.566,1,-0.05,3.8814704,0
491,43,0.559,0,1.0,2.3468215,0
491,44,0.526,0,1.0,4.004182,0
491,45,0.503,0,1.0,4.829185,0
491,46,0.483,0,1.0,4.297687,0
491,47,0.473,0,1.0,5.993664,0
491,48,0.456,0,1.0,4.8874044,0
491,49,0.454,0,1.0,6.9108233,0
491,50,0.508,0,1.0,6.183839,0
491,51,0.566,0,1.0,6.1423097,0
491,52,0.633,0,1.0,5.9145894,0
491,53,0.672,0,1.0,4.5054684,0
491,54,0.747,2,-0.05,5.888895,0
491,55,0.731,1,-0.05,5.542005,0
491,56,0.701,0,1.0,4.3252635,0
491,57,0.598,0,1.0,1.7065152,0
491,58,0.539,0,1.0,1.4909805,0
491,59,0.420,0,1.0,-0.014484525,0
491,60,0.339,1,-0.05,-3.4271548,0
491,61,0.322,2,-0.05,-17.12696,0
491,62,0.295,2,-0.05,-18.408953,0
491,63,0.279,2,-0.05,-15.462489,0
491,64,0.269,2,-0.05,-23.6414,0
491,65,0.240,1,-0.05,-31.614403,0
491,66,0.226,1,-0.05,-32.820366,0
491,67,0.216,2,-0.05,-57.68932,0
491,68,0.203,2,-0.05,-74.65728,0
491,69,0.178,1,-100.0,-95.160126,0
492,0,0.666,0,1.0,6.9791484,0
492,1,0.669,0,1.0,6.0268865,0
492,2,0.660,0,1.0,6.4930897,0
492,3,0.657,0,1.0,6.0299973,0
492,4,0.654,0,1.0,6.4864626,0
492,5,0.647,0,1.0,7.528059,0
492,6,0.649,0,1.0,7.3057194,0
492,7,0.647,0,1.0,6.2417955,0
492,8,0.634,0,1.0,6.932965,0
492,9,0.631,0,1.0,6.847782,0
492,10,0.626,0,1.0,7.4084787,0
492,11,0.621,0,1.0,5.4345484,0
492,12,0.620,0,1.0,6.778134,0
492,13,0.607,0,1.0,7.368031,0
492,14,0.620,0,1.0,5.296511,0
492,15,0.611,0,1.0,6.8617663,0
492,16,0.615,0,1.0,5.797102,0
492,17,0.596,0,1.0,6.752522,0
492,18,0.605,0,1.0,6.1422915,0
492,19,0.603,2,-0.05,6.1924253,0
492,20,0.608,2,-0.05,5.5569987,0
492,21,0.614,0,1.0,5.9077806,0
492,22,0.615,0,1.0,4.3993206,0
492,23,0.634,0,1.0,5.664374,0
492,24,0.644,0,1.0,5.0512686,0
492,25,0.662,0,1.0,5.524488,0
492,26,0.681,0,1.0,5.152181,0
492,27,0.688,1,-0.05,2.9306412,0
492,28,0.688,0,1.0,4.7417502,0
492,29,0.689,0,1.0,6.174944,0
492,30,0.709,0,1.0,5.416886,0
492,31,0.706,0,1.0,6.0545073,0
492,32,0.710,0,1.0,4.9986715,0
492,33,0.689,0,1.0,5.705679,0
492,34,0.705,0,1.0,5.1614075,0
492,35,0.693,0,1.0,7.1993012,0
492,36,0.682,0,1.0,6.6126547,0
492,37,0.696,0,1.0,5.927818,0
492,38,0.757,0,1.0,6.014423,0
492,39,0.758,0,1.0,5.5976686,0
492,40,0.759,0,1.0,3.945732,0
492,41,0.766,0,1.0,3.8745992,0
492,42,0.751,0,1.0,3.428907,0
492,43,0.637,0,1.0,3.29937,0
492,44,0.579,0,1.0,2.7196324,0
492,45,0.466,0,1.0,2.4904485,0
492,46,0.344,0,1.0,1.6720002,0
492,47,0.287,2,-0.05,-6.838785,0
492,48,0.266,2,-0.05,-37.016003,0
492,49,0.245,2,-0.05,-55.186375,0
492,50,0.242,2,-0.05,-60.033028,0
492,51,0.214,1,-0.05,-66.03929,0
492,52,0.191,1,-100.0,-83.376236,0
493,0,0.672,1,-0.05,4.8882732,0
493,1,0.657,0,1.0,6.9630003,0
493,2,0.649,0,1.0,6.2583485,0
493,3,0.632,0,1.0,7.0179486,0
493,4,0.613,0,1.0,5.556298,0
493,5,0.589,0,1.0,5.897354,0
493,6,0.582,0,1.0,6.44497,0
493,7,0.550,0,1.0,7.004739,0
493,8,0.528,0,1.0,6.493419,0
493,9,0.522,2,-0.05,5.424744,0
493,10,0.512,0,1.0,5.5392594,0
493,11,0.509,0,1.0,4.781328,0
493,12,0.491,0,1.0,7.160435,0
493,13,0.486,2,-0.05,5.8830004,0
493,14,0.477,0,1.0,5.9328737,0
493,15,0.480,0,1.0,7.372095,0
493,16,0.484,0,1.0,6.428926,0
493,17,0.487,0,1.0,5.7665615,0
493,18,0.480,0,1.0,7.209788,0
493,19,0.464,2,-0.05,5.804715,0
493,20,0.478,0,1.0,6.567453,0
493,21,0.497,0,1.0,7.420528,0
493,22,0.499,0,1.0,6.337421,0
493,23,0.505,0,1.0,5.144962,0
493,24,0.526,0,1.0,5.7939167,0
493,25,0.531,2,-0.05,5.9952235,0
493,26,0.525,0,1.0,4.4509907,0
493,27,0.554,0,1.0,5.707421,0
493,28,0.563,1,-0.05,5.840476,0
493,29,0.569,0,1.0,3.9750588,0
493,30,0.584,0,1.0,5.4405613,0
493,31,0.584,0,1.0,5.5671854,0
493,32,0.597,0,1.0,6.584431,0
493,33,0.603,0,1.0,4.670661,0
493,34,0.605,0,1.0,5.8197827,0
493,35,0.626,0,1.0,5.745676,0
493,36,0.638,0,1.0,5.5865936,0
493,37,0.642,0,1.0,6.5208273,0
493,38,0.647,0,1.0,6.828403,0
493,39,0.650,0,1.0,6.7533255,0
493,40,0.668,2,-0.05,6.7498155,0
493,41,0.682,0,1.0,5.7267895,0
493,42,0.691,0,1.0,5.866168,0
493,43,0.716,0,1.0,5.8133545,0
493,44,0.725,0,1.0,6.7904716,0
493,45,0.729,0,1.0,7.2138696,0
493,46,0.673,0,1.0,5.244056,0
493,47,0.558,0,1.0,3.390406,0
493,48,0.514,1,-0.05,3.1691096,0
493,49,0.493,1,-0.05,0.8933077,0
493,50,0.472,0,1.0,0.6718979,0
493,51,0.377,1,-0.05,0.54655397,0
493,52,0.357,2,-0.05,-2.7105975,0
493,53,0.351,2,-0.05,-2.1194663,0
493,54,0.322,1,-0.05,-5.2899394,0
493,55,0.315,2,-0.05,-7.0097523,0
493,56,0.299,2,-0.05,-13.616258,0
493,57,0.285,2,-0.05,-20.873661,0
493,58,0.267,1,-0.05,-14.014314,0
493,59,0.255,2,-0.05,-45.799606,0
493,60,0.235,1,-0.05,-43.83326,0
493,61,0.215,1,-0.05,-68.56225,0
493,62,0.205,2,-0.05,-87.49135,0
493,63,0.181,2,-100.0,-103.61586,0
494,0,0.658,0,1.0,7.3835726,0
494,1,0.658,0,1.0,6.654819,0
494,2,0.670,0,1.0,6.701638,0
494,3,0.680,0,1.0,4.7877674,0
494,4,0.680,0,1.0,7.277314,0
494,5,0.679,0,1.0,7.7519445,0
494,6,0.687,0,1.0,6.715322,0
494,7,0.678,0,1.0,6.486904,0
494,8,0.689,0,1.0,6.5474105,0
494,9,0.688,0,1.0,6.812562,0
494,10,0.696,0,1.0,7.3607745,0
494,11,0.694,0,1.0,5.9204183,0
494,12,0.692,0,1.0,6.974542,0
494,13,0.694,0,1.0,6.180477,0
494,14,0.707,0,1.0,7.0339165,0
494,15,0.686,0,1.0,6.2718782,0
494,16,0.698,2,-0.05,6.522076,0
494,17,0.692,0,1.0,6.6204977,0
494,18,0.691,0,1.0,7.0621614,0
494,19,0.676,0,1.0,4.6522923,0
494,20,0.659,0,1.0,5.623993,0
494,21,0.645,0,1.0,6.650969,0
494,22,0.648,2,-0.05,3.7926605,0
494,23,0.631,0,1.0,6.043103,0
494,24,0.624,0,1.0,4.540723,0
494,25,0.598,0,1.0,5.8461685,0
494,26,0.588,1,-0.05,4.908639,0
494,27,0.572,0,1.0,3.6343713,0
494,28,0.543,2,-0.05,6.6298246,0
494,29,0.564,0,1.0,5.9200172,0
494,30,0.517,0,1.0,5.4760447,0
494,31,0.513,0,1.0,3.8353393,0
494,32,0.508,0,1.0,3.49076,0
494,33,0.451,0,1.0,4.8965173,0
494,34,0.438,0,1.0,5.1437097,0
494,35,0.426,0,1.0,4.6996098,0
494,36,0.408,2,-0.05,5.8198295,0
494,37,0.393,0,1.0,5.3739924,0
494,38,0.396,0,1.0,5.3621163,0
494,39,0.405,0,1.0,5.468697,0
494,40,0.431,2,-0.05,5.3743887,0
494,41,0.438,0,1.0,7.0142736,0
494,42,0.482,0,1.0,4.0516863,0
494,43,0.532,0,1.0,4.0958986,0
494,44,0.607,0,1.0,5.9242163,0
494,45,0.676,2,-0.05,6.652057,0
494,46,0.654,2,-0.05,6.053731,0
494,47,0.695,2,-0.05,6.2376204,0
494,48,0.703,2,-0.05,2.4226444,0
494,49,0.708,0,1.0,3.2257872,0
494,50,0.659,1,-0.05,5.284355,0
494,51,0.648,0,1.0,5.1106787,0
494,52,0.566,0,1.0,2.0961337,0
494,53,0.535,2,-0.05,4.646467,0
494,54,0.505,2,-0.05,2.8076057,0
494,55,0.490,2,-0.05,3.6853497,0
494,56,0.472,0,1.0,3.944438,0
494,57,0.416,0,1.0,5.7926245,0
494,58,0.381,0,1.0,4.4723854,0
494,59,0.328,2,-0.05,3.2114937,0
494,60,0.302,2,-0.05,2.313855,0
494,61,0.315,2,-0.05,2.5444174,0
494,62,0.285,0,1.0,1.9609581,0
494,63,0.272,2,-0.05,3.585464,0
494,64,0.283,2,-0.05,1.7479277,0
494,65,0.265,2,-0.05,1.162442,0
494,66,0.268,2,-0.05,-0.5555316,0
494,67,0.264,2,-0.05,2.3286061,0
494,68,0.265,2,-0.05,4.4208136,0
494,69,0.265,2,-0.05,4.168156,0
494,70,0.268,2,-0.05,5.750152,0
494,71,0.269,2,-0.05,3.7291594,0
494,72,0.287,1,-0.05,1.2804786,0
494,73,0.288,2,-0.05,2.575865,0
494,74,0.297,1,-0.05,1.4311908,0
494,75,0.299,1,-0.05,2.5507789,0
494,76,0.300,2,-0.05,2.213628,0
494,77,0.299,2,-0.05,3.390348,0
494,78,0.322,2,-0.05,-0.6779039,0
494,79,0.351,0,1.0,-0.5057945,0
494,80,0.367,1,-0.05,-2.312553,0
494,81,0.388,1,-0.05,-1.6426644,0
494,82,0.416,1,-0.05,-1.3725252,0
494,83,0.421,2,-0.05,4.964696,0
494,84,0.430,2,-0.05,5.200282,0
494,85,0.434,1,-0.05,-0.36946285,0
494,86,0.434,1,-0.05,2.5099485,0
494,87,0.446,2,-0.05,5.2198668,0
494,88,0.449,2,-0.05,5.1007624,0
494,89,0.461,2,-0.05,1.4954603,0
494,90,0.492,0,1.0,-0.5605278,0
494,91,0.585,0,1.0,2.1058726,0
494,92,0.610,0,1.0,5.307066,0
494,93,0.682,2,-0.05,4.4072313,0
494,94,0.694,2,-0.05,2.311822,0
494,95,0.701,2,-0.05,2.8447816,0
494,96,0.690,1,-0.05,-1.6134005,0
494,97,0.680,1,-0.05,-0.13288236,0
494,98,0.664,1,-0.05,2.4419,0
494,99,0.649,2,-0.05,4.0655336,0
494,100,0.640,1,-0.05,2.0929613,0
494,101,0.618,0,1.0,3.9305878,0
494,102,0.559,0,1.0,3.0652301,0
494,103,0.499,1,-0.05,-1.0345719,0
494,104,0.486,2,-0.05,-0.679379,0
494,105,0.488,2,-0.05,-0.5286976,0
494,106,0.472,1,-0.05,-1.9672642,0
494,107,0.461,1,-0.05,-4.1260467,0
494,108,0.439,1,-0.05,-1.6590087,0
494,109,0.442,1,-0.05,0.6901596,0
494,110,0.425,1,-0.05,-0.24246264,0
494,111,0.416,1,-0.05,2.3760297,0
494,112,0.414,1,-0.05,0.780688,0
494,113,0.410,0,1.0,3.1837397,0
494,114,0.389,1,-0.05,2.3731883,0
494,115,0.381,0,1.0,2.1899674,0
494,116,0.401,0,1.0,3.0891964,0
494,117,0.401,0,1.0,4.2623253,0
494,118,0.404,0,1.0,4.3379984,0
494,119,0.401,0,1.0,3.616371,0
494,120,0.402,0,1.0,3.4560635,0
494,121,0.419,1,-0.05,4.7223496,0
494,122,0.412,0,1.0,4.095914,0
494,123,0.432,0,1.0,2.4251714,0
494,124,0.475,0,1.0,3.2401953,0
494,125,0.517,0,1.0,4.3707504,0
494,126,0.576,0,1.0,3.8845294,0
494,127,0.661,0,1.0,4.471864,0
494,128,0.707,0,1.0,3.282342,0
494,129,0.800,0,1.0,3.0167763,0
494,130,0.717,0,1.0,2.5459895,0
494,131,0.663,1,-0.05,1.5013672,0
494,132,0.632,1,-0.05,1.8261896,0
494,133,0.623,1,-0.05,1.3412344,0
494,134,0.606,1,-0.05,2.9200149,0
494,135,0.582,1,-0.05,2.5375538,0
494,136,0.569,2,-0.05,8.403543,0
494,137,0.544,2,-0.05,6.9443583,0
494,138,0.512,0,1.0,4.7857733,0
494,139,0.436,1,-0.05,0.5506835,0
494,140,0.427,1,-0.05,-5.7576957,0
494,141,0.421,1,-0.05,-0.9122944,0
494,142,0.392,2,-0.05,3.422324,0
494,143,0.387,1,-0.05,2.7601347,0
494,144,0.367,2,-0.05,3.1321945,0
494,145,0.363,2,-0.05,-2.0314345,0
494,146,0.347,2,-0.05,-8.212923,0
494,147,0.324,2,-0.05,-15.729002,0
494,148,0.308,2,-0.05,-8.050758,0
494,149,0.285,2,-0.05,-9.753559,0
494,150,0.283,2,-0.05,-17.613804,0
494,151,0.260,2,-0.05,-36.717693,0
494,152,0.241,2,-0.05,-46.21749,0
494,153,0.232,1,-0.05,-55.253704,0
494,154,0.214,2,-0.05,-74.23501,0
494,155,0.199,1,-100.0,-83.894936,0
495,0,0.669,1,-0.05,6.8875923,0
495,1,0.660,0,1.0,5.409792,0
495,2,0.643,0,1.0,5.878459,0
495,3,0.635,0,1.0,6.3279767,0
495,4,0.614,0,1.0,4.7964344,0
495,5,0.586,0,1.0,7.5704775,0
495,6,0.578,0,1.0,6.207679,0
495,7,0.546,0,1.0,5.9615393,0
495,8,0.531,0,1.0,5.908792,0
495,9,0.519,0,1.0,6.5633774,0
495,10,0.496,0,1.0,5.1258874,0
495,11,0.475,0,1.0,6.238659,0
495,12,0.456,0,1.0,5.0650725,0
495,13,0.429,0,1.0,5.2371516,0
495,14,0.430,0,1.0,6.7146997,0
495,15,0.406,0,1.0,6.719056,0
495,16,0.403,0,1.0,4.872203,0
495,17,0.375,0,1.0,5.3681126,0
495,18,0.351,0,1.0,5.2274146,0
495,19,0.339,0,1.0,2.7961793,0
495,20,0.305,0,1.0,4.1735525,0
495,21,0.303,0,1.0,3.497431,0
495,22,0.278,0,1.0,2.0039742,0
495,23,0.264,2,-0.05,-3.3410268,0
495,24,0.263,2,-0.05,-2.8214502,0
495,25,0.265,0,1.0,-0.05235052,0
495,26,0.269,0,1.0,5.626375,0
495,27,0.253,0,1.0,3.8270173,0
495,28,0.251,0,1.0,3.7452846,0
495,29,0.247,0,1.0,4.265454,0
495,30,0.257,0,1.0,4.352566,0
495,31,0.250,0,1.0,2.9613633,0
495,32,0.257,0,1.0,1.3845531,0
495,33,0.251,0,1.0,3.115975,0
495,34,0.263,0,1.0,4.5712013,0
495,35,0.237,2,-0.05,4.728301,0
495,36,0.255,2,-0.05,3.9078684,0
495,37,0.255,0,1.0,7.1318483,0
495,38,0.271,1,-0.05,6.976853,0
495,39,0.287,0,1.0,6.0647616,0
495,40,0.281,0,1.0,8.0782175,0
495,41,0.301,0,1.0,7.9939604,0
495,42,0.309,0,1.0,7.574894,0
495,43,0.316,0,1.0,5.6719575,0
495,44,0.333,2,-0.05,6.905258,0
495,45,0.338,2,-0.05,5.5372057,0
495,46,0.339,0,1.0,6.970713,0
495,47,0.378,0,1.0,5.801306,0
495,48,0.393,0,1.0,5.5329776,0
495,49,0.439,0,1.0,6.689351,0
495,50,0.437,0,1.0,4.0393486,0
495,51,0.400,1,-0.05,4.88184,0
495,52,0.363,2,-0.05,-1.6481197,0
495,53,0.368,2,-0.05,-2.3060591,0
495,54,0.351,1,-0.05,-2.2468705,0
495,55,0.325,1,-0.05,-2.4690547,0
495,56,0.311,1,-0.05,-4.579683,0
495,57,0.295,2,-0.05,-6.3942394,0
495,58,0.282,2,-0.05,-13.155766,0
495,59,0.260,2,-0.05,-12.838272,0
495,60,0.257,1,-0.05,-38.023952,0
495,61,0.238,1,-0.05,-50.91155,0
495,62,0.225,1,-0.05,-60.874332,0
495,63,0.216,2,-0.05,-69.18326,0
495,64,0.190,1,-100.0,-96.176506,0
496,0,0.672,1,-0.05,6.2177672,0
496,1,0.657,0,1.0,6.363446,0
496,2,0.654,1,-0.05,6.3050065,0
496,3,0.655,1,-0.05,6.0636663,0
496,4,0.654,1,-0.05,3.911661,0
496,5,0.635,1,-0.05,4.4430346,0
496,6,0.626,0,1.0,8.367365,0
496,7,0.567,0,1.0,7.0776906,0
496,8,0.513,0,1.0,6.303741,0
496,9,0.462,2,-0.05,6.8700633,0
496,10,0.452,2,-0.05,8.337793,0
496,11,0.435,0,1.0,7.3308477,0
496,12,0.385,0,1.0,6.885606,0
496,13,0.355,0,1.0,6.8437576,0
496,14,0.318,0,1.0,4.4075303,0
496,15,0.274,0,1.0,3.742514,0
496,16,0.236,2,-0.05,1.3135353,0
496,17,0.233,2,-0.05,0.6653719,0
496,18,0.216,2,-0.05,-12.89922,0
496,19,0.221,2,-0.05,-2.840447,0
496,20,0.218,2,-0.05,0.5354162,0
496,21,0.216,2,-0.05,2.224307,0
496,22,0.214,0,1.0,2.4553156,0
496,23,0.220,2,-0.05,3.7061365,0
496,24,0.219,2,-0.05,2.4653425,0
496,25,0.232,2,-0.05,3.8771834,0
496,26,0.234,2,-0.05,2.5220618,0
496,27,0.247,1,-0.05,0.8456835,0
496,28,0.258,1,-0.05,2.2510817,0
496,29,0.248,2,-0.05,4.1731424,0
496,30,0.259,0,1.0,2.1665087,0
496,31,0.311,1,-0.05,2.8856292,0
496,32,0.320,1,-0.05,4.205318,0
496,33,0.335,1,-0.05,4.749201,0
496,34,0.343,1,-0.05,3.5718684,0
496,35,0.342,2,-0.05,2.7370265,0
496,36,0.328,2,-0.05,2.898999,0
496,37,0.343,1,-0.05,4.081987,0
496,38,0.352,1,-0.05,3.4507105,0
496,39,0.351,0,1.0,4.2127986,0
496,40,0.364,0,1.0,3.7429657,0
496,41,0.374,0,1.0,4.49011,0
496,42,0.407,0,1.0,5.826443,0
496,43,0.403,0,1.0,6.000493,0
496,44,0.422,0,1.0,5.5773396,0
496,45,0.423,0,1.0,5.570437,0
496,46,0.435,0,1.0,5.596998,0
496,47,0.444,0,1.0,5.7616987,0
496,48,0.466,1,-0.05,4.781028,0
496,49,0.470,0,1.0,4.874898,0
496,50,0.467,0,1.0,6.607359,0
496,51,0.456,0,1.0,6.2718334,0
496,52,0.460,0,1.0,6.448997,0
496,53,0.454,0,1.0,6.5097613,0
496,54,0.470,0,1.0,6.9633656,0
496,55,0.471,0,1.0,4.4194164,0
496,56,0.469,0,1.0,5.262223,0
496,57,0.465,0,1.0,4.8518906,0
496,58,0.466,0,1.0,6.413893,0
496,59,0.466,0,1.0,5.0982676,0
496,60,0.463,0,1.0,5.885128,0
496,61,0.469,0,1.0,5.781442,0
496,62,0.454,1,-0.05,6.330782,0
496,63,0.463,0,1.0,6.0784845,0
496,64,0.455,0,1.0,7.7025275,0
496,65,0.454,0,1.0,8.170685,0
496,66,0.427,0,1.0,7.629299,0
496,67,0.439,0,1.0,6.21978,0
496,68,0.429,0,1.0,7.5735564,0
496,69,0.388,2,-0.05,7.3174334,0
496,70,0.384,2,-0.05,4.5877542,0
496,71,0.377,2,-0.05,1.798548,0
496,72,0.346,2,-0.05,1.3037827,0
496,73,0.337,2,-0.05,-1.5563478,0
496,74,0.322,2,-0.05,-1.6269825,0
496,75,0.313,1,-0.05,-4.513688,0
496,76,0.298,2,-0.05,-5.129152,0
496,77,0.273,2,-0.05,-19.824936,0
496,78,0.275,1,-0.05,-28.02081,0
496,79,0.257,1,-0.05,-31.835342,0
496,80,0.243,2,-0.05,-39.095062,0
496,81,0.202,1,-0.05,-46.865017,0
496,82,0.212,1,-0.05,-61.7532,0
496,83,0.182,2,-100.0,-90.05334,0
497,0,0.666,0,1.0,5.8333693,0
497,1,0.658,0,1.0,4.677123,0
497,2,0.670,0,1.0,7.75048,0
497,3,0.686,0,1.0,6.434256,0
497,4,0.682,0,1.0,7.3155994,0
497,5,0.682,0,1.0,6.667363,0
497,6,0.682,0,1.0,6.8971477,0
497,7,0.689,0,1.0,7.263547,0
497,8,0.678,0,1.0,5.8244324,0
497,9,0.687,0,1.0,6.3338685,0
497,10,0.699,0,1.0,7.094248,0
497,11,0.710,0,1.0,6.8416405,0
497,12,0.693,0,1.0,5.6168613,0
497,13,0.705,0,1.0,5.7962747,0
497,14,0.694,0,1.0,6.853518,0
497,15,0.702,2,-0.05,7.425276,0
497,16,0.702,0,1.0,5.2757616,0
497,17,0.700,0,1.0,6.5140595,0
497,18,0.692,0,1.0,6.3353148,0
497,19,0.678,0,1.0,5.513217,0
497,20,0.661,0,1.0,6.244018,0
497,21,0.653,0,1.0,6.086564,0
497,22,0.639,0,1.0,5.9673023,0
497,23,0.626,0,1.0,6.602632,0
497,24,0.613,0,1.0,6.1964946,0
497,25,0.586,0,1.0,6.3833547,0
497,26,0.583,0,1.0,5.309878,0
497,27,0.569,0,1.0,4.3521266,0
497,28,0.562,1,-0.05,5.1316752,0
497,29,0.564,0,1.0,5.1944127,0
497,30,0.558,0,1.0,6.047455,0
497,31,0.550,0,1.0,4.0266266,0
497,32,0.566,0,1.0,3.9163876,0
497,33,0.549,1,-0.05,3.7121131,0
497,34,0.554,0,1.0,4.184939,0
497,35,0.556,0,1.0,4.1244307,0
497,36,0.567,0,1.0,2.2862566,0
497,37,0.600,0,1.0,2.9065952,0
497,38,0.654,0,1.0,3.559991,0
497,39,0.690,0,1.0,4.4277906,0
497,40,0.764,0,1.0,5.728144,0
497,41,0.822,0,1.0,3.1362858,0
497,42,0.727,0,1.0,3.596901,0
497,43,0.651,0,1.0,4.3086243,0
497,44,0.545,0,1.0,2.1552563,0
497,45,0.461,1,-0.05,1.8696513,0
497,46,0.437,1,-0.05,0.7076853,0
497,47,0.434,1,-0.05,-4.6589737,0
497,48,0.415,1,-0.05,-8.319691,0
497,49,0.395,1,-0.05,-1.5232635,0
497,50,0.383,2,-0.05,-1.4115698,0
497,51,0.361,2,-0.05,-2.2502027,0
497,52,0.357,1,-0.05,-5.2879553,0
497,53,0.330,1,-0.05,-10.046132,0
497,54,0.323,2,-0.05,-8.230555,0
497,55,0.307,2,-0.05,-7.062081,0
497,56,0.287,2,-0.05,-19.703455,0
497,57,0.273,2,-0.05,-37.287994,0
497,58,0.256,2,-0.05,-46.339855,0
497,59,0.235,2,-0.05,-49.64367,0
497,60,0.231,2,-0.05,-76.95652,0
497,61,0.200,2,-100.0,-89.20693,0
498,0,0.658,0,1.0,6.6832404,0
498,1,0.658,0,1.0,6.242726,0
498,2,0.670,0,1.0,5.710447,0
498,3,0.686,0,1.0,7.628016,0
498,4,0.680,0,1.0,6.217914,0
498,5,0.679,0,1.0,6.694381,0
498,6,0.689,1,-0.05,6.0437517,0
498,7,0.679,0,1.0,5.686538,0
498,8,0.676,0,1.0,6.616394,0
498,9,0.663,2,-0.05,5.550956,0
498,10,0.666,2,-0.05,6.2106004,0
498,11,0.667,0,1.0,5.8300724,0
498,12,0.681,0,1.0,6.7242866,0
498,13,0.683,0,1.0,6.6861467,0
498,14,0.702,0,1.0,4.904019,0
498,15,0.699,0,1.0,7.291692,0
498,16,0.689,0,1.0,5.205344,0
498,17,0.679,0,1.0,8.0802765,0
498,18,0.659,0,1.0,5.758661,0
498,19,0.639,0,1.0,6.167939,0
498,20,0.638,0,1.0,6.130223,0
498,21,0.629,0,1.0,5.883277,0
498,22,0.617,0,1.0,6.3551526,0
498,23,0.615,0,1.0,6.627923,0
498,24,0.590,0,1.0,6.6860604,0
498,25,0.577,0,1.0,6.8883834,0
498,26,0.570,0,1.0,5.0687065,0
498,27,0.560,0,1.0,6.7761984,0
498,28,0.560,0,1.0,6.0914764,0
498,29,0.538,0,1.0,5.9559216,0
498,30,0.513,0,1.0,6.3122234,0
498,31,0.524,0,1.0,5.449449,0
498,32,0.503,0,1.0,5.435936,0
498,33,0.504,0,1.0,5.5265474,0
498,34,0.482,0,1.0,4.4850883,0
498,35,0.476,0,1.0,5.7047977,0
498,36,0.460,1,-0.05,5.8332644,0
498,37,0.465,2,-0.05,4.0499296,0
498,38,0.459,0,1.0,3.4333925,0
498,39,0.463,0,1.0,5.586324,0
498,40,0.469,0,1.0,4.381445,0
498,41,0.524,0,1.0,6.537186,0
498,42,0.531,2,-0.05,4.893447,0
498,43,0.548,2,-0.05,6.24852,0
498,44,0.564,2,-0.05,6.064085,0
498,45,0.579,0,1.0,7.0177703,0
498,46,0.601,0,1.0,4.0232487,0
498,47,0.670,0,1.0,3.2125092,0
498,48,0.699,0,1.0,3.4520307,0
498,49,0.691,1,-0.05,5.131407,0
498,50,0.638,0,1.0,3.4632573,0
498,51,0.608,2,-0.05,2.0595384,0
498,52,0.568,2,-0.05,1.7192506,0
498,53,0.527,0,1.0,2.3181348,0
498,54,0.476,2,-0.05,2.784412,0
498,55,0.469,1,-0.05,0.8236265,0
498,56,0.455,2,-0.05,0.77167654,0
498,57,0.436,2,-0.05,-2.5429916,0
498,58,0.421,2,-0.05,-6.9589396,0
498,59,0.406,2,-0.05,-4.6506424,0
498,60,0.397,2,-0.05,2.6237435,0
498,61,0.379,1,-0.05,3.49726,0
498,62,0.381,2,-0.05,2.7579672,0
498,63,0.378,2,-0.05,4.327919,0
498,64,0.357,0,1.0,5.685929,0
498,65,0.337,2,-0.05,7.248714,0
498,66,0.329,2,-0.05,5.4244905,0
498,67,0.308,2,-0.05,9.216667,0
498,68,0.309,2,-0.05,8.85547,0
498,69,0.319,2,-0.05,9.544643,0
498,70,0.308,2,-0.05,6.7967834,0
498,71,0.317,0,1.0,5.731503,0
498,72,0.355,0,1.0,0.8693454,0
498,73,0.386,0,1.0,5.106454,0
498,74,0.388,1,-0.05,6.590026,0
498,75,0.403,1,-0.05,8.43048,0
498,76,0.401,1,-0.05,6.7730684,0
498,77,0.420,2,-0.05,7.3092375,0
498,78,0.398,2,-0.05,7.0653906,0
498,79,0.411,2,-0.05,8.432163,0
498,80,0.423,1,-0.05,6.839977,0
498,81,0.416,1,-0.05,7.6150184,0
498,82,0.429,2,-0.05,5.000502,0
498,83,0.435,2,-0.05,7.409663,0
498,84,0.443,1,-0.05,6.0308495,0
498,85,0.447,1,-0.05,8.236101,0
498,86,0.448,1,-0.05,5.075762,0
498,87,0.455,2,-0.05,0.9975862,0
498,88,0.443,2,-0.05,0.79273206,0
498,89,0.450,1,-0.05,4.3492084,0
498,90,0.460,1,-0.05,1.9512366,0
498,91,0.473,2,-0.05,2.9645019,0
498,92,0.455,2,-0.05,2.6454773,0
498,93,0.457,1,-0.05,1.4037123,0
498,94,0.467,2,-0.05,0.27357805,0
498,95,0.485,1,-0.05,2.0473316,0
498,96,0.484,1,-0.05,0.80753565,0
498,97,0.469,0,1.0,3.2044768,0
498,98,0.470,0,1.0,1.4590577,0
498,99,0.491,0,1.0,1.1792778,0
498,100,0.483,2,-0.05,1.8195007,0
498,101,0.486,0,1.0,1.6548047,0
498,102,0.476,1,-0.05,1.924112,0
498,103,0.487,0,1.0,2.5939252,0
498,104,0.479,0,1.0,4.4249086,0
498,105,0.489,0,1.0,4.722741,0
498,106,0.503,0,1.0,3.791358,0
498,107,0.490,0,1.0,5.273564,0
498,108,0.494,0,1.0,6.07979,0
498,109,0.495,0,1.0,4.895211,0
498,110,0.493,0,1.0,5.2109203,0
498,111,0.486,0,1.0,6.774443,0
498,112,0.479,0,1.0,7.072855,0
498,113,0.478,0,1.0,5.7261114,0
498,114,0.482,0,1.0,5.092001,0
498,115,0.478,0,1.0,6.718392,0
498,116,0.478,2,-0.05,5.972645,0
498,117,0.486,2,-0.05,3.910992,0
498,118,0.485,0,1.0,6.6554,0
498,119,0.492,0,1.0,5.183666,0
498,120,0.514,2,-0.05,6.565671,0
498,121,0.512,1,-0.05,7.5983706,0
498,122,0.526,0,1.0,7.6070814,0
498,123,0.530,2,-0.05,6.990902,0
498,124,0.526,0,1.0,7.315992,0
498,125,0.552,1,-0.05,4.8570127,0
498,126,0.532,1,-0.05,4.9588194,0
498,127,0.549,0,1.0,4.9568615,0
498,128,0.489,0,1.0,4.6299763,0
498,129,0.443,0,1.0,4.1773005,0
498,130,0.335,2,-0.05,1.8929312,0
498,131,0.311,2,-0.05,-8.842285,0
498,132,0.306,2,-0.05,-19.130268,0
498,133,0.278,2,-0.05,-23.208206,0
498,134,0.262,2,-0.05,-28.01869,0
498,135,0.244,1,-0.05,-37.909195,0
498,136,0.234,2,-0.05,-44.447144,0
498,137,0.160,0,-100.0,-58.555748,0
499,0,0.667,0,1.0,6.8224216,0
499,1,0.673,0,1.0,5.2051234,0
499,2,0.661,1,-0.05,3.511561,0
499,3,0.658,0,1.0,6.1380243,0
499,4,0.664,0,1.0,6.0324216,0
499,5,0.649,0,1.0,5.9546885,0
499,6,0.650,0,1.0,5.61529,0
499,7,0.633,0,1.0,6.1793923,0
499,8,0.627,0,1.0,6.0952096,0
499,9,0.615,1,-0.05,7.084136,0
499,10,0.613,0,1.0,6.7264566,0
499,11,0.595,0,1.0,6.3261003,0
499,12,0.586,1,-0.05,6.5721316,0
499,13,0.555,0,1.0,4.9812727,0
499,14,0.564,0,1.0,5.824591,0
499,15,0.533,0,1.0,6.063222,0
499,16,0.509,0,1.0,5.5411773,0
499,17,0.472,0,1.0,6.1825733,0
499,18,0.446,0,1.0,5.539739,0
499,19,0.433,0,1.0,5.904378,0
499,20,0.394,0,1.0,5.83042,0
499,21,0.380,1,-0.05,3.562652,0
499,22,0.362,0,1.0,3.5782163,0
499,23,0.342,0,1.0,3.4956956,0
499,24,0.299,0,1.0,2.5842378,0
499,25,0.257,0,1.0,1.6619595,0
499,26,0.239,2,-0.05,-13.73476,0
499,27,0.214,2,-0.05,-18.796879,0
499,28,0.220,2,-0.05,-38.630295,0
499,29,0.215,2,-0.05,-23.472286,0
499,30,0.206,2,-0.05,-7.7182417,0
499,31,0.213,0,1.0,3.0574837,0
499,32,0.228,0,1.0,4.726721,0
499,33,0.238,0,1.0,5.1605697,0
499,34,0.252,0,1.0,6.871911,0
499,35,0.262,2,-0.05,5.4522176,0
499,36,0.275,0,1.0,5.203863,0
499,37,0.291,0,1.0,5.376903,0
499,38,0.306,0,1.0,3.7697783,0
499,39,0.333,0,1.0,2.535831,0
499,40,0.366,0,1.0,4.742031,0
499,41,0.378,1,-0.05,2.8049479,0
499,42,0.372,0,1.0,1.6638218,0
499,43,0.406,0,1.0,6.5999436,0
499,44,0.405,0,1.0,7.025037,0
499,45,0.431,0,1.0,6.4882874,0
499,46,0.440,0,1.0,5.963715,0
499,47,0.449,0,1.0,6.652461,0
499,48,0.461,0,1.0,6.439323,0
499,49,0.478,0,1.0,6.5405474,0
499,50,0.482,1,-0.05,5.757398,0
499,51,0.488,2,-0.05,4.973309,0
499,52,0.494,2,-0.05,4.9832544,0
499,53,0.479,0,1.0,5.8661757,0
499,54,0.522,0,1.0,6.059649,0
499,55,0.420,0,1.0,4.653817,0
499,56,0.390,0,1.0,-0.032611996,0
499,57,0.300,1,-0.05,0.1119335,0
499,58,0.272,2,-0.05,-12.9334755,0
499,59,0.271,1,-0.05,-28.093925,0
499,60,0.257,1,-0.05,-34.25587,0
499,61,0.238,2,-0.05,-56.293106,0
499,62,0.223,2,-0.05,-75.23956,0
499,63,0.211,1,-0.05,-67.39919,0
499,64,0.173,1,-100.0,-82.55346,0
500,0,0.666,0,1.0,5.8904157,0
500,1,0.665,0,1.0,6.5172524,0
500,2,0.660,0,1.0,6.1859875,0
500,3,0.657,0,1.0,5.819797,0
500,4,0.652,0,1.0,5.413223,0
500,5,0.651,0,1.0,6.1940403,0
500,6,0.657,0,1.0,7.0102897,0
500,7,0.643,0,1.0,6.6547384,0
500,8,0.646,0,1.0,5.181361,0
500,9,0.642,0,1.0,7.5377407,0
500,10,0.613,0,1.0,6.281846,0
500,11,0.618,0,1.0,6.8853173,0
500,12,0.628,0,1.0,6.0630054,0
500,13,0.617,0,1.0,6.9168506,0
500,14,0.611,0,1.0,7.9345713,0
500,15,0.610,0,1.0,6.1884665,0
500,16,0.615,0,1.0,6.1320977,0
500,17,0.596,0,1.0,6.674611,0
500,18,0.597,1,-0.05,5.7867627,0
500,19,0.603,0,1.0,5.940567,0
500,20,0.583,0,1.0,4.9170876,0
500,21,0.564,0,1.0,5.347822,0
500,22,0.571,0,1.0,6.7206955,0
500,23,0.553,0,1.0,4.729419,0
500,24,0.531,0,1.0,6.2056766,0
500,25,0.522,0,1.0,4.8803253,0
500,26,0.506,0,1.0,4.1546516,0
500,27,0.485,0,1.0,5.9766192,0
500,28,0.475,0,1.0,5.046953,0
500,29,0.471,0,1.0,6.3839774,0
500,30,0.449,0,1.0,7.0873857,0
500,31,0.432,0,1.0,8.276381,0
500,32,0.430,0,1.0,7.7156553,0
500,33,0.408,0,1.0,5.7673373,0
500,34,0.403,0,1.0,4.7914505,0
500,35,0.392,0,1.0,5.5753717,0
500,36,0.373,0,1.0,4.2258387,0
500,37,0.357,0,1.0,4.45067,0
500,38,0.340,0,1.0,4.5170507,0
500,39,0.331,0,1.0,4.8597164,0
500,40,0.325,0,1.0,4.8674498,0
500,41,0.315,0,1.0,5.1992855,0
500,42,0.294,1,-0.05,6.116876,0
500,43,0.298,2,-0.05,5.461288,0
500,44,0.282,1,-0.05,4.4607916,0
500,45,0.282,2,-0.05,2.0826838,0
500,46,0.296,1,-0.05,6.031213,0
500,47,0.269,1,-0.05,2.4126382,0
500,48,0.274,2,-0.05,-0.14191437,0
500,49,0.277,2,-0.05,-5.874483,0
500,50,0.270,2,-0.05,-3.1692162,0
500,51,0.274,1,-0.05,4.554755,0
500,52,0.270,2,-0.05,-7.2122164,0
500,53,0.269,1,-0.05,-1.6514273,0
500,54,0.277,2,-0.05,1.6580071,0
500,55,0.271,1,-0.05,-5.204298,0
500,56,0.269,2,-0.05,-10.407138,0
500,57,0.277,2,-0.05,-21.12038,0
500,58,0.265,2,-0.05,-17.538116,0
500,59,0.270,1,-0.05,-14.066789,0
500,60,0.272,2,-0.05,-29.090096,0
500,61,0.253,1,-0.05,-25.868845,0
500,62,0.221,2,-0.05,-34.156258,0
500,63,0.223,1,-0.05,-51.098724,0
500,64,0.204,1,-0.05,-54.769604,0
500,65,0.177,2,-100.0,-77.91885,0
