epoch,step,min_lidar,action,reward,q_max,loss
1,0,0.660,0,1.0,-0.8595457,0
1,1,0.675,1,-0.05,-0.8778138,0
1,2,0.639,0,1.0,-0.8536856,0
1,3,0.625,2,-0.05,-1.1668756,0
1,4,0.638,1,-0.05,-0.90003896,0
1,5,0.611,2,-0.05,-1.4106917,0
1,6,0.620,1,-0.05,-1.1814053,0
1,7,0.587,0,1.0,-1.726773,0
1,8,0.559,2,-0.05,-1.8416276,0
1,9,0.536,0,1.0,-1.3286319,0
1,10,0.527,0,1.0,-1.3645421,0
1,11,0.508,0,1.0,-1.5178235,0
1,12,0.506,1,-0.05,-1.5532273,0
1,13,0.500,1,-0.05,-1.9514556,0
1,14,0.473,2,-0.05,-1.7464497,0
1,15,0.457,0,1.0,-1.8811035,0
1,16,0.429,2,-0.05,-2.047919,0
1,17,0.429,2,-0.05,-2.003645,0
1,18,0.446,1,-0.05,-2.003645,0
1,19,0.436,2,-0.05,-2.1761138,0
1,20,0.434,2,-0.05,-2.0041823,0
1,21,0.445,1,-0.05,-1.7922693,0
1,22,0.452,1,-0.05,-2.1064363,0
1,23,0.450,1,-0.05,-2.1861305,0
1,24,0.443,1,-0.05,-2.2961867,0
1,25,0.413,1,-0.05,-1.4975486,0
1,26,0.343,0,1.0,-0.45955527,0
1,27,0.290,1,-0.05,0.75904405,0
1,28,0.275,2,-0.05,0.11953616,0
1,29,0.197,0,-100.0,0.22615552,0
2,0,0.677,1,-0.05,-0.88855696,0
2,1,0.665,1,-0.05,-0.989208,0
2,2,0.654,2,-0.05,-1.2621319,0
2,3,0.632,0,1.0,-1.4566365,0
2,4,0.621,1,-0.05,-1.0355954,0
2,5,0.613,1,-0.05,-1.7457676,0
2,6,0.535,0,1.0,-1.547025,0
2,7,0.458,0,1.0,-1.3371794,0
2,8,0.421,1,-0.05,-1.276831,0
2,9,0.399,1,-0.05,0.18988907,0
2,10,0.379,1,-0.05,0.3858117,0
2,11,0.354,1,-0.05,-0.3365785,0
2,12,0.315,1,-0.05,-0.7170422,0
2,13,0.287,1,-0.05,-0.1736381,0
2,14,0.245,1,-0.05,0.35796297,0
2,15,0.221,2,-0.05,0.46438646,0
2,16,0.120,0,-100.0,0.1595738,0
3,0,0.653,2,-0.05,-0.8885653,0
3,1,0.695,0,1.0,-1.6302798,0
3,2,0.687,1,-0.05,-0.99735737,0
3,3,0.701,2,-0.05,-1.2041938,0
3,4,0.667,1,-0.05,-0.9991851,0
3,5,0.677,1,-0.05,-1.099688,0
3,6,0.699,0,1.0,-0.76677847,0
3,7,0.688,1,-0.05,-1.2426033,0
3,8,0.677,1,-0.05,-1.4533453,0
3,9,0.646,2,-0.05,-1.1808425,0
3,10,0.647,1,-0.05,-1.3076441,0
3,11,0.630,2,-0.05,-1.33642,0
3,12,0.567,0,1.0,-1.5500112,0
3,13,0.556,2,-0.05,-1.8818109,0
3,14,0.542,2,-0.05,-1.4416935,0
3,15,0.556,0,1.0,-1.3726492,0
3,16,0.556,2,-0.05,-1.8151786,0
3,17,0.595,0,1.0,-2.074935,0
3,18,0.609,2,-0.05,-1.3367968,0
3,19,0.633,1,-0.05,-1.5487978,0
3,20,0.622,2,-0.05,-1.2773399,0
3,21,0.640,2,-0.05,-1.1093779,0
3,22,0.701,0,1.0,-1.2514088,0
3,23,0.653,2,-0.05,-1.2619643,0
3,24,0.562,0,1.0,-1.5890301,0
3,25,0.443,0,1.0,-0.90680027,0
3,26,0.406,2,-0.05,-0.45343685,0
3,27,0.297,0,1.0,0.04599303,0
3,28,0.231,1,-0.05,0.20428485,0
3,29,0.197,2,-100.0,0.9509103,0
4,0,0.671,2,-0.05,-0.8848822,0
4,1,0.675,1,-0.05,-1.4772658,0
4,2,0.676,2,-0.05,-1.2185888,0
4,3,0.666,2,-0.05,-1.4302506,0
4,4,0.698,0,1.0,-1.1929243,0
4,5,0.656,2,-0.05,-1.010117,0
4,6,0.634,2,-0.05,-0.7881863,0
4,7,0.567,0,1.0,-1.531175,0
4,8,0.512,2,-0.05,-0.7063248,0
4,9,0.389,0,1.0,-0.16722882,0
4,10,0.348,2,-0.05,0.53372645,0
4,11,0.310,1,-0.05,0.7547339,0
4,12,0.278,2,-0.05,0.82238317,0
4,13,0.252,1,-0.05,0.529472,0
4,14,0.144,0,-100.0,0.88266885,0
5,0,0.671,2,-0.05,-0.89287496,0
5,1,0.670,1,-0.05,-1.6279101,0
5,2,0.663,0,1.0,-0.81031847,0
5,3,0.655,1,-0.05,-0.66890335,0
5,4,0.658,1,-0.05,-1.003185,0
5,5,0.596,0,1.0,-1.2343974,0
5,6,0.549,0,1.0,-1.5870754,0
5,7,0.518,1,-0.05,-1.7005851,0
5,8,0.420,0,1.0,-0.95969737,0
5,9,0.388,2,-0.05,0.12662482,0
5,10,0.306,0,1.0,-1.204969,0
5,11,0.279,2,-0.05,-1.8128481,0
5,12,0.246,0,1.0,-2.2582955,0
5,13,0.208,0,1.0,-2.2029443,0
5,14,0.174,2,-100.0,-2.2918673,0
6,0,0.671,2,-0.05,-0.8819368,0
6,1,0.671,2,-0.05,-1.4825017,0
6,2,0.684,0,1.0,-1.1668365,0
6,3,0.667,2,-0.05,-0.89414,0
6,4,0.589,0,1.0,-1.0450383,0
6,5,0.519,1,-0.05,-1.016752,0
6,6,0.493,0,1.0,-0.27334642,0
6,7,0.465,1,-0.05,0.010515451,0
6,8,0.413,0,1.0,-0.06674814,0
6,9,0.404,2,-0.05,-0.21241021,0
6,10,0.401,2,-0.05,0.120818615,0
6,11,0.334,0,1.0,-0.053331375,0
6,12,0.283,2,-0.05,-0.21182036,0
6,13,0.260,1,-0.05,0.9589213,0
6,14,0.232,1,-0.05,-0.20302594,0
6,15,0.219,2,-0.05,1.7097013,0
6,16,0.136,0,-100.0,1.8576614,0
7,0,0.665,0,1.0,-0.8885639,0
7,1,0.669,1,-0.05,-0.88471794,0
7,2,0.664,2,-0.05,-0.9225359,0
7,3,0.669,0,1.0,-0.8728504,0
7,4,0.672,2,-0.05,-1.2980893,0
7,5,0.695,0,1.0,-1.3716757,0
7,6,0.696,1,-0.05,-1.2253265,0
7,7,0.694,1,-0.05,-1.1308832,0
7,8,0.695,2,-0.05,-0.41305685,0
7,9,0.686,1,-0.05,-0.7856095,0
7,10,0.693,1,-0.05,-0.6866932,0
7,11,0.690,0,1.0,-1.2876734,0
7,12,0.660,2,-0.05,-1.2400436,0
7,13,0.614,0,1.0,-1.5912375,0
7,14,0.614,1,-0.05,-1.7210147,0
7,15,0.575,0,1.0,-1.8916285,0
7,16,0.543,2,-0.05,-1.7655593,0
7,17,0.512,0,1.0,-2.3110375,0
7,18,0.485,1,-0.05,-1.8973467,0
7,19,0.482,2,-0.05,-2.221056,0
7,20,0.470,2,-0.05,-2.0055032,0
7,21,0.483,1,-0.05,-1.9904923,0
7,22,0.451,0,1.0,-1.9477246,0
7,23,0.424,2,-0.05,-1.9203391,0
7,24,0.433,0,1.0,-2.4374008,0
7,25,0.414,2,-0.05,-2.2921815,0
7,26,0.414,2,-0.05,-2.5740495,0
7,27,0.425,2,-0.05,-1.7922118,0
7,28,0.436,1,-0.05,-2.5946298,0
7,29,0.451,2,-0.05,-1.642541,0
7,30,0.461,1,-0.05,-2.2644274,0
7,31,0.496,0,1.0,-1.583551,0
7,32,0.511,2,-0.05,-1.7296175,0
7,33,0.513,1,-0.05,-1.6111528,0
7,34,0.548,1,-0.05,-1.7580861,0
7,35,0.545,1,-0.05,-2.392261,0
7,36,0.540,1,-0.05,-2.0963082,0
7,37,0.505,0,1.0,-1.4990218,0
7,38,0.464,2,-0.05,-1.1428773,0
7,39,0.456,2,-0.05,-1.5796779,0
7,40,0.455,2,-0.05,-2.7513413,0
7,41,0.457,1,-0.05,-2.7514648,0
7,42,0.459,1,-0.05,-2.9589162,0
7,43,0.445,2,-0.05,-1.3250817,0
7,44,0.425,0,1.0,-2.344249,0
7,45,0.438,0,1.0,-2.9828706,0
7,46,0.422,1,-0.05,-2.9087067,0
7,47,0.434,1,-0.05,-2.0241418,0
7,48,0.427,2,-0.05,-0.2000103,0
7,49,0.409,0,1.0,-0.8158109,0
7,50,0.397,1,-0.05,-1.49866,0
7,51,0.395,1,-0.05,-0.7876967,0
7,52,0.386,1,-0.05,-0.6030867,0
7,53,0.371,1,-0.05,-0.64910334,0
7,54,0.330,1,-0.05,-0.42573154,0
7,55,0.314,1,-0.05,0.85560477,0
7,56,0.248,0,1.0,0.14687848,0
7,57,0.183,2,-100.0,-0.88113725,0
8,0,0.667,0,1.0,-0.8816447,0
8,1,0.666,1,-0.05,-0.91994524,0
8,2,0.659,2,-0.05,-0.8649032,0
8,3,0.682,0,1.0,-0.94312215,0
8,4,0.689,1,-0.05,-1.4197798,0
8,5,0.680,1,-0.05,-0.6306777,0
8,6,0.670,1,-0.05,-1.3349278,0
8,7,0.606,0,1.0,-1.1079447,0
8,8,0.549,0,1.0,-1.5636144,0
8,9,0.523,1,-0.05,-1.5671511,0
8,10,0.465,0,1.0,-1.1295307,0
8,11,0.412,1,-0.05,0.01405108,0
8,12,0.388,2,-0.05,0.011862993,0
8,13,0.314,0,1.0,0.18566608,0
8,14,0.275,1,-0.05,-0.55365145,0
8,15,0.255,2,-0.05,-0.121370435,0
8,16,0.236,1,-0.05,-0.39184403,0
8,17,0.153,0,-100.0,-0.29627895,0
9,0,0.670,1,-0.05,-0.8928194,0
9,1,0.652,0,1.0,-0.947289,0
9,2,0.598,0,1.0,-1.4119333,0
9,3,0.579,0,1.0,-1.431328,0
9,4,0.541,0,1.0,-1.5737127,0
9,5,0.521,2,-0.05,-1.5662131,0
9,6,0.521,0,1.0,-1.38157,0
9,7,0.528,1,-0.05,-1.5560762,0
9,8,0.509,2,-0.05,-1.5219545,0
9,9,0.509,2,-0.05,-1.5810101,0
9,10,0.519,0,1.0,-2.1320367,0
9,11,0.558,1,-0.05,-2.161395,0
9,12,0.545,0,1.0,-1.6865671,0
9,13,0.549,0,1.0,-1.6000167,0
9,14,0.564,1,-0.05,-1.6149415,0
9,15,0.530,2,-0.05,-1.8094276,0
9,16,0.548,2,-0.05,-1.6644428,0
9,17,0.555,1,-0.05,-1.6691945,0
9,18,0.563,1,-0.05,-1.7978015,0
9,19,0.547,0,1.0,-1.7111689,0
9,20,0.536,2,-0.05,-1.7517936,0
9,21,0.540,2,-0.05,-2.1130066,0
9,22,0.521,2,-0.05,-1.8747994,0
9,23,0.546,1,-0.05,-1.468875,0
9,24,0.560,1,-0.05,-1.7236546,0
9,25,0.558,2,-0.05,-2.0110278,0
9,26,0.550,2,-0.05,-1.7783055,0
9,27,0.600,0,1.0,-1.8854318,0
9,28,0.631,1,-0.05,-1.9092425,0
9,29,0.636,1,-0.05,-1.7312366,0
9,30,0.646,0,1.0,-1.5800883,0
9,31,0.655,1,-0.05,-2.0398412,0
9,32,0.661,2,-0.05,-2.3164926,0
9,33,0.667,0,1.0,-2.2825909,0
9,34,0.671,1,-0.05,-1.9467431,0
9,35,0.656,0,1.0,-2.398498,0
9,36,0.655,0,1.0,-1.8450738,0
9,37,0.633,0,1.0,-2.085042,0
9,38,0.606,1,-0.05,-0.7941836,0
9,39,0.588,0,1.0,-1.529058,0
9,40,0.564,1,-0.05,-0.06989813,0
9,41,0.543,2,-0.05,-0.078583956,0
9,42,0.545,1,-0.05,-0.06501615,0
9,43,0.503,0,1.0,-0.46856213,0
9,44,0.465,2,-0.05,-0.49874848,0
9,45,0.446,2,-0.05,-1.4756594,0
9,46,0.438,2,-0.05,-1.2250719,0
9,47,0.462,0,1.0,-2.0456038,0
9,48,0.470,0,1.0,-3.1135852,0
9,49,0.488,0,1.0,-2.5020037,0
9,50,0.477,2,-0.05,-2.4990768,0
9,51,0.500,1,-0.05,-2.582685,0
9,52,0.515,0,1.0,-2.5529401,0
9,53,0.521,0,1.0,-2.2301574,0
9,54,0.520,2,-0.05,-2.182004,0
9,55,0.442,0,1.0,-2.5701144,0
9,56,0.389,1,-0.05,-1.9091738,0
9,57,0.261,0,1.0,-2.173321,0
9,58,0.127,0,-100.0,-1.568661,0
10,0,0.670,1,-0.05,-0.8927672,0
10,1,0.666,2,-0.05,-0.94592,0
10,2,0.657,1,-0.05,-0.8998904,0
10,3,0.646,0,1.0,-0.88580275,0
10,4,0.641,1,-0.05,-1.0380242,0
10,5,0.610,0,1.0,-1.7214992,0
10,6,0.564,1,-0.05,-1.6192524,0
10,7,0.565,1,-0.05,-1.6220877,0
10,8,0.540,2,-0.05,-0.65302724,0
10,9,0.531,1,-0.05,-1.4361488,0
10,10,0.491,2,-0.05,-0.7638905,0
10,11,0.479,1,-0.05,-1.5577493,0
10,12,0.420,0,1.0,-0.43073416,0
10,13,0.364,1,-0.05,0.22321534,0
10,14,0.339,2,-0.05,0.010542154,0
10,15,0.291,0,1.0,0.12528646,0
10,16,0.247,2,-0.05,0.10442221,0
10,17,0.214,1,-0.05,-0.7872498,0
10,18,0.194,2,-100.0,-0.1899786,0
11,0,0.671,2,-0.05,-0.8847182,0
11,1,0.675,1,-0.05,-1.4775188,0
11,2,0.675,0,1.0,-1.2184772,0
11,3,0.661,1,-0.05,-0.68902445,0
11,4,0.642,0,1.0,-0.9313781,0
11,5,0.617,0,1.0,-1.4433665,0
11,6,0.580,0,1.0,-1.5704523,0
11,7,0.563,1,-0.05,-1.5806152,0
11,8,0.556,2,-0.05,-1.8286638,0
11,9,0.528,0,1.0,-1.7773083,0
11,10,0.524,1,-0.05,-1.3544638,0
11,11,0.510,2,-0.05,-1.671581,0
11,12,0.503,1,-0.05,-1.5409902,0
11,13,0.492,2,-0.05,-1.6344631,0
11,14,0.472,1,-0.05,-1.6582463,0
11,15,0.468,1,-0.05,-1.933913,0
11,16,0.427,0,1.0,-1.7297525,0
11,17,0.398,1,-0.05,-1.4010234,0
11,18,0.378,2,-0.05,-0.11990464,0
11,19,0.354,1,-0.05,-1.5607537,0
11,20,0.257,0,1.0,0.14493299,0
11,21,0.170,0,-100.0,-0.05443859,0
12,0,0.670,1,-0.05,-0.8928466,0
12,1,0.665,1,-0.05,-0.9456477,0
12,2,0.658,1,-0.05,-1.2662455,0
12,3,0.635,1,-0.05,-1.2559152,0
12,4,0.615,1,-0.05,0.22432256,0
12,5,0.496,0,1.0,-0.2737229,0
12,6,0.457,2,-0.05,-0.42821616,0
12,7,0.422,2,-0.05,0.49344122,0
12,8,0.407,1,-0.05,0.07283032,0
12,9,0.377,1,-0.05,-0.02198261,0
12,10,0.334,1,-0.05,-0.20024705,0
12,11,0.312,1,-0.05,-0.81458735,0
12,12,0.270,2,-0.05,-1.0225528,0
12,13,0.157,0,-100.0,-0.91056967,0
13,0,0.665,0,1.0,-0.88852453,0
13,1,0.670,1,-0.05,-0.8846376,0
13,2,0.651,0,1.0,-0.95390534,0
13,3,0.633,1,-0.05,-1.1949164,0
13,4,0.631,1,-0.05,-1.7018774,0
13,5,0.563,0,1.0,-1.4148687,0
13,6,0.533,2,-0.05,-1.1662158,0
13,7,0.507,1,-0.05,-1.652745,0
13,8,0.476,2,-0.05,-0.8576033,0
13,9,0.467,2,-0.05,-1.5341237,0
13,10,0.443,0,1.0,-1.9537374,0
13,11,0.427,1,-0.05,-1.5894881,0
13,12,0.407,2,-0.05,-2.2689831,0
13,13,0.398,1,-0.05,-1.8098063,0
13,14,0.354,0,1.0,-2.091745,0
13,15,0.318,1,-0.05,-1.9448447,0
13,16,0.307,1,-0.05,-1.4388312,0
13,17,0.241,0,1.0,-0.14845419,0
13,18,0.170,2,-100.0,0.0022653341,0
14,0,0.667,0,1.0,-0.8819332,0
14,1,0.677,0,1.0,-0.9199865,0
14,2,0.681,0,1.0,-0.98812413,0
14,3,0.675,2,-0.05,-1.0034821,0
14,4,0.682,2,-0.05,-1.3756819,0
14,5,0.696,0,1.0,-1.1622441,0
14,6,0.665,1,-0.05,-1.0568504,0
14,7,0.618,0,1.0,-1.0227981,0
14,8,0.630,2,-0.05,-0.7089143,0
14,9,0.566,0,1.0,-0.8149252,0
14,10,0.550,1,-0.05,-0.6614914,0
14,11,0.530,2,-0.05,-0.5392225,0
14,12,0.537,2,-0.05,-0.43029523,0
14,13,0.525,2,-0.05,-0.5627732,0
14,14,0.485,1,-0.05,-0.8557379,0
14,15,0.463,2,-0.05,-0.6169052,0
14,16,0.453,2,-0.05,-0.563367,0
14,17,0.327,0,1.0,0.1765433,0
14,18,0.289,2,-0.05,0.5584321,0
14,19,0.252,2,-0.05,0.81716967,0
14,20,0.209,2,-0.05,0.23501742,0
14,21,0.182,2,-100.0,-1.0558596,0
15,0,0.676,1,-0.05,-0.8816476,0
15,1,0.655,0,1.0,-0.9273801,0
15,2,0.642,2,-0.05,-1.0695837,0
15,3,0.627,0,1.0,-1.0457861,0
15,4,0.621,1,-0.05,-0.92798257,0
15,5,0.633,1,-0.05,-1.01864,0
15,6,0.602,2,-0.05,-1.6173756,0
15,7,0.600,2,-0.05,-1.3439972,0
15,8,0.610,0,1.0,-1.1366286,0
15,9,0.621,1,-0.05,-1.4851544,0
15,10,0.618,1,-0.05,-1.076724,0
15,11,0.602,2,-0.05,-1.2701321,0
15,12,0.600,2,-0.05,-1.189462,0
15,13,0.596,2,-0.05,-1.5023446,0
15,14,0.642,0,1.0,-1.4478219,0
15,15,0.658,1,-0.05,-1.417846,0
15,16,0.663,2,-0.05,-1.3308835,0
15,17,0.686,1,-0.05,-1.3912292,0
15,18,0.695,1,-0.05,-1.3095107,0
15,19,0.689,1,-0.05,-0.9176333,0
15,20,0.683,2,-0.05,-1.0893748,0
15,21,0.686,1,-0.05,-0.933445,0
15,22,0.679,2,-0.05,-1.0458249,0
15,23,0.668,0,1.0,-1.1007495,0
15,24,0.689,0,1.0,-1.1110103,0
15,25,0.681,1,-0.05,-1.1217792,0
15,26,0.683,1,-0.05,-1.1968384,0
15,27,0.691,2,-0.05,-1.7671415,0
15,28,0.668,1,-0.05,-1.3702233,0
15,29,0.636,0,1.0,-2.157377,0
15,30,0.628,2,-0.05,-1.8850151,0
15,31,0.599,0,1.0,-2.0905018,0
15,32,0.573,0,1.0,-1.8777115,0
15,33,0.564,0,1.0,-2.1299896,0
15,34,0.540,0,1.0,-2.0241282,0
15,35,0.516,0,1.0,-2.0342014,0
15,36,0.502,2,-0.05,-2.434741,0
15,37,0.504,0,1.0,-2.5623827,0
15,38,0.519,0,1.0,-2.4871287,0
15,39,0.530,1,-0.05,-3.4849532,0
15,40,0.519,0,1.0,-1.9979733,0
15,41,0.502,2,-0.05,-1.5409143,0
15,42,0.491,2,-0.05,-2.4639487,0
15,43,0.493,2,-0.05,-2.8953881,0
15,44,0.546,0,1.0,-3.3638988,0
15,45,0.578,2,-0.05,-3.0835276,0
15,46,0.589,2,-0.05,-2.914333,0
15,47,0.688,0,1.0,-2.61741,0
15,48,0.723,1,-0.05,-2.034048,0
15,49,0.711,1,-0.05,-2.941521,0
15,50,0.696,0,1.0,-2.3865998,0
15,51,0.672,1,-0.05,-2.3095315,0
15,52,0.694,1,-0.05,-3.0699906,0
15,53,0.754,0,1.0,-1.9107443,0
15,54,0.797,1,-0.05,-1.108727,0
15,55,0.791,2,-0.05,-0.8155552,0
15,56,0.805,2,-0.05,-1.4388428,0
15,57,0.778,1,-0.05,-2.425864,0
15,58,0.692,0,1.0,-1.6809933,0
15,59,0.611,2,-0.05,-1.3346651,0
15,60,0.579,1,-0.05,-2.185296,0
15,61,0.552,1,-0.05,-1.3217164,0
15,62,0.445,0,1.0,-0.44825995,0
15,63,0.315,0,1.0,-0.66532004,0
15,64,0.244,1,-0.05,-0.6286448,0
15,65,0.202,2,-0.05,-0.71142673,0
15,66,0.120,0,-100.0,-0.7186463,0
16,0,0.653,2,-0.05,-0.88853765,0
16,1,0.676,1,-0.05,-1.630389,0
16,2,0.659,0,1.0,-0.98105574,0
16,3,0.658,0,1.0,-0.6778798,0
16,4,0.645,0,1.0,-0.7284188,0
16,5,0.643,2,-0.05,-0.82140374,0
16,6,0.646,2,-0.05,-1.3171666,0
16,7,0.640,2,-0.05,-1.192297,0
16,8,0.695,0,1.0,-1.1673799,0
16,9,0.675,1,-0.05,-0.8742974,0
16,10,0.657,1,-0.05,-1.033742,0
16,11,0.642,1,-0.05,-0.81083155,0
16,12,0.653,2,-0.05,-0.77477384,0
16,13,0.644,1,-0.05,-0.6490071,0
16,14,0.654,0,1.0,-0.27010536,0
16,15,0.670,2,-0.05,-0.58734894,0
16,16,0.642,0,1.0,-0.81137204,0
16,17,0.645,0,1.0,-0.6781039,0
16,18,0.633,1,-0.05,-0.63414264,0
16,19,0.638,1,-0.05,-0.6394863,0
16,20,0.635,2,-0.05,-1.5701497,0
16,21,0.657,0,1.0,-0.6754216,0
16,22,0.649,0,1.0,-0.9383775,0
16,23,0.668,2,-0.05,-0.94956326,0
16,24,0.653,2,-0.05,-1.0619123,0
16,25,0.643,1,-0.05,-0.82262635,0
16,26,0.634,0,1.0,-0.8631451,0
16,27,0.620,1,-0.05,-0.9539043,0
16,28,0.633,1,-0.05,-1.0840777,0
16,29,0.660,0,1.0,-1.527484,0
16,30,0.691,2,-0.05,-1.1029532,0
16,31,0.689,1,-0.05,-1.8898734,0
16,32,0.682,1,-0.05,-1.486367,0
16,33,0.683,2,-0.05,0.1615994,0
16,34,0.653,0,1.0,-1.0643747,0
16,35,0.646,1,-0.05,-1.8219641,0
16,36,0.628,1,-0.05,-0.31239724,0
16,37,0.613,1,-0.05,0.10567337,0
16,38,0.533,0,1.0,0.48782587,0
16,39,0.471,1,-0.05,0.50242853,0
16,40,0.454,2,-0.05,-0.10471636,0
16,41,0.438,1,-0.05,0.16630822,0
16,42,0.320,0,1.0,0.1700378,0
16,43,0.269,2,-0.05,-0.44387913,0
16,44,0.195,0,-100.0,-0.43051016,0
17,0,0.666,0,1.0,-0.8758471,0
17,1,0.654,2,-0.05,-0.8707986,0
17,2,0.681,0,1.0,-1.4453588,0
17,3,0.697,0,1.0,-1.3159804,0
17,4,0.689,2,-0.05,-1.1728122,0
17,5,0.687,2,-0.05,-1.1332307,0
17,6,0.673,2,-0.05,-0.75264597,0
17,7,0.599,0,1.0,-1.1344336,0
17,8,0.483,0,1.0,-1.4294585,0
17,9,0.398,0,1.0,-0.8729472,0
17,10,0.356,2,-0.05,-0.42543542,0
17,11,0.280,0,1.0,1.0656357,0
17,12,0.217,1,-0.05,1.219242,0
17,13,0.191,2,-100.0,1.0727392,0
18,0,0.671,2,-0.05,-0.88460517,0
18,1,0.675,1,-0.05,-1.4773784,0
18,2,0.664,0,1.0,-1.218483,0
18,3,0.661,1,-0.05,-0.6985793,0
18,4,0.642,0,1.0,-0.9312477,0
18,5,0.617,0,1.0,-1.4431612,0
18,6,0.580,0,1.0,-1.5702428,0
18,7,0.567,2,-0.05,-1.5804055,0
18,8,0.545,1,-0.05,-1.386643,0
18,9,0.528,0,1.0,-1.5253667,0
18,10,0.489,2,-0.05,-2.008009,0
18,11,0.475,0,1.0,-1.685878,0
18,12,0.479,1,-0.05,-1.6694188,0
18,13,0.442,0,1.0,-1.9194728,0
18,14,0.411,2,-0.05,-2.4986122,0
18,15,0.404,1,-0.05,-2.1122081,0
18,16,0.395,2,-0.05,-2.4818523,0
18,17,0.368,0,1.0,-2.215314,0
18,18,0.361,0,1.0,-2.2804422,0
18,19,0.353,1,-0.05,-2.737225,0
18,20,0.337,2,-0.05,-2.0134432,0
18,21,0.344,1,-0.05,-2.6690788,0
18,22,0.322,2,-0.05,-2.2600317,0
18,23,0.319,0,1.0,-2.6869864,0
18,24,0.318,1,-0.05,-2.9123306,0
18,25,0.303,1,-0.05,-2.8166075,0
18,26,0.308,1,-0.05,-2.0576382,0
18,27,0.280,1,-0.05,-1.8974962,0
18,28,0.263,1,-0.05,0.13354719,0
18,29,0.235,2,-0.05,0.26263857,0
18,30,0.149,0,-100.0,-0.21062005,0
19,0,0.653,2,-0.05,-0.88856244,0
19,1,0.654,2,-0.05,-1.6303794,0
19,2,0.666,2,-0.05,-1.2258399,0
19,3,0.699,1,-0.05,-0.9985647,0
19,4,0.707,1,-0.05,-1.0435317,0
19,5,0.684,2,-0.05,-1.1852899,0
19,6,0.681,1,-0.05,-1.1218083,0
19,7,0.638,0,1.0,-1.038806,0
19,8,0.643,2,-0.05,-0.8403034,0
19,9,0.611,0,1.0,-0.9057102,0
19,10,0.532,0,1.0,-0.73567176,0
19,11,0.519,1,-0.05,-0.3792243,0
19,12,0.503,2,-0.05,-0.53156066,0
19,13,0.496,1,-0.05,-0.21389651,0
19,14,0.463,0,1.0,-0.46180964,0
19,15,0.449,2,-0.05,-0.35360909,0
19,16,0.435,2,-0.05,-0.1391263,0
19,17,0.388,0,1.0,0.22275066,0
19,18,0.315,0,1.0,0.038131,0
19,19,0.205,0,1.0,0.36866093,0
19,20,0.129,0,-100.0,0.78721726,0
20,0,0.677,1,-0.05,-0.8886044,0
20,1,0.664,2,-0.05,-0.990649,0
20,2,0.655,0,1.0,-0.7321689,0
20,3,0.667,1,-0.05,-0.9710207,0
20,4,0.649,0,1.0,-0.6569364,0
20,5,0.631,2,-0.05,-0.960989,0
20,6,0.640,0,1.0,-0.8539262,0
20,7,0.637,0,1.0,-1.0616999,0
20,8,0.652,0,1.0,-1.0796432,0
20,9,0.649,0,1.0,-1.0778251,0
20,10,0.658,0,1.0,-1.0516286,0
20,11,0.657,0,1.0,-1.0407205,0
20,12,0.669,0,1.0,-1.2714345,0
20,13,0.669,2,-0.05,-1.2915105,0
20,14,0.670,1,-0.05,-1.3505445,0
20,15,0.671,0,1.0,-1.4379314,0
20,16,0.669,2,-0.05,-1.2872406,0
20,17,0.662,2,-0.05,-1.7067692,0
20,18,0.695,0,1.0,-1.2140603,0
20,19,0.698,1,-0.05,-1.4843295,0
20,20,0.681,0,1.0,-1.174861,0
20,21,0.673,2,-0.05,-1.4215121,0
20,22,0.644,0,1.0,-1.1729593,0
20,23,0.596,0,1.0,-0.81914306,0
20,24,0.553,0,1.0,-0.9320166,0
20,25,0.521,1,-0.05,-0.7199807,0
20,26,0.520,0,1.0,-1.1946955,0
20,27,0.496,0,1.0,-1.6326358,0
20,28,0.476,1,-0.05,-2.0398273,0
20,29,0.482,1,-0.05,-0.9010811,0
20,30,0.494,2,-0.05,-0.10539329,0
20,31,0.502,2,-0.05,-0.89914,0
20,32,0.486,0,1.0,-2.156882,0
20,33,0.467,1,-0.05,-2.3465686,0
20,34,0.485,1,-0.05,-2.476312,0
20,35,0.506,0,1.0,0.48843896,0
20,36,0.530,1,-0.05,-0.45075285,0
20,37,0.535,1,-0.05,0.1000576,0
20,38,0.603,0,1.0,0.8561909,0
20,39,0.707,1,-0.05,0.47463524,0
20,40,0.727,0,1.0,-0.48310232,0
20,41,0.642,0,1.0,-0.028007984,0
20,42,0.589,1,-0.05,0.27078748,0
20,43,0.532,1,-0.05,0.68068016,0
20,44,0.537,1,-0.05,-0.16701698,0
20,45,0.417,0,1.0,-1.9814019,0
20,46,0.352,1,-0.05,-2.2920022,0
20,47,0.312,1,-0.05,-2.3061786,0
20,48,0.193,0,-100.0,-1.1649063,0
21,0,0.664,2,-0.05,-0.8928375,0
21,1,0.658,2,-0.05,-1.6801229,0
21,2,0.700,0,1.0,-1.1266143,0
21,3,0.639,0,1.0,-1.0574923,0
21,4,0.613,1,-0.05,-0.8658309,0
21,5,0.575,0,1.0,-0.7820444,0
21,6,0.579,2,-0.05,-0.80031157,0
21,7,0.518,0,1.0,-0.6891098,0
21,8,0.440,0,1.0,-0.31882644,0
21,9,0.401,0,1.0,0.2761171,0
21,10,0.370,1,-0.05,0.52382255,0
21,11,0.347,1,-0.05,0.13249636,0
21,12,0.334,1,-0.05,0.5038829,0
21,13,0.342,1,-0.05,1.3577589,0
21,14,0.348,1,-0.05,1.3614821,0
21,15,0.408,0,1.0,0.81068087,0
21,16,0.439,2,-0.05,-0.0043703318,0
21,17,0.497,0,1.0,0.95889604,0
21,18,0.524,1,-0.05,0.44272757,0
21,19,0.568,0,1.0,0.13669062,0
21,20,0.648,0,1.0,-0.75123054,0
21,21,0.691,1,-0.05,-0.95177853,0
21,22,0.702,1,-0.05,0.020029724,0
21,23,0.672,1,-0.05,-0.5824644,0
21,24,0.639,2,-0.05,-0.83095074,0
21,25,0.633,1,-0.05,-0.052655816,0
21,26,0.596,1,-0.05,-0.2623875,0
21,27,0.553,2,-0.05,-0.84088135,0
21,28,0.454,0,1.0,-0.09440017,0
21,29,0.375,0,1.0,-0.26152873,0
21,30,0.287,1,-0.05,-0.2055211,0
21,31,0.262,2,-0.05,-0.5118265,0
21,32,0.234,2,-0.05,0.9306592,0
21,33,0.159,0,-100.0,-0.19467223,0
22,0,0.653,2,-0.05,-0.8885751,0
22,1,0.692,0,1.0,-1.6308582,0
22,2,0.699,0,1.0,-1.2215605,0
22,3,0.655,0,1.0,-1.0994933,0
22,4,0.650,2,-0.05,-0.91287804,0
22,5,0.600,0,1.0,-0.9878166,0
22,6,0.534,0,1.0,-0.70314026,0
22,7,0.501,0,1.0,-0.4525938,0
22,8,0.451,1,-0.05,-0.13103223,0
22,9,0.432,0,1.0,-0.37460995,0
22,10,0.414,2,-0.05,-0.29603624,0
22,11,0.406,2,-0.05,-0.06258774,0
22,12,0.383,1,-0.05,0.34265637,0
22,13,0.374,2,-0.05,0.26495647,0
22,14,0.364,2,-0.05,0.60275173,0
22,15,0.273,0,1.0,-0.10347736,0
22,16,0.217,1,-0.05,1.0279981,0
22,17,0.145,0,-100.0,0.263031,0
23,0,0.668,0,1.0,-0.8927927,0
23,1,0.672,1,-0.05,-0.8636534,0
23,2,0.641,0,1.0,-0.8089702,0
23,3,0.640,1,-0.05,-1.140463,0
23,4,0.625,1,-0.05,-1.6537827,0
23,5,0.559,0,1.0,-1.4901646,0
23,6,0.541,1,-0.05,-1.2367557,0
23,7,0.518,1,-0.05,-0.2295016,0
23,8,0.384,0,1.0,0.14033991,0
23,9,0.288,0,1.0,0.5784763,0
23,10,0.232,1,-0.05,0.28707445,0
23,11,0.187,1,-100.0,-0.23579311,0
24,0,0.654,0,1.0,-0.81960845,0
24,1,0.666,0,1.0,-0.84348273,0
24,2,0.647,2,-0.05,-0.75977397,0
24,3,0.657,0,1.0,-1.5713909,0
24,4,0.662,2,-0.05,-1.434933,0
24,5,0.678,2,-0.05,-1.3476598,0
24,6,0.708,1,-0.05,-0.93906426,0
24,7,0.686,0,1.0,-1.0868788,0
24,8,0.642,0,1.0,-1.1226666,0
24,9,0.621,2,-0.05,-0.9604025,0
24,10,0.571,0,1.0,-0.77672386,0
24,11,0.503,0,1.0,-0.59109044,0
24,12,0.440,0,1.0,-0.30921865,0
24,13,0.405,2,-0.05,0.41229248,0
24,14,0.401,2,-0.05,0.0024511814,0
24,15,0.360,2,-0.05,-0.29981232,0
24,16,0.265,0,1.0,0.5651797,0
24,17,0.142,0,-100.0,0.41938674,0
25,0,0.665,0,1.0,-0.8886559,0
25,1,0.673,1,-0.05,-0.8848474,0
25,2,0.654,2,-0.05,-0.9206469,0
25,3,0.656,0,1.0,-0.70246315,0
25,4,0.669,1,-0.05,-0.8819828,0
25,5,0.639,0,1.0,-0.8034866,0
25,6,0.630,2,-0.05,-1.1344683,0
25,7,0.617,2,-0.05,-0.9091084,0
25,8,0.626,2,-0.05,-1.7394888,0
25,9,0.652,0,1.0,-1.4261749,0
25,10,0.690,2,-0.05,-1.1669352,0
25,11,0.651,0,1.0,-1.0081668,0
25,12,0.579,0,1.0,-0.76159906,0
25,13,0.553,2,-0.05,-0.42559814,0
25,14,0.486,0,1.0,-0.808928,0
25,15,0.451,1,-0.05,-0.8207226,0
25,16,0.431,2,-0.05,-0.42810655,0
25,17,0.336,0,1.0,-0.54352176,0
25,18,0.235,0,1.0,0.6425221,0
25,19,0.132,0,-100.0,1.0599458,0
26,0,0.677,1,-0.05,-0.8885927,0
26,1,0.676,1,-0.05,-0.99071646,0
26,2,0.655,1,-0.05,-1.5043349,0
26,3,0.576,0,1.0,-1.16756,0
26,4,0.551,1,-0.05,-1.035987,0
26,5,0.532,2,-0.05,0.033507228,0
26,6,0.474,0,1.0,-0.91576946,0
26,7,0.443,1,-0.05,-1.4286356,0
26,8,0.367,0,1.0,-0.37712967,0
26,9,0.332,1,-0.05,0.17121542,0
26,10,0.292,2,-0.05,0.081046104,0
26,11,0.278,1,-0.05,0.20622933,0
26,12,0.256,2,-0.05,-0.06969327,0
26,13,0.184,0,-100.0,0.0015405416,0
27,0,0.677,1,-0.05,-0.8886118,0
27,1,0.650,0,1.0,-0.98912406,0
27,2,0.616,0,1.0,-1.4252267,0
27,3,0.582,1,-0.05,-1.4374051,0
27,4,0.549,0,1.0,-1.6496277,0
27,5,0.517,1,-0.05,-1.935469,0
27,6,0.494,2,-0.05,-1.5739911,0
27,7,0.497,2,-0.05,-2.2982256,0
27,8,0.489,2,-0.05,-1.559981,0
27,9,0.485,1,-0.05,-1.5295969,0
27,10,0.462,2,-0.05,-1.4871763,0
27,11,0.472,1,-0.05,-1.6679461,0
27,12,0.473,1,-0.05,-1.6363528,0
27,13,0.447,2,-0.05,-2.387329,0
27,14,0.444,0,1.0,-1.6690853,0
27,15,0.435,2,-0.05,-1.8440496,0
27,16,0.420,2,-0.05,-1.7837209,0
27,17,0.434,1,-0.05,-2.3052826,0
27,18,0.434,0,1.0,-1.9425629,0
27,19,0.431,2,-0.05,-1.9950366,0
27,20,0.447,0,1.0,-2.319909,0
27,21,0.440,2,-0.05,-2.165955,0
27,22,0.482,0,1.0,-1.9545845,0
27,23,0.547,0,1.0,-1.9347866,0
27,24,0.600,0,1.0,-1.616955,0
27,25,0.609,1,-0.05,-2.0388148,0
27,26,0.649,0,1.0,-1.4083536,0
27,27,0.664,1,-0.05,-1.5519481,0
27,28,0.659,2,-0.05,-1.9391364,0
27,29,0.676,0,1.0,-1.5337731,0
27,30,0.696,1,-0.05,-1.3648219,0
27,31,0.712,0,1.0,-1.7590214,0
27,32,0.708,2,-0.05,-2.0877795,0
27,33,0.680,0,1.0,-2.0118108,0
27,34,0.652,0,1.0,-2.3843207,0
27,35,0.632,1,-0.05,-2.1801233,0
27,36,0.626,1,-0.05,-2.506167,0
27,37,0.629,1,-0.05,-1.5612668,0
27,38,0.659,0,1.0,-0.81996655,0
27,39,0.696,2,-0.05,-0.10070503,0
27,40,0.702,2,-0.05,-0.6728051,0
27,41,0.688,0,1.0,-2.1870666,0
27,42,0.696,2,-0.05,-2.5848832,0
27,43,0.712,2,-0.05,-3.0504987,0
27,44,0.650,0,1.0,-2.475689,0
27,45,0.638,0,1.0,-2.3577485,0
27,46,0.669,0,1.0,-2.4346397,0
27,47,0.656,1,-0.05,-2.6523206,0
27,48,0.663,1,-0.05,-2.3563123,0
27,49,0.705,0,1.0,-1.0400661,0
27,50,0.772,2,-0.05,-0.84167826,0
27,51,0.760,1,-0.05,-1.505458,0
27,52,0.662,0,1.0,-0.9306737,0
27,53,0.522,0,1.0,-0.5702418,0
27,54,0.449,1,-0.05,-0.8319354,0
27,55,0.412,2,-0.05,-0.68955576,0
27,56,0.307,0,1.0,-0.9797284,0
27,57,0.252,2,-0.05,-1.4791868,0
27,58,0.208,1,-0.05,-1.8912922,0
27,59,0.187,2,-100.0,-1.0741918,0
28,0,0.671,2,-0.05,-0.8843303,0
28,1,0.669,2,-0.05,-1.4783313,0
28,2,0.676,1,-0.05,-1.1918216,0
28,3,0.707,0,1.0,-1.1789567,0
28,4,0.707,2,-0.05,-1.2461214,0
28,5,0.667,0,1.0,-1.2017732,0
28,6,0.649,2,-0.05,-0.9852452,0
28,7,0.631,1,-0.05,-0.7809653,0
28,8,0.597,0,1.0,-0.81728506,0
28,9,0.576,2,-0.05,-0.82134867,0
28,10,0.518,0,1.0,-0.8430691,0
28,11,0.470,0,1.0,-0.33475828,0
28,12,0.415,0,1.0,-0.035519123,0
28,13,0.335,0,1.0,0.47941804,0
28,14,0.315,1,-0.05,0.8264661,0
28,15,0.299,1,-0.05,0.14014053,0
28,16,0.295,1,-0.05,0.77037597,0
28,17,0.311,2,-0.05,1.5222566,0
28,18,0.296,2,-0.05,1.1486404,0
28,19,0.283,2,-0.05,0.2989018,0
28,20,0.275,1,-0.05,1.159833,0
28,21,0.263,2,-0.05,0.17181063,0
28,22,0.209,0,1.0,1.5495489,0
28,23,0.161,1,-100.0,1.4150829,0
29,0,0.654,0,1.0,-0.8196082,0
29,1,0.677,1,-0.05,-0.843503,0
29,2,0.632,0,1.0,-0.9961922,0
29,3,0.614,2,-0.05,-1.5041778,0
29,4,0.601,0,1.0,-1.1234274,0
29,5,0.600,0,1.0,-0.99952865,0
29,6,0.603,0,1.0,-1.0261595,0
29,7,0.591,1,-0.05,-1.0451264,0
29,8,0.598,2,-0.05,-1.244347,0
29,9,0.591,0,1.0,-1.2013264,0
29,10,0.595,0,1.0,-1.2868471,0
29,11,0.597,0,1.0,-1.3609855,0
29,12,0.606,1,-0.05,-1.4150848,0
29,13,0.602,2,-0.05,-1.4147669,0
29,14,0.598,2,-0.05,-1.7255208,0
29,15,0.629,0,1.0,-1.5145016,0
29,16,0.672,0,1.0,-1.3096473,0
29,17,0.672,0,1.0,-1.2125936,0
29,18,0.671,1,-0.05,-1.2705998,0
29,19,0.644,1,-0.05,-1.0278134,0
29,20,0.643,1,-0.05,-1.1024967,0
29,21,0.656,1,-0.05,-1.8879964,0
29,22,0.668,1,-0.05,-0.62904716,0
29,23,0.693,2,-0.05,0.26751226,0
29,24,0.677,0,1.0,-0.27669096,0
29,25,0.625,0,1.0,-1.0377476,0
29,26,0.610,1,-0.05,-0.99962115,0
29,27,0.583,2,-0.05,-0.25239372,0
29,28,0.561,0,1.0,-0.3484031,0
29,29,0.499,0,1.0,-0.9072195,0
29,30,0.482,0,1.0,-1.3849645,0
29,31,0.444,1,-0.05,-1.5415971,0
29,32,0.443,1,-0.05,-0.1727215,0
29,33,0.426,1,-0.05,0.19131815,0
29,34,0.395,2,-0.05,-0.19262254,0
29,35,0.372,2,-0.05,-0.12716722,0
29,36,0.364,1,-0.05,-0.96096456,0
29,37,0.345,2,-0.05,-0.30158985,0
29,38,0.295,0,1.0,-1.130527,0
29,39,0.285,2,-0.05,-1.3557956,0
29,40,0.257,0,1.0,-1.0529603,0
29,41,0.247,2,-0.05,-2.0188985,0
29,42,0.242,0,1.0,-2.5304718,0
29,43,0.228,2,-0.05,-2.9917638,0
29,44,0.243,0,1.0,-2.9983325,0
29,45,0.283,0,1.0,-2.4661205,0
29,46,0.288,1,-0.05,-2.3504028,0
29,47,0.290,0,1.0,-3.1560924,0
29,48,0.294,2,-0.05,-2.2426643,0
29,49,0.299,2,-0.05,-2.4895334,0
29,50,0.296,2,-0.05,-1.1545542,0
29,51,0.334,1,-0.05,-1.076395,0
29,52,0.340,2,-0.05,-0.92905414,0
29,53,0.347,2,-0.05,-0.86216664,0
29,54,0.366,1,-0.05,-1.7955779,0
29,55,0.397,1,-0.05,-1.3652242,0
29,56,0.403,2,-0.05,-0.5032711,0
29,57,0.418,1,-0.05,-0.609108,0
29,58,0.381,1,-0.05,-0.3312775,0
29,59,0.360,2,-0.05,-1.7406553,0
29,60,0.326,1,-0.05,-0.6731689,0
29,61,0.304,2,-0.05,-1.5261445,0
29,62,0.163,0,-100.0,-0.9904276,0
30,0,0.665,0,1.0,-0.88856006,0
30,1,0.666,0,1.0,-0.88464713,0
30,2,0.659,0,1.0,-0.88322926,0
30,3,0.671,2,-0.05,-0.9060886,0
30,4,0.664,1,-0.05,-1.5069535,0
30,5,0.667,1,-0.05,-0.8036859,0
30,6,0.660,2,-0.05,-1.0779848,0
30,7,0.656,0,1.0,-1.0653048,0
30,8,0.644,2,-0.05,-0.95490575,0
30,9,0.664,2,-0.05,-1.5617614,0
30,10,0.698,0,1.0,-1.0902498,0
30,11,0.691,1,-0.05,-1.1178164,0
30,12,0.658,0,1.0,-1.0991058,0
30,13,0.636,0,1.0,-1.0622845,0
30,14,0.623,0,1.0,-1.1088648,0
30,15,0.603,1,-0.05,-0.9289191,0
30,16,0.601,1,-0.05,-0.58278275,0
30,17,0.609,1,-0.05,-1.2517815,0
30,18,0.652,0,1.0,-0.68662477,0
30,19,0.664,0,1.0,-0.29879546,0
30,20,0.659,1,-0.05,-0.89509,0
30,21,0.595,0,1.0,-1.0719064,0
30,22,0.528,0,1.0,-0.44529134,0
30,23,0.490,1,-0.05,-0.9281276,0
30,24,0.395,0,1.0,-0.50179124,0
30,25,0.359,1,-0.05,0.10972381,0
30,26,0.333,1,-0.05,0.050843716,0
30,27,0.302,1,-0.05,0.6569834,0
30,28,0.216,0,1.0,-0.6684098,0
30,29,0.128,2,-100.0,-0.62500346,0
31,0,0.670,0,1.0,-0.8816221,0
31,1,0.678,0,1.0,-0.9131243,0
31,2,0.680,0,1.0,-0.97111654,0
31,3,0.680,1,-0.05,-0.9687731,0
31,4,0.680,2,-0.05,-0.6821172,0
31,5,0.684,1,-0.05,-1.3351452,0
31,6,0.684,1,-0.05,-0.88784695,0
31,7,0.667,2,-0.05,-0.93409157,0
31,8,0.671,1,-0.05,-0.7760799,0
31,9,0.668,2,-0.05,-1.1886408,0
31,10,0.657,0,1.0,-0.76838875,0
31,11,0.647,2,-0.05,-0.96698713,0
31,12,0.673,0,1.0,-1.2751124,0
31,13,0.699,1,-0.05,-1.3282561,0
31,14,0.691,1,-0.05,-1.0774341,0
31,15,0.684,0,1.0,-0.8092406,0
31,16,0.658,0,1.0,-1.0444846,0
31,17,0.625,0,1.0,-1.3559396,0
31,18,0.611,2,-0.05,-1.647042,0
31,19,0.607,1,-0.05,-1.4377549,0
31,20,0.599,0,1.0,-1.6337316,0
31,21,0.560,0,1.0,-2.2278144,0
31,22,0.537,1,-0.05,-2.2573922,0
31,23,0.492,0,1.0,-1.9950917,0
31,24,0.425,0,1.0,-1.1983625,0
31,25,0.400,1,-0.05,-1.1941824,0
31,26,0.375,1,-0.05,-1.7727286,0
31,27,0.291,0,1.0,0.3749764,0
31,28,0.264,2,-0.05,-0.53161454,0
31,29,0.240,2,-0.05,-0.022172451,0
31,30,0.194,2,-100.0,-0.69769263,0
32,0,0.667,0,1.0,-0.8819394,0
32,1,0.672,2,-0.05,-0.91999984,0
32,2,0.675,2,-0.05,-1.4389536,0
32,3,0.699,0,1.0,-1.225389,0
32,4,0.633,0,1.0,-1.1794183,0
32,5,0.622,2,-0.05,-0.947212,0
32,6,0.586,2,-0.05,-0.5418761,0
32,7,0.526,0,1.0,-1.2031378,0
32,8,0.470,1,-0.05,-0.86848664,0
32,9,0.408,0,1.0,-0.5489688,0
32,10,0.328,0,1.0,-0.08582902,0
32,11,0.264,1,-0.05,0.41740608,0
32,12,0.271,2,-0.05,1.5630028,0
32,13,0.233,2,-0.05,0.6139606,0
32,14,0.224,1,-0.05,0.83280313,0
32,15,0.146,0,-100.0,0.07759333,0
33,0,0.668,0,1.0,-0.89280605,0
33,1,0.652,2,-0.05,-0.86384964,0
33,2,0.686,0,1.0,-1.4564893,0
33,3,0.696,2,-0.05,-1.2292049,0
33,4,0.674,0,1.0,-1.1452825,0
33,5,0.612,0,1.0,-1.0639799,0
33,6,0.557,0,1.0,-0.7934561,0
33,7,0.529,2,-0.05,-0.50133157,0
33,8,0.460,0,1.0,-0.30964613,0
33,9,0.428,2,-0.05,-0.34736586,0
33,10,0.328,0,1.0,-0.5441359,0
33,11,0.296,2,-0.05,0.67068255,0
33,12,0.222,0,1.0,1.1945286,0
33,13,0.125,2,-100.0,0.79211533,0
34,0,0.670,0,1.0,-0.8816459,0
34,1,0.660,2,-0.05,-0.9071672,0
34,2,0.681,0,1.0,-1.5204844,0
34,3,0.711,2,-0.05,-1.1910272,0
34,4,0.665,0,1.0,-1.1509547,0
34,5,0.610,0,1.0,-0.85047674,0
34,6,0.575,2,-0.05,-0.6852653,0
34,7,0.499,0,1.0,-0.47119236,0
34,8,0.475,2,-0.05,-0.640645,0
34,9,0.436,1,-0.05,-0.82429516,0
34,10,0.421,2,-0.05,-0.25625682,0
34,11,0.390,1,-0.05,-0.49046874,0
34,12,0.333,0,1.0,0.27931523,0
34,13,0.268,0,1.0,1.1017547,0
34,14,0.175,0,-100.0,1.572135,0
35,0,0.664,2,-0.05,-0.89281964,0
35,1,0.690,0,1.0,-1.6803029,0
35,2,0.689,1,-0.05,-1.1122158,0
35,3,0.712,1,-0.05,-1.210376,0
35,4,0.689,0,1.0,-0.6018481,0
35,5,0.664,0,1.0,-0.8261545,0
35,6,0.657,1,-0.05,-0.9321332,0
35,7,0.656,1,-0.05,-1.6815057,0
35,8,0.612,0,1.0,-1.2409787,0
35,9,0.568,2,-0.05,-1.4759884,0
35,10,0.565,1,-0.05,-1.7721891,0
35,11,0.538,1,-0.05,-1.5965841,0
35,12,0.522,2,-0.05,-0.60835457,0
35,13,0.512,1,-0.05,-1.3869727,0
35,14,0.483,1,-0.05,-0.45122457,0
35,15,0.449,1,-0.05,-0.06779063,0
35,16,0.423,1,-0.05,-0.12383872,0
35,17,0.410,1,-0.05,-0.67730904,0
35,18,0.376,2,-0.05,-0.9538722,0
35,19,0.236,0,1.0,-1.2875495,0
35,20,0.120,0,-100.0,-0.4548794,0
36,0,0.653,2,-0.05,-0.8885524,0
36,1,0.658,2,-0.05,-1.6309602,0
36,2,0.682,1,-0.05,-1.1232321,0
36,3,0.690,0,1.0,-1.2565582,0
36,4,0.686,0,1.0,-1.3255241,0
36,5,0.675,0,1.0,-1.135591,0
36,6,0.667,2,-0.05,-1.0229306,0
36,7,0.652,1,-0.05,-1.0183733,0
36,8,0.648,1,-0.05,-0.8978677,0
36,9,0.641,2,-0.05,-0.2350359,0
36,10,0.633,0,1.0,-0.9394257,0
36,11,0.617,1,-0.05,-0.81727743,0
36,12,0.628,1,-0.05,-0.79803705,0
36,13,0.612,2,-0.05,-0.14394951,0
36,14,0.611,0,1.0,-0.6008587,0
36,15,0.607,1,-0.05,-0.7322836,0
36,16,0.609,1,-0.05,-0.34399724,0
36,17,0.614,2,-0.05,-0.9356103,0
36,18,0.635,2,-0.05,-0.3546815,0
36,19,0.607,1,-0.05,-0.85940003,0
36,20,0.623,1,-0.05,-0.3072021,0
36,21,0.645,0,1.0,-0.94797087,0
36,22,0.697,0,1.0,-1.0730828,0
36,23,0.694,2,-0.05,-1.4650546,0
36,24,0.690,1,-0.05,-1.6925046,0
36,25,0.655,0,1.0,-2.0363655,0
36,26,0.596,0,1.0,-1.1851218,0
36,27,0.585,1,-0.05,-1.5999706,0
36,28,0.571,1,-0.05,-1.5100765,0
36,29,0.552,2,-0.05,-0.87649953,0
36,30,0.510,0,1.0,-0.54501146,0
36,31,0.453,2,-0.05,-0.93578804,0
36,32,0.453,2,-0.05,-1.4251903,0
36,33,0.434,0,1.0,-1.9919977,0
36,34,0.428,1,-0.05,-2.6607819,0
36,35,0.381,0,1.0,-2.451522,0
36,36,0.339,0,1.0,-1.8917427,0
36,37,0.335,1,-0.05,-1.83873,0
36,38,0.300,1,-0.05,-1.3706353,0
36,39,0.305,1,-0.05,-0.41933239,0
36,40,0.215,0,1.0,0.48982823,0
36,41,0.120,0,-100.0,-0.8588824,0
37,0,0.668,0,1.0,-1.0134137,0
37,1,0.672,1,-0.05,-0.9789374,0
37,2,0.660,1,-0.05,-0.9288516,0
37,3,0.607,0,1.0,-1.7073369,0
37,4,0.577,1,-0.05,-1.7513819,0
37,5,0.549,0,1.0,-1.2357041,0
37,6,0.491,2,-0.05,-1.0758176,0
37,7,0.478,1,-0.05,-1.4171054,0
37,8,0.397,0,1.0,-1.1095333,0
37,9,0.381,1,-0.05,-0.066007495,0
37,10,0.345,1,-0.05,0.2847929,0
37,11,0.325,2,-0.05,0.7236623,0
37,12,0.286,2,-0.05,0.1502899,0
37,13,0.287,1,-0.05,0.070171356,0
37,14,0.186,0,-100.0,-0.10544193,0
38,0,0.668,0,1.0,-1.0063499,0
38,1,0.672,1,-0.05,-0.97566056,0
38,2,0.651,0,1.0,-0.9509573,0
38,3,0.613,0,1.0,-1.3277807,0
38,4,0.593,0,1.0,-1.4003267,0
38,5,0.553,0,1.0,-1.4777339,0
38,6,0.558,1,-0.05,-1.6389288,0
38,7,0.524,0,1.0,-2.096221,0
38,8,0.492,2,-0.05,-1.77615,0
38,9,0.497,1,-0.05,-2.2248688,0
38,10,0.463,2,-0.05,-1.9706734,0
38,11,0.446,0,1.0,-2.15207,0
38,12,0.412,0,1.0,-1.9391996,0
38,13,0.403,1,-0.05,-2.3211617,0
38,14,0.362,0,1.0,-2.048768,0
38,15,0.347,1,-0.05,-1.5240686,0
38,16,0.289,0,1.0,-1.2158375,0
38,17,0.198,0,-100.0,-0.48139083,0
39,0,0.668,0,1.0,-1.1472702,0
39,1,0.672,1,-0.05,-1.1109123,0
39,2,0.641,0,1.0,-1.0420156,0
39,3,0.613,0,1.0,-1.4040643,0
39,4,0.610,2,-0.05,-1.4670175,0
39,5,0.597,1,-0.05,-1.4608932,0
39,6,0.598,1,-0.05,-1.8429801,0
39,7,0.584,1,-0.05,-1.5096643,0
39,8,0.558,2,-0.05,-0.89646125,0
39,9,0.557,1,-0.05,-1.123025,0
39,10,0.495,0,1.0,-0.6518245,0
39,11,0.381,0,1.0,0.03616178,0
39,12,0.333,1,-0.05,0.43141794,0
39,13,0.305,2,-0.05,0.12627876,0
39,14,0.241,0,1.0,0.42826617,0
39,15,0.205,1,-0.05,-0.11602473,0
39,16,0.186,1,-100.0,-0.13163972,0
40,0,0.654,0,1.0,-1.085034,0
40,1,0.667,2,-0.05,-1.1242349,0
40,2,0.655,2,-0.05,-1.5993526,0
40,3,0.707,0,1.0,-1.433878,0
40,4,0.680,2,-0.05,-1.587125,0
40,5,0.604,0,1.0,-1.6835119,0
40,6,0.542,0,1.0,-1.6463178,0
40,7,0.437,0,1.0,-1.468343,0
40,8,0.412,1,-0.05,-1.2774608,0
40,9,0.365,0,1.0,-0.46187568,0
40,10,0.319,1,-0.05,-0.47993279,0
40,11,0.301,0,1.0,-0.98519015,0
40,12,0.271,0,1.0,-0.6268439,0
40,13,0.224,0,1.0,-0.55498123,0
40,14,0.197,0,-100.0,-0.44657898,0
41,0,0.670,1,-0.05,-1.2560172,0
41,1,0.652,0,1.0,-1.3705386,0
41,2,0.625,2,-0.05,-1.8002758,0
41,3,0.615,0,1.0,-1.2933054,0
41,4,0.618,2,-0.05,-1.2522666,0
41,5,0.607,2,-0.05,-1.6006283,0
41,6,0.613,2,-0.05,-1.6524223,0
41,7,0.631,2,-0.05,-2.028644,0
41,8,0.647,2,-0.05,-1.794894,0
41,9,0.692,0,1.0,-1.5695705,0
41,10,0.627,2,-0.05,-0.9616127,0
41,11,0.518,0,1.0,-0.4515016,0
41,12,0.463,1,-0.05,0.20910263,0
41,13,0.426,2,-0.05,0.26761115,0
41,14,0.321,0,1.0,0.19510221,0
41,15,0.274,2,-0.05,-0.5786084,0
41,16,0.258,2,-0.05,-0.5584159,0
41,17,0.206,1,-0.05,-0.9388491,0
41,18,0.173,1,-100.0,-0.5140281,0
42,0,0.671,2,-0.05,-1.3208215,0
42,1,0.685,0,1.0,-1.8095313,0
42,2,0.702,1,-0.05,-1.7221462,0
42,3,0.692,0,1.0,-1.589317,0
42,4,0.694,2,-0.05,-1.3377314,0
42,5,0.699,0,1.0,-1.6687806,0
42,6,0.668,0,1.0,-1.5596639,0
42,7,0.650,1,-0.05,-1.5603863,0
42,8,0.647,0,1.0,-1.4801393,0
42,9,0.637,0,1.0,-1.1542528,0
42,10,0.636,1,-0.05,-1.0523514,0
42,11,0.650,0,1.0,-1.2160189,0
42,12,0.665,1,-0.05,-1.5355809,0
42,13,0.672,1,-0.05,-1.8964195,0
42,14,0.699,2,-0.05,-0.62068737,0
42,15,0.693,0,1.0,-1.33283,0
42,16,0.666,1,-0.05,-1.7071583,0
42,17,0.658,1,-0.05,-0.9493998,0
42,18,0.651,1,-0.05,-0.3247049,0
42,19,0.620,1,-0.05,0.35898352,0
42,20,0.597,1,-0.05,0.33364773,0
42,21,0.567,2,-0.05,-1.2050691,0
42,22,0.528,2,-0.05,0.26796126,0
42,23,0.519,2,-0.05,0.6604831,0
42,24,0.478,1,-0.05,0.41751146,0
42,25,0.471,1,-0.05,0.6680378,0
42,26,0.440,2,-0.05,0.46064138,0
42,27,0.359,0,1.0,0.7045069,0
42,28,0.303,2,-0.05,0.88631094,0
42,29,0.292,1,-0.05,-0.23007536,0
42,30,0.274,1,-0.05,0.48880982,0
42,31,0.258,1,-0.05,0.31681633,0
42,32,0.233,2,-0.05,0.85886264,0
42,33,0.151,0,-100.0,1.1305919,0
43,0,0.665,0,1.0,-1.7116967,0
43,1,0.672,1,-0.05,-1.6927576,0
43,2,0.648,0,1.0,-1.7093779,0
43,3,0.636,2,-0.05,-1.8315129,0
43,4,0.632,2,-0.05,-1.7442491,0
43,5,0.642,0,1.0,-2.0653043,0
43,6,0.684,0,1.0,-2.117853,0
43,7,0.692,2,-0.05,-2.0644662,0
43,8,0.699,1,-0.05,-2.2742054,0
43,9,0.701,0,1.0,-1.9669977,0
43,10,0.699,2,-0.05,-1.840931,0
43,11,0.691,1,-0.05,-1.8737873,0
43,12,0.688,1,-0.05,-1.8294544,0
43,13,0.680,1,-0.05,-1.3673112,0
43,14,0.687,2,-0.05,-1.4945904,0
43,15,0.688,1,-0.05,-1.967067,0
43,16,0.702,2,-0.05,-1.8380463,0
43,17,0.693,0,1.0,-1.9261518,0
43,18,0.682,0,1.0,-1.8189923,0
43,19,0.656,1,-0.05,-1.912586,0
43,20,0.675,1,-0.05,-2.2353065,0
43,21,0.651,1,-0.05,-1.018163,0
43,22,0.651,2,-0.05,-0.38209486,0
43,23,0.628,2,-0.05,-0.8606905,0
43,24,0.621,2,-0.05,-1.9224395,0
43,25,0.618,0,1.0,-2.065936,0
43,26,0.613,0,1.0,-2.2109058,0
43,27,0.620,1,-0.05,-2.178309,0
43,28,0.609,1,-0.05,-2.0436633,0
43,29,0.601,1,-0.05,-1.676198,0
43,30,0.537,0,1.0,-0.1652677,0
43,31,0.510,1,-0.05,-0.4677,0
43,32,0.478,1,-0.05,0.9264512,0
43,33,0.454,1,-0.05,0.21491504,0
43,34,0.438,1,-0.05,0.33096933,0
43,35,0.401,1,-0.05,-1.6155527,0
43,36,0.372,1,-0.05,-1.6597497,0
43,37,0.328,1,-0.05,0.25679827,0
43,38,0.300,1,-0.05,1.1147561,0
43,39,0.274,2,-0.05,0.14991999,0
43,40,0.231,1,-0.05,1.1394668,0
43,41,0.203,1,-0.05,-0.12176943,0
43,42,0.185,1,-100.0,0.0053339005,0
44,0,0.654,0,1.0,-1.8138568,0
44,1,0.647,2,-0.05,-1.8534042,0
44,2,0.658,1,-0.05,-2.1864338,0
44,3,0.656,0,1.0,-1.8466766,0
44,4,0.638,0,1.0,-1.8712704,0
44,5,0.641,1,-0.05,-1.9831022,0
44,6,0.648,1,-0.05,-2.026845,0
44,7,0.596,0,1.0,-1.1501919,0
44,8,0.570,1,-0.05,-0.70102215,0
44,9,0.547,1,-0.05,-0.66157675,0
44,10,0.521,1,-0.05,0.4254346,0
44,11,0.485,1,-0.05,0.57670975,0
44,12,0.465,2,-0.05,-1.1850915,0
44,13,0.438,2,-0.05,0.35734868,0
44,14,0.416,1,-0.05,0.27699208,0
44,15,0.309,0,1.0,0.68938565,0
44,16,0.161,0,-100.0,0.523139,0
45,0,0.655,0,1.0,-1.869801,0
45,1,0.665,0,1.0,-1.9161165,0
45,2,0.671,1,-0.05,-1.9600859,0
45,3,0.653,0,1.0,-1.9822592,0
45,4,0.635,1,-0.05,-2.097104,0
45,5,0.626,1,-0.05,-1.5175931,0
45,6,0.567,0,1.0,-0.6346555,0
45,7,0.524,2,-0.05,-0.6694002,0
45,8,0.515,1,-0.05,-0.6561122,0
45,9,0.444,0,1.0,-0.3067,0
45,10,0.399,2,-0.05,0.13313675,0
45,11,0.395,1,-0.05,-0.7316692,0
45,12,0.363,1,-0.05,0.17996645,0
45,13,0.328,2,-0.05,0.18153572,0
45,14,0.322,2,-0.05,0.10461187,0
45,15,0.296,2,-0.05,-0.64893866,0
45,16,0.274,2,-0.05,-1.3584776,0
45,17,0.263,0,1.0,-1.7458287,0
45,18,0.253,2,-0.05,-2.3017488,0
45,19,0.249,2,-0.05,-2.2952266,0
45,20,0.241,2,-0.05,-1.4912083,0
45,21,0.285,1,-0.05,-0.94357634,0
45,22,0.282,1,-0.05,-1.0098357,0
45,23,0.288,0,1.0,-2.115018,0
45,24,0.298,0,1.0,-2.353519,0
45,25,0.296,1,-0.05,-2.5476515,0
45,26,0.288,2,-0.05,-2.1603982,0
45,27,0.295,0,1.0,-2.5013952,0
45,28,0.307,1,-0.05,-2.2635055,0
45,29,0.301,0,1.0,-2.5249946,0
45,30,0.310,1,-0.05,-2.6269884,0
45,31,0.287,2,-0.05,-2.5534868,0
45,32,0.288,2,-0.05,-3.0338006,0
45,33,0.288,1,-0.05,-2.300918,0
45,34,0.299,1,-0.05,-2.2989073,0
45,35,0.281,0,1.0,-2.9917722,0
45,36,0.274,2,-0.05,-3.14017,0
45,37,0.272,1,-0.05,-3.3786938,0
45,38,0.264,0,1.0,-2.7898123,0
45,39,0.246,1,-0.05,-2.4335074,0
45,40,0.242,1,-0.05,-2.5682182,0
45,41,0.228,1,-0.05,-0.7688248,0
45,42,0.198,1,-100.0,0.47672033,0
46,0,0.658,0,1.0,-2.0041711,0
46,1,0.666,2,-0.05,-2.0614655,0
46,2,0.664,1,-0.05,-2.2190351,0
46,3,0.659,0,1.0,-2.0863636,0
46,4,0.658,1,-0.05,-1.9523989,0
46,5,0.642,1,-0.05,-2.1005046,0
46,6,0.641,1,-0.05,-1.1594133,0
46,7,0.611,1,-0.05,-0.7404933,0
46,8,0.596,1,-0.05,0.43907833,0
46,9,0.561,2,-0.05,-0.30877018,0
46,10,0.530,2,-0.05,0.6383848,0
46,11,0.520,2,-0.05,-0.21487927,0
46,12,0.452,0,1.0,-0.67677975,0
46,13,0.438,1,-0.05,-1.0413673,0
46,14,0.351,0,1.0,-0.83421874,0
46,15,0.248,0,1.0,-0.5421214,0
46,16,0.177,0,-100.0,-0.3533268,0
47,0,0.668,0,1.0,-2.2694635,0
47,1,0.654,0,1.0,-2.224936,0
47,2,0.669,0,1.0,-2.2989526,0
47,3,0.668,2,-0.05,-2.2302735,0
47,4,0.666,2,-0.05,-2.1889217,0
47,5,0.682,1,-0.05,-2.63698,0
47,6,0.687,0,1.0,-2.627948,0
47,7,0.706,1,-0.05,-2.5010514,0
47,8,0.707,0,1.0,-2.1746602,0
47,9,0.699,2,-0.05,-2.0950427,0
47,10,0.706,0,1.0,-2.4214237,0
47,11,0.684,1,-0.05,-2.3610928,0
47,12,0.683,2,-0.05,-2.082045,0
47,13,0.651,0,1.0,-2.3922544,0
47,14,0.639,2,-0.05,-2.610827,0
47,15,0.622,1,-0.05,-2.7278996,0
47,16,0.618,1,-0.05,-2.648829,0
47,17,0.621,1,-0.05,-2.0999417,0
47,18,0.622,2,-0.05,-1.8796266,0
47,19,0.619,0,1.0,-2.2542243,0
47,20,0.630,2,-0.05,-2.1483583,0
47,21,0.610,1,-0.05,-2.503362,0
47,22,0.626,2,-0.05,-2.1542294,0
47,23,0.598,0,1.0,-2.4765816,0
47,24,0.567,2,-0.05,-2.738154,0
47,25,0.530,0,1.0,-2.7855728,0
47,26,0.462,0,1.0,-2.5711935,0
47,27,0.438,1,-0.05,-2.6426725,0
47,28,0.427,2,-0.05,-2.3881478,0
47,29,0.352,0,1.0,-2.6005301,0
47,30,0.291,0,1.0,-2.2728658,0
47,31,0.243,1,-0.05,-2.4027424,0
47,32,0.211,0,1.0,-2.407627,0
47,33,0.151,0,-100.0,-2.1647234,0
48,0,0.668,0,1.0,-2.3994389,0
48,1,0.662,0,1.0,-2.3766975,0
48,2,0.676,1,-0.05,-2.3902826,0
48,3,0.648,0,1.0,-2.3571317,0
48,4,0.633,1,-0.05,-2.128065,0
48,5,0.618,1,-0.05,-1.5581484,0
48,6,0.613,1,-0.05,-0.9155817,0
48,7,0.579,1,-0.05,0.16901922,0
48,8,0.544,1,-0.05,-0.21642184,0
48,9,0.444,0,1.0,-1.7292166,0
48,10,0.369,1,-0.05,-1.6730967,0
48,11,0.330,1,-0.05,-1.6474915,0
48,12,0.298,1,-0.05,-0.931679,0
48,13,0.263,1,-0.05,-0.6087506,0
48,14,0.231,2,-0.05,0.20325089,0
48,15,0.195,1,-100.0,-0.6146698,0
49,0,0.676,1,-0.05,-2.4141216,0
49,1,0.671,1,-0.05,-2.345577,0
49,2,0.660,1,-0.05,-1.5179411,0
49,3,0.576,0,1.0,-0.9712682,0
49,4,0.549,1,-0.05,-0.5839095,0
49,5,0.526,2,-0.05,-0.07097721,0
49,6,0.504,2,-0.05,-0.6793263,0
49,7,0.473,2,-0.05,-0.8818965,0
49,8,0.471,1,-0.05,-2.2748742,0
49,9,0.460,1,-0.05,-1.2534931,0
49,10,0.446,2,-0.05,-0.78451777,0
49,11,0.432,1,-0.05,-0.9250128,0
49,12,0.423,2,-0.05,-0.96340036,0
49,13,0.388,1,-0.05,-0.98884463,0
49,14,0.306,0,1.0,-0.33819938,0
49,15,0.289,1,-0.05,-0.33400345,0
49,16,0.176,0,-100.0,-0.69365144,0
50,0,0.664,2,-0.05,-2.6324258,0
50,1,0.674,1,-0.05,-2.743661,0
50,2,0.667,1,-0.05,-2.7486284,0
50,3,0.668,1,-0.05,-2.5391521,0
50,4,0.658,1,-0.05,-1.8516165,0
50,5,0.644,2,-0.05,-1.0691652,0
50,6,0.626,1,-0.05,-1.3505534,0
50,7,0.617,2,-0.05,-1.0010321,0
50,8,0.565,0,1.0,-1.1760242,0
50,9,0.557,1,-0.05,-1.800631,0
50,10,0.540,1,-0.05,-1.0901468,0
50,11,0.522,1,-0.05,-0.5116918,0
50,12,0.495,1,-0.05,0.09909725,0
50,13,0.378,0,1.0,-0.91641474,0
50,14,0.330,1,-0.05,-1.4239919,0
50,15,0.297,2,-0.05,-1.7005167,0
50,16,0.252,1,-0.05,-0.86024165,0
50,17,0.157,0,-100.0,-1.5368562,0
51,0,0.670,1,-0.05,-2.7627842,0
51,1,0.652,0,1.0,-2.6266496,0
51,2,0.628,1,-0.05,-2.343565,0
51,3,0.637,1,-0.05,-1.5820053,0
51,4,0.605,1,-0.05,-1.1367321,0
51,5,0.588,1,-0.05,0.081576586,0
51,6,0.569,1,-0.05,-0.38446283,0
51,7,0.522,2,-0.05,-1.4979525,0
51,8,0.499,2,-0.05,-0.51826906,0
51,9,0.396,0,1.0,-0.006937027,0
51,10,0.348,1,-0.05,-0.54629517,0
51,11,0.320,1,-0.05,-0.2993145,0
51,12,0.200,0,1.0,-0.5898533,0
51,13,0.134,1,-100.0,-0.8922014,0
52,0,0.676,1,-0.05,-2.819869,0
52,1,0.651,2,-0.05,-2.6678545,0
52,2,0.650,2,-0.05,-2.710358,0
52,3,0.669,1,-0.05,-3.0142212,0
52,4,0.663,1,-0.05,-2.8373795,0
52,5,0.655,1,-0.05,-2.4551563,0
52,6,0.599,0,1.0,-1.4105406,0
52,7,0.564,2,-0.05,-1.1189241,0
52,8,0.515,0,1.0,-1.8643982,0
52,9,0.496,1,-0.05,-2.2806287,0
52,10,0.496,1,-0.05,-1.123064,0
52,11,0.478,1,-0.05,-0.9159615,0
52,12,0.439,2,-0.05,-0.36102676,0
52,13,0.424,1,-0.05,-0.589726,0
52,14,0.402,2,-0.05,-0.47530985,0
52,15,0.355,2,-0.05,-0.7308245,0
52,16,0.335,2,-0.05,-1.2409935,0
52,17,0.333,1,-0.05,-2.107039,0
52,18,0.327,1,-0.05,-1.4150012,0
52,19,0.297,1,-0.05,-1.0327702,0
52,20,0.285,2,-0.05,-0.7965226,0
52,21,0.260,1,-0.05,-0.9760566,0
52,22,0.154,0,-100.0,-1.0894213,0
53,0,0.658,1,-0.05,-2.993186,0
53,1,0.674,1,-0.05,-2.8416448,0
53,2,0.662,1,-0.05,-2.0818741,0
53,3,0.626,2,-0.05,-1.2573483,0
53,4,0.603,2,-0.05,-1.6217918,0
53,5,0.594,0,1.0,-2.7529125,0
53,6,0.600,1,-0.05,-2.9091153,0
53,7,0.590,1,-0.05,-2.4627256,0
53,8,0.561,2,-0.05,-1.4508004,0
53,9,0.547,1,-0.05,-2.527966,0
53,10,0.505,0,1.0,-1.4120367,0
53,11,0.479,1,-0.05,-1.3140061,0
53,12,0.464,1,-0.05,-0.81419206,0
53,13,0.435,1,-0.05,-0.4969492,0
53,14,0.409,1,-0.05,-0.86624956,0
53,15,0.371,1,-0.05,-2.4358478,0
53,16,0.247,0,1.0,-2.4160147,0
53,17,0.181,2,-100.0,-2.1915526,0
54,0,0.671,2,-0.05,-3.2912126,0
54,1,0.690,0,1.0,-3.3710847,0
54,2,0.699,1,-0.05,-3.744462,0
54,3,0.697,1,-0.05,-3.3758588,0
54,4,0.708,0,1.0,-2.890723,0
54,5,0.695,1,-0.05,-2.9804223,0
54,6,0.697,1,-0.05,-2.5836833,0
54,7,0.636,0,1.0,-1.6230853,0
54,8,0.600,2,-0.05,-1.3961489,0
54,9,0.571,2,-0.05,-1.5461342,0
54,10,0.576,1,-0.05,-2.9613676,0
54,11,0.533,0,1.0,-2.12459,0
54,12,0.507,1,-0.05,-1.3428116,0
54,13,0.489,1,-0.05,-1.5012422,0
54,14,0.466,2,-0.05,-0.8242917,0
54,15,0.455,1,-0.05,-1.3511424,0
54,16,0.353,0,1.0,-0.8720331,0
54,17,0.302,2,-0.05,-1.2955499,0
54,18,0.255,0,1.0,-1.300056,0
54,19,0.202,1,-0.05,-1.1094856,0
54,20,0.191,1,-100.0,-1.7574277,0
55,0,0.676,1,-0.05,-3.1856637,0
55,1,0.649,0,1.0,-3.0345726,0
55,2,0.638,1,-0.05,-2.6559825,0
55,3,0.610,1,-0.05,-1.7530105,0
55,4,0.593,1,-0.05,-1.3964272,0
55,5,0.585,2,-0.05,-0.4640739,0
55,6,0.560,1,-0.05,-1.2875371,0
55,7,0.537,1,-0.05,-0.41824627,0
55,8,0.524,1,-0.05,-0.5080199,0
55,9,0.411,0,1.0,-1.7973104,0
55,10,0.358,1,-0.05,-2.621047,0
55,11,0.203,0,1.0,-2.6083765,0
55,12,0.174,2,-100.0,-2.585834,0
56,0,0.676,1,-0.05,-3.376306,0
56,1,0.675,1,-0.05,-3.0585978,0
56,2,0.660,1,-0.05,-2.2982445,0
56,3,0.648,1,-0.05,-1.3464329,0
56,4,0.630,1,-0.05,-0.5241616,0
56,5,0.552,0,1.0,-0.49087572,0
56,6,0.473,2,-0.05,-1.1940508,0
56,7,0.460,1,-0.05,-0.6408949,0
56,8,0.434,2,-0.05,-0.72478294,0
56,9,0.398,1,-0.05,-0.85083675,0
56,10,0.370,1,-0.05,-0.6728492,0
56,11,0.248,0,1.0,-2.6368012,0
56,12,0.173,1,-100.0,-2.522016,0
57,0,0.666,0,1.0,-3.2418833,0
57,1,0.665,1,-0.05,-3.22043,0
57,2,0.666,1,-0.05,-2.9996374,0
57,3,0.603,0,1.0,-1.7785919,0
57,4,0.573,2,-0.05,-1.6459844,0
57,5,0.561,1,-0.05,-2.4796534,0
57,6,0.548,1,-0.05,-1.441694,0
57,7,0.522,1,-0.05,-0.9667969,0
57,8,0.490,1,-0.05,-0.75831366,0
57,9,0.464,1,-0.05,-2.1016102,0
57,10,0.331,0,1.0,-3.0562358,0
57,11,0.163,0,-100.0,-2.7718077,0
58,0,0.670,1,-0.05,-3.2429032,0
58,1,0.635,0,1.0,-3.0282083,0
58,2,0.616,1,-0.05,-2.6715384,0
58,3,0.616,1,-0.05,-1.6647401,0
58,4,0.592,1,-0.05,-1.4297588,0
58,5,0.560,2,-0.05,-0.6086068,0
58,6,0.546,1,-0.05,-0.9978535,0
58,7,0.509,2,-0.05,-0.71067,0
58,8,0.480,1,-0.05,-0.93528795,0
58,9,0.388,0,1.0,-0.8234644,0
58,10,0.361,1,-0.05,-1.1419563,0
58,11,0.303,2,-0.05,-1.1796885,0
58,12,0.288,2,-0.05,-1.374198,0
58,13,0.270,2,-0.05,-1.6620598,0
58,14,0.194,0,-100.0,-1.3480158,0
59,0,0.677,1,-0.05,-3.1573925,0
59,1,0.638,0,1.0,-2.9300632,0
59,2,0.603,0,1.0,-2.7703753,0
59,3,0.587,2,-0.05,-2.816405,0
59,4,0.572,1,-0.05,-3.1571755,0
59,5,0.578,1,-0.05,-2.9478192,0
59,6,0.580,1,-0.05,-1.7559888,0
59,7,0.542,1,-0.05,-1.2084785,0
59,8,0.518,2,-0.05,-0.76274824,0
59,9,0.513,1,-0.05,-0.94449306,0
59,10,0.491,1,-0.05,-0.95378923,0
59,11,0.456,2,-0.05,-1.4027314,0
59,12,0.437,1,-0.05,-1.1763844,0
59,13,0.337,0,1.0,-1.3455739,0
59,14,0.263,2,-0.05,-1.6948023,0
59,15,0.239,2,-0.05,-1.1663127,0
59,16,0.208,2,-0.05,-2.281567,0
59,17,0.183,2,-100.0,-1.4859138,0
60,0,0.671,2,-0.05,-3.0816393,0
60,1,0.689,0,1.0,-3.5478559,0
60,2,0.702,1,-0.05,-3.8000572,0
60,3,0.702,2,-0.05,-3.53864,0
60,4,0.683,1,-0.05,-3.929573,0
60,5,0.683,1,-0.05,-3.6068847,0
60,6,0.676,1,-0.05,-2.4956932,0
60,7,0.700,2,-0.05,-2.3447452,0
60,8,0.698,2,-0.05,-2.4879777,0
60,9,0.690,0,1.0,-3.3211343,0
60,10,0.680,0,1.0,-3.5462286,0
60,11,0.667,1,-0.05,-3.53954,0
60,12,0.674,0,1.0,-2.44875,0
60,13,0.675,0,1.0,-2.4287162,0
60,14,0.698,0,1.0,-2.5090833,0
60,15,0.706,1,-0.05,-2.5685194,0
60,16,0.709,2,-0.05,-2.8836792,0
60,17,0.706,1,-0.05,-2.6943305,0
60,18,0.689,0,1.0,-2.5948713,0
60,19,0.665,1,-0.05,-2.9858854,0
60,20,0.658,1,-0.05,-2.339497,0
60,21,0.646,1,-0.05,-1.6782718,0
60,22,0.626,2,-0.05,-0.7838843,0
60,23,0.607,1,-0.05,-1.2512984,0
60,24,0.590,1,-0.05,-0.81768227,0
60,25,0.573,2,-0.05,-1.1127577,0
60,26,0.510,0,1.0,-0.8951776,0
60,27,0.466,1,-0.05,-1.1184883,0
60,28,0.455,1,-0.05,-1.3957343,0
60,29,0.430,2,-0.05,-1.2058892,0
60,30,0.406,1,-0.05,-1.1923623,0
60,31,0.379,2,-0.05,-1.2484255,0
60,32,0.301,0,1.0,-1.238452,0
60,33,0.261,2,-0.05,-1.3678432,0
60,34,0.245,1,-0.05,-1.6864891,0
60,35,0.222,2,-0.05,-1.6097574,0
60,36,0.172,0,-100.0,-1.6655483,0
61,0,0.665,0,1.0,-2.7854395,0
61,1,0.675,1,-0.05,-2.746515,0
61,2,0.645,0,1.0,-2.3935595,0
61,3,0.652,1,-0.05,-2.5183876,0
61,4,0.642,1,-0.05,-2.68132,0
61,5,0.581,0,1.0,-1.7096512,0
61,6,0.566,1,-0.05,-1.3541222,0
61,7,0.549,1,-0.05,-1.24646,0
61,8,0.525,1,-0.05,-0.9852557,0
61,9,0.471,1,-0.05,-1.9257793,0
61,10,0.470,2,-0.05,-3.5709214,0
61,11,0.425,1,-0.05,-3.0488672,0
61,12,0.394,1,-0.05,-3.621038,0
61,13,0.357,1,-0.05,-2.9667149,0
61,14,0.320,1,-0.05,-2.5071807,0
61,15,0.244,0,1.0,-2.2720208,0
61,16,0.167,1,-100.0,-1.5605369,0
62,0,0.671,2,-0.05,-2.5901706,0
62,1,0.666,1,-0.05,-3.4361737,0
62,2,0.672,2,-0.05,-2.7745833,0
62,3,0.659,2,-0.05,-3.5620143,0
62,4,0.692,2,-0.05,-3.189711,0
62,5,0.699,1,-0.05,-2.0027857,0
62,6,0.666,0,1.0,-3.0833123,0
62,7,0.631,1,-0.05,-3.6506534,0
62,8,0.600,0,1.0,-3.908569,0
62,9,0.593,2,-0.05,-3.6263008,0
62,10,0.555,0,1.0,-4.2206244,0
62,11,0.531,1,-0.05,-3.985672,0
62,12,0.510,1,-0.05,-4.5397444,0
62,13,0.501,1,-0.05,-2.5607867,0
62,14,0.533,0,1.0,-1.5688018,0
62,15,0.561,2,-0.05,-1.6206205,0
62,16,0.551,0,1.0,-1.6715354,0
62,17,0.573,0,1.0,-1.8917196,0
62,18,0.575,2,-0.05,-2.151883,0
62,19,0.581,1,-0.05,-2.699379,0
62,20,0.584,0,1.0,-1.9796536,0
62,21,0.594,0,1.0,-1.8520038,0
62,22,0.618,0,1.0,-2.1330009,0
62,23,0.644,0,1.0,-2.7810023,0
62,24,0.663,0,1.0,-2.9910004,0
62,25,0.657,1,-0.05,-3.0483406,0
62,26,0.678,1,-0.05,-2.291881,0
62,27,0.690,1,-0.05,-1.4116408,0
62,28,0.641,0,1.0,-0.5722244,0
62,29,0.557,0,1.0,-0.40218067,0
62,30,0.519,2,-0.05,-0.55748606,0
62,31,0.495,1,-0.05,-0.6560364,0
62,32,0.412,0,1.0,-1.3955135,0
62,33,0.360,1,-0.05,-1.3364005,0
62,34,0.333,2,-0.05,-0.61625385,0
62,35,0.315,1,-0.05,-0.78766155,0
62,36,0.296,1,-0.05,-0.96114874,0
62,37,0.264,1,-0.05,-2.8830867,0
62,38,0.237,2,-0.05,-3.5040555,0
62,39,0.138,0,-100.0,-3.525074,0
63,0,0.665,0,1.0,-2.631541,0
63,1,0.666,0,1.0,-2.6640906,0
63,2,0.660,2,-0.05,-2.6843166,0
63,3,0.664,1,-0.05,-3.3587954,0
63,4,0.674,1,-0.05,-2.4547763,0
63,5,0.674,1,-0.05,-2.2978196,0
63,6,0.660,1,-0.05,-1.3845967,0
63,7,0.638,2,-0.05,-1.0318112,0
63,8,0.616,1,-0.05,-1.2014363,0
63,9,0.555,0,1.0,-1.0012758,0
63,10,0.505,1,-0.05,-0.8358364,0
63,11,0.489,1,-0.05,-1.4875007,0
63,12,0.398,0,1.0,-2.1672387,0
63,13,0.230,0,1.0,-2.8256483,0
63,14,0.120,0,-100.0,-2.666215,0
64,0,0.668,0,1.0,-2.7315822,0
64,1,0.672,1,-0.05,-2.6891277,0
64,2,0.660,1,-0.05,-2.3333461,0
64,3,0.658,1,-0.05,-2.1560252,0
64,4,0.647,1,-0.05,-1.3315835,0
64,5,0.619,1,-0.05,-0.9654341,0
64,6,0.620,1,-0.05,-0.7440634,0
64,7,0.597,1,-0.05,-2.2975287,0
64,8,0.570,1,-0.05,-3.4863992,0
64,9,0.529,1,-0.05,-4.1386995,0
64,10,0.502,2,-0.05,-3.319893,0
64,11,0.392,0,1.0,-4.137764,0
64,12,0.272,0,1.0,-3.9931173,0
64,13,0.181,1,-100.0,-3.7562895,0
65,0,0.654,0,1.0,-2.644949,0
65,1,0.666,0,1.0,-2.6205683,0
65,2,0.672,1,-0.05,-2.632058,0
65,3,0.642,1,-0.05,-2.193505,0
65,4,0.648,1,-0.05,-1.715727,0
65,5,0.636,1,-0.05,-1.14357,0
65,6,0.613,1,-0.05,-0.6690364,0
65,7,0.532,0,1.0,-1.8974986,0
65,8,0.362,0,1.0,-2.3754387,0
65,9,0.333,1,-0.05,-1.9417787,0
65,10,0.309,1,-0.05,-3.0782266,0
65,11,0.207,0,1.0,-3.815773,0
65,12,0.125,2,-100.0,-4.0113707,0
66,0,0.672,0,1.0,-2.8949661,0
66,1,0.673,0,1.0,-2.956935,0
66,2,0.673,0,1.0,-2.9446616,0
66,3,0.679,0,1.0,-2.9357486,0
66,4,0.690,0,1.0,-2.9251812,0
66,5,0.692,0,1.0,-2.7142534,0
66,6,0.673,0,1.0,-2.664711,0
66,7,0.681,0,1.0,-2.6634922,0
66,8,0.700,1,-0.05,-2.6966615,0
66,9,0.679,0,1.0,-2.3683622,0
66,10,0.677,1,-0.05,-2.691915,0
66,11,0.666,1,-0.05,-1.966536,0
66,12,0.621,0,1.0,-1.2728236,0
66,13,0.507,0,1.0,-1.1426611,0
66,14,0.481,2,-0.05,-1.1183999,0
66,15,0.421,0,1.0,-1.3142984,0
66,16,0.410,1,-0.05,-1.9726658,0
66,17,0.399,1,-0.05,-0.7526369,0
66,18,0.365,2,-0.05,-1.5054698,0
66,19,0.352,1,-0.05,-2.1574988,0
66,20,0.274,0,1.0,-1.8560495,0
66,21,0.220,2,-0.05,-2.3559375,0
66,22,0.152,0,-100.0,-2.1887803,0
67,0,0.677,1,-0.05,-2.64397,0
67,1,0.631,0,1.0,-1.9852228,0
67,2,0.624,2,-0.05,-2.1634731,0
67,3,0.606,1,-0.05,-2.1713085,0
67,4,0.619,1,-0.05,-2.296597,0
67,5,0.567,0,1.0,-1.1236341,0
67,6,0.524,1,-0.05,-1.0892279,0
67,7,0.509,2,-0.05,-0.94884634,0
67,8,0.488,1,-0.05,-1.1679955,0
67,9,0.466,1,-0.05,-1.13556,0
67,10,0.383,0,1.0,-1.893076,0
67,11,0.311,1,-0.05,-1.793673,0
67,12,0.210,0,1.0,-2.8742065,0
67,13,0.151,1,-100.0,-3.2303586,0
68,0,0.654,0,1.0,-2.5444202,0
68,1,0.658,1,-0.05,-2.468428,0
68,2,0.658,2,-0.05,-1.8753822,0
68,3,0.663,0,1.0,-2.3207855,0
68,4,0.663,1,-0.05,-2.9151168,0
68,5,0.639,0,1.0,-2.205749,0
68,6,0.609,0,1.0,-2.03144,0
68,7,0.578,0,1.0,-2.2051706,0
68,8,0.573,1,-0.05,-2.720096,0
68,9,0.557,1,-0.05,-1.9164662,0
68,10,0.540,2,-0.05,-1.0190356,0
68,11,0.530,1,-0.05,-1.6551849,0
68,12,0.524,2,-0.05,-1.1404757,0
68,13,0.488,2,-0.05,-0.95395184,0
68,14,0.475,0,1.0,-2.670968,0
68,15,0.465,0,1.0,-2.9061766,0
68,16,0.459,2,-0.05,-2.959674,0
68,17,0.454,1,-0.05,-3.2229016,0
68,18,0.464,1,-0.05,-2.975851,0
68,19,0.446,1,-0.05,-2.1404738,0
68,20,0.420,1,-0.05,-1.4598207,0
68,21,0.415,2,-0.05,-1.7464457,0
68,22,0.396,2,-0.05,-1.5973415,0
68,23,0.379,1,-0.05,-1.588449,0
68,24,0.372,1,-0.05,-1.6420193,0
68,25,0.337,2,-0.05,-2.045,0
68,26,0.330,1,-0.05,-2.322701,0
68,27,0.306,1,-0.05,-2.4354835,0
68,28,0.285,1,-0.05,-2.371932,0
68,29,0.261,1,-0.05,-2.705307,0
68,30,0.231,1,-0.05,-4.2913213,0
68,31,0.201,2,-0.05,-5.1062727,0
68,32,0.141,2,-100.0,-4.5023255,0
69,0,0.667,0,1.0,-2.8289876,0
69,1,0.676,2,-0.05,-2.8746045,0
69,2,0.674,2,-0.05,-3.3343909,0
69,3,0.692,0,1.0,-3.275622,0
69,4,0.671,1,-0.05,-3.053524,0
69,5,0.663,1,-0.05,-3.758703,0
69,6,0.659,1,-0.05,-3.431727,0
69,7,0.648,1,-0.05,-1.5923009,0
69,8,0.693,0,1.0,-1.6829555,0
69,9,0.675,0,1.0,-1.5104816,0
69,10,0.640,1,-0.05,-1.5026473,0
69,11,0.587,0,1.0,-1.035758,0
69,12,0.533,2,-0.05,-1.2373831,0
69,13,0.524,2,-0.05,-1.078224,0
69,14,0.517,2,-0.05,-2.6015124,0
69,15,0.506,0,1.0,-3.0874805,0
69,16,0.531,0,1.0,-3.4085457,0
69,17,0.536,1,-0.05,-3.4472277,0
69,18,0.525,0,1.0,-2.9861116,0
69,19,0.503,0,1.0,-3.0316496,0
69,20,0.478,0,1.0,-2.8264558,0
69,21,0.470,1,-0.05,-3.0838566,0
69,22,0.465,2,-0.05,-2.654128,0
69,23,0.436,0,1.0,-3.3356514,0
69,24,0.441,2,-0.05,-3.2814834,0
69,25,0.444,1,-0.05,-3.3767197,0
69,26,0.448,1,-0.05,-3.4413288,0
69,27,0.436,1,-0.05,-3.6293707,0
69,28,0.419,2,-0.05,-1.0097048,0
69,29,0.400,2,-0.05,-2.5566502,0
69,30,0.392,1,-0.05,-4.114681,0
69,31,0.351,0,1.0,-4.003993,0
69,32,0.331,1,-0.05,-3.2903986,0
69,33,0.313,2,-0.05,-1.7924218,0
69,34,0.296,1,-0.05,-3.4962258,0
69,35,0.292,1,-0.05,-2.0262585,0
69,36,0.262,1,-0.05,-2.7021313,0
69,37,0.237,2,-0.05,-1.7676673,0
69,38,0.211,1,-0.05,-1.9289694,0
69,39,0.196,1,-100.0,-1.9279923,0
70,0,0.654,0,1.0,-2.1570365,0
70,1,0.667,0,1.0,-2.0551789,0
70,2,0.657,0,1.0,-2.0625381,0
70,3,0.655,1,-0.05,-2.116233,0
70,4,0.645,2,-0.05,-1.4221966,0
70,5,0.642,0,1.0,-2.1337092,0
70,6,0.655,0,1.0,-2.817779,0
70,7,0.658,0,1.0,-2.8951564,0
70,8,0.684,1,-0.05,-2.4927645,0
70,9,0.675,1,-0.05,-2.0233994,0
70,10,0.667,1,-0.05,-2.0361414,0
70,11,0.655,1,-0.05,-0.8653941,0
70,12,0.580,0,1.0,-0.6311791,0
70,13,0.482,0,1.0,-1.1887784,0
70,14,0.388,0,1.0,-1.6749172,0
70,15,0.317,2,-0.05,-2.4032564,0
70,16,0.312,1,-0.05,-2.2534723,0
70,17,0.300,1,-0.05,-2.9965086,0
70,18,0.260,2,-0.05,-2.9627361,0
70,19,0.250,1,-0.05,-2.9111595,0
70,20,0.214,1,-0.05,-3.0106206,0
70,21,0.175,1,-100.0,-3.1680832,0
71,0,0.671,2,-0.05,-1.9972962,0
71,1,0.684,0,1.0,-3.4594705,0
71,2,0.694,1,-0.05,-3.7500749,0
71,3,0.692,0,1.0,-3.2431734,0
71,4,0.695,2,-0.05,-2.1555018,0
71,5,0.702,2,-0.05,-3.5272045,0
71,6,0.702,2,-0.05,-3.3018203,0
71,7,0.686,1,-0.05,-1.9962668,0
71,8,0.672,2,-0.05,-3.0956876,0
71,9,0.613,0,1.0,-2.1706984,0
71,10,0.520,0,1.0,-2.0640082,0
71,11,0.487,1,-0.05,-2.5496945,0
71,12,0.471,1,-0.05,-3.9825754,0
71,13,0.447,1,-0.05,-4.7741203,0
71,14,0.464,0,1.0,-2.8947577,0
71,15,0.464,0,1.0,-1.9127861,0
71,16,0.455,1,-0.05,-1.9274951,0
71,17,0.449,2,-0.05,-0.21092993,0
71,18,0.459,2,-0.05,-1.9744692,0
71,19,0.425,0,1.0,-4.2182927,0
71,20,0.412,1,-0.05,-4.966,0
71,21,0.422,2,-0.05,-3.8932688,0
71,22,0.404,2,-0.05,-4.9924483,0
71,23,0.393,1,-0.05,-4.4175205,0
71,24,0.359,0,1.0,-5.1035757,0
71,25,0.341,1,-0.05,-4.900973,0
71,26,0.324,0,1.0,-4.0730906,0
71,27,0.312,0,1.0,-3.3175108,0
71,28,0.316,2,-0.05,-3.3648946,0
71,29,0.262,0,1.0,-4.852029,0
71,30,0.258,1,-0.05,-4.986102,0
71,31,0.252,1,-0.05,-4.5634866,0
71,32,0.258,0,1.0,-1.2256153,0
71,33,0.269,1,-0.05,-0.5890407,0
71,34,0.285,0,1.0,-0.6023593,0
71,35,0.299,2,-0.05,-0.7675918,0
71,36,0.310,1,-0.05,-1.6796658,0
71,37,0.345,0,1.0,-0.6705129,0
71,38,0.370,1,-0.05,-0.8923261,0
71,39,0.374,1,-0.05,-0.65717936,0
71,40,0.378,1,-0.05,0.48932147,0
71,41,0.413,1,-0.05,-1.8830824,0
71,42,0.442,1,-0.05,-3.1855927,0
71,43,0.557,0,1.0,-5.873477,0
71,44,0.682,0,1.0,-5.6810308,0
71,45,0.666,2,-0.05,-4.64244,0
71,46,0.633,2,-0.05,-5.4000807,0
71,47,0.603,1,-0.05,-5.142809,0
71,48,0.561,2,-0.05,-4.934258,0
71,49,0.468,0,1.0,-5.1747365,0
71,50,0.374,0,1.0,-4.7588043,0
71,51,0.330,2,-0.05,-3.657236,0
71,52,0.304,1,-0.05,-4.506405,0
71,53,0.282,1,-0.05,-3.6028051,0
71,54,0.249,1,-0.05,-3.1442847,0
71,55,0.161,0,-100.0,-5.026998,0
72,0,0.664,2,-0.05,-2.011977,0
72,1,0.654,2,-0.05,-3.4551973,0
72,2,0.676,1,-0.05,-2.5475054,0
72,3,0.691,2,-0.05,-3.8521662,0
72,4,0.665,0,1.0,-2.831854,0
72,5,0.623,1,-0.05,-2.6412892,0
72,6,0.619,1,-0.05,-3.968291,0
72,7,0.610,1,-0.05,-3.818909,0
72,8,0.621,0,1.0,-0.87362766,0
72,9,0.652,0,1.0,-0.45814693,0
72,10,0.655,1,-0.05,-0.52714956,0
72,11,0.695,0,1.0,-1.5002913,0
72,12,0.671,2,-0.05,-1.2769923,0
72,13,0.654,0,1.0,-1.4489079,0
72,14,0.626,0,1.0,-0.9667108,0
72,15,0.613,2,-0.05,-1.5104066,0
72,16,0.628,0,1.0,-1.9489781,0
72,17,0.619,2,-0.05,-2.5325718,0
72,18,0.641,1,-0.05,-3.1853478,0
72,19,0.652,1,-0.05,-2.5208488,0
72,20,0.632,2,-0.05,-2.0341952,0
72,21,0.643,0,1.0,-2.2517478,0
72,22,0.648,0,1.0,-2.6048236,0
72,23,0.631,2,-0.05,-2.9251418,0
72,24,0.667,1,-0.05,-2.7263448,0
72,25,0.653,1,-0.05,-3.1091127,0
72,26,0.657,1,-0.05,-3.0195239,0
72,27,0.658,1,-0.05,-0.719929,0
72,28,0.623,1,-0.05,-0.6374817,0
72,29,0.604,2,-0.05,-0.68948936,0
72,30,0.589,1,-0.05,-1.0613253,0
72,31,0.570,1,-0.05,-1.1824441,0
72,32,0.444,0,1.0,-3.3061829,0
72,33,0.382,2,-0.05,-3.6959958,0
72,34,0.358,1,-0.05,-3.3258305,0
72,35,0.335,2,-0.05,-3.1681771,0
72,36,0.292,1,-0.05,-3.4887466,0
72,37,0.268,1,-0.05,-3.1906395,0
72,38,0.166,0,-100.0,-7.341198,0
73,0,0.668,0,1.0,-1.910621,0
73,1,0.652,2,-0.05,-1.8932282,0
73,2,0.691,0,1.0,-3.5835009,0
73,3,0.698,0,1.0,-3.900637,0
73,4,0.645,0,1.0,-3.9733462,0
73,5,0.626,1,-0.05,-4.107854,0
73,6,0.645,0,1.0,-3.1022766,0
73,7,0.645,2,-0.05,-1.4014485,0
73,8,0.615,0,1.0,-3.4268084,0
73,9,0.586,0,1.0,-3.984029,0
73,10,0.575,1,-0.05,-4.0818295,0
73,11,0.561,1,-0.05,-3.2622368,0
73,12,0.578,0,1.0,-0.1838336,0
73,13,0.630,0,1.0,-0.9899856,0
73,14,0.665,0,1.0,-1.6499598,0
73,15,0.673,1,-0.05,-1.7860693,0
73,16,0.676,1,-0.05,-0.9479519,0
73,17,0.679,0,1.0,-0.23128271,0
73,18,0.628,1,-0.05,-0.64925504,0
73,19,0.544,0,1.0,-1.5784116,0
73,20,0.455,0,1.0,-2.0650587,0
73,21,0.383,2,-0.05,-2.860983,0
73,22,0.317,0,1.0,-2.1084876,0
73,23,0.264,1,-0.05,-2.8285632,0
73,24,0.248,1,-0.05,-4.140357,0
73,25,0.226,1,-0.05,-3.376041,0
73,26,0.184,2,-100.0,-4.74226,0
74,0,0.667,0,1.0,-2.0027058,0
74,1,0.672,0,1.0,-2.1621428,0
74,2,0.688,1,-0.05,-2.1724625,0
74,3,0.664,0,1.0,-0.8770264,0
74,4,0.640,2,-0.05,-0.55778956,0
74,5,0.641,0,1.0,-1.4792746,0
74,6,0.646,0,1.0,-1.8820895,0
74,7,0.654,1,-0.05,-1.9059925,0
74,8,0.640,0,1.0,-0.8536463,0
74,9,0.607,0,1.0,-0.7203299,0
74,10,0.610,2,-0.05,-1.208719,0
74,11,0.597,0,1.0,-1.232616,0
74,12,0.604,2,-0.05,-1.7674868,0
74,13,0.614,0,1.0,-2.2813516,0
74,14,0.629,1,-0.05,-2.781686,0
74,15,0.621,0,1.0,-2.197726,0
74,16,0.642,0,1.0,-2.089326,0
74,17,0.627,2,-0.05,-2.3482995,0
74,18,0.640,1,-0.05,-2.3460553,0
74,19,0.620,1,-0.05,-2.8728995,0
74,20,0.601,0,1.0,-2.4405892,0
74,21,0.601,1,-0.05,-2.1317782,0
74,22,0.522,0,1.0,-1.1624532,0
74,23,0.516,1,-0.05,-1.1959772,0
74,24,0.453,0,1.0,-1.2100773,0
74,25,0.323,0,1.0,-2.0430193,0
74,26,0.234,0,1.0,-3.192452,0
74,27,0.207,2,-0.05,-3.9643655,0
74,28,0.184,1,-100.0,-4.0940566,0
75,0,0.654,0,1.0,-1.4502022,0
75,1,0.653,2,-0.05,-1.2814182,0
75,2,0.659,2,-0.05,-3.5233366,0
75,3,0.682,2,-0.05,-2.8118405,0
75,4,0.690,2,-0.05,-1.335325,0
75,5,0.634,0,1.0,-1.4622324,0
75,6,0.567,1,-0.05,-2.285335,0
75,7,0.556,1,-0.05,-1.7737136,0
75,8,0.546,1,-0.05,-3.3848243,0
75,9,0.521,1,-0.05,-4.420998,0
75,10,0.517,0,1.0,-2.3985314,0
75,11,0.518,0,1.0,-1.4220159,0
75,12,0.522,1,-0.05,-1.4402621,0
75,13,0.510,1,-0.05,0.48301515,0
75,14,0.544,2,-0.05,-0.22285652,0
75,15,0.553,0,1.0,0.45874754,0
75,16,0.576,2,-0.05,0.53801566,0
75,17,0.573,2,-0.05,-0.6599673,0
75,18,0.535,0,1.0,-3.9615693,0
75,19,0.522,1,-0.05,-4.3614483,0
75,20,0.510,0,1.0,-3.660963,0
75,21,0.488,0,1.0,-2.1211667,0
75,22,0.480,2,-0.05,-2.3223941,0
75,23,0.473,1,-0.05,-4.19514,0
75,24,0.485,0,1.0,-2.3589342,0
75,25,0.466,0,1.0,-1.2501113,0
75,26,0.484,0,1.0,-1.136585,0
75,27,0.468,0,1.0,-1.380857,0
75,28,0.463,1,-0.05,-1.9627242,0
75,29,0.471,1,-0.05,-1.5660012,0
75,30,0.486,1,-0.05,-0.33783162,0
75,31,0.549,0,1.0,-0.68886685,0
75,32,0.619,0,1.0,0.07316184,0
75,33,0.675,2,-0.05,-0.030210733,0
75,34,0.682,2,-0.05,-0.105783224,0
75,35,0.704,0,1.0,-2.6623538,0
75,36,0.682,2,-0.05,-4.2877917,0
75,37,0.685,1,-0.05,-5.0071697,0
75,38,0.685,1,-0.05,-4.6869307,0
75,39,0.675,2,-0.05,-2.2127063,0
75,40,0.668,1,-0.05,-3.8395257,0
75,41,0.650,1,-0.05,-0.70750046,0
75,42,0.631,2,-0.05,-1.2337852,0
75,43,0.623,1,-0.05,-0.90905,0
75,44,0.598,1,-0.05,-1.7575345,0
75,45,0.583,1,-0.05,-4.8110085,0
75,46,0.563,2,-0.05,-4.747638,0
75,47,0.514,1,-0.05,-4.369966,0
75,48,0.499,1,-0.05,-3.9136543,0
75,49,0.463,2,-0.05,-5.214996,0
75,50,0.395,0,1.0,-4.3970146,0
75,51,0.329,1,-0.05,-3.7248917,0
75,52,0.293,2,-0.05,-4.466298,0
75,53,0.270,1,-0.05,-3.6701303,0
75,54,0.233,2,-0.05,-4.6613526,0
75,55,0.213,1,-0.05,-3.8338184,0
75,56,0.179,2,-100.0,-4.4631715,0
76,0,0.667,0,1.0,-1.491181,0
76,1,0.676,2,-0.05,-1.5390455,0
76,2,0.707,0,1.0,-3.1513088,0
76,3,0.705,1,-0.05,-3.590765,0
76,4,0.685,1,-0.05,-2.5864906,0
76,5,0.693,1,-0.05,-0.03125024,0
76,6,0.703,1,-0.05,-0.06522846,0
76,7,0.698,1,-0.05,-0.7521446,0
76,8,0.674,1,-0.05,-0.3202741,0
76,9,0.647,2,-0.05,-1.9234018,0
76,10,0.572,0,1.0,-0.6416235,0
76,11,0.490,0,1.0,-0.71521044,0
76,12,0.436,1,-0.05,-1.4534883,0
76,13,0.425,1,-0.05,-3.2431502,0
76,14,0.395,1,-0.05,-4.077981,0
76,15,0.366,2,-0.05,-6.567096,0
76,16,0.255,0,1.0,-5.6397686,0
76,17,0.202,2,-0.05,-4.686331,0
76,18,0.129,0,-100.0,-4.7033596,0
77,0,0.666,0,1.0,-1.1340659,0
77,1,0.671,1,-0.05,-1.1337775,0
77,2,0.657,0,1.0,0.07187402,0
77,3,0.619,0,1.0,0.1654712,0
77,4,0.590,0,1.0,-0.035693645,0
77,5,0.571,1,-0.05,-0.14761603,0
77,6,0.569,1,-0.05,-1.4416995,0
77,7,0.576,1,-0.05,-0.64545774,0
77,8,0.536,1,-0.05,-0.7965245,0
77,9,0.531,1,-0.05,-3.205132,0
77,10,0.491,1,-0.05,-5.2518187,0
77,11,0.458,1,-0.05,-7.3828425,0
77,12,0.432,1,-0.05,-7.6476827,0
77,13,0.388,1,-0.05,-6.335702,0
77,14,0.357,1,-0.05,-5.8441353,0
77,15,0.276,0,1.0,-4.369417,0
77,16,0.208,1,-0.05,-3.889956,0
77,17,0.120,0,-100.0,-3.1274905,0
78,0,0.668,0,1.0,-1.0991733,0
78,1,0.654,0,1.0,-1.0715039,0
78,2,0.660,1,-0.05,-1.0736154,0
78,3,0.654,0,1.0,0.09460139,0
78,4,0.604,0,1.0,0.19867843,0
78,5,0.594,2,-0.05,0.014392853,0
78,6,0.607,1,-0.05,-0.37704074,0
78,7,0.552,0,1.0,-0.48218453,0
78,8,0.532,2,-0.05,-1.3297374,0
78,9,0.531,1,-0.05,-0.5791193,0
78,10,0.534,1,-0.05,-1.7345636,0
78,11,0.529,1,-0.05,-0.6219888,0
78,12,0.440,0,1.0,-1.8406968,0
78,13,0.387,1,-0.05,-3.2940226,0
78,14,0.303,0,1.0,-4.1736784,0
78,15,0.149,0,-100.0,-5.1494064,0
79,0,0.672,2,-0.05,-1.0398991,0
79,1,0.682,0,1.0,-3.1821,0
79,2,0.710,2,-0.05,-3.642151,0
79,3,0.670,0,1.0,-2.5601392,0
79,4,0.638,1,-0.05,-2.367453,0
79,5,0.619,2,-0.05,-3.7108932,0
79,6,0.617,1,-0.05,-2.618253,0
79,7,0.598,1,-0.05,-3.801486,0
79,8,0.576,0,1.0,-2.8997326,0
79,9,0.592,0,1.0,-1.1849034,0
79,10,0.588,0,1.0,-1.1620343,0
79,11,0.583,0,1.0,-1.1309282,0
79,12,0.586,2,-0.05,-1.1123576,0
79,13,0.556,0,1.0,-3.0442762,0
79,14,0.537,0,1.0,-3.8080132,0
79,15,0.505,0,1.0,-3.999307,0
79,16,0.488,1,-0.05,-4.1444726,0
79,17,0.474,0,1.0,-1.8644987,0
79,18,0.465,2,-0.05,-0.46490777,0
79,19,0.452,0,1.0,-3.4253788,0
79,20,0.452,2,-0.05,-4.4665613,0
79,21,0.438,1,-0.05,-4.9429536,0
79,22,0.419,0,1.0,-4.528749,0
79,23,0.413,0,1.0,-2.6762152,0
79,24,0.402,2,-0.05,-1.8783963,0
79,25,0.357,0,1.0,-3.783755,0
79,26,0.356,1,-0.05,-5.640195,0
79,27,0.326,2,-0.05,-3.9631362,0
79,28,0.324,1,-0.05,-5.935566,0
79,29,0.298,0,1.0,-2.8192673,0
79,30,0.294,0,1.0,-2.140096,0
79,31,0.291,1,-0.05,-2.460692,0
79,32,0.296,0,1.0,-2.0099094,0
79,33,0.305,0,1.0,-1.8569523,0
79,34,0.314,0,1.0,-3.7873464,0
79,35,0.341,2,-0.05,-5.4107842,0
79,36,0.363,1,-0.05,-6.6320167,0
79,37,0.378,2,-0.05,-4.904768,0
79,38,0.407,0,1.0,-6.30604,0
79,39,0.451,1,-0.05,-6.797733,0
79,40,0.484,1,-0.05,-6.0594115,0
79,41,0.511,1,-0.05,-2.6115012,0
79,42,0.543,1,-0.05,-2.8756957,0
79,43,0.654,0,1.0,-4.1275196,0
79,44,0.801,0,1.0,-4.300356,0
79,45,0.734,0,1.0,-3.8386784,0
79,46,0.660,1,-0.05,-3.9047318,0
79,47,0.648,2,-0.05,-4.104333,0
79,48,0.618,1,-0.05,-3.8379312,0
79,49,0.588,1,-0.05,-3.7802835,0
79,50,0.571,1,-0.05,-4.8082,0
79,51,0.539,0,1.0,-7.5074496,0
79,52,0.507,1,-0.05,-7.819772,0
79,53,0.467,0,1.0,-8.065368,0
79,54,0.388,1,-0.05,-7.7213354,0
79,55,0.245,0,1.0,-7.103544,0
79,56,0.201,1,-0.05,-6.2808294,0
79,57,0.182,1,-100.0,-5.6326885,0
80,0,0.671,2,-0.05,-0.5476364,0
80,1,0.677,1,-0.05,-2.9615316,0
80,2,0.669,0,1.0,-0.9233667,0
80,3,0.659,2,-0.05,0.2352708,0
80,4,0.654,1,-0.05,-1.4156182,0
80,5,0.637,0,1.0,0.097762585,0
80,6,0.608,0,1.0,0.57287645,0
80,7,0.600,0,1.0,0.42529345,0
80,8,0.564,0,1.0,0.35158712,0
80,9,0.555,2,-0.05,0.04463339,0
80,10,0.551,0,1.0,-0.45567793,0
80,11,0.553,2,-0.05,-1.3110442,0
80,12,0.553,2,-0.05,-2.259677,0
80,13,0.567,1,-0.05,-1.5964786,0
80,14,0.565,2,-0.05,-2.1148396,0
80,15,0.580,1,-0.05,-1.7684376,0
80,16,0.595,1,-0.05,-2.3054528,0
80,17,0.585,0,1.0,-0.50481856,0
80,18,0.563,0,1.0,-0.21415722,0
80,19,0.561,1,-0.05,-1.0505233,0
80,20,0.562,1,-0.05,-1.4537764,0
80,21,0.550,2,-0.05,-0.5565474,0
80,22,0.524,1,-0.05,-1.3001496,0
80,23,0.514,2,-0.05,-0.53772855,0
80,24,0.481,0,1.0,-1.3247883,0
80,25,0.458,0,1.0,-2.3154397,0
80,26,0.425,2,-0.05,-3.019088,0
80,27,0.423,0,1.0,-3.120932,0
80,28,0.428,1,-0.05,-3.1222858,0
80,29,0.410,1,-0.05,-3.7088363,0
80,30,0.397,2,-0.05,-2.675011,0
80,31,0.380,0,1.0,-4.222061,0
80,32,0.374,1,-0.05,-4.6080437,0
80,33,0.362,1,-0.05,-5.234493,0
80,34,0.339,1,-0.05,-3.134336,0
80,35,0.316,2,-0.05,-4.473554,0
80,36,0.299,1,-0.05,-3.9108758,0
80,37,0.240,0,1.0,-4.589707,0
80,38,0.188,1,-100.0,-4.93685,0
81,0,0.674,1,-0.05,-0.29522777,0
81,1,0.637,0,1.0,0.7331853,0
81,2,0.600,0,1.0,0.21548295,0
81,3,0.583,2,-0.05,-0.14645112,0
81,4,0.578,0,1.0,0.2747134,0
81,5,0.570,0,1.0,-0.3865105,0
81,6,0.570,2,-0.05,-0.38529086,0
81,7,0.572,0,1.0,-1.189997,0
81,8,0.602,0,1.0,-2.6300743,0
81,9,0.616,0,1.0,-2.28046,0
81,10,0.629,2,-0.05,-2.2783422,0
81,11,0.629,1,-0.05,-2.5600698,0
81,12,0.652,0,1.0,-2.1223023,0
81,13,0.655,0,1.0,-0.8398133,0
81,14,0.663,1,-0.05,-0.9356635,0
81,15,0.626,0,1.0,-0.13078964,0
81,16,0.630,2,-0.05,-0.89758074,0
81,17,0.623,0,1.0,-0.9365125,0
81,18,0.619,1,-0.05,-1.5402553,0
81,19,0.617,0,1.0,-1.4621192,0
81,20,0.605,2,-0.05,-1.8733339,0
81,21,0.598,2,-0.05,-2.0472014,0
81,22,0.607,1,-0.05,-1.9469764,0
81,23,0.595,2,-0.05,-2.584708,0
81,24,0.631,0,1.0,-2.3911037,0
81,25,0.640,1,-0.05,-1.4653128,0
81,26,0.642,2,-0.05,-2.5129268,0
81,27,0.681,0,1.0,-2.035351,0
81,28,0.698,2,-0.05,-1.0181018,0
81,29,0.696,1,-0.05,-0.67595506,0
81,30,0.692,1,-0.05,-1.759861,0
81,31,0.686,2,-0.05,-2.9482195,0
81,32,0.682,1,-0.05,-2.3145998,0
81,33,0.668,1,-0.05,-3.1914535,0
81,34,0.675,1,-0.05,-3.9838653,0
81,35,0.669,1,-0.05,-2.255722,0
81,36,0.690,1,-0.05,-0.49304247,0
81,37,0.706,1,-0.05,-1.7668245,0
81,38,0.695,1,-0.05,-2.7235613,0
81,39,0.654,2,-0.05,-5.933632,0
81,40,0.632,2,-0.05,-3.4429326,0
81,41,0.565,0,1.0,-1.4470601,0
81,42,0.515,1,-0.05,-2.0252123,0
81,43,0.444,0,1.0,-3.9603667,0
81,44,0.395,1,-0.05,-6.257579,0
81,45,0.358,1,-0.05,-6.5675397,0
81,46,0.347,1,-0.05,-5.580989,0
81,47,0.312,2,-0.05,-8.348935,0
81,48,0.278,1,-0.05,-7.185592,0
81,49,0.242,1,-0.05,-8.916429,0
81,50,0.222,1,-0.05,-9.75471,0
81,51,0.177,2,-100.0,-8.602999,0
82,0,0.675,1,-0.05,-0.85617054,0
82,1,0.656,0,1.0,0.63832235,0
82,2,0.640,1,-0.05,0.5589669,0
82,3,0.600,0,1.0,-1.0941837,0
82,4,0.568,2,-0.05,-0.55237305,0
82,5,0.527,0,1.0,-1.3114752,0
82,6,0.506,0,1.0,-0.20545602,0
82,7,0.487,0,1.0,-0.37274563,0
82,8,0.454,1,-0.05,-0.8261096,0
82,9,0.426,0,1.0,-1.3327383,0
82,10,0.400,1,-0.05,-0.68164515,0
82,11,0.325,0,1.0,-1.2745671,0
82,12,0.292,1,-0.05,-3.218914,0
82,13,0.256,1,-0.05,-4.9436216,0
82,14,0.169,0,-100.0,-5.7187777,0
83,0,0.670,1,-0.05,-0.5464474,0
83,1,0.654,0,1.0,0.76567566,0
83,2,0.621,2,-0.05,0.24935997,0
83,3,0.610,0,1.0,0.38819677,0
83,4,0.609,0,1.0,-0.14431816,0
83,5,0.598,0,1.0,-0.25172555,0
83,6,0.597,2,-0.05,-0.29452586,0
83,7,0.611,0,1.0,-2.4032273,0
83,8,0.624,1,-0.05,-2.2579708,0
83,9,0.625,0,1.0,-1.7258239,0
83,10,0.615,2,-0.05,-0.47294396,0
83,11,0.639,0,1.0,-1.9843502,0
83,12,0.662,2,-0.05,-2.3663468,0
83,13,0.658,1,-0.05,-2.1494548,0
83,14,0.683,0,1.0,-2.335781,0
83,15,0.689,0,1.0,-0.9006767,0
83,16,0.709,1,-0.05,-1.0596836,0
83,17,0.699,1,-0.05,-0.25515378,0
83,18,0.702,1,-0.05,-0.55002075,0
83,19,0.676,2,-0.05,-0.32560074,0
83,20,0.650,0,1.0,-1.2936544,0
83,21,0.614,0,1.0,-1.2502096,0
83,22,0.612,1,-0.05,-1.6586822,0
83,23,0.556,0,1.0,-1.0017921,0
83,24,0.493,0,1.0,-1.0552313,0
83,25,0.436,0,1.0,-1.3363106,0
83,26,0.386,0,1.0,-2.5927844,0
83,27,0.304,0,1.0,-2.6085203,0
83,28,0.258,0,1.0,-4.7599587,0
83,29,0.225,1,-0.05,-5.709755,0
83,30,0.219,1,-0.05,-3.8723693,0
83,31,0.206,1,-0.05,-5.7091913,0
83,32,0.163,2,-100.0,-8.068658,0
84,0,0.676,1,-0.05,-0.7124795,0
84,1,0.655,0,1.0,0.8295629,0
84,2,0.614,0,1.0,0.829111,0
84,3,0.608,1,-0.05,0.58042055,0
84,4,0.566,0,1.0,-0.99685425,0
84,5,0.529,2,-0.05,-0.74110675,0
84,6,0.527,2,-0.05,-0.8057933,0
84,7,0.526,0,1.0,-0.26685464,0
84,8,0.511,0,1.0,-0.8322748,0
84,9,0.515,0,1.0,-0.89443815,0
84,10,0.512,0,1.0,-0.5910523,0
84,11,0.509,0,1.0,-0.6122367,0
84,12,0.513,1,-0.05,-0.8754411,0
84,13,0.485,0,1.0,-1.0411565,0
84,14,0.450,0,1.0,-1.0552413,0
84,15,0.412,0,1.0,-2.0106728,0
84,16,0.400,2,-0.05,-2.4036458,0
84,17,0.391,0,1.0,-2.4914393,0
84,18,0.395,0,1.0,-2.5782757,0
84,19,0.397,2,-0.05,-2.959089,0
84,20,0.390,2,-0.05,-2.3223825,0
84,21,0.440,0,1.0,0.019692421,0
84,22,0.483,0,1.0,0.28245616,0
84,23,0.516,2,-0.05,-0.09428048,0
84,24,0.580,0,1.0,0.34456325,0
84,25,0.604,1,-0.05,0.61975527,0
84,26,0.636,1,-0.05,0.06237054,0
84,27,0.641,1,-0.05,-2.0600252,0
84,28,0.654,0,1.0,-3.8556178,0
84,29,0.652,1,-0.05,-4.542203,0
84,30,0.637,1,-0.05,-5.5199976,0
84,31,0.634,1,-0.05,-3.1048012,0
84,32,0.623,2,-0.05,-2.633822,0
84,33,0.599,1,-0.05,-3.372665,0
84,34,0.596,1,-0.05,-1.2550192,0
84,35,0.566,1,-0.05,-3.0861526,0
84,36,0.536,1,-0.05,-7.381216,0
84,37,0.511,1,-0.05,-7.5990953,0
84,38,0.469,1,-0.05,-8.183402,0
84,39,0.447,1,-0.05,-9.429914,0
84,40,0.418,2,-0.05,-9.190941,0
84,41,0.378,1,-0.05,-9.0937395,0
84,42,0.263,0,1.0,-8.8797245,0
84,43,0.205,1,-0.05,-8.784585,0
84,44,0.179,1,-100.0,-7.250441,0
85,0,0.654,0,1.0,0.02924776,0
85,1,0.666,0,1.0,0.2633236,0
85,2,0.647,0,1.0,0.28845876,0
85,3,0.659,1,-0.05,0.28809452,0
85,4,0.628,0,1.0,1.2344831,0
85,5,0.582,0,1.0,0.7476078,0
85,6,0.583,2,-0.05,0.33596766,0
85,7,0.585,0,1.0,0.5623355,0
85,8,0.577,0,1.0,-0.14164549,0
85,9,0.569,2,-0.05,0.19287694,0
85,10,0.572,1,-0.05,-0.8377514,0
85,11,0.565,2,-0.05,0.3668669,0
85,12,0.584,0,1.0,-0.8302257,0
85,13,0.599,1,-0.05,-1.8642644,0
85,14,0.595,0,1.0,-0.20611101,0
85,15,0.588,0,1.0,-0.11951268,0
85,16,0.584,1,-0.05,-0.37721944,0
85,17,0.576,0,1.0,-0.72805375,0
85,18,0.545,0,1.0,-1.2590548,0
85,19,0.517,1,-0.05,-1.4969443,0
85,20,0.512,1,-0.05,-0.790714,0
85,21,0.491,1,-0.05,-1.6679926,0
85,22,0.482,1,-0.05,-2.012486,0
85,23,0.464,1,-0.05,-5.8709216,0
85,24,0.418,1,-0.05,-7.6082673,0
85,25,0.384,1,-0.05,-10.313789,0
85,26,0.352,1,-0.05,-8.7579565,0
85,27,0.306,2,-0.05,-7.714618,0
85,28,0.274,1,-0.05,-8.519714,0
85,29,0.247,2,-0.05,-8.326762,0
85,30,0.221,1,-0.05,-9.580214,0
85,31,0.177,1,-100.0,-8.3386,0
86,0,0.677,1,-0.05,0.2765268,0
86,1,0.653,1,-0.05,1.1798879,0
86,2,0.592,0,1.0,-0.7385874,0
86,3,0.577,1,-0.05,-0.42096436,0
86,4,0.545,2,-0.05,-0.55517006,0
86,5,0.550,1,-0.05,-0.32547712,0
86,6,0.512,2,-0.05,-0.60911274,0
86,7,0.514,1,-0.05,-0.4505887,0
86,8,0.483,1,-0.05,-1.0086346,0
86,9,0.405,0,1.0,-3.5546336,0
86,10,0.340,1,-0.05,-5.115217,0
86,11,0.293,2,-0.05,-7.5747714,0
86,12,0.275,1,-0.05,-5.765379,0
86,13,0.152,0,-100.0,-7.6887484,0
87,0,0.670,1,-0.05,0.024241805,0
87,1,0.676,1,-0.05,1.290713,0
87,2,0.647,1,-0.05,-0.20356476,0
87,3,0.651,1,-0.05,-0.16792989,0
87,4,0.624,2,-0.05,-0.0780673,0
87,5,0.602,2,-0.05,-0.08330393,0
87,6,0.588,2,-0.05,-0.37845254,0
87,7,0.568,0,1.0,0.2077362,0
87,8,0.531,0,1.0,0.8067714,0
87,9,0.541,1,-0.05,0.6302559,0
87,10,0.499,0,1.0,-0.0660038,0
87,11,0.431,0,1.0,-1.2802075,0
87,12,0.447,1,-0.05,-1.6157203,0
87,13,0.421,2,-0.05,-0.8582932,0
87,14,0.404,2,-0.05,-1.653377,0
87,15,0.415,0,1.0,-0.96335113,0
87,16,0.403,1,-0.05,-0.9277731,0
87,17,0.388,0,1.0,-1.0973293,0
87,18,0.357,0,1.0,-1.1947918,0
87,19,0.333,2,-0.05,-1.5404288,0
87,20,0.329,0,1.0,-1.3794725,0
87,21,0.322,2,-0.05,-2.349996,0
87,22,0.312,1,-0.05,-1.393548,0
87,23,0.321,1,-0.05,-2.380064,0
87,24,0.329,1,-0.05,-1.7667685,0
87,25,0.289,0,1.0,-2.2636409,0
87,26,0.227,0,1.0,-3.4316096,0
87,27,0.199,2,-100.0,-4.453387,0
88,0,0.667,0,1.0,-0.23512793,0
88,1,0.668,0,1.0,-0.35012686,0
88,2,0.670,2,-0.05,-0.2586267,0
88,3,0.678,1,-0.05,-1.3520981,0
88,4,0.681,0,1.0,-0.42859983,0
88,5,0.668,2,-0.05,0.8801548,0
88,6,0.667,0,1.0,0.58592534,0
88,7,0.668,0,1.0,-0.7653978,0
88,8,0.697,0,1.0,-0.8262767,0
88,9,0.691,1,-0.05,-0.88295364,0
88,10,0.704,1,-0.05,0.55306184,0
88,11,0.696,2,-0.05,1.282651,0
88,12,0.687,0,1.0,1.24888,0
88,13,0.670,0,1.0,0.61663324,0
88,14,0.673,2,-0.05,0.52511704,0
88,15,0.672,1,-0.05,-0.029174328,0
88,16,0.668,0,1.0,0.97277653,0
88,17,0.651,2,-0.05,0.8286016,0
88,18,0.659,0,1.0,0.1523689,0
88,19,0.665,1,-0.05,-0.4909305,0
88,20,0.663,1,-0.05,-0.06706995,0
88,21,0.668,1,-0.05,-0.009800613,0
88,22,0.658,1,-0.05,-0.47506118,0
88,23,0.635,2,-0.05,-0.41295743,0
88,24,0.626,1,-0.05,-0.38015842,0
88,25,0.560,0,1.0,-0.53246164,0
88,26,0.513,2,-0.05,-0.8731575,0
88,27,0.508,2,-0.05,-1.1062555,0
88,28,0.508,1,-0.05,-0.7491298,0
88,29,0.494,2,-0.05,-0.73678684,0
88,30,0.482,2,-0.05,-2.074525,0
88,31,0.472,1,-0.05,-1.7859206,0
88,32,0.466,1,-0.05,-2.0724034,0
88,33,0.448,0,1.0,-1.5321711,0
88,34,0.419,1,-0.05,-1.5353155,0
88,35,0.373,0,1.0,-2.1988113,0
88,36,0.339,1,-0.05,-2.5773268,0
88,37,0.257,0,1.0,-4.079657,0
88,38,0.209,2,-0.05,-6.1820645,0
88,39,0.196,1,-100.0,-5.8932247,0
89,0,0.671,2,-0.05,0.23320717,0
89,1,0.660,2,-0.05,-2.0516646,0
89,2,0.681,1,-0.05,-1.5957359,0
89,3,0.706,0,1.0,-2.3749928,0
89,4,0.719,2,-0.05,-2.190704,0
89,5,0.692,1,-0.05,-2.5415096,0
89,6,0.690,1,-0.05,-2.2508094,0
89,7,0.692,1,-0.05,0.97667587,0
89,8,0.688,0,1.0,0.5779954,0
89,9,0.633,0,1.0,-0.22274584,0
89,10,0.604,2,-0.05,-0.7905872,0
89,11,0.601,0,1.0,0.45704055,0
89,12,0.571,0,1.0,0.6414841,0
89,13,0.546,0,1.0,0.5041429,0
89,14,0.539,1,-0.05,0.035351038,0
89,15,0.502,0,1.0,-0.42901486,0
89,16,0.482,2,-0.05,-1.0339843,0
89,17,0.471,1,-0.05,-0.944139,0
89,18,0.453,2,-0.05,-1.2291124,0
89,19,0.429,0,1.0,-1.2551003,0
89,20,0.434,2,-0.05,-1.5112491,0
89,21,0.419,1,-0.05,-1.7392932,0
89,22,0.412,0,1.0,-1.6227353,0
89,23,0.399,2,-0.05,-2.0055137,0
89,24,0.405,1,-0.05,-2.0448103,0
89,25,0.394,1,-0.05,-2.6367414,0
89,26,0.375,2,-0.05,-1.9586139,0
89,27,0.368,1,-0.05,-3.1040897,0
89,28,0.358,1,-0.05,-2.507873,0
89,29,0.342,2,-0.05,-3.020946,0
89,30,0.321,1,-0.05,-3.3142242,0
89,31,0.248,0,1.0,-3.0552893,0
89,32,0.206,1,-0.05,-5.6343126,0
89,33,0.120,0,-100.0,-6.4951906,0
90,0,0.658,1,-0.05,-0.026247084,0
90,1,0.661,1,-0.05,1.2065746,0
90,2,0.627,0,1.0,-0.77608204,0
90,3,0.599,1,-0.05,-0.41796196,0
90,4,0.527,0,1.0,-0.13615966,0
90,5,0.472,1,-0.05,-0.51729727,0
90,6,0.443,2,-0.05,-2.8396926,0
90,7,0.417,2,-0.05,-1.685348,0
90,8,0.388,0,1.0,-0.6294348,0
90,9,0.321,0,1.0,-1.5548198,0
90,10,0.287,1,-0.05,-1.6777092,0
90,11,0.286,1,-0.05,-2.3452005,0
90,12,0.271,1,-0.05,-4.4018755,0
90,13,0.239,1,-0.05,-5.493944,0
90,14,0.186,0,-100.0,-7.868065,0
91,0,0.655,0,1.0,0.09913635,0
91,1,0.671,1,-0.05,0.09293908,0
91,2,0.646,0,1.0,1.2581773,0
91,3,0.638,1,-0.05,1.2832948,0
91,4,0.604,0,1.0,0.21376598,0
91,5,0.589,1,-0.05,-0.9169241,0
91,6,0.535,0,1.0,-0.101549864,0
91,7,0.508,1,-0.05,-0.17942023,0
91,8,0.483,2,-0.05,-0.8156433,0
91,9,0.475,1,-0.05,-0.67259,0
91,10,0.407,0,1.0,-1.2706943,0
91,11,0.355,2,-0.05,-3.4184756,0
91,12,0.341,1,-0.05,-3.448646,0
91,13,0.271,0,1.0,-4.3058996,0
91,14,0.209,1,-0.05,-5.7972817,0
91,15,0.120,0,-100.0,-6.240017,0
92,0,0.668,0,1.0,-0.09354663,0
92,1,0.671,0,1.0,-0.04000759,0
92,2,0.672,0,1.0,-0.027265906,0
92,3,0.668,1,-0.05,-0.116901994,0
92,4,0.671,1,-0.05,1.2809114,0
92,5,0.620,0,1.0,-0.06445283,0
92,6,0.600,2,-0.05,-0.9555059,0
92,7,0.588,0,1.0,-0.37978464,0
92,8,0.572,2,-0.05,0.35845947,0
92,9,0.570,1,-0.05,0.5782027,0
92,10,0.535,0,1.0,-0.1968813,0
92,11,0.513,2,-0.05,-0.8385329,0
92,12,0.498,0,1.0,-0.3427925,0
92,13,0.486,2,-0.05,-0.33704317,0
92,14,0.504,0,1.0,-0.46154493,0
92,15,0.506,0,1.0,-1.1968608,0
92,16,0.515,0,1.0,-0.89259243,0
92,17,0.517,2,-0.05,-0.99120826,0
92,18,0.533,1,-0.05,-1.0299748,0
92,19,0.529,2,-0.05,-1.2673023,0
92,20,0.543,1,-0.05,-0.80860984,0
92,21,0.550,1,-0.05,-1.2483104,0
92,22,0.530,2,-0.05,-1.1797938,0
92,23,0.543,0,1.0,-1.620699,0
92,24,0.560,0,1.0,-1.4906403,0
92,25,0.566,1,-0.05,-1.97045,0
92,26,0.559,2,-0.05,-2.033,0
92,27,0.567,1,-0.05,-2.3311236,0
92,28,0.556,1,-0.05,-2.1873786,0
92,29,0.544,1,-0.05,-2.4510252,0
92,30,0.541,2,-0.05,-0.9686904,0
92,31,0.518,1,-0.05,-1.7059522,0
92,32,0.517,2,-0.05,-1.2905483,0
92,33,0.493,1,-0.05,-2.1755881,0
92,34,0.477,1,-0.05,-1.7003424,0
92,35,0.468,1,-0.05,-2.533577,0
92,36,0.407,0,1.0,-4.384626,0
92,37,0.319,2,-0.05,-4.805627,0
92,38,0.308,1,-0.05,-4.3244123,0
92,39,0.273,1,-0.05,-5.8930736,0
92,40,0.248,2,-0.05,-9.405012,0
92,41,0.225,1,-0.05,-7.7439938,0
92,42,0.120,0,-100.0,-10.034808,0
93,0,0.671,0,1.0,-0.025246859,0
93,1,0.674,1,-0.05,-0.040188193,0
93,2,0.657,0,1.0,1.1880949,0
93,3,0.644,1,-0.05,1.0424296,0
93,4,0.592,0,1.0,-0.3815837,0
93,5,0.540,0,1.0,-0.95993257,0
93,6,0.469,0,1.0,-0.89568686,0
93,7,0.463,1,-0.05,-1.1312863,0
93,8,0.377,0,1.0,-0.8585665,0
93,9,0.308,0,1.0,-2.648591,0
93,10,0.277,1,-0.05,-3.6848059,0
93,11,0.238,2,-0.05,-6.0543885,0
93,12,0.224,1,-0.05,-4.6696787,0
93,13,0.160,0,-100.0,-6.5150437,0
94,0,0.655,0,1.0,0.15154964,0
94,1,0.665,0,1.0,0.15775567,0
94,2,0.671,1,-0.05,0.08211923,0
94,3,0.656,1,-0.05,1.3203521,0
94,4,0.621,0,1.0,-0.3729561,0
94,5,0.547,0,1.0,-0.66472775,0
94,6,0.492,0,1.0,-0.63803935,0
94,7,0.460,1,-0.05,-0.5423925,0
94,8,0.443,2,-0.05,-0.9291892,0
94,9,0.428,2,-0.05,-1.0884284,0
94,10,0.410,2,-0.05,-0.95196474,0
94,11,0.408,2,-0.05,-0.8003558,0
94,12,0.415,1,-0.05,-1.0524635,0
94,13,0.418,0,1.0,-1.0760891,0
94,14,0.407,1,-0.05,-0.6982106,0
94,15,0.406,2,-0.05,-1.079324,0
94,16,0.404,1,-0.05,-0.9183117,0
94,17,0.406,1,-0.05,-1.1619203,0
94,18,0.393,2,-0.05,-1.5112824,0
94,19,0.396,1,-0.05,-1.7275302,0
94,20,0.371,1,-0.05,-1.4520957,0
94,21,0.349,1,-0.05,-2.4311743,0
94,22,0.331,1,-0.05,-4.7721887,0
94,23,0.319,1,-0.05,-5.774853,0
94,24,0.255,2,-0.05,-8.919493,0
94,25,0.240,2,-0.05,-7.6538577,0
94,26,0.231,1,-0.05,-5.4756727,0
94,27,0.206,1,-0.05,-6.586548,0
94,28,0.122,0,-100.0,-8.403514,0
95,0,0.667,0,1.0,0.21558493,0
95,1,0.674,0,1.0,0.2594114,0
95,2,0.660,1,-0.05,0.26293832,0
95,3,0.661,1,-0.05,1.4943243,0
95,4,0.628,0,1.0,0.5826584,0
95,5,0.616,1,-0.05,-0.63256735,0
95,6,0.594,1,-0.05,-0.46531928,0
95,7,0.566,2,-0.05,-0.05532384,0
95,8,0.551,2,-0.05,-0.094189405,0
95,9,0.535,0,1.0,-0.9428835,0
95,10,0.514,1,-0.05,-0.32118475,0
95,11,0.505,1,-0.05,-0.8680183,0
95,12,0.488,1,-0.05,-0.63858175,0
95,13,0.459,2,-0.05,-2.3561425,0
95,14,0.397,0,1.0,-1.426847,0
95,15,0.378,2,-0.05,-1.9498425,0
95,16,0.362,1,-0.05,-1.4850044,0
95,17,0.299,0,1.0,-2.548819,0
95,18,0.261,1,-0.05,-4.394812,0
95,19,0.231,2,-0.05,-5.967527,0
95,20,0.221,2,-0.05,-5.159845,0
95,21,0.175,0,-100.0,-4.407604,0
96,0,0.666,0,1.0,0.4290136,0
96,1,0.656,2,-0.05,0.42260867,0
96,2,0.682,0,1.0,-1.4048584,0
96,3,0.706,0,1.0,-2.0052178,0
96,4,0.672,0,1.0,-2.132535,0
96,5,0.648,0,1.0,-2.2684162,0
96,6,0.627,2,-0.05,-2.3865585,0
96,7,0.624,1,-0.05,-2.757494,0
96,8,0.599,0,1.0,-2.1352053,0
96,9,0.596,0,1.0,-0.9699093,0
96,10,0.584,2,-0.05,-0.9845714,0
96,11,0.548,0,1.0,-2.758607,0
96,12,0.534,1,-0.05,-3.632783,0
96,13,0.522,0,1.0,-2.5162137,0
96,14,0.506,2,-0.05,-1.5613904,0
96,15,0.506,1,-0.05,-3.7948306,0
96,16,0.509,2,-0.05,-2.0457833,0
96,17,0.502,2,-0.05,-3.9823368,0
96,18,0.482,2,-0.05,-3.2281818,0
96,19,0.465,1,-0.05,-2.2395234,0
96,20,0.399,0,1.0,-3.2849197,0
96,21,0.366,1,-0.05,-4.662916,0
96,22,0.350,2,-0.05,-5.4487057,0
96,23,0.347,1,-0.05,-5.6642513,0
96,24,0.317,0,1.0,-5.362479,0
96,25,0.322,2,-0.05,-4.517242,0
96,26,0.257,0,1.0,-6.2145433,0
96,27,0.235,1,-0.05,-6.7421713,0
96,28,0.227,1,-0.05,-5.9382124,0
96,29,0.216,1,-0.05,-2.9569118,0
96,30,0.239,0,1.0,1.2993598,0
96,31,0.242,2,-0.05,1.1740046,0
96,32,0.261,0,1.0,1.071137,0
96,33,0.257,1,-0.05,-0.95939326,0
96,34,0.257,1,-0.05,0.21457261,0
96,35,0.285,0,1.0,0.25438756,0
96,36,0.310,1,-0.05,0.37096685,0
96,37,0.378,0,1.0,0.9280216,0
96,38,0.409,1,-0.05,-0.11350918,0
96,39,0.432,1,-0.05,0.20176935,0
96,40,0.440,1,-0.05,-3.4662828,0
96,41,0.477,1,-0.05,-7.2337604,0
96,42,0.531,1,-0.05,-5.5884686,0
96,43,0.545,1,-0.05,-6.3589764,0
96,44,0.586,2,-0.05,-7.4788127,0
96,45,0.604,2,-0.05,-7.2845063,0
96,46,0.651,2,-0.05,-6.765154,0
96,47,0.674,2,-0.05,-6.9887853,0
96,48,0.681,1,-0.05,-6.371206,0
96,49,0.683,1,-0.05,-6.3755627,0
96,50,0.582,0,1.0,-7.4176226,0
96,51,0.493,1,-0.05,-9.188782,0
96,52,0.483,1,-0.05,-10.542544,0
96,53,0.444,1,-0.05,-10.748215,0
96,54,0.417,1,-0.05,-8.630607,0
96,55,0.380,1,-0.05,-7.355816,0
96,56,0.358,1,-0.05,-4.9470625,0
96,57,0.336,2,-0.05,-2.5981727,0
96,58,0.325,1,-0.05,-4.570967,0
96,59,0.254,0,1.0,-2.9622889,0
96,60,0.190,0,-100.0,-3.092361,0
97,0,0.674,1,-0.05,0.09481931,0
97,1,0.673,1,-0.05,1.2725194,0
97,2,0.658,2,-0.05,0.16923076,0
97,3,0.645,2,-0.05,0.79133034,0
97,4,0.643,2,-0.05,0.17175865,0
97,5,0.656,0,1.0,-2.1012654,0
97,6,0.684,1,-0.05,-1.8276715,0
97,7,0.703,0,1.0,-1.8690627,0
97,8,0.695,2,-0.05,-0.4010659,0
97,9,0.699,1,-0.05,-1.9499915,0
97,10,0.700,2,-0.05,-0.20017815,0
97,11,0.698,0,1.0,-1.9751118,0
97,12,0.662,1,-0.05,-2.2910564,0
97,13,0.660,2,-0.05,-1.19312,0
97,14,0.656,1,-0.05,-2.411664,0
97,15,0.646,1,-0.05,-2.083998,0
97,16,0.657,0,1.0,1.5224705,0
97,17,0.686,0,1.0,1.8544431,0
97,18,0.695,0,1.0,1.6423768,0
97,19,0.688,0,1.0,1.3638675,0
97,20,0.648,0,1.0,0.69860137,0
97,21,0.666,1,-0.05,0.11235052,0
97,22,0.647,2,-0.05,-0.62423813,0
97,23,0.629,2,-0.05,0.011347175,0
97,24,0.637,0,1.0,-0.22030175,0
97,25,0.663,0,1.0,-0.44631267,0
97,26,0.669,0,1.0,-0.66628987,0
97,27,0.676,2,-0.05,-1.0898952,0
97,28,0.673,1,-0.05,-1.3080285,0
97,29,0.681,0,1.0,-1.1906558,0
97,30,0.690,2,-0.05,-1.6929495,0
97,31,0.690,2,-0.05,-1.8958379,0
97,32,0.702,1,-0.05,-0.47225666,0
97,33,0.696,1,-0.05,-1.4421473,0
97,34,0.711,2,-0.05,-1.680096,0
97,35,0.701,1,-0.05,-2.0094872,0
97,36,0.706,1,-0.05,-1.7881253,0
97,37,0.707,1,-0.05,-1.6388967,0
97,38,0.697,1,-0.05,-0.26700056,0
97,39,0.675,1,-0.05,-0.45011592,0
97,40,0.647,1,-0.05,-2.160719,0
97,41,0.630,1,-0.05,-4.187165,0
97,42,0.598,1,-0.05,-9.150591,0
97,43,0.559,2,-0.05,-9.480333,0
97,44,0.524,1,-0.05,-10.0997925,0
97,45,0.490,1,-0.05,-9.870401,0
97,46,0.457,2,-0.05,-7.60547,0
97,47,0.433,1,-0.05,-9.398435,0
97,48,0.400,1,-0.05,-8.701597,0
97,49,0.350,2,-0.05,-8.065748,0
97,50,0.246,0,1.0,-8.743339,0
97,51,0.120,0,-100.0,-10.414328,0
98,0,0.666,0,1.0,0.037540317,0
98,1,0.664,1,-0.05,0.08946937,0
98,2,0.648,0,1.0,1.3051937,0
98,3,0.633,2,-0.05,0.8901751,0
98,4,0.625,2,-0.05,0.73362696,0
98,5,0.651,0,1.0,-1.4786994,0
98,6,0.663,1,-0.05,-1.9871325,0
98,7,0.660,1,-0.05,-1.4457082,0
98,8,0.647,0,1.0,1.1945548,0
98,9,0.622,0,1.0,0.93356276,0
98,10,0.582,0,1.0,0.5710713,0
98,11,0.555,0,1.0,0.36317927,0
98,12,0.527,0,1.0,-0.11721867,0
98,13,0.500,0,1.0,-0.5784093,0
98,14,0.448,0,1.0,-1.0046239,0
98,15,0.446,2,-0.05,-1.8563893,0
98,16,0.457,1,-0.05,-1.8932186,0
98,17,0.436,1,-0.05,-2.0315113,0
98,18,0.424,1,-0.05,-1.2540197,0
98,19,0.415,1,-0.05,-2.9677005,0
98,20,0.378,1,-0.05,-4.0101876,0
98,21,0.363,2,-0.05,-7.125794,0
98,22,0.324,1,-0.05,-5.0764036,0
98,23,0.223,0,1.0,-7.511806,0
98,24,0.143,1,-100.0,-8.268825,0
99,0,0.654,0,1.0,0.20310354,0
99,1,0.653,1,-0.05,0.44483042,0
99,2,0.667,1,-0.05,1.1717625,0
99,3,0.653,2,-0.05,-0.81646156,0
99,4,0.612,0,1.0,0.5686877,0
99,5,0.608,2,-0.05,0.7976792,0
99,6,0.610,0,1.0,0.002490878,0
99,7,0.602,2,-0.05,-1.0966487,0
99,8,0.627,1,-0.05,-1.7933223,0
99,9,0.622,0,1.0,-0.31092614,0
99,10,0.607,2,-0.05,0.25265378,0
99,11,0.610,2,-0.05,-1.3848994,0
99,12,0.613,1,-0.05,-1.3279464,0
99,13,0.623,2,-0.05,-1.6947966,0
99,14,0.627,2,-0.05,-1.7330844,0
99,15,0.677,0,1.0,-0.3216424,0
99,16,0.703,1,-0.05,-0.71350265,0
99,17,0.638,0,1.0,-1.1531773,0
99,18,0.600,0,1.0,-2.2354634,0
99,19,0.523,0,1.0,-2.7240167,0
99,20,0.506,1,-0.05,-3.2722607,0
99,21,0.505,2,-0.05,-3.5338373,0
99,22,0.491,1,-0.05,-3.9575298,0
99,23,0.493,1,-0.05,-3.8691826,0
99,24,0.480,0,1.0,-0.9357843,0
99,25,0.480,0,1.0,0.6513933,0
99,26,0.482,0,1.0,0.6547957,0
99,27,0.487,0,1.0,0.249197,0
99,28,0.510,0,1.0,-0.016907573,0
99,29,0.509,0,1.0,-0.7002213,0
99,30,0.516,0,1.0,-1.2618861,0
99,31,0.521,2,-0.05,-1.8987551,0
99,32,0.513,1,-0.05,-2.443485,0
99,33,0.507,2,-0.05,-2.1415412,0
99,34,0.512,1,-0.05,-2.6680849,0
99,35,0.502,0,1.0,-2.372021,0
99,36,0.535,2,-0.05,-3.1608293,0
99,37,0.525,1,-0.05,-4.4517794,0
99,38,0.531,2,-0.05,-4.9438987,0
99,39,0.537,0,1.0,-5.5137196,0
99,40,0.529,0,1.0,-6.0995765,0
99,41,0.534,1,-0.05,-7.959407,0
99,42,0.533,1,-0.05,-7.609832,0
99,43,0.554,2,-0.05,-6.0542216,0
99,44,0.578,0,1.0,-8.110025,0
99,45,0.630,2,-0.05,-8.127227,0
99,46,0.646,1,-0.05,-8.687914,0
99,47,0.633,1,-0.05,-8.046679,0
99,48,0.677,1,-0.05,-5.763816,0
99,49,0.725,1,-0.05,-4.7639537,0
99,50,0.742,1,-0.05,-3.9661388,0
99,51,0.764,1,-0.05,-4.0139894,0
99,52,0.800,1,-0.05,-4.5892806,0
99,53,0.793,1,-0.05,-6.0068455,0
99,54,0.790,2,-0.05,-9.873172,0
99,55,0.765,1,-0.05,-8.075502,0
99,56,0.738,1,-0.05,-9.922686,0
99,57,0.607,0,1.0,-10.695597,0
99,58,0.471,0,1.0,-10.366901,0
99,59,0.416,1,-0.05,-10.823707,0
99,60,0.362,1,-0.05,-10.013601,0
99,61,0.335,1,-0.05,-7.52508,0
99,62,0.311,1,-0.05,-4.881589,0
99,63,0.286,1,-0.05,-3.2288885,0
99,64,0.253,1,-0.05,-3.03193,0
99,65,0.207,0,1.0,-4.194536,0
99,66,0.179,1,-100.0,-4.5365353,0
100,0,0.654,0,1.0,-0.26077896,0
100,1,0.666,0,1.0,-0.047826648,0
100,2,0.647,0,1.0,-0.10920751,0
100,3,0.654,2,-0.05,-0.14043939,0
100,4,0.662,0,1.0,-1.4264606,0
100,5,0.681,1,-0.05,-2.3163073,0
100,6,0.679,0,1.0,-1.2851753,0
100,7,0.689,0,1.0,0.032746673,0
100,8,0.670,0,1.0,0.10039151,0
100,9,0.658,0,1.0,0.05926031,0
100,10,0.672,0,1.0,0.45790744,0
100,11,0.653,0,1.0,0.21039134,0
100,12,0.645,0,1.0,-0.038901627,0
100,13,0.652,0,1.0,-0.30530977,0
100,14,0.640,0,1.0,-0.9070566,0
100,15,0.630,2,-0.05,-1.1694276,0
100,16,0.640,0,1.0,-1.4088256,0
100,17,0.655,2,-0.05,-1.418463,0
100,18,0.707,0,1.0,-1.0775268,0
100,19,0.693,2,-0.05,-0.3963337,0
100,20,0.693,2,-0.05,-0.022992611,0
100,21,0.667,2,-0.05,-0.5656948,0
100,22,0.651,1,-0.05,-2.2413054,0
100,23,0.618,1,-0.05,-0.47375727,0
100,24,0.598,2,-0.05,-1.3984377,0
100,25,0.567,1,-0.05,-1.210254,0
100,26,0.544,1,-0.05,-1.8316424,0
100,27,0.535,1,-0.05,-2.092258,0
100,28,0.535,1,-0.05,-2.2979882,0
100,29,0.536,1,-0.05,-1.3619606,0
100,30,0.542,2,-0.05,-0.42056954,0
100,31,0.548,1,-0.05,-1.4001582,0
100,32,0.602,0,1.0,-0.487826,0
100,33,0.634,2,-0.05,-0.15264714,0
100,34,0.643,2,-0.05,-2.0042276,0
100,35,0.640,1,-0.05,-5.1650243,0
100,36,0.648,1,-0.05,-4.846409,0
100,37,0.660,2,-0.05,-2.0687242,0
100,38,0.665,2,-0.05,-3.549026,0
100,39,0.678,0,1.0,-5.128502,0
100,40,0.666,1,-0.05,-7.7021575,0
100,41,0.708,0,1.0,-7.896452,0
100,42,0.723,2,-0.05,-6.6075993,0
100,43,0.718,1,-0.05,-7.8614755,0
100,44,0.728,1,-0.05,-6.4490666,0
100,45,0.725,1,-0.05,-4.5662427,0
100,46,0.699,1,-0.05,-5.550101,0
100,47,0.673,1,-0.05,-4.3038144,0
100,48,0.655,1,-0.05,-4.86779,0
100,49,0.625,1,-0.05,-6.87196,0
100,50,0.582,2,-0.05,-10.26964,0
100,51,0.542,1,-0.05,-8.424194,0
100,52,0.525,2,-0.05,-10.50116,0
100,53,0.486,1,-0.05,-8.442542,0
100,54,0.459,2,-0.05,-10.972258,0
100,55,0.427,1,-0.05,-9.406273,0
100,56,0.389,1,-0.05,-11.143573,0
100,57,0.362,2,-0.05,-11.152687,0
100,58,0.328,1,-0.05,-11.704102,0
100,59,0.291,1,-0.05,-11.298161,0
100,60,0.270,2,-0.05,-9.631941,0
100,61,0.234,2,-0.05,-10.810257,0
100,62,0.195,1,-100.0,-11.7947235,0
101,0,0.671,2,-0.05,0.12533522,0
101,1,0.684,0,1.0,-2.10117,0
101,2,0.694,1,-0.05,-1.9185019,0
101,3,0.707,0,1.0,-1.3977616,0
101,4,0.699,1,-0.05,-0.41657507,0
101,5,0.703,1,-0.05,0.9801344,0
101,6,0.702,1,-0.05,0.8230631,0
101,7,0.685,1,-0.05,-0.46188653,0
101,8,0.658,2,-0.05,0.5948334,0
101,9,0.659,1,-0.05,0.05299306,0
101,10,0.641,1,-0.05,0.39939022,0
101,11,0.610,2,-0.05,-1.4280605,0
101,12,0.530,0,1.0,-0.40903854,0
101,13,0.501,1,-0.05,-0.67474174,0
101,14,0.464,2,-0.05,-2.686767,0
101,15,0.400,0,1.0,-1.5166817,0
101,16,0.389,1,-0.05,-2.4422975,0
101,17,0.362,1,-0.05,-4.25244,0
101,18,0.326,1,-0.05,-5.6045084,0
101,19,0.307,1,-0.05,-8.408675,0
101,20,0.227,0,1.0,-10.547001,0
101,21,0.125,0,-100.0,-11.919065,0
102,0,0.668,0,1.0,-0.20706564,0
102,1,0.669,2,-0.05,-0.21871126,0
102,2,0.664,2,-0.05,-1.5595515,0
102,3,0.679,1,-0.05,-1.3891606,0
102,4,0.687,1,-0.05,-2.079631,0
102,5,0.672,0,1.0,0.5425227,0
102,6,0.670,2,-0.05,0.95022535,0
102,7,0.676,2,-0.05,-0.30039716,0
102,8,0.673,1,-0.05,-1.9302702,0
102,9,0.680,2,-0.05,-1.920012,0
102,10,0.689,1,-0.05,-1.978513,0
102,11,0.696,0,1.0,-1.8524332,0
102,12,0.693,0,1.0,0.05033171,0
102,13,0.697,0,1.0,0.1251828,0
102,14,0.699,0,1.0,0.12014812,0
102,15,0.700,0,1.0,0.13816112,0
102,16,0.696,0,1.0,0.08905172,0
102,17,0.691,1,-0.05,-0.12541121,0
102,18,0.698,2,-0.05,0.42235446,0
102,19,0.687,0,1.0,0.20813632,0
102,20,0.683,0,1.0,-0.88273746,0
102,21,0.680,2,-0.05,-1.095527,0
102,22,0.665,1,-0.05,-1.5568823,0
102,23,0.676,0,1.0,-0.5416031,0
102,24,0.668,0,1.0,-0.55385166,0
102,25,0.669,0,1.0,-1.1658409,0
102,26,0.660,1,-0.05,-1.5739865,0
102,27,0.664,2,-0.05,-1.699043,0
102,28,0.671,2,-0.05,-1.8912263,0
102,29,0.659,1,-0.05,-1.9750738,0
102,30,0.651,1,-0.05,-2.0902002,0
102,31,0.655,1,-0.05,-1.9055567,0
102,32,0.668,1,-0.05,-0.94122934,0
102,33,0.680,0,1.0,0.3606987,0
102,34,0.645,1,-0.05,-1.5569241,0
102,35,0.541,0,1.0,-1.4739208,0
102,36,0.486,1,-0.05,-4.597577,0
102,37,0.467,1,-0.05,-9.521635,0
102,38,0.424,2,-0.05,-9.151744,0
102,39,0.393,1,-0.05,-8.955688,0
102,40,0.359,1,-0.05,-9.591451,0
102,41,0.329,2,-0.05,-10.110273,0
102,42,0.280,1,-0.05,-9.123013,0
102,43,0.160,0,-100.0,-11.569502,0
103,0,0.655,0,1.0,-0.10804647,0
103,1,0.665,0,1.0,-0.0642128,0
103,2,0.661,1,-0.05,-0.085448265,0
103,3,0.668,2,-0.05,1.1478746,0
103,4,0.666,0,1.0,0.17485505,0
103,5,0.680,0,1.0,-0.9557726,0
103,6,0.693,0,1.0,-0.91020536,0
103,7,0.711,0,1.0,-0.9444723,0
103,8,0.711,1,-0.05,-0.8990312,0
103,9,0.705,1,-0.05,0.90764093,0
103,10,0.702,1,-0.05,1.0319084,0
103,11,0.650,0,1.0,-0.84907407,0
103,12,0.608,2,-0.05,-0.033261895,0
103,13,0.606,1,-0.05,-0.56069005,0
103,14,0.579,2,-0.05,-0.27127528,0
103,15,0.577,1,-0.05,-0.7809192,0
103,16,0.563,2,-0.05,-0.41351557,0
103,17,0.541,1,-0.05,-0.5666845,0
103,18,0.530,1,-0.05,-0.40518165,0
103,19,0.516,1,-0.05,-2.1909962,0
103,20,0.474,2,-0.05,-3.9048228,0
103,21,0.462,1,-0.05,-3.4076314,0
103,22,0.431,1,-0.05,-5.114139,0
103,23,0.395,2,-0.05,-8.913366,0
103,24,0.294,0,1.0,-6.5802245,0
103,25,0.256,1,-0.05,-6.641171,0
103,26,0.177,0,-100.0,-9.019889,0
104,0,0.668,0,1.0,-0.02943778,0
104,1,0.671,0,1.0,0.054058313,0
104,2,0.672,0,1.0,0.060005605,0
104,3,0.676,1,-0.05,-0.016191661,0
104,4,0.664,1,-0.05,1.3852712,0
104,5,0.637,0,1.0,0.25162053,0
104,6,0.574,0,1.0,-1.039159,0
104,7,0.544,1,-0.05,-1.0661024,0
104,8,0.535,2,-0.05,-0.34999204,0
104,9,0.522,1,-0.05,-1.3980706,0
104,10,0.495,1,-0.05,-0.45891786,0
104,11,0.481,1,-0.05,-1.010737,0
104,12,0.467,1,-0.05,-3.2999277,0
104,13,0.446,1,-0.05,-6.0883756,0
104,14,0.419,1,-0.05,-9.459603,0
104,15,0.388,1,-0.05,-11.006005,0
104,16,0.287,0,1.0,-11.032563,0
104,17,0.219,1,-0.05,-10.657217,0
104,18,0.134,0,-100.0,-11.211728,0
105,0,0.668,0,1.0,0.004269898,0
105,1,0.671,0,1.0,-0.04372388,0
105,2,0.672,0,1.0,-0.077013016,0
105,3,0.659,0,1.0,-0.1667695,0
105,4,0.657,0,1.0,0.20129037,0
105,5,0.662,2,-0.05,0.17292923,0
105,6,0.659,2,-0.05,-1.8407898,0
105,7,0.676,1,-0.05,-1.4665077,0
105,8,0.689,1,-0.05,-2.0992303,0
105,9,0.688,2,-0.05,0.46306738,0
105,10,0.701,0,1.0,-1.893893,0
105,11,0.695,1,-0.05,-2.2045648,0
105,12,0.681,1,-0.05,-0.86605054,0
105,13,0.700,0,1.0,0.7792771,0
105,14,0.694,1,-0.05,1.3007647,0
105,15,0.684,0,1.0,0.36656404,0
105,16,0.646,1,-0.05,-0.9869454,0
105,17,0.627,2,-0.05,-0.023492932,0
105,18,0.593,0,1.0,-1.142149,0
105,19,0.561,0,1.0,-0.99877834,0
105,20,0.529,0,1.0,-1.4224796,0
105,21,0.501,2,-0.05,-1.8861171,0
105,22,0.488,1,-0.05,-2.0498962,0
105,23,0.482,2,-0.05,-2.2463186,0
105,24,0.481,1,-0.05,-2.1861737,0
105,25,0.471,2,-0.05,-2.6821377,0
105,26,0.473,1,-0.05,-2.4408903,0
105,27,0.456,2,-0.05,-2.783213,0
105,28,0.443,1,-0.05,-2.9131372,0
105,29,0.442,1,-0.05,-3.5968566,0
105,30,0.425,2,-0.05,-2.257187,0
105,31,0.409,2,-0.05,-2.8187306,0
105,32,0.414,1,-0.05,-3.2910948,0
105,33,0.414,1,-0.05,-3.8320436,0
105,34,0.364,0,1.0,-2.962647,0
105,35,0.269,0,1.0,-3.0004835,0
105,36,0.196,0,-100.0,-5.8110466,0
106,0,0.670,1,-0.05,-0.5725012,0
106,1,0.654,0,1.0,0.8259994,0
106,2,0.604,0,1.0,0.23586851,0
106,3,0.584,2,-0.05,-0.110330224,0
106,4,0.582,0,1.0,0.45541102,0
106,5,0.570,2,-0.05,-0.28904957,0
106,6,0.582,0,1.0,-1.7879101,0
106,7,0.593,1,-0.05,-1.883972,0
106,8,0.589,0,1.0,-0.74695027,0
106,9,0.590,0,1.0,-0.30937213,0
106,10,0.584,0,1.0,0.05343896,0
106,11,0.575,0,1.0,-0.007990181,0
106,12,0.574,0,1.0,-0.096506715,0
106,13,0.543,0,1.0,-0.3895743,0
106,14,0.556,0,1.0,-1.1096821,0
106,15,0.546,1,-0.05,-1.3883352,0
106,16,0.551,2,-0.05,-1.2155428,0
106,17,0.549,1,-0.05,-1.7718382,0
106,18,0.551,1,-0.05,-1.857214,0
106,19,0.541,1,-0.05,-1.8737736,0
106,20,0.477,0,1.0,-1.2877233,0
106,21,0.434,1,-0.05,-2.9458594,0
106,22,0.411,2,-0.05,-2.5288777,0
106,23,0.392,2,-0.05,-3.8078876,0
106,24,0.378,1,-0.05,-2.7982447,0
106,25,0.350,1,-0.05,-3.5274653,0
106,26,0.326,2,-0.05,-5.0807323,0
106,27,0.312,1,-0.05,-4.0171523,0
106,28,0.287,2,-0.05,-5.6792774,0
106,29,0.223,0,1.0,-4.4431834,0
106,30,0.168,0,-100.0,-6.317705,0
107,0,0.672,2,-0.05,-0.32929146,0
107,1,0.673,1,-0.05,-2.3138714,0
107,2,0.675,0,1.0,-0.35330653,0
107,3,0.655,2,-0.05,0.50024396,0
107,4,0.674,0,1.0,-1.117673,0
107,5,0.687,1,-0.05,-2.3422303,0
107,6,0.683,0,1.0,-0.4350888,0
107,7,0.671,0,1.0,0.55094326,0
107,8,0.663,2,-0.05,0.5737268,0
107,9,0.670,1,-0.05,-1.1517175,0
107,10,0.676,1,-0.05,1.144749,0
107,11,0.649,0,1.0,0.5798708,0
107,12,0.609,2,-0.05,-0.34306806,0
107,13,0.601,0,1.0,0.61491674,0
107,14,0.578,1,-0.05,0.80820405,0
107,15,0.548,0,1.0,0.1200757,0
107,16,0.502,0,1.0,-1.5693045,0
107,17,0.485,1,-0.05,-1.7222766,0
107,18,0.446,2,-0.05,-0.9265473,0
107,19,0.440,0,1.0,-1.7286675,0
107,20,0.424,0,1.0,-1.6759436,0
107,21,0.400,1,-0.05,-2.308289,0
107,22,0.395,2,-0.05,-2.4290826,0
107,23,0.387,0,1.0,-2.9403665,0
107,24,0.364,1,-0.05,-2.4559283,0
107,25,0.332,0,1.0,-3.6606088,0
107,26,0.319,2,-0.05,-4.028102,0
107,27,0.307,1,-0.05,-4.277852,0
107,28,0.296,1,-0.05,-4.676316,0
107,29,0.278,1,-0.05,-4.086067,0
107,30,0.260,1,-0.05,-6.6834955,0
107,31,0.231,1,-0.05,-6.0057926,0
107,32,0.196,1,-100.0,-10.271738,0
108,0,0.654,0,1.0,0.48406255,0
108,1,0.663,2,-0.05,0.7220435,0
108,2,0.678,1,-0.05,-1.0749209,0
108,3,0.657,0,1.0,0.81877846,0
108,4,0.633,0,1.0,1.1026266,0
108,5,0.631,0,1.0,1.2793157,0
108,6,0.604,2,-0.05,1.1594365,0
108,7,0.627,1,-0.05,-0.2891351,0
108,8,0.616,1,-0.05,1.0611389,0
108,9,0.572,0,1.0,-0.33289015,0
108,10,0.553,1,-0.05,-1.0798638,0
108,11,0.526,2,-0.05,-0.17372751,0
108,12,0.516,2,-0.05,-1.5718497,0
108,13,0.511,1,-0.05,0.22226542,0
108,14,0.509,2,-0.05,-0.6093298,0
108,15,0.492,0,1.0,0.13644224,0
108,16,0.483,2,-0.05,0.09868771,0
108,17,0.501,0,1.0,-1.1572058,0
108,18,0.522,0,1.0,-0.86351454,0
108,19,0.523,0,1.0,-0.92847973,0
108,20,0.552,2,-0.05,-0.9571549,0
108,21,0.561,1,-0.05,-0.28809345,0
108,22,0.549,0,1.0,-1.196665,0
108,23,0.580,2,-0.05,-1.1666011,0
108,24,0.566,1,-0.05,-0.71564597,0
108,25,0.574,2,-0.05,-1.3102579,0
108,26,0.579,1,-0.05,-0.7175083,0
108,27,0.585,1,-0.05,-1.5667614,0
108,28,0.579,2,-0.05,-1.406138,0
108,29,0.586,1,-0.05,-1.7723281,0
108,30,0.565,0,1.0,-1.7453902,0
108,31,0.550,1,-0.05,-2.3039443,0
108,32,0.531,1,-0.05,-1.2136102,0
108,33,0.517,1,-0.05,-1.402359,0
108,34,0.489,1,-0.05,-2.3759627,0
108,35,0.466,2,-0.05,-4.2051334,0
108,36,0.435,1,-0.05,-4.136039,0
108,37,0.422,1,-0.05,-4.0171766,0
108,38,0.388,1,-0.05,-7.877241,0
108,39,0.357,1,-0.05,-11.835122,0
108,40,0.326,1,-0.05,-10.387917,0
108,41,0.292,2,-0.05,-9.536047,0
108,42,0.269,1,-0.05,-10.850616,0
108,43,0.139,0,-100.0,-9.349415,0
109,0,0.668,0,1.0,-0.08851498,0
109,1,0.671,0,1.0,-0.064345956,0
109,2,0.679,0,1.0,-0.024187624,0
109,3,0.677,0,1.0,0.19688666,0
109,4,0.666,0,1.0,0.14806932,0
109,5,0.666,0,1.0,0.13855201,0
109,6,0.680,1,-0.05,0.14582425,0
109,7,0.646,0,1.0,1.2815515,0
109,8,0.619,0,1.0,0.87465596,0
109,9,0.585,0,1.0,0.6177146,0
109,10,0.564,2,-0.05,0.023281693,0
109,11,0.556,0,1.0,-0.10991579,0
109,12,0.544,0,1.0,-0.33984613,0
109,13,0.576,0,1.0,-0.750211,0
109,14,0.546,0,1.0,-1.3397965,0
109,15,0.558,1,-0.05,-1.7535431,0
109,16,0.543,0,1.0,-1.638914,0
109,17,0.539,1,-0.05,-1.6456738,0
109,18,0.529,1,-0.05,-2.2580636,0
109,19,0.508,1,-0.05,-1.2172971,0
109,20,0.453,0,1.0,-1.997189,0
109,21,0.387,1,-0.05,-3.6311188,0
109,22,0.303,0,1.0,-4.4456596,0
109,23,0.242,1,-0.05,-7.189904,0
109,24,0.212,1,-0.05,-11.142778,0
109,25,0.182,1,-100.0,-12.195644,0
110,0,0.654,0,1.0,0.25372684,0
110,1,0.664,2,-0.05,0.5013813,0
110,2,0.668,0,1.0,-1.3957951,0
110,3,0.688,1,-0.05,-2.076911,0
110,4,0.689,2,-0.05,-0.59682804,0
110,5,0.696,1,-0.05,-2.0657992,0
110,6,0.683,2,-0.05,-1.327775,0
110,7,0.692,2,-0.05,-2.1400104,0
110,8,0.673,0,1.0,-1.310098,0
110,9,0.585,0,1.0,-1.4699302,0
110,10,0.551,1,-0.05,-2.2700605,0
110,11,0.536,1,-0.05,-2.5267615,0
110,12,0.537,0,1.0,-2.1358378,0
110,13,0.510,0,1.0,-0.91843486,0
110,14,0.498,1,-0.05,-0.95455533,0
110,15,0.516,0,1.0,1.8285863,0
110,16,0.521,2,-0.05,2.156449,0
110,17,0.528,1,-0.05,1.4201018,0
110,18,0.543,0,1.0,2.5462422,0
110,19,0.577,0,1.0,2.008901,0
110,20,0.589,0,1.0,1.4619348,0
110,21,0.599,2,-0.05,1.33866,0
110,22,0.603,1,-0.05,1.2942355,0
110,23,0.626,0,1.0,0.8176856,0
110,24,0.643,2,-0.05,0.067349374,0
110,25,0.656,2,-0.05,0.33549267,0
110,26,0.649,0,1.0,-0.15432376,0
110,27,0.640,0,1.0,-0.76445615,0
110,28,0.608,0,1.0,-1.0684181,0
110,29,0.600,0,1.0,-1.3921297,0
110,30,0.605,2,-0.05,-2.1208541,0
110,31,0.587,2,-0.05,-2.2443628,0
110,32,0.579,1,-0.05,-1.0242411,0
110,33,0.562,1,-0.05,-1.8879724,0
110,34,0.558,2,-0.05,-2.1936636,0
110,35,0.533,0,1.0,-2.6012318,0
110,36,0.513,2,-0.05,-2.2652447,0
110,37,0.515,2,-0.05,-1.336847,0
110,38,0.492,1,-0.05,-0.115110636,0
110,39,0.477,1,-0.05,-1.0710337,0
110,40,0.460,2,-0.05,-2.7682352,0
110,41,0.440,1,-0.05,-1.4660592,0
110,42,0.437,1,-0.05,-3.0259728,0
110,43,0.427,1,-0.05,-4.331156,0
110,44,0.437,2,-0.05,-4.138369,0
110,45,0.437,2,-0.05,-5.253967,0
110,46,0.433,1,-0.05,-4.994375,0
110,47,0.416,1,-0.05,-5.886835,0
110,48,0.431,2,-0.05,-5.225386,0
110,49,0.442,1,-0.05,-7.134965,0
110,50,0.433,1,-0.05,-6.7982945,0
110,51,0.446,1,-0.05,-2.6410072,0
110,52,0.478,2,-0.05,-2.4377947,0
110,53,0.496,2,-0.05,-2.1568089,0
110,54,0.519,1,-0.05,-5.751891,0
110,55,0.598,0,1.0,-2.8186336,0
110,56,0.706,0,1.0,-3.734682,0
110,57,0.819,0,1.0,-5.0554037,0
110,58,0.785,1,-0.05,-6.7598877,0
110,59,0.767,2,-0.05,-5.5891767,0
110,60,0.727,1,-0.05,-7.163567,0
110,61,0.691,1,-0.05,-5.9817696,0
110,62,0.668,2,-0.05,-4.1356745,0
110,63,0.648,1,-0.05,-5.268714,0
110,64,0.614,1,-0.05,-4.3785963,0
110,65,0.578,1,-0.05,-5.1292,0
110,66,0.574,1,-0.05,-6.8367376,0
110,67,0.563,1,-0.05,-10.301054,0
110,68,0.542,1,-0.05,-10.676146,0
110,69,0.546,1,-0.05,-8.260332,0
110,70,0.549,1,-0.05,-5.6674633,0
110,71,0.524,2,-0.05,-3.7219486,0
110,72,0.492,1,-0.05,-5.2928014,0
110,73,0.420,0,1.0,-4.3484783,0
110,74,0.329,1,-0.05,-4.239153,0
110,75,0.278,0,1.0,-3.1027312,0
110,76,0.211,1,-0.05,-2.7318287,0
110,77,0.180,1,-100.0,-3.431305,0
111,0,0.668,0,1.0,0.56939423,0
111,1,0.665,2,-0.05,0.81380606,0
111,2,0.646,2,-0.05,-0.9107197,0
111,3,0.700,0,1.0,-1.7935888,0
111,4,0.663,0,1.0,-1.505444,0
111,5,0.638,2,-0.05,-1.8023553,0
111,6,0.610,1,-0.05,-1.7909081,0
111,7,0.604,2,-0.05,-2.3535326,0
111,8,0.601,2,-0.05,-2.1553488,0
111,9,0.576,1,-0.05,-1.8769281,0
111,10,0.552,1,-0.05,-2.4760463,0
111,11,0.548,2,-0.05,-2.6947289,0
111,12,0.496,0,1.0,-2.9028883,0
111,13,0.459,1,-0.05,-3.4859488,0
111,14,0.446,1,-0.05,-4.048532,0
111,15,0.439,1,-0.05,-3.8911953,0
111,16,0.430,1,-0.05,-0.085344315,0
111,17,0.426,1,-0.05,2.6521368,0
111,18,0.437,2,-0.05,3.320053,0
111,19,0.434,2,-0.05,3.0007095,0
111,20,0.440,0,1.0,1.2235786,0
111,21,0.439,2,-0.05,-0.5614066,0
111,22,0.440,2,-0.05,-3.0249963,0
111,23,0.425,1,-0.05,-4.0875015,0
111,24,0.425,2,-0.05,-4.1764994,0
111,25,0.408,2,-0.05,-4.2257504,0
111,26,0.400,2,-0.05,-4.128285,0
111,27,0.370,1,-0.05,-4.0957847,0
111,28,0.341,1,-0.05,-4.463606,0
111,29,0.291,0,1.0,-5.5744805,0
111,30,0.274,1,-0.05,-6.8214636,0
111,31,0.268,1,-0.05,-4.711219,0
111,32,0.266,1,-0.05,-2.1175306,0
111,33,0.258,2,-0.05,2.664162,0
111,34,0.275,2,-0.05,-0.41625416,0
111,35,0.249,1,-0.05,-3.6321666,0
111,36,0.258,2,-0.05,-2.3219678,0
111,37,0.237,0,1.0,-3.4126487,0
111,38,0.197,0,-100.0,-5.598544,0
112,0,0.666,0,1.0,0.030971646,0
112,1,0.667,0,1.0,0.12058562,0
112,2,0.669,0,1.0,0.06427896,0
112,3,0.668,1,-0.05,0.38447404,0
112,4,0.671,0,1.0,0.9370669,0
112,5,0.629,2,-0.05,1.476409,0
112,6,0.626,0,1.0,0.47755957,0
112,7,0.629,0,1.0,-0.14367038,0
112,8,0.637,1,-0.05,-0.13487428,0
112,9,0.640,0,1.0,1.2725776,0
112,10,0.623,1,-0.05,1.2985716,0
112,11,0.578,0,1.0,0.4374693,0
112,12,0.533,0,1.0,-1.0718589,0
112,13,0.515,1,-0.05,-1.4697167,0
112,14,0.511,1,-0.05,-0.82443404,0
112,15,0.473,2,-0.05,-1.0891342,0
112,16,0.463,2,-0.05,-1.3809347,0
112,17,0.411,0,1.0,-1.9497509,0
112,18,0.406,1,-0.05,-1.9133248,0
112,19,0.369,0,1.0,-1.9369376,0
112,20,0.331,1,-0.05,-2.8586395,0
112,21,0.309,1,-0.05,-4.580059,0
112,22,0.301,1,-0.05,-5.2015843,0
112,23,0.266,2,-0.05,-7.1521845,0
112,24,0.244,1,-0.05,-6.703592,0
112,25,0.219,1,-0.05,-7.738681,0
112,26,0.197,1,-100.0,-9.226994,0
113,0,0.654,0,1.0,0.5024375,0
113,1,0.667,0,1.0,0.71216345,0
113,2,0.667,0,1.0,0.5476599,0
113,3,0.652,0,1.0,0.45522052,0
113,4,0.642,0,1.0,0.3959232,0
113,5,0.631,2,-0.05,0.38086164,0
113,6,0.631,2,-0.05,-1.2998595,0
113,7,0.662,1,-0.05,-1.6060846,0
113,8,0.649,1,-0.05,-1.848559,0
113,9,0.647,0,1.0,0.3615275,0
113,10,0.632,0,1.0,1.0854294,0
113,11,0.634,1,-0.05,0.97516024,0
113,12,0.617,2,-0.05,0.34158093,0
113,13,0.582,0,1.0,0.8306878,0
113,14,0.614,0,1.0,0.31905997,0
113,15,0.600,0,1.0,0.056333482,0
113,16,0.597,1,-0.05,-0.2871157,0
113,17,0.602,1,-0.05,-0.17472291,0
113,18,0.574,0,1.0,-1.0033693,0
113,19,0.525,1,-0.05,-0.49114513,0
113,20,0.524,2,-0.05,-0.9338248,0
113,21,0.473,0,1.0,-1.4969804,0
113,22,0.430,0,1.0,-1.9108925,0
113,23,0.362,0,1.0,-2.984255,0
113,24,0.329,1,-0.05,-4.5925856,0
113,25,0.334,1,-0.05,-3.2488093,0
113,26,0.303,1,-0.05,-5.433824,0
113,27,0.227,0,1.0,-5.6181803,0
113,28,0.146,1,-100.0,-8.022756,0
114,0,0.664,1,-0.05,0.044149697,0
114,1,0.652,0,1.0,0.8977194,0
114,2,0.625,2,-0.05,0.62289774,0
114,3,0.617,0,1.0,0.55089074,0
114,4,0.628,1,-0.05,-0.40384376,0
114,5,0.617,1,-0.05,0.5576904,0
114,6,0.613,1,-0.05,-0.5916824,0
114,7,0.595,1,-0.05,-0.31395674,0
114,8,0.584,1,-0.05,-0.08996916,0
114,9,0.552,1,-0.05,-2.571453,0
114,10,0.520,1,-0.05,-6.1225224,0
114,11,0.493,1,-0.05,-10.404997,0
114,12,0.459,1,-0.05,-10.885864,0
114,13,0.421,1,-0.05,-10.490438,0
114,14,0.402,2,-0.05,-8.346748,0
114,15,0.252,0,1.0,-9.785269,0
114,16,0.215,1,-0.05,-11.655361,0
114,17,0.171,1,-100.0,-11.336466,0
115,0,0.676,1,-0.05,-0.03384608,0
115,1,0.651,0,1.0,1.0564015,0
115,2,0.608,0,1.0,0.19090241,0
115,3,0.553,0,1.0,-0.09902614,0
115,4,0.538,2,-0.05,-0.34761482,0
115,5,0.530,2,-0.05,0.28835666,0
115,6,0.534,2,-0.05,-1.2944233,0
115,7,0.532,1,-0.05,-1.3065038,0
115,8,0.551,1,-0.05,-1.7117422,0
115,9,0.554,1,-0.05,0.23424572,0
115,10,0.532,0,1.0,0.22460532,0
115,11,0.477,0,1.0,-1.0639601,0
115,12,0.431,0,1.0,-1.9281456,0
115,13,0.406,2,-0.05,-2.1807137,0
115,14,0.392,0,1.0,-1.117019,0
115,15,0.357,0,1.0,-1.0793319,0
115,16,0.369,1,-0.05,-1.1701145,0
115,17,0.360,1,-0.05,-2.4673667,0
115,18,0.302,0,1.0,-2.2114182,0
115,19,0.276,1,-0.05,-4.2212033,0
115,20,0.186,0,-100.0,-5.5358315,0
116,0,0.668,0,1.0,-0.4074887,0
116,1,0.672,1,-0.05,-0.37211013,0
116,2,0.641,0,1.0,0.70292425,0
116,3,0.613,0,1.0,0.83523,0
116,4,0.610,2,-0.05,0.72733724,0
116,5,0.601,0,1.0,0.5612238,0
116,6,0.596,2,-0.05,-0.5878353,0
116,7,0.606,1,-0.05,-1.9811417,0
116,8,0.593,0,1.0,-0.66933763,0
116,9,0.587,1,-0.05,0.3914243,0
116,10,0.568,0,1.0,0.30546582,0
116,11,0.535,0,1.0,-0.5573317,0
116,12,0.510,1,-0.05,-0.83766836,0
116,13,0.492,2,-0.05,-0.8815795,0
116,14,0.472,0,1.0,-1.8349578,0
116,15,0.450,2,-0.05,-0.986241,0
116,16,0.430,0,1.0,-1.3917918,0
116,17,0.449,0,1.0,-1.5774654,0
116,18,0.439,1,-0.05,-1.9068843,0
116,19,0.436,1,-0.05,-2.0750914,0
116,20,0.432,1,-0.05,-2.5101123,0
116,21,0.354,0,1.0,-1.790133,0
116,22,0.280,0,1.0,-4.3271503,0
116,23,0.244,1,-0.05,-4.586956,0
116,24,0.142,0,-100.0,-6.833042,0
117,0,0.655,0,1.0,-0.32541573,0
117,1,0.679,1,-0.05,-0.310315,0
117,2,0.662,2,-0.05,1.1148294,0
117,3,0.674,0,1.0,0.22559977,0
117,4,0.675,1,-0.05,-1.1684676,0
117,5,0.677,1,-0.05,0.39613473,0
117,6,0.633,0,1.0,0.27930874,0
117,7,0.612,2,-0.05,-0.48022032,0
117,8,0.606,1,-0.05,0.18744016,0
117,9,0.577,2,-0.05,-1.2685493,0
117,10,0.590,1,-0.05,0.14911556,0
117,11,0.516,0,1.0,-0.8846855,0
117,12,0.505,1,-0.05,-1.0379176,0
117,13,0.505,1,-0.05,-0.8200798,0
117,14,0.467,1,-0.05,-1.7275562,0
117,15,0.436,2,-0.05,-4.6688547,0
117,16,0.419,2,-0.05,-3.699185,0
117,17,0.406,1,-0.05,-2.3128839,0
117,18,0.381,2,-0.05,-4.4244585,0
117,19,0.356,1,-0.05,-3.045415,0
117,20,0.329,1,-0.05,-4.7276826,0
117,21,0.315,2,-0.05,-6.2151117,0
117,22,0.280,2,-0.05,-6.5570893,0
117,23,0.265,1,-0.05,-5.5476365,0
117,24,0.178,0,-100.0,-7.288637,0
118,0,0.672,2,-0.05,-0.32556504,0
118,1,0.669,2,-0.05,-2.3741646,0
118,2,0.684,1,-0.05,-1.4372443,0
118,3,0.689,2,-0.05,-2.3051696,0
118,4,0.686,0,1.0,-1.7852812,0
118,5,0.620,0,1.0,-1.7275475,0
118,6,0.585,1,-0.05,-2.334139,0
118,7,0.580,1,-0.05,-2.9681664,0
118,8,0.567,0,1.0,-1.6378714,0
118,9,0.561,0,1.0,-0.31394064,0
118,10,0.555,0,1.0,0.04004699,0
118,11,0.559,0,1.0,0.046283662,0
118,12,0.550,1,-0.05,0.0534572,0
118,13,0.573,0,1.0,1.2737782,0
118,14,0.600,0,1.0,2.205962,0
118,15,0.604,1,-0.05,1.8420331,0
118,16,0.648,0,1.0,1.4009119,0
118,17,0.661,2,-0.05,0.11569828,0
118,18,0.711,0,1.0,0.32393503,0
118,19,0.699,0,1.0,0.1203261,0
118,20,0.658,0,1.0,-0.25340855,0
118,21,0.658,1,-0.05,-1.0023879,0
118,22,0.645,1,-0.05,-1.5284971,0
118,23,0.650,1,-0.05,-0.3884641,0
118,24,0.626,1,-0.05,-0.43037462,0
118,25,0.522,0,1.0,-3.306157,0
118,26,0.411,0,1.0,-5.3904,0
118,27,0.339,1,-0.05,-5.3521175,0
118,28,0.318,1,-0.05,-9.156446,0
118,29,0.292,1,-0.05,-13.453873,0
118,30,0.203,0,1.0,-12.804189,0
118,31,0.120,1,-100.0,-12.6687355,0
119,0,0.654,0,1.0,0.029917479,0
119,1,0.663,2,-0.05,0.29777682,0
119,2,0.679,0,1.0,-1.7291565,0
119,3,0.679,2,-0.05,-2.3016353,0
119,4,0.690,1,-0.05,-2.0836203,0
119,5,0.699,0,1.0,-2.334025,0
119,6,0.698,0,1.0,-1.5449307,0
119,7,0.667,0,1.0,-1.687722,0
119,8,0.668,1,-0.05,-1.5960433,0
119,9,0.677,1,-0.05,0.622023,0
119,10,0.700,0,1.0,1.478462,0
119,11,0.698,1,-0.05,0.75650275,0
119,12,0.641,0,1.0,-0.51021767,0
119,13,0.608,1,-0.05,-0.19987082,0
119,14,0.580,2,-0.05,0.35814214,0
119,15,0.571,1,-0.05,-0.43133402,0
119,16,0.512,0,1.0,-0.0140903,0
119,17,0.404,0,1.0,-0.9753151,0
119,18,0.372,1,-0.05,-3.803225,0
119,19,0.344,1,-0.05,-4.3866878,0
119,20,0.330,1,-0.05,-7.130041,0
119,21,0.291,1,-0.05,-10.361129,0
119,22,0.166,0,-100.0,-13.563826,0
120,0,0.664,2,-0.05,-0.5015885,0
120,1,0.658,2,-0.05,-2.3324351,0
120,2,0.706,0,1.0,-1.7138445,0
120,3,0.672,1,-0.05,-1.6044592,0
120,4,0.649,1,-0.05,-2.1642728,0
120,5,0.645,1,-0.05,-2.4869442,0
120,6,0.645,0,1.0,0.7889963,0
120,7,0.688,0,1.0,1.41476,0
120,8,0.701,0,1.0,1.562847,0
120,9,0.693,1,-0.05,1.4283217,0
120,10,0.672,0,1.0,0.8388489,0
120,11,0.616,0,1.0,0.2241373,0
120,12,0.570,0,1.0,-0.95289373,0
120,13,0.532,2,-0.05,-1.3527744,0
120,14,0.526,0,1.0,-0.29352927,0
120,15,0.502,0,1.0,-0.37816888,0
120,16,0.494,1,-0.05,-0.76276076,0
120,17,0.440,0,1.0,-1.583796,0
120,18,0.424,1,-0.05,-2.346109,0
120,19,0.370,0,1.0,-2.01819,0
120,20,0.344,1,-0.05,-2.9968657,0
120,21,0.313,2,-0.05,-4.2440863,0
120,22,0.294,2,-0.05,-4.772069,0
120,23,0.283,1,-0.05,-4.555729,0
120,24,0.279,1,-0.05,-5.206288,0
120,25,0.251,2,-0.05,-5.807125,0
120,26,0.227,1,-0.05,-6.336582,0
120,27,0.225,1,-0.05,-7.5088367,0
120,28,0.183,2,-100.0,-9.2984915,0
121,0,0.667,0,1.0,-0.7588873,0
121,1,0.671,0,1.0,-0.8476069,0
121,2,0.679,0,1.0,-0.7447109,0
121,3,0.665,0,1.0,-0.70441186,0
121,4,0.679,0,1.0,-0.6416321,0
121,5,0.683,0,1.0,-0.6616157,0
121,6,0.684,2,-0.05,-0.1147486,0
121,7,0.694,1,-0.05,-2.127937,0
121,8,0.687,1,-0.05,-1.0600911,0
121,9,0.677,0,1.0,1.3874941,0
121,10,0.652,2,-0.05,0.78700244,0
121,11,0.649,0,1.0,0.98808455,0
121,12,0.642,0,1.0,0.41201526,0
121,13,0.635,2,-0.05,0.20151025,0
121,14,0.637,2,-0.05,-0.96309245,0
121,15,0.644,1,-0.05,-1.9666091,0
121,16,0.666,0,1.0,-1.0610161,0
121,17,0.676,0,1.0,-1.208396,0
121,18,0.681,0,1.0,-1.0153539,0
121,19,0.698,0,1.0,-1.1300726,0
121,20,0.696,1,-0.05,-1.4525576,0
121,21,0.709,1,-0.05,-1.1956654,0
121,22,0.673,0,1.0,-1.1947627,0
121,23,0.652,1,-0.05,-1.2374953,0
121,24,0.635,1,-0.05,-0.59077525,0
121,25,0.606,1,-0.05,0.4368558,0
121,26,0.583,1,-0.05,-2.3168607,0
121,27,0.577,1,-0.05,-5.2951508,0
121,28,0.542,1,-0.05,-9.570251,0
121,29,0.518,1,-0.05,-11.397202,0
121,30,0.467,1,-0.05,-9.671663,0
121,31,0.437,1,-0.05,-7.5761204,0
121,32,0.417,1,-0.05,-7.8460784,0
121,33,0.347,0,1.0,-8.737774,0
121,34,0.262,1,-0.05,-8.912388,0
121,35,0.213,0,1.0,-8.195848,0
121,36,0.167,1,-100.0,-7.4128265,0
122,0,0.677,1,-0.05,0.14898145,0
122,1,0.639,0,1.0,1.0760227,0
122,2,0.623,2,-0.05,0.49531603,0
122,3,0.607,0,1.0,0.8710771,0
122,4,0.601,0,1.0,0.14525658,0
122,5,0.592,2,-0.05,0.11562854,0
122,6,0.602,0,1.0,-1.5517776,0
122,7,0.619,1,-0.05,-1.9667861,0
122,8,0.613,0,1.0,-0.57029295,0
122,9,0.600,0,1.0,0.5350827,0
122,10,0.591,0,1.0,0.47680408,0
122,11,0.581,1,-0.05,0.43706447,0
122,12,0.579,0,1.0,0.50247824,0
122,13,0.516,0,1.0,-0.30741304,0
122,14,0.483,0,1.0,-0.96458673,0
122,15,0.459,0,1.0,-1.554527,0
122,16,0.415,0,1.0,-2.0006845,0
122,17,0.406,1,-0.05,-2.8484714,0
122,18,0.389,1,-0.05,-2.6472409,0
122,19,0.369,2,-0.05,-3.7404842,0
122,20,0.367,1,-0.05,-3.2098255,0
122,21,0.335,2,-0.05,-3.862554,0
122,22,0.288,0,1.0,-3.9622664,0
122,23,0.273,2,-0.05,-4.9337797,0
122,24,0.251,0,1.0,-4.6221027,0
122,25,0.240,1,-0.05,-5.257805,0
122,26,0.246,1,-0.05,-6.214062,0
122,27,0.252,1,-0.05,-5.77325,0
122,28,0.226,1,-0.05,-7.692052,0
122,29,0.189,1,-100.0,-7.948448,0
123,0,0.671,2,-0.05,0.1731326,0
123,1,0.675,1,-0.05,-2.093554,0
123,2,0.678,0,1.0,-0.86738336,0
123,3,0.659,0,1.0,0.4964292,0
123,4,0.651,1,-0.05,0.5044268,0
123,5,0.653,1,-0.05,1.0924637,0
123,6,0.604,0,1.0,-0.41746557,0
123,7,0.547,0,1.0,-0.91401637,0
123,8,0.509,1,-0.05,-0.7977574,0
123,9,0.493,1,-0.05,-0.5593693,0
123,10,0.473,1,-0.05,-1.8494229,0
123,11,0.433,1,-0.05,-4.39999,0
123,12,0.411,2,-0.05,-9.7517,0
123,13,0.381,1,-0.05,-6.844471,0
123,14,0.366,1,-0.05,-10.484405,0
123,15,0.321,1,-0.05,-12.74478,0
123,16,0.288,1,-0.05,-13.293379,0
123,17,0.192,0,-100.0,-12.561795,0
124,0,0.655,0,1.0,-0.40978682,0
124,1,0.665,0,1.0,-0.35145307,0
124,2,0.676,1,-0.05,-0.3522135,0
124,3,0.656,0,1.0,0.8701548,0
124,4,0.614,0,1.0,1.0218999,0
124,5,0.584,0,1.0,0.8460856,0
124,6,0.562,0,1.0,0.513949,0
124,7,0.535,2,-0.05,0.3552435,0
124,8,0.527,0,1.0,0.2927547,0
124,9,0.541,1,-0.05,-0.4056651,0
124,10,0.546,1,-0.05,0.12178087,0
124,11,0.534,2,-0.05,-0.9880894,0
124,12,0.520,2,-0.05,-0.09255648,0
124,13,0.517,2,-0.05,-0.81747836,0
124,14,0.533,1,-0.05,-1.3283261,0
124,15,0.528,1,-0.05,-1.5136788,0
124,16,0.508,0,1.0,-0.22145939,0
124,17,0.478,0,1.0,-0.4442327,0
124,18,0.454,0,1.0,-1.4360521,0
124,19,0.431,0,1.0,-1.8490708,0
124,20,0.406,2,-0.05,-2.430203,0
124,21,0.408,1,-0.05,-2.3989096,0
124,22,0.401,1,-0.05,-2.9132605,0
124,23,0.387,1,-0.05,-2.8413405,0
124,24,0.318,0,1.0,-4.0274024,0
124,25,0.272,1,-0.05,-4.884507,0
124,26,0.258,1,-0.05,-7.5817795,0
124,27,0.230,2,-0.05,-7.480405,0
124,28,0.202,1,-0.05,-9.1078825,0
124,29,0.187,1,-100.0,-9.556852,0
125,0,0.654,0,1.0,0.06815833,0
125,1,0.666,0,1.0,0.25984812,0
125,2,0.647,2,-0.05,0.15557402,0
125,3,0.663,1,-0.05,-1.9139575,0
125,4,0.643,0,1.0,0.24106556,0
125,5,0.624,0,1.0,0.9670628,0
125,6,0.607,0,1.0,0.79199713,0
125,7,0.592,0,1.0,0.7365726,0
125,8,0.574,0,1.0,0.60618603,0
125,9,0.576,1,-0.05,0.5491373,0
125,10,0.530,0,1.0,-0.24478996,0
125,11,0.489,0,1.0,-1.5835376,0
125,12,0.435,2,-0.05,-1.9684618,0
125,13,0.453,0,1.0,-1.0990283,0
125,14,0.412,0,1.0,-1.3718882,0
125,15,0.410,0,1.0,-1.8691578,0
125,16,0.386,0,1.0,-2.1635985,0
125,17,0.373,1,-0.05,-2.6425812,0
125,18,0.364,1,-0.05,-3.7360568,0
125,19,0.355,1,-0.05,-3.054977,0
125,20,0.337,1,-0.05,-3.6526818,0
125,21,0.336,1,-0.05,-6.2193894,0
125,22,0.301,2,-0.05,-8.116318,0
125,23,0.269,1,-0.05,-7.5170827,0
125,24,0.245,1,-0.05,-7.8760033,0
125,25,0.235,1,-0.05,-11.574414,0
125,26,0.136,0,-100.0,-15.505381,0
126,0,0.668,0,1.0,-0.30294704,0
126,1,0.671,0,1.0,-0.3527478,0
126,2,0.672,0,1.0,-0.30864882,0
126,3,0.663,1,-0.05,-0.36184072,0
126,4,0.643,0,1.0,0.6073205,0
126,5,0.615,0,1.0,1.1253283,0
126,6,0.593,0,1.0,0.9486938,0
126,7,0.576,2,-0.05,0.65144414,0
126,8,0.579,2,-0.05,0.5155281,0
126,9,0.569,2,-0.05,-1.7953093,0
126,10,0.592,1,-0.05,-1.2878606,0
126,11,0.591,1,-0.05,-1.8242261,0
126,12,0.591,2,-0.05,0.17424011,0
126,13,0.622,0,1.0,-1.7658253,0
126,14,0.614,1,-0.05,-1.736459,0
126,15,0.629,0,1.0,-0.7938936,0
126,16,0.623,0,1.0,-0.027754247,0
126,17,0.638,1,-0.05,-0.3392564,0
126,18,0.615,2,-0.05,-0.12265539,0
126,19,0.636,1,-0.05,-0.66167474,0
126,20,0.615,1,-0.05,-0.29991734,0
126,21,0.605,1,-0.05,-1.2952322,0
126,22,0.605,1,-0.05,-0.43833923,0
126,23,0.572,1,-0.05,-0.20842838,0
126,24,0.552,1,-0.05,-4.1552625,0
126,25,0.432,0,1.0,-8.563419,0
126,26,0.379,1,-0.05,-10.900652,0
126,27,0.234,0,1.0,-13.838621,0
126,28,0.120,0,-100.0,-15.660442,0
127,0,0.672,2,-0.05,-0.30053723,0
127,1,0.669,2,-0.05,-2.3045607,0
127,2,0.667,2,-0.05,-1.5814886,0
127,3,0.697,1,-0.05,-1.168657,0
127,4,0.695,1,-0.05,-1.6956955,0
127,5,0.652,0,1.0,-2.593779,0
127,6,0.646,0,1.0,-2.4452417,0
127,7,0.632,0,1.0,-2.408049,0
127,8,0.617,1,-0.05,-2.4493713,0
127,9,0.602,1,-0.05,-1.271656,0
127,10,0.623,0,1.0,2.0915813,0
127,11,0.648,0,1.0,1.8506806,0
127,12,0.706,0,1.0,1.6327573,0
127,13,0.681,0,1.0,1.1205205,0
127,14,0.657,0,1.0,0.6702403,0
127,15,0.612,0,1.0,0.22235733,0
127,16,0.576,0,1.0,-0.012624025,0
127,17,0.536,0,1.0,-0.7995631,0
127,18,0.530,1,-0.05,-1.3022587,0
127,19,0.524,1,-0.05,-2.1607852,0
127,20,0.445,0,1.0,-0.8801732,0
127,21,0.422,1,-0.05,-2.7889414,0
127,22,0.319,0,1.0,-2.5113363,0
127,23,0.291,1,-0.05,-7.0092487,0
127,24,0.253,2,-0.05,-8.50259,0
127,25,0.230,1,-0.05,-8.36028,0
127,26,0.132,0,-100.0,-9.575149,0
128,0,0.672,2,-0.05,-0.2550584,0
128,1,0.686,1,-0.05,-2.1504567,0
128,2,0.677,0,1.0,-0.21025294,0
128,3,0.656,2,-0.05,0.53830254,0
128,4,0.671,1,-0.05,-0.9292374,0
128,5,0.650,0,1.0,0.69918996,0
128,6,0.648,2,-0.05,1.1402361,0
128,7,0.647,1,-0.05,0.23045266,0
128,8,0.624,0,1.0,1.3600565,0
128,9,0.585,0,1.0,0.9535682,0
128,10,0.570,2,-0.05,0.64545184,0
128,11,0.554,0,1.0,0.73903275,0
128,12,0.567,0,1.0,0.06932402,0
128,13,0.565,0,1.0,0.012635589,0
128,14,0.545,0,1.0,-0.13620609,0
128,15,0.548,0,1.0,-0.2676059,0
128,16,0.554,0,1.0,-0.6119688,0
128,17,0.529,0,1.0,-1.0318793,0
128,18,0.535,0,1.0,-1.3824947,0
128,19,0.545,1,-0.05,-1.7706155,0
128,20,0.526,1,-0.05,-1.8858907,0
128,21,0.503,0,1.0,-1.2688591,0
128,22,0.470,1,-0.05,-1.6903894,0
128,23,0.459,2,-0.05,-1.7632842,0
128,24,0.425,2,-0.05,-2.0870373,0
128,25,0.414,0,1.0,-4.008133,0
128,26,0.390,1,-0.05,-3.828086,0
128,27,0.401,1,-0.05,-4.6718903,0
128,28,0.399,1,-0.05,-2.1660671,0
128,29,0.372,1,-0.05,-5.2936797,0
128,30,0.361,1,-0.05,-5.1509905,0
128,31,0.318,1,-0.05,-8.018013,0
128,32,0.292,1,-0.05,-13.751287,0
128,33,0.249,2,-0.05,-12.9162855,0
128,34,0.218,1,-0.05,-13.645661,0
128,35,0.184,1,-100.0,-13.0889845,0
129,0,0.654,0,1.0,0.16767639,0
129,1,0.666,0,1.0,0.36272454,0
129,2,0.662,2,-0.05,0.19192833,0
129,3,0.663,0,1.0,-1.5616035,0
129,4,0.693,0,1.0,-1.9921949,0
129,5,0.705,1,-0.05,-2.0239856,0
129,6,0.707,1,-0.05,-1.0062904,0
129,7,0.708,0,1.0,1.521312,0
129,8,0.654,0,1.0,0.9702852,0
129,9,0.607,0,1.0,0.7583257,0
129,10,0.583,0,1.0,0.4286424,0
129,11,0.558,0,1.0,0.24396718,0
129,12,0.506,0,1.0,-0.06730878,0
129,13,0.507,1,-0.05,-0.89747626,0
129,14,0.488,1,-0.05,-1.5739625,0
129,15,0.473,1,-0.05,-1.2412968,0
129,16,0.455,2,-0.05,-2.323534,0
129,17,0.427,1,-0.05,-1.6531239,0
129,18,0.375,0,1.0,-2.6719675,0
129,19,0.250,0,1.0,-3.5952926,0
129,20,0.197,2,-100.0,-7.4146996,0
130,0,0.658,0,1.0,-0.568011,0
130,1,0.676,1,-0.05,-0.59709865,0
130,2,0.653,0,1.0,1.0668204,0
130,3,0.648,2,-0.05,1.3962522,0
130,4,0.631,0,1.0,0.39169228,0
130,5,0.647,1,-0.05,-0.75618947,0
130,6,0.622,0,1.0,0.55584645,0
130,7,0.587,0,1.0,1.323397,0
130,8,0.581,0,1.0,1.0469424,0
130,9,0.552,0,1.0,0.60767466,0
130,10,0.521,0,1.0,0.36160028,0
130,11,0.493,0,1.0,-0.096387744,0
130,12,0.467,0,1.0,-0.5187185,0
130,13,0.420,0,1.0,-1.1044219,0
130,14,0.417,2,-0.05,-2.0208187,0
130,15,0.416,1,-0.05,-1.7750124,0
130,16,0.416,1,-0.05,-2.0189376,0
130,17,0.405,1,-0.05,-1.7386894,0
130,18,0.395,1,-0.05,-2.8234367,0
130,19,0.371,1,-0.05,-2.9234176,0
130,20,0.285,0,1.0,-7.5805664,0
130,21,0.211,1,-0.05,-9.421303,0
130,22,0.182,1,-100.0,-12.696363,0
131,0,0.654,0,1.0,0.12457484,0
131,1,0.666,0,1.0,0.33557844,0
131,2,0.667,0,1.0,0.18948036,0
131,3,0.648,0,1.0,0.06270552,0
131,4,0.639,2,-0.05,0.10609853,0
131,5,0.644,2,-0.05,-1.7926391,0
131,6,0.654,2,-0.05,-1.4304513,0
131,7,0.670,2,-0.05,-0.7655721,0
131,8,0.699,1,-0.05,-0.5826293,0
131,9,0.693,1,-0.05,-1.0496871,0
131,10,0.680,1,-0.05,-1.7638625,0
131,11,0.668,0,1.0,-2.1901436,0
131,12,0.658,1,-0.05,-1.7029974,0
131,13,0.654,1,-0.05,0.64777726,0
131,14,0.650,1,-0.05,1.9582961,0
131,15,0.663,1,-0.05,0.9805372,0
131,16,0.691,2,-0.05,0.69694847,0
131,17,0.662,0,1.0,0.45383582,0
131,18,0.644,2,-0.05,-0.37094355,0
131,19,0.631,0,1.0,0.4236015,0
131,20,0.593,0,1.0,0.5396428,0
131,21,0.583,1,-0.05,0.2358793,0
131,22,0.542,0,1.0,-1.4544219,0
131,23,0.517,1,-0.05,-1.2617441,0
131,24,0.465,0,1.0,-0.86504674,0
131,25,0.366,0,1.0,-1.9786077,0
131,26,0.336,1,-0.05,-3.712864,0
131,27,0.319,1,-0.05,-5.198904,0
131,28,0.301,2,-0.05,-7.8487463,0
131,29,0.268,1,-0.05,-7.091133,0
131,30,0.238,1,-0.05,-8.559153,0
131,31,0.211,1,-0.05,-10.436355,0
131,32,0.209,1,-0.05,-14.618558,0
131,33,0.120,0,-100.0,-15.599022,0
132,0,0.655,0,1.0,-0.28669,0
132,1,0.666,0,1.0,-0.24949384,0
132,2,0.667,0,1.0,-0.22880149,0
132,3,0.664,0,1.0,0.132788,0
132,4,0.664,0,1.0,0.09966552,0
132,5,0.674,0,1.0,0.1354528,0
132,6,0.664,0,1.0,0.044703007,0
132,7,0.665,0,1.0,0.070738435,0
132,8,0.652,0,1.0,0.09968436,0
132,9,0.662,0,1.0,-0.012731135,0
132,10,0.671,0,1.0,0.17329043,0
132,11,0.665,0,1.0,-0.09912056,0
132,12,0.665,1,-0.05,-0.4800322,0
132,13,0.652,0,1.0,-0.2773769,0
132,14,0.616,0,1.0,-0.68461674,0
132,15,0.607,1,-0.05,-1.22473,0
132,16,0.597,1,-0.05,-1.5335166,0
132,17,0.578,1,-0.05,-0.33586276,0
132,18,0.504,0,1.0,-0.12377024,0
132,19,0.403,0,1.0,-2.6580267,0
132,20,0.278,0,1.0,-5.553014,0
132,21,0.176,0,-100.0,-7.6732244,0
133,0,0.655,0,1.0,-0.3069334,0
133,1,0.665,0,1.0,-0.28907216,0
133,2,0.665,0,1.0,-0.3589623,0
133,3,0.667,2,-0.05,-0.021522045,0
133,4,0.667,1,-0.05,-1.6785786,0
133,5,0.657,0,1.0,-0.72426903,0
133,6,0.637,0,1.0,0.45317388,0
133,7,0.634,0,1.0,0.8031834,0
133,8,0.619,0,1.0,0.69785756,0
133,9,0.599,0,1.0,0.59846014,0
133,10,0.600,0,1.0,0.63053125,0
133,11,0.594,2,-0.05,0.35613006,0
133,12,0.610,1,-0.05,-0.31534696,0
133,13,0.584,0,1.0,0.14378572,0
133,14,0.561,0,1.0,-0.20116758,0
133,15,0.539,0,1.0,-0.6091603,0
133,16,0.512,0,1.0,-1.3242854,0
133,17,0.494,0,1.0,-1.7694827,0
133,18,0.464,0,1.0,-2.2409215,0
133,19,0.472,1,-0.05,-3.2687507,0
133,20,0.461,1,-0.05,-3.4673395,0
133,21,0.451,1,-0.05,-1.9744883,0
133,22,0.378,0,1.0,-3.3050122,0
133,23,0.310,1,-0.05,-6.4972253,0
133,24,0.217,0,1.0,-6.1327515,0
133,25,0.183,1,-100.0,-10.678868,0
134,0,0.671,2,-0.05,0.14135146,0
134,1,0.691,0,1.0,-1.8947788,0
134,2,0.706,1,-0.05,-2.1056542,0
134,3,0.708,2,-0.05,-1.8920403,0
134,4,0.699,2,-0.05,-2.2842622,0
134,5,0.685,1,-0.05,-1.669618,0
134,6,0.674,1,-0.05,-2.0475073,0
134,7,0.663,0,1.0,-1.9162204,0
134,8,0.663,0,1.0,-0.3693967,0
134,9,0.649,1,-0.05,-0.34566212,0
134,10,0.668,0,1.0,1.2672898,0
134,11,0.667,1,-0.05,2.0665698,0
134,12,0.676,2,-0.05,1.5934854,0
134,13,0.683,1,-0.05,1.9355161,0
134,14,0.682,0,1.0,1.5486169,0
134,15,0.626,0,1.0,0.22476345,0
134,16,0.579,0,1.0,-0.41177595,0
134,17,0.547,1,-0.05,-1.1147962,0
134,18,0.548,1,-0.05,-0.37785327,0
134,19,0.517,1,-0.05,-0.16077852,0
134,20,0.502,2,-0.05,-1.9814391,0
134,21,0.469,2,-0.05,-1.3834243,0
134,22,0.452,2,-0.05,-1.4993043,0
134,23,0.408,0,1.0,-2.021932,0
134,24,0.354,0,1.0,-2.3451395,0
134,25,0.340,2,-0.05,-3.0110948,0
134,26,0.345,1,-0.05,-2.589896,0
134,27,0.327,1,-0.05,-3.5105238,0
134,28,0.322,1,-0.05,-3.6974325,0
134,29,0.265,0,1.0,-4.664747,0
134,30,0.181,1,-100.0,-8.16398,0
135,0,0.654,0,1.0,0.015522599,0
135,1,0.668,0,1.0,0.16907477,0
135,2,0.667,0,1.0,0.11163664,0
135,3,0.648,0,1.0,0.012381077,0
135,4,0.639,0,1.0,0.034116745,0
135,5,0.649,2,-0.05,-0.020997763,0
135,6,0.649,1,-0.05,-1.4356747,0
135,7,0.639,0,1.0,-0.0398587,0
135,8,0.629,0,1.0,0.9649854,0
135,9,0.606,0,1.0,0.82179666,0
135,10,0.593,1,-0.05,0.7621588,0
135,11,0.534,0,1.0,0.41387206,0
135,12,0.512,0,1.0,-1.5259427,0
135,13,0.483,1,-0.05,-1.8435034,0
135,14,0.490,1,-0.05,-1.1990864,0
135,15,0.410,0,1.0,-1.2329326,0
135,16,0.322,0,1.0,-3.4973054,0
135,17,0.257,1,-0.05,-4.9817085,0
135,18,0.227,1,-0.05,-7.829893,0
135,19,0.216,1,-0.05,-10.146545,0
135,20,0.180,1,-100.0,-12.10495,0
136,0,0.654,0,1.0,-0.053735375,0
136,1,0.668,0,1.0,0.15176868,0
136,2,0.667,0,1.0,0.03213346,0
136,3,0.634,2,-0.05,-0.020031095,0
136,4,0.661,0,1.0,-1.2715914,0
136,5,0.677,1,-0.05,-2.0164287,0
136,6,0.691,1,-0.05,-0.8771813,0
136,7,0.694,1,-0.05,1.1736326,0
136,8,0.626,0,1.0,0.5704445,0
136,9,0.600,2,-0.05,-0.99081355,0
136,10,0.598,2,-0.05,0.20786875,0
136,11,0.607,0,1.0,0.24431318,0
136,12,0.598,0,1.0,-0.77788824,0
136,13,0.614,0,1.0,-0.8201417,0
136,14,0.588,2,-0.05,-0.5469345,0
136,15,0.625,0,1.0,-0.88987947,0
136,16,0.637,2,-0.05,-1.1927221,0
136,17,0.649,1,-0.05,-1.549442,0
136,18,0.668,1,-0.05,-1.3724918,0
136,19,0.649,0,1.0,-0.6162322,0
136,20,0.635,0,1.0,-0.63387704,0
136,21,0.648,0,1.0,-1.1084192,0
136,22,0.637,0,1.0,-1.2903783,0
136,23,0.620,2,-0.05,-1.8234037,0
136,24,0.613,1,-0.05,-1.667233,0
136,25,0.628,1,-0.05,-2.162265,0
136,26,0.587,0,1.0,-2.477259,0
136,27,0.576,1,-0.05,-1.7270893,0
136,28,0.560,1,-0.05,-0.8792908,0
136,29,0.542,1,-0.05,-1.7841768,0
136,30,0.501,2,-0.05,-2.3266802,0
136,31,0.492,1,-0.05,-3.4011226,0
136,32,0.468,1,-0.05,-3.386817,0
136,33,0.442,2,-0.05,-8.947334,0
136,34,0.392,1,-0.05,-7.370882,0
136,35,0.385,1,-0.05,-10.635083,0
136,36,0.361,1,-0.05,-12.236248,0
136,37,0.298,1,-0.05,-13.111251,0
136,38,0.282,1,-0.05,-12.216982,0
136,39,0.250,2,-0.05,-11.793295,0
136,40,0.214,1,-0.05,-13.348794,0
136,41,0.189,1,-100.0,-12.176509,0
137,0,0.676,1,-0.05,0.20309341,0
137,1,0.671,1,-0.05,1.6885006,0
137,2,0.614,0,1.0,0.86778295,0
137,3,0.593,1,-0.05,-0.926651,0
137,4,0.576,1,-0.05,0.37342572,0
137,5,0.549,2,-0.05,0.38744068,0
137,6,0.528,1,-0.05,0.5791087,0
137,7,0.516,1,-0.05,-0.34098768,0
137,8,0.489,1,-0.05,-3.233695,0
137,9,0.374,0,1.0,-8.079425,0
137,10,0.309,1,-0.05,-11.156105,0
137,11,0.181,0,-100.0,-13.19979,0
138,0,0.670,1,-0.05,0.01789987,0
138,1,0.626,0,1.0,1.5100852,0
138,2,0.626,2,-0.05,1.0381935,0
138,3,0.619,2,-0.05,1.0745015,0
138,4,0.604,2,-0.05,-0.8169348,0
138,5,0.622,1,-0.05,-1.4975712,0
138,6,0.633,1,-0.05,-1.4998971,0
138,7,0.613,0,1.0,0.50700915,0
138,8,0.597,0,1.0,1.3172641,0
138,9,0.568,0,1.0,1.152228,0
138,10,0.545,0,1.0,0.99075,0
138,11,0.526,2,-0.05,0.74406654,0
138,12,0.535,0,1.0,0.12903786,0
138,13,0.540,0,1.0,-0.8237579,0
138,14,0.540,1,-0.05,-0.80979776,0
138,15,0.538,0,1.0,0.31743997,0
138,16,0.498,0,1.0,0.12634861,0
138,17,0.484,0,1.0,-0.4005885,0
138,18,0.460,0,1.0,-1.1488695,0
138,19,0.450,2,-0.05,-1.5139334,0
138,20,0.448,1,-0.05,-1.9445266,0
138,21,0.437,0,1.0,-1.8555465,0
138,22,0.398,0,1.0,-2.4900832,0
138,23,0.376,1,-0.05,-3.681827,0
138,24,0.329,0,1.0,-3.6241772,0
138,25,0.305,1,-0.05,-4.053898,0
138,26,0.287,1,-0.05,-4.770445,0
138,27,0.210,0,1.0,-8.866259,0
138,28,0.151,1,-100.0,-10.184688,0
139,0,0.654,0,1.0,0.12712204,0
139,1,0.666,0,1.0,0.30196524,0
139,2,0.648,0,1.0,0.2051574,0
139,3,0.634,2,-0.05,0.1412977,0
139,4,0.650,1,-0.05,-1.6232942,0
139,5,0.654,0,1.0,-0.014767528,0
139,6,0.632,2,-0.05,1.0213957,0
139,7,0.637,0,1.0,-0.19311869,0
139,8,0.641,2,-0.05,-1.0009193,0
139,9,0.655,2,-0.05,-2.1169066,0
139,10,0.670,1,-0.05,-1.6924386,0
139,11,0.680,1,-0.05,-2.0184696,0
139,12,0.688,0,1.0,-0.16403139,0
139,13,0.662,0,1.0,0.22561628,0
139,14,0.677,0,1.0,0.18762743,0
139,15,0.678,1,-0.05,0.44599766,0
139,16,0.669,2,-0.05,0.8574608,0
139,17,0.681,0,1.0,0.11460525,0
139,18,0.679,0,1.0,-0.8450983,0
139,19,0.694,0,1.0,-1.083369,0
139,20,0.702,0,1.0,-0.74066687,0
139,21,0.696,0,1.0,-1.1551518,0
139,22,0.675,0,1.0,-1.4409368,0
139,23,0.662,1,-0.05,-1.7960018,0
139,24,0.662,1,-0.05,-1.834307,0
139,25,0.699,0,1.0,-1.1216184,0
139,26,0.698,1,-0.05,-1.8492064,0
139,27,0.688,1,-0.05,-0.62969446,0
139,28,0.676,1,-0.05,0.45838094,0
139,29,0.648,1,-0.05,-1.4187334,0
139,30,0.546,0,1.0,-4.228109,0
139,31,0.508,1,-0.05,-8.032074,0
139,32,0.399,0,1.0,-11.626698,0
139,33,0.314,1,-0.05,-12.381552,0
139,34,0.279,2,-0.05,-12.413026,0
139,35,0.256,2,-0.05,-12.731433,0
139,36,0.225,1,-0.05,-13.980415,0
139,37,0.184,2,-100.0,-13.548349,0
140,0,0.667,0,1.0,-0.6599251,0
140,1,0.671,0,1.0,-0.7791929,0
140,2,0.679,0,1.0,-0.60560495,0
140,3,0.682,1,-0.05,-0.71368176,0
140,4,0.679,1,-0.05,0.35129356,0
140,5,0.679,1,-0.05,0.7616166,0
140,6,0.622,0,1.0,-0.21535492,0
140,7,0.579,1,-0.05,-0.044251323,0
140,8,0.563,1,-0.05,0.46660757,0
140,9,0.478,0,1.0,-1.1108046,0
140,10,0.414,1,-0.05,-3.8658643,0
140,11,0.387,1,-0.05,-8.580835,0
140,12,0.347,1,-0.05,-11.895857,0
140,13,0.319,1,-0.05,-14.476181,0
140,14,0.289,1,-0.05,-13.680415,0
140,15,0.261,1,-0.05,-12.72052,0
140,16,0.220,1,-0.05,-10.317922,0
140,17,0.184,1,-100.0,-6.5949044,0
141,0,0.654,0,1.0,0.034790635,0
141,1,0.666,2,-0.05,0.19263315,0
141,2,0.686,0,1.0,-1.1711347,0
141,3,0.674,2,-0.05,-1.8993067,0
141,4,0.686,0,1.0,-2.2109053,0
141,5,0.637,0,1.0,-2.2670283,0
141,6,0.597,0,1.0,-2.5763288,0
141,7,0.557,1,-0.05,-3.0110512,0
141,8,0.555,1,-0.05,-3.1308572,0
141,9,0.554,0,1.0,0.11951816,0
141,10,0.564,0,1.0,1.026686,0
141,11,0.570,0,1.0,0.97149414,0
141,12,0.575,0,1.0,1.0294939,0
141,13,0.584,0,1.0,0.74410844,0
141,14,0.601,1,-0.05,0.94451416,0
141,15,0.611,0,1.0,1.7310404,0
141,16,0.618,1,-0.05,1.4290817,0
141,17,0.639,2,-0.05,0.8504952,0
141,18,0.664,2,-0.05,0.9107386,0
141,19,0.657,1,-0.05,-0.04246068,0
141,20,0.691,0,1.0,0.62736,0
141,21,0.691,0,1.0,-0.49748367,0
141,22,0.651,0,1.0,-0.5166671,0
141,23,0.639,2,-0.05,-1.8091989,0
141,24,0.621,0,1.0,-1.6017169,0
141,25,0.630,1,-0.05,-2.184361,0
141,26,0.605,0,1.0,-3.0314069,0
141,27,0.542,0,1.0,-2.9583094,0
141,28,0.526,1,-0.05,-2.9959137,0
141,29,0.531,1,-0.05,-3.181796,0
141,30,0.514,1,-0.05,-2.3354712,0
141,31,0.487,1,-0.05,-3.8798532,0
141,32,0.462,1,-0.05,-9.399911,0
141,33,0.438,1,-0.05,-9.68479,0
141,34,0.427,1,-0.05,-10.656809,0
141,35,0.397,2,-0.05,-11.569088,0
141,36,0.368,1,-0.05,-10.481711,0
141,37,0.339,1,-0.05,-11.999419,0
141,38,0.295,1,-0.05,-13.5213375,0
141,39,0.262,1,-0.05,-14.137192,0
141,40,0.172,0,-100.0,-12.444839,0
142,0,0.672,0,1.0,-0.32118368,0
142,1,0.666,0,1.0,-0.3321129,0
142,2,0.659,0,1.0,-0.39525998,0
142,3,0.663,2,-0.05,-0.18402994,0
142,4,0.661,1,-0.05,-1.5544891,0
142,5,0.650,1,-0.05,0.037513256,0
142,6,0.648,0,1.0,1.1670763,0
142,7,0.602,0,1.0,0.4911641,0
142,8,0.554,0,1.0,0.17918926,0
142,9,0.547,1,-0.05,-0.14919746,0
142,10,0.546,1,-0.05,-1.1326126,0
142,11,0.453,0,1.0,0.089993715,0
142,12,0.432,1,-0.05,-1.1659818,0
142,13,0.363,0,1.0,-3.3344088,0
142,14,0.291,1,-0.05,-4.740068,0
142,15,0.258,2,-0.05,-9.176084,0
142,16,0.235,1,-0.05,-6.9898586,0
142,17,0.204,1,-0.05,-9.982256,0
142,18,0.167,1,-100.0,-12.9650545,0
143,0,0.676,1,-0.05,-0.09555209,0
143,1,0.665,2,-0.05,1.4142362,0
143,2,0.664,2,-0.05,0.20341563,0
143,3,0.673,1,-0.05,-1.89507,0
143,4,0.660,2,-0.05,-0.47673362,0
143,5,0.670,1,-0.05,-1.9173393,0
143,6,0.661,0,1.0,-1.1635284,0
143,7,0.656,0,1.0,0.17908478,0
143,8,0.670,1,-0.05,0.20865893,0
143,9,0.632,0,1.0,1.5590867,0
143,10,0.589,0,1.0,0.79869866,0
143,11,0.566,0,1.0,0.41434813,0
143,12,0.525,0,1.0,0.12606287,0
143,13,0.510,1,-0.05,-0.020262003,0
143,14,0.476,0,1.0,-1.5688224,0
143,15,0.437,2,-0.05,-0.9765034,0
143,16,0.423,1,-0.05,-2.1877382,0
143,17,0.404,1,-0.05,-1.2147136,0
143,18,0.380,1,-0.05,-2.1919398,0
143,19,0.366,1,-0.05,-3.168548,0
143,20,0.352,1,-0.05,-8.51026,0
143,21,0.227,0,1.0,-11.533182,0
143,22,0.169,1,-100.0,-14.474303,0
144,0,0.663,0,1.0,0.2251687,0
144,1,0.661,0,1.0,0.3049767,0
144,2,0.660,0,1.0,0.21943665,0
144,3,0.644,0,1.0,0.2508577,0
144,4,0.659,1,-0.05,0.17429852,0
144,5,0.633,0,1.0,1.6627167,0
144,6,0.594,0,1.0,0.90675956,0
144,7,0.550,0,1.0,0.74658036,0
144,8,0.516,0,1.0,0.5253638,0
144,9,0.502,2,-0.05,0.21698534,0
144,10,0.512,2,-0.05,0.06172061,0
144,11,0.530,0,1.0,-1.1672109,0
144,12,0.545,0,1.0,-0.3570851,0
144,13,0.554,2,-0.05,-0.54531753,0
144,14,0.565,1,-0.05,-0.42781574,0
144,15,0.577,0,1.0,-1.0162822,0
144,16,0.589,0,1.0,-1.124619,0
144,17,0.595,0,1.0,-1.2501557,0
144,18,0.588,1,-0.05,-1.4295958,0
144,19,0.589,0,1.0,-1.401023,0
144,20,0.572,2,-0.05,-1.7588588,0
144,21,0.580,1,-0.05,-1.9660563,0
144,22,0.572,2,-0.05,-1.8130162,0
144,23,0.577,1,-0.05,-2.4404175,0
144,24,0.551,0,1.0,-2.1632538,0
144,25,0.522,0,1.0,-3.2971196,0
144,26,0.504,0,1.0,-2.919806,0
144,27,0.482,1,-0.05,-4.52912,0
144,28,0.460,2,-0.05,-3.2968726,0
144,29,0.446,2,-0.05,-4.289948,0
144,30,0.459,1,-0.05,-5.14038,0
144,31,0.472,1,-0.05,-4.3435283,0
144,32,0.443,1,-0.05,-5.38813,0
144,33,0.427,2,-0.05,-3.7147608,0
144,34,0.417,1,-0.05,-5.6972446,0
144,35,0.413,1,-0.05,-5.8842335,0
144,36,0.346,0,1.0,-6.882196,0
144,37,0.288,1,-0.05,-10.139351,0
144,38,0.292,1,-0.05,-11.135864,0
144,39,0.250,1,-0.05,-11.056886,0
144,40,0.229,2,-0.05,-11.973386,0
144,41,0.198,1,-100.0,-12.307967,0
145,0,0.677,1,-0.05,0.009539247,0
145,1,0.639,0,1.0,1.1972537,0
145,2,0.603,0,1.0,0.5805416,0
145,3,0.565,0,1.0,0.21936387,0
145,4,0.526,0,1.0,-0.018485904,0
145,5,0.501,0,1.0,-0.26412153,0
145,6,0.467,1,-0.05,-0.47835535,0
145,7,0.474,1,-0.05,-1.867653,0
145,8,0.454,2,-0.05,-0.8438022,0
145,9,0.410,0,1.0,-1.5176299,0
145,10,0.378,1,-0.05,-2.5697193,0
145,11,0.371,1,-0.05,-1.8054285,0
145,12,0.355,1,-0.05,-3.0940948,0
145,13,0.321,1,-0.05,-4.8455076,0
145,14,0.302,2,-0.05,-10.144515,0
145,15,0.279,1,-0.05,-6.5911694,0
145,16,0.259,1,-0.05,-9.23936,0
145,17,0.126,0,-100.0,-12.820946,0
146,0,0.664,2,-0.05,-0.33796656,0
146,1,0.687,0,1.0,-1.972525,0
146,2,0.681,1,-0.05,-2.2923055,0
146,3,0.699,2,-0.05,-1.9711316,0
146,4,0.698,2,-0.05,-2.5411196,0
146,5,0.675,2,-0.05,-2.0917807,0
146,6,0.660,2,-0.05,-1.6528312,0
146,7,0.566,0,1.0,-2.5394032,0
146,8,0.513,1,-0.05,-3.8954172,0
146,9,0.482,1,-0.05,-3.5425358,0
146,10,0.468,1,-0.05,-3.7343993,0
146,11,0.451,1,-0.05,-4.43239,0
146,12,0.440,1,-0.05,-3.7706594,0
146,13,0.435,2,-0.05,-1.6748382,0
146,14,0.432,2,-0.05,-3.1662588,0
146,15,0.389,0,1.0,-4.6194763,0
146,16,0.360,2,-0.05,-5.5065246,0
146,17,0.333,1,-0.05,-5.8704915,0
146,18,0.321,1,-0.05,-6.42694,0
146,19,0.311,1,-0.05,-4.4530344,0
146,20,0.299,1,-0.05,-1.894965,0
146,21,0.319,0,1.0,3.3871117,0
146,22,0.347,0,1.0,4.0351586,0
146,23,0.376,2,-0.05,3.768587,0
146,24,0.372,0,1.0,2.4716587,0
146,25,0.375,0,1.0,0.58321106,0
146,26,0.384,2,-0.05,0.2929479,0
146,27,0.367,0,1.0,-2.5567777,0
146,28,0.340,0,1.0,-3.4463782,0
146,29,0.311,1,-0.05,-3.7799642,0
146,30,0.312,2,-0.05,-2.6657238,0
146,31,0.313,2,-0.05,-4.0616846,0
146,32,0.298,1,-0.05,-7.029707,0
146,33,0.286,1,-0.05,-4.759033,0
146,34,0.271,0,1.0,-1.748662,0
146,35,0.281,0,1.0,0.37792194,0
146,36,0.280,2,-0.05,0.032385826,0
146,37,0.281,1,-0.05,-2.2477922,0
146,38,0.286,0,1.0,0.5014328,0
146,39,0.300,0,1.0,1.4694686,0
146,40,0.305,1,-0.05,0.95185506,0
146,41,0.317,2,-0.05,1.5101757,0
146,42,0.314,0,1.0,0.9014389,0
146,43,0.331,2,-0.05,-1.3803021,0
146,44,0.321,1,-0.05,-2.5473955,0
146,45,0.329,2,-0.05,-1.3669181,0
146,46,0.326,2,-0.05,-2.017898,0
146,47,0.316,1,-0.05,-2.7594175,0
146,48,0.317,2,-0.05,-3.0816402,0
146,49,0.291,1,-0.05,-2.658156,0
146,50,0.289,1,-0.05,-3.5258064,0
146,51,0.296,1,-0.05,-1.6151155,0
146,52,0.286,1,-0.05,1.5739284,0
146,53,0.352,0,1.0,0.3056637,0
146,54,0.390,1,-0.05,-0.8260462,0
146,55,0.480,0,1.0,-1.2117863,0
146,56,0.534,1,-0.05,-2.1690884,0
146,57,0.565,1,-0.05,-2.5099273,0
146,58,0.607,2,-0.05,-2.2447095,0
146,59,0.623,1,-0.05,-3.0681944,0
146,60,0.667,1,-0.05,-2.8033447,0
146,61,0.746,0,1.0,-6.409805,0
146,62,0.656,1,-0.05,-9.930703,0
146,63,0.632,1,-0.05,-12.945488,0
146,64,0.542,0,1.0,-12.249179,0
146,65,0.456,1,-0.05,-11.746429,0
146,66,0.420,2,-0.05,-11.252276,0
146,67,0.401,1,-0.05,-13.007291,0
146,68,0.293,0,1.0,-11.802938,0
146,69,0.248,1,-0.05,-11.555876,0
146,70,0.222,1,-0.05,-10.300116,0
146,71,0.203,1,-0.05,-7.4735465,0
146,72,0.174,1,-100.0,-4.866221,0
147,0,0.671,0,1.0,0.019318104,0
147,1,0.662,2,-0.05,0.020682454,0
147,2,0.665,1,-0.05,-1.7555398,0
147,3,0.672,2,-0.05,-0.08047438,0
147,4,0.672,0,1.0,-1.7806828,0
147,5,0.689,2,-0.05,-1.9250216,0
147,6,0.698,1,-0.05,-2.2123888,0
147,7,0.690,1,-0.05,-1.9241614,0
147,8,0.704,0,1.0,0.511099,0
147,9,0.687,0,1.0,1.0158921,0
147,10,0.678,1,-0.05,0.8463419,0
147,11,0.659,0,1.0,1.3020654,0
147,12,0.638,0,1.0,1.1695231,0
147,13,0.589,0,1.0,0.94872,0
147,14,0.565,0,1.0,0.6255185,0
147,15,0.516,0,1.0,0.41181582,0
147,16,0.512,1,-0.05,-0.035099387,0
147,17,0.480,0,1.0,-1.6884565,0
147,18,0.461,1,-0.05,-1.5595263,0
147,19,0.436,1,-0.05,-1.8393683,0
147,20,0.414,1,-0.05,-1.8729916,0
147,21,0.398,1,-0.05,-4.2778683,0
147,22,0.358,1,-0.05,-9.607277,0
147,23,0.327,2,-0.05,-12.631584,0
147,24,0.286,1,-0.05,-11.496205,0
147,25,0.266,1,-0.05,-14.994154,0
147,26,0.215,1,-0.05,-17.098476,0
147,27,0.187,1,-100.0,-14.87089,0
148,0,0.654,0,1.0,0.105094075,0
148,1,0.677,1,-0.05,0.27607763,0
148,2,0.631,0,1.0,1.412398,0
148,3,0.600,0,1.0,0.7495519,0
148,4,0.561,0,1.0,0.48385143,0
148,5,0.514,0,1.0,0.2742172,0
148,6,0.485,0,1.0,-0.004057288,0
148,7,0.444,0,1.0,-0.28793275,0
148,8,0.418,0,1.0,-0.6144931,0
148,9,0.371,0,1.0,-1.058598,0
148,10,0.341,0,1.0,-1.6893173,0
148,11,0.320,1,-0.05,-2.2900367,0
148,12,0.314,1,-0.05,-3.5649137,0
148,13,0.297,1,-0.05,-4.6217203,0
148,14,0.267,1,-0.05,-6.0720863,0
148,15,0.244,1,-0.05,-8.19306,0
148,16,0.132,0,-100.0,-11.970656,0
149,0,0.670,1,-0.05,-0.3329357,0
149,1,0.652,0,1.0,1.2081658,0
149,2,0.626,2,-0.05,0.89322954,0
149,3,0.624,0,1.0,0.9170158,0
149,4,0.618,0,1.0,-0.06903458,0
149,5,0.602,2,-0.05,-0.04211986,0
149,6,0.616,0,1.0,-1.0885185,0
149,7,0.633,1,-0.05,-1.4766915,0
149,8,0.639,0,1.0,-0.33197153,0
149,9,0.628,2,-0.05,0.19320357,0
149,10,0.643,0,1.0,-1.0374173,0
149,11,0.659,0,1.0,-1.4822377,0
149,12,0.682,1,-0.05,-1.452448,0
149,13,0.685,0,1.0,0.074248314,0
149,14,0.665,0,1.0,0.36456937,0
149,15,0.677,0,1.0,0.09399295,0
149,16,0.668,1,-0.05,-0.1515199,0
149,17,0.624,0,1.0,0.20964205,0
149,18,0.630,2,-0.05,-0.60656565,0
149,19,0.619,1,-0.05,-0.58531237,0
149,20,0.614,1,-0.05,-1.157521,0
149,21,0.610,1,-0.05,-0.71342397,0
149,22,0.590,1,-0.05,0.18155265,0
149,23,0.566,1,-0.05,0.15128946,0
149,24,0.540,1,-0.05,-4.1685286,0
149,25,0.504,1,-0.05,-8.06804,0
149,26,0.478,1,-0.05,-12.188975,0
149,27,0.449,1,-0.05,-11.745612,0
149,28,0.340,0,1.0,-8.894667,0
149,29,0.267,1,-0.05,-8.674643,0
149,30,0.238,1,-0.05,-10.007692,0
149,31,0.208,1,-0.05,-9.376131,0
149,32,0.185,1,-100.0,-9.226414,0
150,0,0.671,2,-0.05,-0.01834321,0
150,1,0.674,1,-0.05,-1.5789273,0
150,2,0.660,2,-0.05,-0.31400192,0
150,3,0.676,1,-0.05,-1.6592882,0
150,4,0.665,0,1.0,-0.16002607,0
150,5,0.654,0,1.0,0.48665333,0
150,6,0.634,0,1.0,0.46758372,0
150,7,0.623,0,1.0,0.37486768,0
150,8,0.607,0,1.0,0.6276851,0
150,9,0.596,0,1.0,0.5684583,0
150,10,0.601,1,-0.05,0.43840295,0
150,11,0.581,0,1.0,0.8064797,0
150,12,0.554,0,1.0,0.038811922,0
150,13,0.521,2,-0.05,-0.7611396,0
150,14,0.507,2,-0.05,-0.22321153,0
150,15,0.523,0,1.0,-0.58824766,0
150,16,0.510,1,-0.05,-1.2273242,0
150,17,0.505,0,1.0,-1.0099596,0
150,18,0.483,0,1.0,-1.1872337,0
150,19,0.455,0,1.0,-1.8234963,0
150,20,0.432,1,-0.05,-2.2733269,0
150,21,0.441,1,-0.05,-2.8416572,0
150,22,0.417,2,-0.05,-2.2196603,0
150,23,0.404,1,-0.05,-2.999455,0
150,24,0.396,1,-0.05,-2.2193656,0
150,25,0.381,1,-0.05,-2.3276634,0
150,26,0.351,1,-0.05,-5.471358,0
150,27,0.337,1,-0.05,-8.756187,0
150,28,0.308,1,-0.05,-12.973219,0
150,29,0.250,1,-0.05,-16.452295,0
150,30,0.232,1,-0.05,-14.6518135,0
150,31,0.204,1,-0.05,-13.242884,0
150,32,0.162,2,-100.0,-12.882385,0
151,0,0.671,2,-0.05,-0.9066411,0
151,1,0.675,1,-0.05,-1.990628,0
151,2,0.666,0,1.0,-1.0685782,0
151,3,0.646,0,1.0,0.110275626,0
151,4,0.646,0,1.0,0.016179323,0
151,5,0.640,0,1.0,0.01151073,0
151,6,0.634,0,1.0,0.048818827,0
151,7,0.640,0,1.0,0.047937393,0
151,8,0.628,0,1.0,-0.011327267,0
151,9,0.617,0,1.0,0.3918454,0
151,10,0.598,0,1.0,0.2407484,0
151,11,0.596,0,1.0,0.051166534,0
151,12,0.600,1,-0.05,-0.34170413,0
151,13,0.602,1,-0.05,-0.09281087,0
151,14,0.557,0,1.0,-1.4607064,0
151,15,0.521,2,-0.05,-0.6433697,0
151,16,0.493,0,1.0,-1.604604,0
151,17,0.474,0,1.0,-1.7690098,0
151,18,0.420,0,1.0,-2.1666865,0
151,19,0.404,1,-0.05,-3.05481,0
151,20,0.364,0,1.0,-3.3765678,0
151,21,0.312,0,1.0,-3.2906642,0
151,22,0.230,0,1.0,-4.224616,0
151,23,0.216,1,-0.05,-7.4397273,0
151,24,0.130,0,-100.0,-10.636744,0
152,0,0.655,0,1.0,-0.3816551,0
152,1,0.665,0,1.0,-0.38811016,0
152,2,0.666,2,-0.05,-0.46840262,0
152,3,0.667,2,-0.05,-1.8046494,0
152,4,0.682,1,-0.05,-2.0880446,0
152,5,0.683,1,-0.05,-1.9089973,0
152,6,0.664,0,1.0,-0.062633276,0
152,7,0.663,0,1.0,0.57175606,0
152,8,0.645,0,1.0,0.7654654,0
152,9,0.640,2,-0.05,0.6092341,0
152,10,0.634,1,-0.05,-0.76516676,0
152,11,0.625,2,-0.05,0.4428382,0
152,12,0.647,0,1.0,-0.70243347,0
152,13,0.657,1,-0.05,-1.5532168,0
152,14,0.650,0,1.0,-0.3261118,0
152,15,0.638,0,1.0,0.35577852,0
152,16,0.624,2,-0.05,-0.18686152,0
152,17,0.635,0,1.0,-0.7004717,0
152,18,0.649,0,1.0,-1.2809811,0
152,19,0.667,2,-0.05,-1.5539384,0
152,20,0.673,1,-0.05,-1.6986144,0
152,21,0.676,1,-0.05,-1.589031,0
152,22,0.681,2,-0.05,-0.8288446,0
152,23,0.673,0,1.0,-1.2761767,0
152,24,0.679,0,1.0,-1.4852054,0
152,25,0.694,1,-0.05,-1.6500604,0
152,26,0.709,1,-0.05,-1.6506635,0
152,27,0.696,2,-0.05,-1.0677719,0
152,28,0.705,0,1.0,-1.9480015,0
152,29,0.700,0,1.0,-1.8775676,0
152,30,0.700,1,-0.05,-2.1305463,0
152,31,0.701,1,-0.05,-2.8136292,0
152,32,0.652,0,1.0,-1.7755388,0
152,33,0.634,1,-0.05,-0.26528597,0
152,34,0.576,0,1.0,-1.9735899,0
152,35,0.537,1,-0.05,-1.8340788,0
152,36,0.517,2,-0.05,-2.706316,0
152,37,0.505,1,-0.05,-4.262192,0
152,38,0.478,2,-0.05,-5.237758,0
152,39,0.419,0,1.0,-5.3388166,0
152,40,0.399,1,-0.05,-6.6388783,0
152,41,0.339,0,1.0,-8.456879,0
152,42,0.296,1,-0.05,-12.097208,0
152,43,0.286,1,-0.05,-11.243105,0
152,44,0.202,0,1.0,-11.586769,0
152,45,0.129,1,-100.0,-12.987549,0
153,0,0.654,0,1.0,-0.16943681,0
153,1,0.666,0,1.0,-0.02370739,0
153,2,0.668,1,-0.05,-0.101639986,0
153,3,0.672,1,-0.05,-0.118692875,0
153,4,0.661,2,-0.05,1.2219286,0
153,5,0.646,0,1.0,-0.2583617,0
153,6,0.644,0,1.0,-0.9213317,0
153,7,0.663,0,1.0,-0.8792012,0
153,8,0.659,0,1.0,-0.47974706,0
153,9,0.673,0,1.0,-0.53309536,0
153,10,0.674,1,-0.05,-0.46015787,0
153,11,0.666,2,-0.05,0.88475126,0
153,12,0.670,0,1.0,-0.48312044,0
153,13,0.659,2,-0.05,-1.4447277,0
153,14,0.687,1,-0.05,-1.7315578,0
153,15,0.697,1,-0.05,-0.58713174,0
153,16,0.686,0,1.0,0.60394806,0
153,17,0.658,0,1.0,0.4376573,0
153,18,0.646,1,-0.05,0.07053852,0
153,19,0.602,0,1.0,-0.71476036,0
153,20,0.556,0,1.0,-1.5693129,0
153,21,0.529,2,-0.05,-1.6287576,0
153,22,0.494,0,1.0,-2.318276,0
153,23,0.484,0,1.0,-2.1345606,0
153,24,0.462,2,-0.05,-2.6991065,0
153,25,0.462,1,-0.05,-2.5865974,0
153,26,0.466,1,-0.05,-3.4403198,0
153,27,0.442,2,-0.05,-2.689868,0
153,28,0.424,1,-0.05,-3.7770507,0
153,29,0.430,2,-0.05,-2.9567463,0
153,30,0.405,0,1.0,-4.4217257,0
153,31,0.401,1,-0.05,-4.272412,0
153,32,0.387,1,-0.05,-3.9141562,0
153,33,0.372,1,-0.05,-5.027925,0
153,34,0.311,0,1.0,-6.3913317,0
153,35,0.256,1,-0.05,-7.0561867,0
153,36,0.229,1,-0.05,-12.34152,0
153,37,0.212,1,-0.05,-14.982338,0
153,38,0.182,2,-100.0,-15.671037,0
154,0,0.667,0,1.0,-0.6770159,0
154,1,0.677,0,1.0,-0.70912445,0
154,2,0.681,0,1.0,-0.5641197,0
154,3,0.668,2,-0.05,-0.5938175,0
154,4,0.677,1,-0.05,-1.3993225,0
154,5,0.671,0,1.0,-0.74919397,0
154,6,0.654,0,1.0,0.3980999,0
154,7,0.652,0,1.0,0.33137834,0
154,8,0.647,2,-0.05,0.6154951,0
154,9,0.652,1,-0.05,-0.51328874,0
154,10,0.652,1,-0.05,0.5981237,0
154,11,0.644,1,-0.05,0.48860633,0
154,12,0.628,1,-0.05,-0.58637697,0
154,13,0.619,1,-0.05,0.89124286,0
154,14,0.507,0,1.0,0.59450364,0
154,15,0.476,1,-0.05,-2.234088,0
154,16,0.429,1,-0.05,-6.9088426,0
154,17,0.405,1,-0.05,-11.803061,0
154,18,0.362,1,-0.05,-14.023037,0
154,19,0.315,1,-0.05,-14.294205,0
154,20,0.310,1,-0.05,-11.780579,0
154,21,0.271,1,-0.05,-9.7464905,0
154,22,0.238,1,-0.05,-7.2952003,0
154,23,0.169,0,-100.0,-9.025402,0
155,0,0.668,0,1.0,-0.32093585,0
155,1,0.654,0,1.0,-0.36458707,0
155,2,0.668,2,-0.05,-0.46618998,0
155,3,0.654,1,-0.05,-1.5769746,0
155,4,0.662,0,1.0,-0.39735615,0
155,5,0.641,2,-0.05,0.3872937,0
155,6,0.654,0,1.0,-0.89369124,0
155,7,0.667,1,-0.05,-1.4718515,0
155,8,0.663,1,-0.05,-0.052616835,0
155,9,0.644,0,1.0,0.85468787,0
155,10,0.620,1,-0.05,0.2706985,0
155,11,0.605,2,-0.05,-0.83430254,0
155,12,0.604,1,-0.05,-0.14269048,0
155,13,0.532,0,1.0,-1.2804402,0
155,14,0.510,1,-0.05,-0.77311087,0
155,15,0.507,2,-0.05,-0.51767063,0
155,16,0.486,1,-0.05,-0.90416956,0
155,17,0.471,1,-0.05,-0.6875539,0
155,18,0.453,1,-0.05,-2.328771,0
155,19,0.404,1,-0.05,-5.5130367,0
155,20,0.398,1,-0.05,-11.67063,0
155,21,0.353,1,-0.05,-13.99788,0
155,22,0.230,0,1.0,-15.804764,0
155,23,0.178,1,-100.0,-17.319796,0
156,0,0.677,1,-0.05,-0.33945787,0
156,1,0.639,0,1.0,0.89798784,0
156,2,0.628,1,-0.05,0.26654345,0
156,3,0.587,0,1.0,-0.33431512,0
156,4,0.547,2,-0.05,-1.2904739,0
156,5,0.544,1,-0.05,-1.069262,0
156,6,0.522,1,-0.05,-1.1089917,0
156,7,0.505,2,-0.05,0.3615663,0
156,8,0.493,1,-0.05,-0.7268932,0
156,9,0.478,1,-0.05,-0.20170736,0
156,10,0.460,2,-0.05,-2.3292222,0
156,11,0.388,0,1.0,-2.1716604,0
156,12,0.338,1,-0.05,-2.850484,0
156,13,0.303,2,-0.05,-6.1443973,0
156,14,0.297,1,-0.05,-5.9794097,0
156,15,0.270,1,-0.05,-7.563118,0
156,16,0.233,1,-0.05,-9.018737,0
156,17,0.202,1,-0.05,-13.369193,0
156,18,0.184,2,-100.0,-17.778587,0
157,0,0.667,0,1.0,-0.9281449,0
157,1,0.677,0,1.0,-0.9578647,0
157,2,0.679,0,1.0,-0.7633526,0
157,3,0.664,0,1.0,-0.77068245,0
157,4,0.676,0,1.0,-0.69670975,0
157,5,0.687,0,1.0,-0.6716286,0
157,6,0.697,2,-0.05,-0.2211293,0
157,7,0.712,0,1.0,-1.5297446,0
157,8,0.710,2,-0.05,-2.1308484,0
157,9,0.689,1,-0.05,-2.479812,0
157,10,0.678,1,-0.05,-2.165663,0
157,11,0.676,0,1.0,0.39063704,0
157,12,0.679,0,1.0,1.0104339,0
157,13,0.695,0,1.0,0.7395231,0
157,14,0.696,0,1.0,0.3552389,0
157,15,0.696,1,-0.05,0.013307452,0
157,16,0.674,0,1.0,0.26611102,0
157,17,0.629,0,1.0,-0.3829003,0
157,18,0.614,1,-0.05,-0.78331256,0
157,19,0.609,1,-0.05,-0.8713946,0
157,20,0.585,2,-0.05,0.45004737,0
157,21,0.565,1,-0.05,-0.9231218,0
157,22,0.495,0,1.0,0.12109494,0
157,23,0.459,2,-0.05,-0.07819319,0
157,24,0.433,2,-0.05,-0.5953152,0
157,25,0.422,1,-0.05,-2.1419258,0
157,26,0.410,1,-0.05,-1.0867074,0
157,27,0.388,2,-0.05,-3.9031162,0
157,28,0.367,1,-0.05,-2.7171698,0
157,29,0.354,1,-0.05,-6.19125,0
157,30,0.329,1,-0.05,-7.5479126,0
157,31,0.281,1,-0.05,-13.4899235,0
157,32,0.267,1,-0.05,-15.031204,0
157,33,0.243,1,-0.05,-15.914225,0
157,34,0.204,1,-0.05,-14.780596,0
157,35,0.165,1,-100.0,-13.794662,0
158,0,0.654,0,1.0,0.16899562,0
158,1,0.667,0,1.0,0.31179464,0
158,2,0.667,0,1.0,0.08747554,0
158,3,0.652,0,1.0,0.016293526,0
158,4,0.647,0,1.0,-0.08318496,0
158,5,0.646,0,1.0,0.12129736,0
158,6,0.634,0,1.0,0.07947159,0
158,7,0.631,0,1.0,0.06410205,0
158,8,0.618,0,1.0,0.43487006,0
158,9,0.627,1,-0.05,0.20339966,0
158,10,0.592,0,1.0,0.6487405,0
158,11,0.559,0,1.0,0.2490173,0
158,12,0.535,0,1.0,-0.57829696,0
158,13,0.501,0,1.0,-1.2207327,0
158,14,0.468,0,1.0,-1.6086404,0
158,15,0.437,0,1.0,-1.979156,0
158,16,0.424,1,-0.05,-2.5912619,0
158,17,0.408,1,-0.05,-2.982823,0
158,18,0.394,1,-0.05,-1.9574621,0
158,19,0.373,1,-0.05,-4.5071573,0
158,20,0.355,1,-0.05,-5.956872,0
158,21,0.211,0,1.0,-11.029274,0
158,22,0.173,1,-100.0,-17.07493,0
159,0,0.671,2,-0.05,-0.020223022,0
159,1,0.676,1,-0.05,-1.7431555,0
159,2,0.667,1,-0.05,-0.97905517,0
159,3,0.667,2,-0.05,1.3788822,0
159,4,0.669,0,1.0,0.4060825,0
159,5,0.657,0,1.0,-0.5136553,0
159,6,0.655,0,1.0,-0.5123528,0
159,7,0.667,0,1.0,-0.44912767,0
159,8,0.666,0,1.0,-0.059715748,0
159,9,0.675,0,1.0,-0.051083207,0
159,10,0.680,0,1.0,-0.09399974,0
159,11,0.667,0,1.0,-0.081377864,0
159,12,0.675,2,-0.05,0.14028668,0
159,13,0.699,0,1.0,-1.1228638,0
159,14,0.700,0,1.0,-1.5927975,0
159,15,0.675,2,-0.05,-1.7036593,0
159,16,0.657,0,1.0,-2.5255492,0
159,17,0.611,1,-0.05,-2.942398,0
159,18,0.593,2,-0.05,-3.006208,0
159,19,0.543,0,1.0,-3.271709,0
159,20,0.480,0,1.0,-3.3880796,0
159,21,0.451,2,-0.05,-3.9737973,0
159,22,0.426,2,-0.05,-3.993943,0
159,23,0.339,0,1.0,-3.8012538,0
159,24,0.236,0,1.0,-6.4528494,0
159,25,0.120,0,-100.0,-8.108215,0
160,0,0.659,1,-0.05,-0.16514635,0
160,1,0.654,0,1.0,1.248575,0
160,2,0.637,1,-0.05,1.1014075,0
160,3,0.592,0,1.0,0.49317145,0
160,4,0.541,0,1.0,-0.9212036,0
160,5,0.509,1,-0.05,-1.2458249,0
160,6,0.494,1,-0.05,-0.29702592,0
160,7,0.466,2,-0.05,0.17855406,0
160,8,0.402,0,1.0,-0.17226505,0
160,9,0.365,1,-0.05,-1.3452442,0
160,10,0.357,1,-0.05,-2.3875089,0
160,11,0.321,1,-0.05,-4.6083975,0
160,12,0.295,2,-0.05,-9.517094,0
160,13,0.260,1,-0.05,-6.2000103,0
160,14,0.167,0,-100.0,-10.890941,0
161,0,0.668,0,1.0,-0.16188335,0
161,1,0.672,1,-0.05,-0.12147999,0
161,2,0.651,0,1.0,0.8775361,0
161,3,0.629,2,-0.05,1.3168441,0
161,4,0.622,0,1.0,0.3782978,0
161,5,0.630,0,1.0,-0.1600467,0
161,6,0.623,0,1.0,-0.13295448,0
161,7,0.633,1,-0.05,-0.16115797,0
161,8,0.606,0,1.0,0.83103067,0
161,9,0.577,0,1.0,1.0435996,0
161,10,0.542,0,1.0,0.7743405,0
161,11,0.512,0,1.0,0.3698144,0
161,12,0.473,0,1.0,0.07118344,0
161,13,0.474,1,-0.05,-0.6053666,0
161,14,0.466,1,-0.05,-1.8408281,0
161,15,0.456,1,-0.05,-0.5756202,0
161,16,0.443,1,-0.05,-0.5924978,0
161,17,0.407,1,-0.05,-2.3652592,0
161,18,0.374,1,-0.05,-8.71616,0
161,19,0.355,1,-0.05,-11.175758,0
161,20,0.302,1,-0.05,-15.574873,0
161,21,0.274,1,-0.05,-14.430675,0
161,22,0.249,1,-0.05,-11.18467,0
161,23,0.215,1,-0.05,-10.32272,0
161,24,0.184,1,-100.0,-8.90386,0
162,0,0.671,2,-0.05,0.091052294,0
162,1,0.673,1,-0.05,-1.585363,0
162,2,0.660,0,1.0,0.19515204,0
162,3,0.635,0,1.0,0.8812195,0
162,4,0.625,0,1.0,0.7532985,0
162,5,0.612,1,-0.05,0.73817116,0
162,6,0.583,0,1.0,1.0027939,0
162,7,0.562,0,1.0,0.21375751,0
162,8,0.524,1,-0.05,-0.18873447,0
162,9,0.517,1,-0.05,-0.8078622,0
162,10,0.427,0,1.0,0.6161288,0
162,11,0.404,1,-0.05,-0.89641714,0
162,12,0.383,1,-0.05,-2.9111853,0
162,13,0.353,1,-0.05,-5.4235296,0
162,14,0.328,1,-0.05,-10.748537,0
162,15,0.287,1,-0.05,-14.693543,0
162,16,0.249,1,-0.05,-16.253752,0
162,17,0.142,0,-100.0,-14.739975,0
163,0,0.655,0,1.0,-0.15327716,0
163,1,0.665,0,1.0,-0.12712002,0
163,2,0.665,0,1.0,-0.1314534,0
163,3,0.664,2,-0.05,0.1776458,0
163,4,0.669,1,-0.05,-1.1156752,0
163,5,0.657,0,1.0,0.22319448,0
163,6,0.654,0,1.0,0.6891843,0
163,7,0.630,0,1.0,0.8337597,0
163,8,0.633,1,-0.05,0.6550266,0
163,9,0.605,0,1.0,1.074477,0
163,10,0.557,0,1.0,0.4992293,0
163,11,0.527,0,1.0,-0.5015482,0
163,12,0.487,2,-0.05,-1.0124357,0
163,13,0.474,0,1.0,-0.4380592,0
163,14,0.455,0,1.0,-0.9944737,0
163,15,0.452,0,1.0,-1.4105633,0
163,16,0.443,0,1.0,-1.7637365,0
163,17,0.444,1,-0.05,-1.9169478,0
163,18,0.427,1,-0.05,-1.8982091,0
163,19,0.426,1,-0.05,-1.7747997,0
163,20,0.372,0,1.0,-1.6755736,0
163,21,0.320,1,-0.05,-3.3414054,0
163,22,0.232,0,1.0,-7.6956625,0
163,23,0.161,1,-100.0,-9.701012,0
164,0,0.654,0,1.0,-0.1531483,0
164,1,0.668,0,1.0,-0.11326265,0
164,2,0.667,0,1.0,-0.22124815,0
164,3,0.648,0,1.0,-0.26626337,0
164,4,0.639,2,-0.05,-0.2746514,0
164,5,0.656,2,-0.05,-1.6315492,0
164,6,0.658,1,-0.05,-1.8268929,0
164,7,0.666,1,-0.05,-1.9552052,0
164,8,0.655,0,1.0,0.23865902,0
164,9,0.644,1,-0.05,0.7585466,0
164,10,0.622,0,1.0,0.97914445,0
164,11,0.566,0,1.0,0.38371736,0
164,12,0.527,0,1.0,-0.5473062,0
164,13,0.474,0,1.0,-1.274995,0
164,14,0.437,0,1.0,-2.0239637,0
164,15,0.400,2,-0.05,-2.2084723,0
164,16,0.400,1,-0.05,-1.9152573,0
164,17,0.403,1,-0.05,-2.2124622,0
164,18,0.373,1,-0.05,-1.7389841,0
164,19,0.339,1,-0.05,-2.1059556,0
164,20,0.340,1,-0.05,-5.224313,0
164,21,0.214,0,1.0,-9.668085,0
164,22,0.176,1,-100.0,-12.838659,0
165,0,0.654,0,1.0,-0.10634363,0
165,1,0.668,2,-0.05,0.028489113,0
165,2,0.681,0,1.0,-1.7783167,0
165,3,0.673,1,-0.05,-2.0707119,0
165,4,0.692,0,1.0,-0.8939816,0
165,5,0.685,0,1.0,0.17645288,0
165,6,0.679,0,1.0,0.17570043,0
165,7,0.660,0,1.0,0.24662304,0
165,8,0.672,1,-0.05,0.3816743,0
165,9,0.666,1,-0.05,1.5136862,0
165,10,0.616,0,1.0,1.5041951,0
165,11,0.551,0,1.0,-0.44187903,0
165,12,0.537,1,-0.05,-0.727834,0
165,13,0.529,2,-0.05,0.12808537,0
165,14,0.508,2,-0.05,-0.73302925,0
165,15,0.478,0,1.0,-0.16161454,0
165,16,0.449,0,1.0,-0.55602634,0
165,17,0.439,0,1.0,-1.437401,0
165,18,0.417,0,1.0,-1.8556463,0
165,19,0.399,1,-0.05,-1.8470006,0
165,20,0.383,2,-0.05,-2.5106826,0
165,21,0.382,2,-0.05,-1.764087,0
165,22,0.382,1,-0.05,-1.8901919,0
165,23,0.387,1,-0.05,-1.75622,0
165,24,0.367,2,-0.05,-2.9449234,0
165,25,0.356,1,-0.05,-2.052064,0
165,26,0.328,0,1.0,-3.1325388,0
165,27,0.270,0,1.0,-3.8165443,0
165,28,0.206,0,1.0,-4.980278,0
165,29,0.191,1,-100.0,-6.62381,0
166,0,0.654,0,1.0,-0.10535848,0
166,1,0.667,2,-0.05,0.012732983,0
166,2,0.680,0,1.0,-1.7536786,0
166,3,0.695,0,1.0,-1.929776,0
166,4,0.691,1,-0.05,-1.9510508,0
166,5,0.702,0,1.0,-0.4143039,0
166,6,0.702,0,1.0,0.02361703,0
166,7,0.696,1,-0.05,-0.018132329,0
166,8,0.685,0,1.0,1.3909531,0
166,9,0.642,0,1.0,1.1674458,0
166,10,0.627,0,1.0,0.8180396,0
166,11,0.579,0,1.0,0.45126158,0
166,12,0.573,2,-0.05,-0.06502354,0
166,13,0.549,0,1.0,-0.5129114,0
166,14,0.552,0,1.0,-0.99138427,0
166,15,0.554,0,1.0,-1.2857194,0
166,16,0.566,0,1.0,-1.7110349,0
166,17,0.546,2,-0.05,-1.8913237,0
166,18,0.559,1,-0.05,-1.3384616,0
166,19,0.562,1,-0.05,-1.7866625,0
166,20,0.530,0,1.0,-1.5867629,0
166,21,0.515,2,-0.05,-2.9549556,0
166,22,0.511,1,-0.05,-2.5574794,0
166,23,0.491,1,-0.05,-2.727653,0
166,24,0.482,1,-0.05,-0.21028852,0
166,25,0.475,1,-0.05,-1.9508576,0
166,26,0.442,1,-0.05,-3.7664046,0
166,27,0.413,1,-0.05,-9.638913,0
166,28,0.374,1,-0.05,-14.085726,0
166,29,0.340,1,-0.05,-14.285183,0
166,30,0.283,0,1.0,-13.204439,0
166,31,0.120,0,-100.0,-14.855555,0
167,0,0.664,2,-0.05,-0.43542552,0
167,1,0.674,1,-0.05,-2.1040468,0
167,2,0.663,0,1.0,-0.81585646,0
167,3,0.651,0,1.0,0.23199546,0
167,4,0.637,0,1.0,0.24447846,0
167,5,0.632,1,-0.05,0.16139674,0
167,6,0.618,0,1.0,1.1174012,0
167,7,0.605,2,-0.05,0.43263102,0
167,8,0.580,0,1.0,0.2933631,0
167,9,0.572,0,1.0,0.116574645,0
167,10,0.574,0,1.0,0.037956476,0
167,11,0.574,1,-0.05,0.09167981,0
167,12,0.545,2,-0.05,0.30764228,0
167,13,0.556,0,1.0,-0.102044344,0
167,14,0.558,0,1.0,-0.70523643,0
167,15,0.549,0,1.0,-0.8801443,0
167,16,0.540,0,1.0,-1.1830733,0
167,17,0.559,1,-0.05,-1.3294842,0
167,18,0.564,1,-0.05,-1.212069,0
167,19,0.510,0,1.0,-1.2719488,0
167,20,0.505,1,-0.05,-1.9523139,0
167,21,0.484,1,-0.05,-0.48650026,0
167,22,0.468,1,-0.05,0.55927944,0
167,23,0.425,1,-0.05,-2.6443267,0
167,24,0.411,1,-0.05,-7.9311485,0
167,25,0.390,1,-0.05,-12.167381,0
167,26,0.349,1,-0.05,-15.498208,0
167,27,0.316,2,-0.05,-14.299927,0
167,28,0.178,0,-100.0,-15.796419,0
168,0,0.666,0,1.0,-0.5066705,0
168,1,0.666,2,-0.05,-0.46234357,0
168,2,0.658,2,-0.05,-1.696214,0
168,3,0.693,0,1.0,-2.3558998,0
168,4,0.687,2,-0.05,-2.5623615,0
168,5,0.676,2,-0.05,-2.312907,0
168,6,0.645,1,-0.05,-2.2585764,0
168,7,0.597,0,1.0,-2.648751,0
168,8,0.566,1,-0.05,-3.2076287,0
168,9,0.556,2,-0.05,-3.5936563,0
168,10,0.544,1,-0.05,-3.5083475,0
168,11,0.507,0,1.0,-3.8082252,0
168,12,0.469,1,-0.05,-3.6178062,0
168,13,0.474,0,1.0,-2.4164677,0
168,14,0.466,2,-0.05,-0.13824868,0
168,15,0.462,2,-0.05,-2.8520315,0
168,16,0.455,1,-0.05,-4.4600315,0
168,17,0.433,1,-0.05,-4.020412,0
168,18,0.432,1,-0.05,-1.6857626,0
168,19,0.459,0,1.0,3.1572847,0
168,20,0.467,0,1.0,3.6243086,0
168,21,0.503,0,1.0,3.0967693,0
168,22,0.536,0,1.0,2.3770196,0
168,23,0.556,1,-0.05,2.142324,0
168,24,0.560,0,1.0,2.7985823,0
168,25,0.615,1,-0.05,2.0335042,0
168,26,0.690,0,1.0,2.449101,0
168,27,0.704,2,-0.05,0.617689,0
168,28,0.687,1,-0.05,-0.20283145,0
168,29,0.658,2,-0.05,0.21326117,0
168,30,0.608,0,1.0,-1.0784981,0
168,31,0.600,1,-0.05,-1.6242712,0
168,32,0.586,2,-0.05,-0.7090078,0
168,33,0.561,2,-0.05,-1.1222249,0
168,34,0.564,0,1.0,-2.1886194,0
168,35,0.547,1,-0.05,-2.3069272,0
168,36,0.516,0,1.0,-3.0801172,0
168,37,0.502,1,-0.05,-2.9069595,0
168,38,0.491,1,-0.05,-1.997236,0
168,39,0.477,1,-0.05,-2.9554808,0
168,40,0.458,1,-0.05,-3.2491946,0
168,41,0.433,1,-0.05,-9.973238,0
168,42,0.394,1,-0.05,-12.286363,0
168,43,0.383,1,-0.05,-13.676551,0
168,44,0.345,2,-0.05,-14.223968,0
168,45,0.319,1,-0.05,-13.645933,0
168,46,0.283,1,-0.05,-15.739214,0
168,47,0.159,0,-100.0,-16.859959,0
169,0,0.655,0,1.0,-0.24953735,0
169,1,0.666,2,-0.05,-0.21223164,0
169,2,0.688,0,1.0,-1.6540928,0
169,3,0.685,2,-0.05,-1.8011137,0
169,4,0.699,2,-0.05,-2.3608549,0
169,5,0.692,2,-0.05,-1.9995314,0
169,6,0.678,1,-0.05,-1.8390983,0
169,7,0.674,1,-0.05,-2.1920846,0
169,8,0.648,1,-0.05,-2.9756534,0
169,9,0.631,1,-0.05,-1.8534086,0
169,10,0.657,0,1.0,0.51033527,0
169,11,0.673,0,1.0,1.2586871,0
169,12,0.695,0,1.0,1.4245148,0
169,13,0.680,1,-0.05,1.3344433,0
169,14,0.698,0,1.0,1.7184833,0
169,15,0.650,0,1.0,1.0684917,0
169,16,0.619,0,1.0,0.37664783,0
169,17,0.556,0,1.0,-0.66675663,0
169,18,0.524,0,1.0,-1.2618424,0
169,19,0.508,1,-0.05,-1.7687109,0
169,20,0.502,1,-0.05,-0.73692083,0
169,21,0.479,1,-0.05,-0.037749767,0
169,22,0.471,1,-0.05,0.016177654,0
169,23,0.424,2,-0.05,-4.625586,0
169,24,0.402,1,-0.05,-2.576723,0
169,25,0.363,2,-0.05,-6.5664716,0
169,26,0.358,1,-0.05,-5.034584,0
169,27,0.313,1,-0.05,-8.304295,0
169,28,0.291,1,-0.05,-12.826551,0
169,29,0.272,1,-0.05,-17.141787,0
169,30,0.160,0,-100.0,-17.655361,0
170,0,0.655,0,1.0,-0.4434799,0
170,1,0.663,2,-0.05,-0.4235171,0
170,2,0.669,1,-0.05,-1.820359,0
170,3,0.658,0,1.0,-0.22732997,0
170,4,0.663,1,-0.05,0.4289359,0
170,5,0.665,1,-0.05,1.1399906,0
170,6,0.611,0,1.0,0.62160337,0
170,7,0.570,2,-0.05,-0.5796273,0
170,8,0.540,0,1.0,-0.17805195,0
170,9,0.502,0,1.0,-0.08541137,0
170,10,0.464,0,1.0,-0.26745212,0
170,11,0.413,0,1.0,-0.39683598,0
170,12,0.409,1,-0.05,-0.96580184,0
170,13,0.388,1,-0.05,-2.001894,0
170,14,0.333,0,1.0,-1.872962,0
170,15,0.304,1,-0.05,-3.6545873,0
170,16,0.220,0,1.0,-6.892669,0
170,17,0.175,1,-100.0,-8.539522,0
171,0,0.654,0,1.0,-0.016433,0
171,1,0.663,1,-0.05,0.063611865,0
171,2,0.649,2,-0.05,1.0519843,0
171,3,0.655,1,-0.05,-0.010601878,0
171,4,0.632,0,1.0,0.96058184,0
171,5,0.595,0,1.0,0.8888416,0
171,6,0.569,0,1.0,0.5324747,0
171,7,0.524,0,1.0,0.36271966,0
171,8,0.494,0,1.0,-0.08851129,0
171,9,0.459,0,1.0,-0.23496681,0
171,10,0.435,2,-0.05,-0.39173013,0
171,11,0.440,0,1.0,-0.45605856,0
171,12,0.442,1,-0.05,-1.0759451,0
171,13,0.415,0,1.0,-0.9693899,0
171,14,0.380,0,1.0,-1.625902,0
171,15,0.369,1,-0.05,-2.0519438,0
171,16,0.378,1,-0.05,-2.9746962,0
171,17,0.318,0,1.0,-2.4384742,0
171,18,0.260,1,-0.05,-4.71896,0
171,19,0.235,1,-0.05,-7.3073616,0
171,20,0.132,0,-100.0,-9.766005,0
172,0,0.658,1,-0.05,-0.5506566,0
172,1,0.653,0,1.0,0.7095429,0
172,2,0.613,0,1.0,0.76211196,0
172,3,0.577,0,1.0,0.51548874,0
172,4,0.553,0,1.0,0.2631501,0
172,5,0.542,1,-0.05,-0.011011124,0
172,6,0.497,0,1.0,-0.89244246,0
172,7,0.488,1,-0.05,-1.2553397,0
172,8,0.461,1,-0.05,-0.6301141,0
172,9,0.445,1,-0.05,-0.38401985,0
172,10,0.408,1,-0.05,-2.6632729,0
172,11,0.395,2,-0.05,-9.265021,0
172,12,0.355,1,-0.05,-4.651043,0
172,13,0.324,2,-0.05,-9.698614,0
172,14,0.307,1,-0.05,-6.0760593,0
172,15,0.268,1,-0.05,-12.033937,0
172,16,0.238,1,-0.05,-14.827162,0
172,17,0.193,1,-100.0,-19.176214,0
173,0,0.663,0,1.0,-0.31953633,0
173,1,0.667,0,1.0,-0.16285574,0
173,2,0.661,1,-0.05,-0.23815334,0
173,3,0.640,2,-0.05,0.96526474,0
173,4,0.649,0,1.0,-0.36900687,0
173,5,0.658,1,-0.05,-1.0806272,0
173,6,0.653,0,1.0,-0.20588136,0
173,7,0.627,0,1.0,0.55744714,0
173,8,0.615,0,1.0,0.43142986,0
173,9,0.614,2,-0.05,0.44064987,0
173,10,0.594,2,-0.05,-0.87444144,0
173,11,0.606,2,-0.05,-1.3844974,0
173,12,0.665,0,1.0,-2.0417204,0
173,13,0.669,2,-0.05,-2.0917075,0
173,14,0.652,0,1.0,-1.5724256,0
173,15,0.622,1,-0.05,-2.3175602,0
173,16,0.595,1,-0.05,-2.8819737,0
173,17,0.579,1,-0.05,-3.6421504,0
173,18,0.577,1,-0.05,-2.3833587,0
173,19,0.561,1,-0.05,0.05665183,0
173,20,0.590,0,1.0,1.7277873,0
173,21,0.629,0,1.0,1.9031858,0
173,22,0.653,1,-0.05,0.9501334,0
173,23,0.697,0,1.0,0.46823955,0
173,24,0.656,0,1.0,0.3632413,0
173,25,0.631,1,-0.05,-0.29554564,0
173,26,0.613,1,-0.05,-0.29339397,0
173,27,0.598,1,-0.05,0.8488376,0
173,28,0.567,2,-0.05,-1.7115216,0
173,29,0.555,1,-0.05,0.048879623,0
173,30,0.521,1,-0.05,-2.204739,0
173,31,0.493,2,-0.05,-5.476164,0
173,32,0.456,2,-0.05,-5.1103606,0
173,33,0.417,2,-0.05,-2.7023377,0
173,34,0.411,1,-0.05,-0.8379717,0
173,35,0.391,1,-0.05,-3.854188,0
173,36,0.355,1,-0.05,-5.949588,0
173,37,0.339,1,-0.05,-11.215366,0
173,38,0.300,2,-0.05,-15.660481,0
173,39,0.269,1,-0.05,-15.525076,0
173,40,0.234,1,-0.05,-17.914753,0
173,41,0.188,2,-100.0,-18.084152,0
174,0,0.667,0,1.0,-0.9352062,0
174,1,0.677,0,1.0,-0.93800277,0
174,2,0.672,2,-0.05,-0.7583717,0
174,3,0.656,1,-0.05,-1.469343,0
174,4,0.674,2,-0.05,-0.59269863,0
174,5,0.678,1,-0.05,-1.6378531,0
174,6,0.679,2,-0.05,-0.7418845,0
174,7,0.681,2,-0.05,-1.7817384,0
174,8,0.692,1,-0.05,-2.2208955,0
174,9,0.700,1,-0.05,-1.9322844,0
174,10,0.691,0,1.0,-0.4502765,0
174,11,0.693,2,-0.05,0.45215738,0
174,12,0.706,0,1.0,-0.8889096,0
174,13,0.705,2,-0.05,-1.5147955,0
174,14,0.696,1,-0.05,-2.3807096,0
174,15,0.701,0,1.0,-1.1450679,0
174,16,0.693,2,-0.05,-0.19636738,0
174,17,0.670,0,1.0,-1.1810675,0
174,18,0.671,1,-0.05,-2.3797145,0
174,19,0.663,1,-0.05,-1.1579454,0
174,20,0.657,0,1.0,0.9076177,0
174,21,0.693,0,1.0,1.1971343,0
174,22,0.703,1,-0.05,0.6649909,0
174,23,0.702,1,-0.05,0.3850086,0
174,24,0.642,0,1.0,0.7680674,0
174,25,0.595,1,-0.05,0.1314807,0
174,26,0.590,1,-0.05,1.1519337,0
174,27,0.559,1,-0.05,0.8729105,0
174,28,0.529,1,-0.05,-3.9377646,0
174,29,0.507,1,-0.05,-8.672563,0
174,30,0.466,2,-0.05,-11.904768,0
174,31,0.445,1,-0.05,-10.225793,0
174,32,0.404,2,-0.05,-14.363564,0
174,33,0.364,2,-0.05,-11.24893,0
174,34,0.338,1,-0.05,-9.493527,0
174,35,0.302,1,-0.05,-12.319747,0
174,36,0.281,2,-0.05,-18.072123,0
174,37,0.255,1,-0.05,-16.398695,0
174,38,0.203,1,-0.05,-19.167164,0
174,39,0.166,2,-100.0,-17.806263,0
175,0,0.676,1,-0.05,-1.0061822,0
175,1,0.662,2,-0.05,0.59530014,0
175,2,0.661,0,1.0,-0.70012844,0
175,3,0.653,0,1.0,-1.3413055,0
175,4,0.670,2,-0.05,-1.3066709,0
175,5,0.685,1,-0.05,-1.9216781,0
175,6,0.695,0,1.0,-0.85171884,0
175,7,0.687,0,1.0,-0.21903062,0
175,8,0.680,2,-0.05,-0.28668416,0
175,9,0.693,1,-0.05,-1.6225945,0
175,10,0.679,0,1.0,-0.31663787,0
175,11,0.656,1,-0.05,0.6499735,0
175,12,0.647,0,1.0,0.9148289,0
175,13,0.633,1,-0.05,0.24078286,0
175,14,0.571,0,1.0,-0.108629346,0
175,15,0.551,1,-0.05,-0.595425,0
175,16,0.495,0,1.0,0.42434537,0
175,17,0.450,1,-0.05,0.54962444,0
175,18,0.418,1,-0.05,-2.0547342,0
175,19,0.410,1,-0.05,-5.118042,0
175,20,0.370,1,-0.05,-10.930854,0
175,21,0.332,1,-0.05,-13.544201,0
175,22,0.218,0,1.0,-17.226158,0
175,23,0.164,2,-100.0,-19.21217,0
176,0,0.658,0,1.0,-0.8500455,0
176,1,0.671,0,1.0,-0.84339905,0
176,2,0.675,1,-0.05,-0.70626634,0
176,3,0.646,0,1.0,0.5013101,0
176,4,0.633,0,1.0,1.0325878,0
176,5,0.597,0,1.0,1.0113105,0
176,6,0.593,1,-0.05,0.801091,0
176,7,0.561,0,1.0,0.014259577,0
176,8,0.492,0,1.0,-0.7237294,0
176,9,0.459,0,1.0,-1.6343149,0
176,10,0.427,2,-0.05,-2.0765097,0
176,11,0.406,0,1.0,-0.93979263,0
176,12,0.377,0,1.0,-0.89285254,0
176,13,0.360,0,1.0,-1.4203824,0
176,14,0.355,2,-0.05,-1.556027,0
176,15,0.345,1,-0.05,-1.5337746,0
176,16,0.349,2,-0.05,-1.614608,0
176,17,0.331,1,-0.05,-1.5477731,0
176,18,0.304,0,1.0,-1.5063065,0
176,19,0.304,1,-0.05,-2.4362454,0
176,20,0.254,0,1.0,-3.9364796,0
176,21,0.219,1,-0.05,-5.584807,0
176,22,0.156,0,-100.0,-6.617738,0
177,0,0.672,0,1.0,-0.10758054,0
177,1,0.658,2,-0.05,-0.102674246,0
177,2,0.681,0,1.0,-1.6314123,0
177,3,0.694,2,-0.05,-1.7121755,0
177,4,0.703,2,-0.05,-2.2246296,0
177,5,0.701,2,-0.05,-1.725735,0
177,6,0.659,1,-0.05,-1.6222432,0
177,7,0.653,2,-0.05,-1.9162285,0
177,8,0.584,0,1.0,-2.0183127,0
177,9,0.532,1,-0.05,-3.0033128,0
177,10,0.500,1,-0.05,-3.010672,0
177,11,0.488,2,-0.05,-3.8405375,0
177,12,0.454,1,-0.05,-4.206829,0
177,13,0.438,2,-0.05,-4.6845407,0
177,14,0.427,1,-0.05,-5.053483,0
177,15,0.406,2,-0.05,-5.3837185,0
177,16,0.391,1,-0.05,-5.607116,0
177,17,0.376,2,-0.05,-6.0468583,0
177,18,0.356,2,-0.05,-5.907318,0
177,19,0.327,1,-0.05,-6.0791154,0
177,20,0.240,0,1.0,-6.977478,0
177,21,0.214,1,-0.05,-9.027273,0
177,22,0.193,1,-100.0,-10.453391,0
178,0,0.654,0,1.0,0.16513395,0
178,1,0.668,0,1.0,0.32705522,0
178,2,0.667,0,1.0,0.19039369,0
178,3,0.657,1,-0.05,0.13805723,0
178,4,0.651,1,-0.05,1.4025707,0
178,5,0.613,0,1.0,1.049602,0
178,6,0.579,2,-0.05,-0.35992408,0
178,7,0.529,0,1.0,-0.10908806,0
178,8,0.511,0,1.0,0.16722965,0
178,9,0.468,0,1.0,-0.011957526,0
178,10,0.428,0,1.0,-0.21452188,0
178,11,0.399,0,1.0,-0.8016541,0
178,12,0.350,0,1.0,-1.1964355,0
178,13,0.318,0,1.0,-1.8479384,0
178,14,0.286,0,1.0,-2.0548766,0
178,15,0.265,1,-0.05,-2.3668096,0
178,16,0.260,1,-0.05,-4.0237193,0
178,17,0.230,1,-0.05,-5.982293,0
178,18,0.223,1,-0.05,-8.652532,0
178,19,0.120,0,-100.0,-11.3821945,0
179,0,0.655,0,1.0,-0.06929028,0
179,1,0.665,0,1.0,-0.09022033,0
179,2,0.665,0,1.0,-0.11504972,0
179,3,0.661,1,-0.05,0.15067601,0
179,4,0.632,0,1.0,0.78532505,0
179,5,0.620,0,1.0,1.2306279,0
179,6,0.600,0,1.0,1.0598919,0
179,7,0.573,2,-0.05,0.76688987,0
179,8,0.557,0,1.0,0.2686491,0
179,9,0.559,2,-0.05,0.09386456,0
179,10,0.587,0,1.0,-0.61469793,0
179,11,0.613,0,1.0,-0.32076275,0
179,12,0.635,0,1.0,-0.4316435,0
179,13,0.655,0,1.0,-0.845168,0
179,14,0.681,0,1.0,-0.35058427,0
179,15,0.693,0,1.0,-0.7205833,0
179,16,0.683,0,1.0,-1.0770142,0
179,17,0.636,0,1.0,-1.6099658,0
179,18,0.618,0,1.0,-1.7286665,0
179,19,0.604,1,-0.05,-2.0132504,0
179,20,0.611,0,1.0,-1.7786356,0
179,21,0.621,0,1.0,-2.1088247,0
179,22,0.616,1,-0.05,-1.8896973,0
179,23,0.626,2,-0.05,-2.114222,0
179,24,0.621,1,-0.05,-3.17509,0
179,25,0.646,0,1.0,-1.278575,0
179,26,0.694,0,1.0,-0.2185666,0
179,27,0.706,2,-0.05,-3.2187748,0
179,28,0.711,1,-0.05,-4.8405323,0
179,29,0.697,2,-0.05,-4.205309,0
179,30,0.699,1,-0.05,-5.8343954,0
179,31,0.690,1,-0.05,-5.690975,0
179,32,0.695,1,-0.05,-4.590478,0
179,33,0.651,1,-0.05,-4.2321005,0
179,34,0.639,1,-0.05,-3.8367472,0
179,35,0.614,1,-0.05,-5.1338377,0
179,36,0.582,1,-0.05,-9.795908,0
179,37,0.548,1,-0.05,-14.492907,0
179,38,0.529,1,-0.05,-14.75957,0
179,39,0.488,1,-0.05,-12.592849,0
179,40,0.392,0,1.0,-10.472681,0
179,41,0.325,1,-0.05,-10.613973,0
179,42,0.260,0,1.0,-10.189337,0
179,43,0.184,1,-100.0,-8.581383,0
180,0,0.654,0,1.0,-0.1273073,0
180,1,0.668,0,1.0,0.022166014,0
180,2,0.667,0,1.0,-0.04528129,0
180,3,0.648,0,1.0,-0.06534207,0
180,4,0.644,0,1.0,-0.09131765,0
180,5,0.632,0,1.0,-0.09514749,0
180,6,0.638,0,1.0,0.06906974,0
180,7,0.644,2,-0.05,0.03484702,0
180,8,0.618,2,-0.05,-0.92322576,0
180,9,0.665,0,1.0,-1.2744699,0
180,10,0.699,0,1.0,-2.246251,0
180,11,0.669,1,-0.05,-2.8776236,0
180,12,0.650,0,1.0,-2.455053,0
180,13,0.642,2,-0.05,-1.133398,0
180,14,0.621,2,-0.05,-2.9535108,0
180,15,0.607,2,-0.05,-2.8643997,0
180,16,0.590,1,-0.05,-2.285821,0
180,17,0.578,2,-0.05,-2.91016,0
180,18,0.560,1,-0.05,-2.6094904,0
180,19,0.521,1,-0.05,-3.3860135,0
180,20,0.514,1,-0.05,-3.9783773,0
180,21,0.502,0,1.0,-2.1003907,0
180,22,0.487,0,1.0,-0.7135743,0
180,23,0.487,0,1.0,-1.1432122,0
180,24,0.485,2,-0.05,-1.024304,0
180,25,0.468,1,-0.05,-2.2652943,0
180,26,0.465,0,1.0,-0.6686602,0
180,27,0.466,2,-0.05,-0.6017202,0
180,28,0.463,1,-0.05,-1.4370363,0
180,29,0.473,0,1.0,-0.74773043,0
180,30,0.478,0,1.0,-0.520651,0
180,31,0.500,0,1.0,-0.6385488,0
180,32,0.511,0,1.0,-2.2176037,0
180,33,0.516,1,-0.05,-2.6732764,0
180,34,0.515,2,-0.05,-1.2602849,0
180,35,0.517,1,-0.05,-3.489691,0
180,36,0.526,2,-0.05,-2.4870844,0
180,37,0.545,0,1.0,-4.260033,0
180,38,0.573,1,-0.05,-5.255689,0
180,39,0.578,2,-0.05,-5.5604486,0
180,40,0.591,2,-0.05,-6.088265,0
180,41,0.588,1,-0.05,-4.4856133,0
180,42,0.645,0,1.0,-6.383978,0
180,43,0.687,1,-0.05,-8.260941,0
180,44,0.741,1,-0.05,-8.837503,0
180,45,0.752,1,-0.05,-7.4994006,0
180,46,0.781,1,-0.05,-5.1906657,0
180,47,0.808,0,1.0,-2.7678537,0
180,48,0.747,1,-0.05,-3.8147364,0
180,49,0.737,1,-0.05,-5.8306375,0
180,50,0.709,1,-0.05,-7.966097,0
180,51,0.688,1,-0.05,-12.184868,0
180,52,0.667,1,-0.05,-12.457827,0
180,53,0.621,1,-0.05,-10.74818,0
180,54,0.607,1,-0.05,-7.4723163,0
180,55,0.566,1,-0.05,-4.4658084,0
180,56,0.547,1,-0.05,-2.863461,0
180,57,0.529,2,-0.05,-2.202357,0
180,58,0.492,1,-0.05,-3.5494514,0
180,59,0.487,2,-0.05,-2.9530663,0
180,60,0.409,0,1.0,-3.9631047,0
180,61,0.339,1,-0.05,-4.128649,0
180,62,0.301,1,-0.05,-5.15819,0
180,63,0.305,2,-0.05,-4.7280436,0
180,64,0.282,1,-0.05,-5.4935455,0
180,65,0.260,2,-0.05,-5.17763,0
180,66,0.250,2,-0.05,-5.895113,0
180,67,0.203,1,-0.05,-6.5393095,0
180,68,0.179,1,-100.0,-6.033493,0
181,0,0.668,0,1.0,-0.05624485,0
181,1,0.657,0,1.0,0.092994094,0
181,2,0.655,0,1.0,0.06972432,0
181,3,0.646,0,1.0,0.06026268,0
181,4,0.650,0,1.0,0.034935832,0
181,5,0.625,2,-0.05,0.22414404,0
181,6,0.651,0,1.0,-0.8171983,0
181,7,0.692,0,1.0,-0.922434,0
181,8,0.697,0,1.0,-0.90731716,0
181,9,0.696,0,1.0,-0.9434138,0
181,10,0.637,0,1.0,-1.2085211,0
181,11,0.636,0,1.0,-0.9601632,0
181,12,0.620,0,1.0,-1.3474433,0
181,13,0.583,0,1.0,-1.7714677,0
181,14,0.572,0,1.0,-1.3980465,0
181,15,0.544,1,-0.05,-1.8380088,0
181,16,0.547,2,-0.05,-0.60377645,0
181,17,0.544,1,-0.05,-2.1310673,0
181,18,0.544,0,1.0,-0.69319415,0
181,19,0.558,0,1.0,-0.6682875,0
181,20,0.563,0,1.0,-1.1424593,0
181,21,0.566,0,1.0,-1.8873802,0
181,22,0.571,1,-0.05,-1.4124912,0
181,23,0.584,0,1.0,-1.6895012,0
181,24,0.601,2,-0.05,-0.9297322,0
181,25,0.609,1,-0.05,-2.5062668,0
181,26,0.650,0,1.0,-0.9614173,0
181,27,0.697,0,1.0,-2.8821373,0
181,28,0.681,0,1.0,-4.4584494,0
181,29,0.674,1,-0.05,-5.0003853,0
181,30,0.650,1,-0.05,-6.2364883,0
181,31,0.637,1,-0.05,-5.495843,0
181,32,0.551,0,1.0,-4.257283,0
181,33,0.485,2,-0.05,-6.171773,0
181,34,0.475,1,-0.05,-6.22635,0
181,35,0.446,2,-0.05,-7.073185,0
181,36,0.418,1,-0.05,-7.542778,0
181,37,0.338,0,1.0,-8.033403,0
181,38,0.261,2,-0.05,-11.354616,0
181,39,0.251,1,-0.05,-12.1649,0
181,40,0.231,1,-0.05,-13.5773735,0
181,41,0.183,1,-100.0,-16.585876,0
182,0,0.662,0,1.0,-0.3670169,0
182,1,0.655,0,1.0,-0.32443702,0
182,2,0.651,0,1.0,-0.42751175,0
182,3,0.647,2,-0.05,-0.4385798,0
182,4,0.651,2,-0.05,-1.2034388,0
182,5,0.658,1,-0.05,-1.9683182,0
182,6,0.661,0,1.0,-1.758805,0
182,7,0.693,0,1.0,-1.0885692,0
182,8,0.700,1,-0.05,-1.0297475,0
182,9,0.686,0,1.0,-0.32026863,0
182,10,0.672,0,1.0,0.4728893,0
182,11,0.665,0,1.0,0.3929962,0
182,12,0.660,1,-0.05,0.10687947,0
182,13,0.632,0,1.0,0.40259343,0
182,14,0.578,0,1.0,-0.9734862,0
182,15,0.570,2,-0.05,-1.4999782,0
182,16,0.551,0,1.0,-0.85529494,0
182,17,0.550,0,1.0,-1.5510576,0
182,18,0.538,1,-0.05,-1.807127,0
182,19,0.506,0,1.0,-1.8904392,0
182,20,0.465,0,1.0,-2.3571444,0
182,21,0.443,1,-0.05,-2.9129534,0
182,22,0.445,1,-0.05,-2.133812,0
182,23,0.433,1,-0.05,-0.3624797,0
182,24,0.406,2,-0.05,-3.1171584,0
182,25,0.381,1,-0.05,-3.573472,0
182,26,0.360,2,-0.05,-6.753324,0
182,27,0.337,1,-0.05,-5.3595552,0
182,28,0.311,1,-0.05,-8.662568,0
182,29,0.287,1,-0.05,-11.180463,0
182,30,0.268,1,-0.05,-16.941833,0
182,31,0.233,1,-0.05,-17.427486,0
182,32,0.188,1,-100.0,-18.985115,0
183,0,0.671,0,1.0,-0.32656837,0
183,1,0.649,0,1.0,-0.17844033,0
183,2,0.643,0,1.0,-0.22002196,0
183,3,0.646,0,1.0,-0.239524,0
183,4,0.643,0,1.0,-0.2395885,0
183,5,0.640,0,1.0,-0.24638057,0
183,6,0.640,0,1.0,-0.11048055,0
183,7,0.621,0,1.0,-0.06659329,0
183,8,0.617,2,-0.05,0.27778405,0
183,9,0.642,0,1.0,-0.4202901,0
183,10,0.671,0,1.0,-0.44411266,0
183,11,0.687,1,-0.05,-0.80521405,0
183,12,0.679,0,1.0,-0.3863182,0
183,13,0.673,2,-0.05,-0.16532916,0
183,14,0.701,0,1.0,-0.465989,0
183,15,0.702,0,1.0,-1.0109469,0
183,16,0.692,1,-0.05,-1.2124405,0
183,17,0.675,1,-0.05,-1.1763601,0
183,18,0.685,2,-0.05,-0.3952477,0
183,19,0.685,0,1.0,-1.1973351,0
183,20,0.671,1,-0.05,-1.2932789,0
183,21,0.678,0,1.0,-1.5390499,0
183,22,0.701,0,1.0,-1.7902157,0
183,23,0.701,1,-0.05,-1.9364763,0
183,24,0.659,0,1.0,-2.215726,0
183,25,0.650,1,-0.05,-1.1882815,0
183,26,0.632,1,-0.05,-0.2988522,0
183,27,0.607,1,-0.05,-0.8781526,0
183,28,0.598,1,-0.05,-0.85141516,0
183,29,0.563,1,-0.05,-4.9479218,0
183,30,0.533,1,-0.05,-8.778997,0
183,31,0.509,1,-0.05,-9.495616,0
183,32,0.453,1,-0.05,-11.04212,0
183,33,0.439,1,-0.05,-13.028883,0
183,34,0.405,1,-0.05,-13.259175,0
183,35,0.376,1,-0.05,-11.818197,0
183,36,0.362,1,-0.05,-9.37628,0
183,37,0.327,1,-0.05,-5.3856754,0
183,38,0.327,2,-0.05,-0.25454247,0
183,39,0.315,2,-0.05,-4.012762,0
183,40,0.292,1,-0.05,-7.543797,0
183,41,0.264,1,-0.05,-6.268484,0
183,42,0.269,2,-0.05,-1.791933,0
183,43,0.246,1,-0.05,-5.8324456,0
183,44,0.235,2,-0.05,-2.0458014,0
183,45,0.220,2,-0.05,-6.842666,0
183,46,0.205,1,-0.05,-10.724325,0
183,47,0.194,2,-100.0,-8.143585,0
184,0,0.667,0,1.0,-1.0424411,0
184,1,0.677,0,1.0,-1.0677911,0
184,2,0.674,2,-0.05,-0.77734643,0
184,3,0.680,1,-0.05,-1.8640888,0
184,4,0.671,0,1.0,-0.75900227,0
184,5,0.651,0,1.0,0.10577774,0
184,6,0.650,0,1.0,0.06848514,0
184,7,0.628,0,1.0,-0.0384897,0
184,8,0.633,0,1.0,0.21061337,0
184,9,0.614,0,1.0,0.04865372,0
184,10,0.612,0,1.0,0.020807743,0
184,11,0.599,0,1.0,-0.3697211,0
184,12,0.579,0,1.0,-0.7282227,0
184,13,0.586,0,1.0,-1.0544102,0
184,14,0.565,0,1.0,-1.6300673,0
184,15,0.554,0,1.0,-1.8393399,0
184,16,0.557,1,-0.05,-2.0750537,0
184,17,0.518,0,1.0,-1.6677257,0
184,18,0.491,1,-0.05,-2.259695,0
184,19,0.505,1,-0.05,-1.8701166,0
184,20,0.489,1,-0.05,-0.120654345,0
184,21,0.464,1,-0.05,-1.8105402,0
184,22,0.374,0,1.0,-4.1120386,0
184,23,0.317,1,-0.05,-9.826291,0
184,24,0.288,1,-0.05,-16.620424,0
184,25,0.265,1,-0.05,-17.596357,0
184,26,0.228,1,-0.05,-19.30975,0
184,27,0.181,2,-100.0,-18.55695,0
185,0,0.675,1,-0.05,-1.1045239,0
185,1,0.652,0,1.0,0.32054454,0
185,2,0.643,2,-0.05,0.72249144,0
185,3,0.629,0,1.0,-0.054324508,0
185,4,0.634,0,1.0,-0.59386075,0
185,5,0.632,0,1.0,-0.5054288,0
185,6,0.630,2,-0.05,-0.61335415,0
185,7,0.626,2,-0.05,-1.3283786,0
185,8,0.652,1,-0.05,-1.8109944,0
185,9,0.663,1,-0.05,-1.8507663,0
185,10,0.650,0,1.0,-0.6105892,0
185,11,0.648,1,-0.05,0.20779973,0
185,12,0.629,2,-0.05,0.77532953,0
185,13,0.637,1,-0.05,0.061217546,0
185,14,0.617,0,1.0,0.47588342,0
185,15,0.561,0,1.0,-0.32669628,0
185,16,0.522,0,1.0,-0.7278354,0
185,17,0.500,1,-0.05,-1.4712666,0
185,18,0.494,2,-0.05,-1.6933143,0
185,19,0.477,0,1.0,-1.3505386,0
185,20,0.466,2,-0.05,-1.676284,0
185,21,0.456,1,-0.05,-1.6919491,0
185,22,0.453,1,-0.05,-1.9220277,0
185,23,0.446,1,-0.05,-1.2275884,0
185,24,0.414,1,-0.05,-0.5371418,0
185,25,0.414,1,-0.05,-0.76095915,0
185,26,0.382,2,-0.05,-6.508891,0
185,27,0.359,1,-0.05,-4.085515,0
185,28,0.325,1,-0.05,-7.0114346,0
185,29,0.291,1,-0.05,-11.348981,0
185,30,0.270,1,-0.05,-17.642344,0
185,31,0.234,1,-0.05,-19.9828,0
185,32,0.209,1,-0.05,-18.659061,0
185,33,0.165,1,-100.0,-15.783248,0
186,0,0.654,0,1.0,-0.16424894,0
186,1,0.666,0,1.0,0.01297152,0
186,2,0.672,1,-0.05,-0.03567803,0
186,3,0.633,0,1.0,0.9782266,0
186,4,0.607,0,1.0,0.68351865,0
186,5,0.585,1,-0.05,0.532046,0
186,6,0.566,0,1.0,-0.33863652,0
186,7,0.528,1,-0.05,-1.094818,0
186,8,0.514,1,-0.05,-0.18258369,0
186,9,0.494,1,-0.05,0.6102152,0
186,10,0.459,2,-0.05,-1.3606439,0
186,11,0.441,1,-0.05,-0.7053757,0
186,12,0.421,1,-0.05,-2.8020072,0
186,13,0.376,1,-0.05,-8.901131,0
186,14,0.354,2,-0.05,-13.62325,0
186,15,0.329,1,-0.05,-12.245109,0
186,16,0.237,0,1.0,-14.547932,0
186,17,0.144,2,-100.0,-19.03959,0
187,0,0.671,2,-0.05,-0.59736884,0
187,1,0.687,0,1.0,-1.4424691,0
187,2,0.682,0,1.0,-2.0507576,0
187,3,0.680,1,-0.05,-2.479524,0
187,4,0.664,2,-0.05,-1.4925776,0
187,5,0.660,1,-0.05,-2.525622,0
187,6,0.649,0,1.0,-1.8453698,0
187,7,0.634,0,1.0,-0.37448907,0
187,8,0.628,0,1.0,-0.34109497,0
187,9,0.615,1,-0.05,-0.29197717,0
187,10,0.621,0,1.0,1.3340385,0
187,11,0.630,2,-0.05,2.156604,0
187,12,0.631,0,1.0,0.87278503,0
187,13,0.601,0,1.0,-0.089179754,0
187,14,0.603,0,1.0,-0.29626024,0
187,15,0.600,0,1.0,-0.58448243,0
187,16,0.581,0,1.0,-0.13420784,0
187,17,0.572,0,1.0,-0.45915592,0
187,18,0.556,0,1.0,-0.84557366,0
187,19,0.558,2,-0.05,-0.7964102,0
187,20,0.546,1,-0.05,-2.6279793,0
187,21,0.536,0,1.0,-0.44229043,0
187,22,0.534,0,1.0,-0.7064539,0
187,23,0.539,0,1.0,-1.1332185,0
187,24,0.538,0,1.0,-1.6137031,0
187,25,0.532,2,-0.05,-2.1991751,0
187,26,0.542,1,-0.05,-2.5615187,0
187,27,0.522,1,-0.05,-1.9306753,0
187,28,0.550,2,-0.05,-0.8907157,0
187,29,0.548,2,-0.05,-2.1181328,0
187,30,0.538,1,-0.05,-2.1795387,0
187,31,0.541,1,-0.05,-2.4662764,0
187,32,0.547,2,-0.05,-0.70013463,0
187,33,0.559,0,1.0,-1.6695757,0
187,34,0.541,1,-0.05,-2.2596679,0
187,35,0.561,0,1.0,-2.638382,0
187,36,0.601,1,-0.05,-3.6401694,0
187,37,0.622,1,-0.05,-3.0693545,0
187,38,0.689,0,1.0,-2.6680536,0
187,39,0.734,2,-0.05,-2.8622851,0
187,40,0.724,1,-0.05,-4.869436,0
187,41,0.688,2,-0.05,-3.8580074,0
187,42,0.653,0,1.0,-5.888085,0
187,43,0.623,1,-0.05,-8.208937,0
187,44,0.601,1,-0.05,-8.138644,0
187,45,0.579,1,-0.05,-4.798261,0
187,46,0.570,1,-0.05,-7.0168123,0
187,47,0.531,1,-0.05,-9.76705,0
187,48,0.498,1,-0.05,-15.530685,0
187,49,0.470,1,-0.05,-14.932712,0
187,50,0.432,1,-0.05,-12.886543,0
187,51,0.398,1,-0.05,-9.283962,0
187,52,0.374,1,-0.05,-6.7284303,0
187,53,0.343,2,-0.05,-5.050458,0
187,54,0.325,1,-0.05,-5.38752,0
187,55,0.304,1,-0.05,-5.0715284,0
187,56,0.279,1,-0.05,-5.7896175,0
187,57,0.277,2,-0.05,-2.0454214,0
187,58,0.253,1,-0.05,-5.267513,0
187,59,0.227,2,-0.05,-3.3150926,0
187,60,0.208,2,-0.05,-5.8706965,0
187,61,0.200,1,-0.05,-6.570756,0
187,62,0.168,1,-100.0,-7.0226326,0
188,0,0.677,1,-0.05,0.18180335,0
188,1,0.655,0,1.0,0.9877668,0
188,2,0.603,0,1.0,0.54746413,0
188,3,0.565,0,1.0,0.17721015,0
188,4,0.526,0,1.0,-0.037046015,0
188,5,0.493,0,1.0,-0.22004133,0
188,6,0.463,2,-0.05,-0.523394,0
188,7,0.462,0,1.0,-0.18530631,0
188,8,0.458,2,-0.05,-0.45208985,0
188,9,0.470,0,1.0,-0.8463801,0
188,10,0.486,0,1.0,0.042109013,0
188,11,0.497,1,-0.05,0.05807686,0
188,12,0.501,0,1.0,-0.5166699,0
188,13,0.477,0,1.0,-0.5204799,0
188,14,0.479,0,1.0,-0.7848784,0
188,15,0.479,0,1.0,-1.211255,0
188,16,0.460,0,1.0,-1.2730867,0
188,17,0.452,2,-0.05,-1.551844,0
188,18,0.465,1,-0.05,-1.1247146,0
188,19,0.451,0,1.0,-1.5966548,0
188,20,0.451,1,-0.05,-1.7740893,0
188,21,0.429,1,-0.05,-1.9618202,0
188,22,0.386,0,1.0,-1.2364699,0
188,23,0.330,2,-0.05,-1.8235655,0
188,24,0.327,1,-0.05,-2.9351978,0
188,25,0.258,0,1.0,-3.5760221,0
188,26,0.226,1,-0.05,-8.447324,0
188,27,0.198,2,-100.0,-13.696922,0
189,0,0.667,0,1.0,-0.46446192,0
189,1,0.671,0,1.0,-0.43264735,0
189,2,0.679,0,1.0,-0.18971622,0
189,3,0.681,1,-0.05,-0.16520345,0
189,4,0.659,0,1.0,0.8388343,0
189,5,0.643,0,1.0,1.2879051,0
189,6,0.604,0,1.0,1.0832169,0
189,7,0.577,0,1.0,0.88989353,0
189,8,0.585,1,-0.05,0.5560113,0
189,9,0.528,0,1.0,-0.20861304,0
189,10,0.505,1,-0.05,-1.1826353,0
189,11,0.487,1,-0.05,-0.5766169,0
189,12,0.421,0,1.0,0.73462653,0
189,13,0.367,1,-0.05,-2.3604784,0
189,14,0.349,1,-0.05,-3.2674322,0
189,15,0.233,0,1.0,-10.117033,0
189,16,0.120,0,-100.0,-14.712405,0
190,0,0.668,0,1.0,-0.17050695,0
190,1,0.671,0,1.0,-0.119663715,0
190,2,0.679,0,1.0,-0.15551543,0
190,3,0.677,0,1.0,0.026327848,0
190,4,0.665,0,1.0,0.007128358,0
190,5,0.666,0,1.0,0.0215621,0
190,6,0.668,0,1.0,0.03775525,0
190,7,0.665,2,-0.05,0.1382606,0
190,8,0.692,0,1.0,-0.6629478,0
190,9,0.708,0,1.0,-1.3685981,0
190,10,0.669,1,-0.05,-0.8492681,0
190,11,0.683,2,-0.05,-0.17323351,0
190,12,0.674,2,-0.05,-1.3258718,0
190,13,0.670,2,-0.05,-2.692021,0
190,14,0.643,2,-0.05,-1.6972762,0
190,15,0.551,0,1.0,-1.2686802,0
190,16,0.512,1,-0.05,-3.081185,0
190,17,0.479,1,-0.05,-3.5181866,0
190,18,0.463,2,-0.05,-4.6604657,0
190,19,0.376,0,1.0,-3.7862222,0
190,20,0.299,0,1.0,-5.3914876,0
190,21,0.233,1,-0.05,-7.703109,0
190,22,0.210,1,-0.05,-10.238939,0
190,23,0.171,0,-100.0,-10.41177,0
191,0,0.655,0,1.0,-0.082574844,0
191,1,0.668,0,1.0,-0.14350402,0
191,2,0.665,0,1.0,-0.17390668,0
191,3,0.667,0,1.0,0.07296026,0
191,4,0.660,2,-0.05,0.009114385,0
191,5,0.684,0,1.0,-0.83376503,0
191,6,0.708,0,1.0,-1.2118981,0
191,7,0.682,1,-0.05,-1.4193211,0
191,8,0.693,0,1.0,-0.25215268,0
191,9,0.696,1,-0.05,0.47976416,0
191,10,0.688,0,1.0,1.5753366,0
191,11,0.672,0,1.0,1.365028,0
191,12,0.657,0,1.0,0.87498856,0
191,13,0.599,0,1.0,0.23388135,0
191,14,0.603,0,1.0,-0.14395368,0
191,15,0.574,1,-0.05,-0.9102328,0
191,16,0.580,1,-0.05,-1.1178555,0
191,17,0.564,1,-0.05,-0.4892738,0
191,18,0.483,0,1.0,1.0432642,0
191,19,0.428,1,-0.05,0.7025182,0
191,20,0.408,1,-0.05,-3.6885242,0
191,21,0.387,2,-0.05,-7.5303974,0
191,22,0.357,1,-0.05,-7.6150246,0
191,23,0.319,1,-0.05,-10.575447,0
191,24,0.293,1,-0.05,-16.45856,0
191,25,0.249,2,-0.05,-19.29134,0
191,26,0.228,2,-0.05,-19.74921,0
191,27,0.197,1,-100.0,-16.251709,0
192,0,0.654,0,1.0,0.04007244,0
192,1,0.663,2,-0.05,0.15108395,0
192,2,0.683,0,1.0,-0.6772457,0
192,3,0.703,0,1.0,-1.2346556,0
192,4,0.689,0,1.0,-1.334184,0
192,5,0.661,0,1.0,-1.4811743,0
192,6,0.637,0,1.0,-1.5940905,0
192,7,0.618,2,-0.05,-1.6412852,0
192,8,0.617,1,-0.05,-2.6501787,0
192,9,0.594,1,-0.05,-1.4823877,0
192,10,0.609,0,1.0,0.98286146,0
192,11,0.638,0,1.0,1.9176402,0
192,12,0.653,0,1.0,1.5840166,0
192,13,0.660,2,-0.05,1.0403478,0
192,14,0.646,0,1.0,0.24461365,0
192,15,0.641,0,1.0,-0.47417307,0
192,16,0.622,0,1.0,-0.8594672,0
192,17,0.613,0,1.0,-0.8600234,0
192,18,0.594,0,1.0,-1.2895796,0
192,19,0.582,0,1.0,-1.0939729,0
192,20,0.572,0,1.0,-1.4092368,0
192,21,0.575,2,-0.05,-1.5024066,0
192,22,0.546,1,-0.05,-2.0222657,0
192,23,0.560,1,-0.05,-1.5948104,0
192,24,0.558,2,-0.05,-1.0531238,0
192,25,0.556,0,1.0,-1.6773423,0
192,26,0.555,1,-0.05,-2.2641528,0
192,27,0.552,1,-0.05,-2.3147001,0
192,28,0.560,2,-0.05,-1.1849023,0
192,29,0.555,1,-0.05,-1.8847423,0
192,30,0.565,2,-0.05,-1.2619622,0
192,31,0.572,2,-0.05,-2.6130705,0
192,32,0.560,1,-0.05,-2.1328976,0
192,33,0.579,1,-0.05,-3.0219588,0
192,34,0.581,2,-0.05,-0.34335536,0
192,35,0.586,0,1.0,-1.6824689,0
192,36,0.572,1,-0.05,-2.8000321,0
192,37,0.588,1,-0.05,-2.2774181,0
192,38,0.599,1,-0.05,-1.6238589,0
192,39,0.629,1,-0.05,-1.9052262,0
192,40,0.624,1,-0.05,-1.8205853,0
192,41,0.666,1,-0.05,-2.3223062,0
192,42,0.705,2,-0.05,-2.842987,0
192,43,0.699,2,-0.05,-3.3589072,0
192,44,0.688,1,-0.05,-2.499179,0
192,45,0.642,1,-0.05,-4.0947337,0
192,46,0.611,1,-0.05,-6.600662,0
192,47,0.590,1,-0.05,-11.141381,0
192,48,0.548,2,-0.05,-14.088249,0
192,49,0.527,2,-0.05,-13.747229,0
192,50,0.482,1,-0.05,-10.382806,0
192,51,0.438,1,-0.05,-13.439891,0
192,52,0.417,1,-0.05,-16.947987,0
192,53,0.388,1,-0.05,-16.294365,0
192,54,0.354,1,-0.05,-14.04797,0
192,55,0.253,0,1.0,-10.6938715,0
192,56,0.221,1,-0.05,-11.636726,0
192,57,0.155,0,-100.0,-9.483233,0
193,0,0.664,2,-0.05,-0.15787292,0
193,1,0.674,1,-0.05,-1.1433036,0
193,2,0.671,1,-0.05,-0.5034447,0
193,3,0.636,0,1.0,1.1188588,0
193,4,0.608,0,1.0,0.4570431,0
193,5,0.559,0,1.0,0.16089475,0
193,6,0.536,0,1.0,-0.05917418,0
193,7,0.531,1,-0.05,-0.30969524,0
193,8,0.502,2,-0.05,-1.7611454,0
193,9,0.501,1,-0.05,-0.23172474,0
193,10,0.495,1,-0.05,-1.7968795,0
193,11,0.477,1,-0.05,-0.42362761,0
193,12,0.442,2,-0.05,0.25912952,0
193,13,0.432,1,-0.05,0.20948505,0
193,14,0.421,1,-0.05,-0.845757,0
193,15,0.378,1,-0.05,-2.9183774,0
193,16,0.361,1,-0.05,-9.932299,0
193,17,0.307,1,-0.05,-13.514903,0
193,18,0.289,1,-0.05,-18.26002,0
193,19,0.255,1,-0.05,-18.936384,0
193,20,0.220,1,-0.05,-15.392441,0
193,21,0.195,1,-100.0,-11.672763,0
194,0,0.677,1,-0.05,0.14639723,0
194,1,0.653,0,1.0,0.84348094,0
194,2,0.607,0,1.0,0.5161675,0
194,3,0.585,2,-0.05,0.30183035,0
194,4,0.579,0,1.0,0.29543662,0
194,5,0.578,0,1.0,-0.050961852,0
194,6,0.570,0,1.0,-0.11177373,0
194,7,0.558,1,-0.05,-0.16688061,0
194,8,0.546,0,1.0,0.23906618,0
194,9,0.517,2,-0.05,-0.35696566,0
194,10,0.523,1,-0.05,0.01358062,0
194,11,0.506,0,1.0,-0.06612563,0
194,12,0.434,0,1.0,-1.7243882,0
194,13,0.415,2,-0.05,-2.1630046,0
194,14,0.392,0,1.0,-1.4626783,0
194,15,0.394,1,-0.05,-1.1300075,0
194,16,0.358,0,1.0,-2.0412178,0
194,17,0.358,1,-0.05,-2.731157,0
194,18,0.327,2,-0.05,-2.7220218,0
194,19,0.331,0,1.0,-1.7331263,0
194,20,0.298,1,-0.05,-1.7555083,0
194,21,0.294,0,1.0,-1.7961605,0
194,22,0.265,1,-0.05,-3.4282265,0
194,23,0.262,1,-0.05,-4.7647557,0
194,24,0.240,1,-0.05,-6.1868515,0
194,25,0.215,1,-0.05,-11.567107,0
194,26,0.187,1,-100.0,-13.595036,0
195,0,0.654,0,1.0,0.13041723,0
195,1,0.666,0,1.0,0.28082502,0
195,2,0.648,0,1.0,0.24031472,0
195,3,0.648,0,1.0,0.17334437,0
195,4,0.643,2,-0.05,0.17830014,0
195,5,0.678,0,1.0,-0.47136593,0
195,6,0.691,0,1.0,-0.87691563,0
195,7,0.704,0,1.0,-0.9875693,0
195,8,0.673,0,1.0,-1.1529436,0
195,9,0.643,0,1.0,-0.40376472,0
195,10,0.621,0,1.0,-0.64916646,0
195,11,0.610,0,1.0,-0.8886333,0
195,12,0.575,0,1.0,-1.3065755,0
195,13,0.548,1,-0.05,-1.4259162,0
195,14,0.573,0,1.0,0.36923814,0
195,15,0.571,0,1.0,0.49401218,0
195,16,0.572,1,-0.05,-0.140131,0
195,17,0.586,0,1.0,0.8299367,0
195,18,0.604,1,-0.05,0.64061546,0
195,19,0.642,0,1.0,1.1900501,0
195,20,0.703,0,1.0,1.1095641,0
195,21,0.630,0,1.0,0.47325516,0
195,22,0.609,1,-0.05,0.5986397,0
195,23,0.557,0,1.0,-0.55346394,0
195,24,0.492,1,-0.05,-1.3479195,0
195,25,0.484,1,-0.05,-2.2286177,0
195,26,0.464,1,-0.05,-7.5226545,0
195,27,0.426,1,-0.05,-10.410053,0
195,28,0.391,1,-0.05,-11.842902,0
195,29,0.347,1,-0.05,-14.398905,0
195,30,0.318,1,-0.05,-17.069363,0
195,31,0.223,0,1.0,-15.981927,0
195,32,0.154,1,-100.0,-17.182285,0
196,0,0.667,0,1.0,0.35976052,0
196,1,0.667,0,1.0,0.46663505,0
196,2,0.668,1,-0.05,0.42561448,0
196,3,0.635,0,1.0,1.2801402,0
196,4,0.600,0,1.0,0.85890734,0
196,5,0.589,1,-0.05,0.52534413,0
196,6,0.555,0,1.0,-0.14080083,0
196,7,0.537,1,-0.05,-1.0748848,0
196,8,0.525,1,-0.05,-0.7623644,0
196,9,0.501,1,-0.05,1.3244258,0
196,10,0.469,1,-0.05,0.21145058,0
196,11,0.436,1,-0.05,-7.067911,0
196,12,0.405,1,-0.05,-10.472694,0
196,13,0.391,1,-0.05,-14.03042,0
196,14,0.342,1,-0.05,-14.9142,0
196,15,0.318,2,-0.05,-12.063546,0
196,16,0.274,1,-0.05,-15.72668,0
196,17,0.255,1,-0.05,-13.955357,0
196,18,0.171,0,-100.0,-11.435926,0
197,0,0.655,0,1.0,-0.01854062,0
197,1,0.662,0,1.0,-0.06468201,0
197,2,0.664,0,1.0,-0.047068,0
197,3,0.671,1,-0.05,0.1776985,0
197,4,0.649,0,1.0,0.67028373,0
197,5,0.626,0,1.0,0.9571532,0
197,6,0.589,0,1.0,0.6855084,0
197,7,0.588,1,-0.05,0.5256363,0
197,8,0.543,0,1.0,-0.10791439,0
197,9,0.512,0,1.0,-1.3663032,0
197,10,0.412,0,1.0,-1.7406927,0
197,11,0.407,1,-0.05,-2.1563504,0
197,12,0.395,1,-0.05,-0.8605547,0
197,13,0.394,1,-0.05,-0.60933065,0
197,14,0.353,1,-0.05,-2.4892063,0
197,15,0.320,1,-0.05,-9.242252,0
197,16,0.299,1,-0.05,-13.9768715,0
197,17,0.270,1,-0.05,-19.863903,0
197,18,0.227,1,-0.05,-19.430405,0
197,19,0.191,1,-100.0,-15.7385845,0
198,0,0.654,0,1.0,0.17257869,0
198,1,0.668,0,1.0,0.28473258,0
198,2,0.667,0,1.0,0.13983321,0
198,3,0.648,0,1.0,0.08797014,0
198,4,0.644,0,1.0,0.070913315,0
198,5,0.647,0,1.0,0.040061593,0
198,6,0.628,0,1.0,0.16827416,0
198,7,0.628,0,1.0,0.1547367,0
198,8,0.627,0,1.0,0.13896263,0
198,9,0.623,0,1.0,0.47773695,0
198,10,0.639,0,1.0,0.21167064,0
198,11,0.621,0,1.0,-0.089301646,0
198,12,0.622,1,-0.05,-0.5728185,0
198,13,0.617,1,-0.05,-0.23794782,0
198,14,0.557,0,1.0,-0.7786524,0
198,15,0.540,1,-0.05,-0.5518527,0
198,16,0.534,1,-0.05,-0.4622894,0
198,17,0.514,1,-0.05,0.9681984,0
198,18,0.491,1,-0.05,0.12346792,0
198,19,0.366,0,1.0,-4.9605436,0
198,20,0.321,1,-0.05,-11.256081,0
198,21,0.299,2,-0.05,-14.982742,0
198,22,0.262,1,-0.05,-13.338722,0
198,23,0.234,1,-0.05,-16.866207,0
198,24,0.204,1,-0.05,-21.754776,0
198,25,0.167,2,-100.0,-19.640697,0
199,0,0.667,0,1.0,-0.45710254,0
199,1,0.677,1,-0.05,-0.40583563,0
199,2,0.661,0,1.0,0.59249556,0
199,3,0.618,0,1.0,1.143885,0
199,4,0.616,2,-0.05,0.829144,0
199,5,0.609,0,1.0,0.15620452,0
199,6,0.608,0,1.0,-0.26458323,0
199,7,0.625,2,-0.05,-0.3172257,0
199,8,0.638,0,1.0,-0.26876545,0
199,9,0.662,0,1.0,-0.59428334,0
199,10,0.699,0,1.0,-0.74718726,0
199,11,0.673,0,1.0,-1.084706,0
199,12,0.657,0,1.0,-0.59561646,0
199,13,0.624,0,1.0,-0.9969625,0
199,14,0.594,0,1.0,-1.6432416,0
199,15,0.591,1,-0.05,-2.2349524,0
199,16,0.570,0,1.0,-0.71287733,0
199,17,0.572,1,-0.05,0.1518479,0
199,18,0.592,0,1.0,0.21542144,0
199,19,0.613,0,1.0,0.57030874,0
199,20,0.649,0,1.0,-0.24781227,0
199,21,0.662,2,-0.05,-0.33921814,0
199,22,0.671,0,1.0,-2.1129856,0
199,23,0.672,1,-0.05,-2.2454975,0
199,24,0.697,0,1.0,-1.6004897,0
199,25,0.683,2,-0.05,-0.46980822,0
199,26,0.695,0,1.0,-2.595656,0
199,27,0.701,0,1.0,-1.9954193,0
199,28,0.708,1,-0.05,-3.2621095,0
199,29,0.693,1,-0.05,-3.0283766,0
199,30,0.662,0,1.0,-3.1698184,0
199,31,0.658,1,-0.05,-5.0477033,0
199,32,0.626,1,-0.05,-4.6870933,0
199,33,0.625,1,-0.05,-4.042322,0
199,34,0.599,1,-0.05,-4.6580744,0
199,35,0.557,2,-0.05,-6.5657196,0
199,36,0.534,1,-0.05,-6.6239166,0
199,37,0.492,1,-0.05,-8.518766,0
199,38,0.470,1,-0.05,-12.275855,0
199,39,0.438,1,-0.05,-16.837923,0
199,40,0.411,1,-0.05,-16.738539,0
199,41,0.331,0,1.0,-14.364404,0
199,42,0.250,1,-0.05,-15.22167,0
199,43,0.224,1,-0.05,-13.678902,0
199,44,0.194,1,-100.0,-10.117367,0
200,0,0.676,1,-0.05,-0.048321366,0
200,1,0.643,0,1.0,0.93516165,0
200,2,0.630,2,-0.05,0.2338221,0
200,3,0.617,0,1.0,0.037113786,0
200,4,0.615,2,-0.05,-0.1303997,0
200,5,0.601,0,1.0,-0.8921828,0
200,6,0.628,0,1.0,-0.5461594,0
200,7,0.650,1,-0.05,-0.5928374,0
200,8,0.654,0,1.0,-0.19818592,0
200,9,0.630,0,1.0,0.23359519,0
200,10,0.624,0,1.0,0.47464865,0
200,11,0.616,0,1.0,0.3079186,0
200,12,0.611,0,1.0,0.05652368,0
200,13,0.610,1,-0.05,-0.11776805,0
200,14,0.582,0,1.0,-0.26536262,0
200,15,0.546,0,1.0,-0.97746634,0
200,16,0.507,0,1.0,-1.4915696,0
200,17,0.510,1,-0.05,-1.8019466,0
200,18,0.496,1,-0.05,-1.6195507,0
200,19,0.437,0,1.0,-0.3180108,0
200,20,0.388,1,-0.05,-1.3346434,0
200,21,0.372,2,-0.05,-3.4014149,0
200,22,0.335,1,-0.05,-2.086874,0
200,23,0.322,1,-0.05,-4.992161,0
200,24,0.296,1,-0.05,-9.039976,0
200,25,0.274,2,-0.05,-14.840288,0
200,26,0.244,1,-0.05,-14.526504,0
200,27,0.211,1,-0.05,-16.958885,0
200,28,0.211,1,-0.05,-22.082397,0
200,29,0.165,1,-100.0,-22.18949,0
201,0,0.654,0,1.0,-0.010758638,0
201,1,0.667,0,1.0,0.10564363,0
201,2,0.667,0,1.0,0.07479191,0
201,3,0.652,0,1.0,0.009811163,0
201,4,0.647,0,1.0,0.033053756,0
201,5,0.646,0,1.0,0.18059462,0
201,6,0.634,0,1.0,0.11743963,0
201,7,0.648,1,-0.05,0.109380245,0
201,8,0.594,0,1.0,0.83787334,0
201,9,0.570,0,1.0,0.34864295,0
201,10,0.533,0,1.0,-0.080201864,0
201,11,0.507,0,1.0,-0.37488508,0
201,12,0.503,2,-0.05,-1.2535055,0
201,13,0.483,0,1.0,-1.3070074,0
201,14,0.486,0,1.0,-1.5563196,0
201,15,0.484,1,-0.05,-1.6953644,0
201,16,0.491,2,-0.05,-1.9522502,0
201,17,0.480,1,-0.05,-1.8353157,0
201,18,0.474,1,-0.05,-2.4056473,0
201,19,0.477,2,-0.05,-2.1590753,0
201,20,0.437,0,1.0,-1.9859616,0
201,21,0.420,0,1.0,-1.913169,0
201,22,0.423,1,-0.05,-2.1343098,0
201,23,0.419,1,-0.05,-2.890349,0
201,24,0.409,2,-0.05,-1.2654543,0
201,25,0.400,1,-0.05,-2.8198984,0
201,26,0.386,1,-0.05,-2.0369277,0
201,27,0.373,1,-0.05,-6.1239347,0
201,28,0.350,1,-0.05,-8.290512,0
201,29,0.320,2,-0.05,-11.729982,0
201,30,0.285,1,-0.05,-9.189855,0
201,31,0.270,1,-0.05,-15.395159,0
201,32,0.235,2,-0.05,-19.50869,0
201,33,0.222,1,-0.05,-20.468733,0
201,34,0.156,1,-100.0,-20.462757,0
202,0,0.654,0,1.0,0.07101083,0
202,1,0.666,2,-0.05,0.21989667,0
202,2,0.671,0,1.0,-0.55684,0
202,3,0.695,0,1.0,-0.8667331,0
202,4,0.688,0,1.0,-1.0025811,0
202,5,0.683,1,-0.05,-1.117852,0
202,6,0.686,0,1.0,-0.3434903,0
202,7,0.682,0,1.0,0.6648109,0
202,8,0.682,1,-0.05,0.786164,0
202,9,0.702,0,1.0,1.5565232,0
202,10,0.696,2,-0.05,1.3485689,0
202,11,0.674,2,-0.05,0.9357679,0
202,12,0.689,0,1.0,0.20282882,0
202,13,0.683,2,-0.05,0.00026524067,0
202,14,0.696,0,1.0,-0.20958042,0
202,15,0.679,1,-0.05,-1.2642279,0
202,16,0.671,0,1.0,-0.19370365,0
202,17,0.659,1,-0.05,-0.09919095,0
202,18,0.680,0,1.0,0.48095614,0
202,19,0.695,0,1.0,0.2274552,0
202,20,0.703,1,-0.05,-0.15096468,0
202,21,0.690,0,1.0,0.097259104,0
202,22,0.665,1,-0.05,-0.04113561,0
202,23,0.618,0,1.0,-0.21724641,0
202,24,0.530,0,1.0,0.26411802,0
202,25,0.509,1,-0.05,-0.8759811,0
202,26,0.491,1,-0.05,0.32981038,0
202,27,0.476,1,-0.05,-1.4932594,0
202,28,0.450,1,-0.05,-4.7068386,0
202,29,0.423,1,-0.05,-9.707547,0
202,30,0.389,1,-0.05,-14.294397,0
202,31,0.375,2,-0.05,-14.437957,0
202,32,0.335,1,-0.05,-16.743908,0
202,33,0.284,1,-0.05,-18.346994,0
202,34,0.273,1,-0.05,-17.869097,0
202,35,0.226,1,-0.05,-16.542362,0
202,36,0.128,0,-100.0,-14.356482,0
203,0,0.668,0,1.0,-0.2578212,0
203,1,0.671,0,1.0,-0.25817192,0
203,2,0.679,0,1.0,-0.20899963,0
203,3,0.648,2,-0.05,0.051990867,0
203,4,0.656,2,-0.05,-0.9370386,0
203,5,0.695,0,1.0,-0.9197099,0
203,6,0.647,0,1.0,-1.7327238,0
203,7,0.637,2,-0.05,-2.5961194,0
203,8,0.606,2,-0.05,-2.5954335,0
203,9,0.593,2,-0.05,-2.832706,0
203,10,0.555,1,-0.05,-3.9447286,0
203,11,0.491,0,1.0,-4.0220537,0
203,12,0.381,0,1.0,-5.3024073,0
203,13,0.353,1,-0.05,-7.068103,0
203,14,0.309,1,-0.05,-9.0171995,0
203,15,0.291,2,-0.05,-6.8001294,0
203,16,0.242,0,1.0,-8.817426,0
203,17,0.196,1,-100.0,-12.030827,0
204,0,0.658,1,-0.05,0.19081926,0
204,1,0.644,0,1.0,0.94776833,0
204,2,0.628,2,-0.05,0.3603701,0
204,3,0.610,0,1.0,0.5651531,0
204,4,0.594,0,1.0,0.10682428,0
204,5,0.594,0,1.0,0.051036,0
204,6,0.582,0,1.0,-0.095220685,0
204,7,0.573,0,1.0,0.14933735,0
204,8,0.553,0,1.0,0.026187181,0
204,9,0.548,0,1.0,0.003340602,0
204,10,0.520,0,1.0,-0.18863213,0
204,11,0.525,0,1.0,-0.5117885,0
204,12,0.506,1,-0.05,-0.81725717,0
204,13,0.522,2,-0.05,-0.6803651,0
204,14,0.518,0,1.0,-1.1009135,0
204,15,0.509,1,-0.05,-1.2468557,0
204,16,0.498,0,1.0,-1.4358745,0
204,17,0.479,0,1.0,-1.8015716,0
204,18,0.465,1,-0.05,-1.7694824,0
204,19,0.416,0,1.0,-2.1981444,0
204,20,0.390,1,-0.05,-2.1347115,0
204,21,0.382,1,-0.05,-2.0805469,0
204,22,0.369,1,-0.05,-2.8148541,0
204,23,0.326,1,-0.05,-6.713544,0
204,24,0.307,1,-0.05,-10.720863,0
204,25,0.288,1,-0.05,-16.243351,0
204,26,0.254,1,-0.05,-19.55707,0
204,27,0.201,1,-0.05,-20.590912,0
204,28,0.190,2,-100.0,-18.60807,0
205,0,0.667,0,1.0,-0.6752468,0
205,1,0.676,2,-0.05,-0.63871133,0
205,2,0.670,2,-0.05,-0.97251004,0
205,3,0.698,0,1.0,-1.4705927,0
205,4,0.676,2,-0.05,-2.1226423,0
205,5,0.657,2,-0.05,-2.1817813,0
205,6,0.635,2,-0.05,-1.8518987,0
205,7,0.613,1,-0.05,-2.950849,0
205,8,0.594,1,-0.05,-3.3772025,0
205,9,0.569,2,-0.05,-3.0127187,0
205,10,0.483,0,1.0,-3.858529,0
205,11,0.441,1,-0.05,-6.097107,0
205,12,0.402,1,-0.05,-6.7862988,0
205,13,0.400,2,-0.05,-5.778014,0
205,14,0.377,1,-0.05,-7.4397507,0
205,15,0.361,1,-0.05,-6.679569,0
205,16,0.339,1,-0.05,-5.504309,0
205,17,0.330,0,1.0,-1.1209396,0
205,18,0.325,0,1.0,0.06262249,0
205,19,0.317,0,1.0,0.18341821,0
205,20,0.311,0,1.0,0.118602455,0
205,21,0.323,0,1.0,-0.06848121,0
205,22,0.314,0,1.0,0.4421559,0
205,23,0.315,0,1.0,0.040437758,0
205,24,0.296,2,-0.05,-0.4210627,0
205,25,0.282,0,1.0,-2.6944337,0
205,26,0.272,2,-0.05,-5.524971,0
205,27,0.254,1,-0.05,-9.082469,0
205,28,0.252,2,-0.05,-3.736643,0
205,29,0.219,1,-0.05,-8.29244,0
205,30,0.232,2,-0.05,-3.805921,0
205,31,0.184,0,-100.0,-9.792308,0
206,0,0.665,0,1.0,-0.3128264,0
206,1,0.666,0,1.0,-0.24000967,0
206,2,0.659,0,1.0,-0.22865045,0
206,3,0.657,0,1.0,-0.04111314,0
206,4,0.664,0,1.0,0.015922904,0
206,5,0.661,0,1.0,0.034889102,0
206,6,0.654,0,1.0,-0.018958926,0
206,7,0.659,0,1.0,0.1322692,0
206,8,0.657,1,-0.05,0.19119513,0
206,9,0.642,0,1.0,0.788875,0
206,10,0.610,0,1.0,0.34253997,0
206,11,0.572,0,1.0,-0.12126136,0
206,12,0.544,0,1.0,-0.90311646,0
206,13,0.509,0,1.0,-1.3990834,0
206,14,0.489,0,1.0,-1.8897315,0
206,15,0.446,0,1.0,-2.0483174,0
206,16,0.448,1,-0.05,-2.1174655,0
206,17,0.437,1,-0.05,-2.9151325,0
206,18,0.425,1,-0.05,-1.58744,0
206,19,0.409,1,-0.05,-2.9443684,0
206,20,0.369,1,-0.05,-6.0626364,0
206,21,0.347,1,-0.05,-12.93466,0
206,22,0.312,1,-0.05,-17.197184,0
206,23,0.278,2,-0.05,-18.513742,0
206,24,0.249,1,-0.05,-19.052773,0
206,25,0.210,1,-0.05,-20.436283,0
206,26,0.189,1,-100.0,-19.742794,0
207,0,0.654,0,1.0,0.13361317,0
207,1,0.666,0,1.0,0.19361001,0
207,2,0.667,0,1.0,0.12523222,0
207,3,0.652,0,1.0,-0.007960796,0
207,4,0.641,0,1.0,0.017635226,0
207,5,0.636,1,-0.05,-0.0034909248,0
207,6,0.623,0,1.0,0.5766091,0
207,7,0.607,1,-0.05,0.27557427,0
207,8,0.584,0,1.0,0.05056411,0
207,9,0.543,1,-0.05,-1.0421151,0
207,10,0.523,1,-0.05,-0.55234444,0
207,11,0.506,1,-0.05,1.3350968,0
207,12,0.478,2,-0.05,0.79084253,0
207,13,0.456,1,-0.05,0.3932562,0
207,14,0.438,1,-0.05,-0.19013453,0
207,15,0.387,1,-0.05,-6.9341326,0
207,16,0.369,1,-0.05,-11.342427,0
207,17,0.340,1,-0.05,-16.719162,0
207,18,0.291,2,-0.05,-17.761314,0
207,19,0.267,1,-0.05,-20.017029,0
207,20,0.239,2,-0.05,-20.275112,0
207,21,0.216,1,-0.05,-21.935144,0
207,22,0.172,1,-100.0,-22.240234,0
208,0,0.654,0,1.0,0.27263767,0
208,1,0.677,1,-0.05,0.3607229,0
208,2,0.652,0,1.0,1.2130127,0
208,3,0.600,0,1.0,0.5454335,0
208,4,0.561,0,1.0,0.14006084,0
208,5,0.557,1,-0.05,-0.183379,0
208,6,0.492,0,1.0,-1.1736838,0
208,7,0.429,0,1.0,-1.3495424,0
208,8,0.406,1,-0.05,-1.4921185,0
208,9,0.375,2,-0.05,-1.084208,0
208,10,0.376,1,-0.05,-1.7904464,0
208,11,0.353,1,-0.05,-1.5285511,0
208,12,0.333,1,-0.05,-4.9676886,0
208,13,0.307,1,-0.05,-7.7468452,0
208,14,0.279,1,-0.05,-13.091549,0
208,15,0.239,1,-0.05,-17.425816,0
208,16,0.208,1,-0.05,-21.917505,0
208,17,0.174,2,-100.0,-21.29306,0
209,0,0.667,0,1.0,-0.382178,0
209,1,0.677,0,1.0,-0.36546803,0
209,2,0.679,0,1.0,-0.08923519,0
209,3,0.665,0,1.0,-0.042324424,0
209,4,0.676,0,1.0,-0.0034674406,0
209,5,0.683,0,1.0,-0.021066666,0
209,6,0.689,0,1.0,0.31315184,0
209,7,0.699,0,1.0,0.34433836,0
209,8,0.692,0,1.0,0.36413074,0
209,9,0.711,0,1.0,0.4486431,0
209,10,0.703,0,1.0,0.14110583,0
209,11,0.700,0,1.0,-0.23247099,0
209,12,0.704,0,1.0,-0.17441988,0
209,13,0.694,0,1.0,-0.5528935,0
209,14,0.699,0,1.0,-0.8757205,0
209,15,0.693,0,1.0,-1.0172755,0
209,16,0.684,1,-0.05,-1.599227,0
209,17,0.707,0,1.0,-1.8123001,0
209,18,0.685,0,1.0,-1.1168,0
209,19,0.665,0,1.0,-2.1020565,0
209,20,0.647,1,-0.05,-0.8716563,0
209,21,0.608,0,1.0,-0.3068995,0
209,22,0.588,2,-0.05,-2.179628,0
209,23,0.564,2,-0.05,-2.8286862,0
209,24,0.566,1,-0.05,-2.724856,0
209,25,0.567,2,-0.05,-3.771306,0
209,26,0.554,1,-0.05,-3.388825,0
209,27,0.565,2,-0.05,-4.755257,0
209,28,0.543,1,-0.05,-3.8409505,0
209,29,0.541,1,-0.05,-5.234787,0
209,30,0.539,2,-0.05,-5.2845063,0
209,31,0.521,2,-0.05,-6.9513535,0
209,32,0.532,1,-0.05,-5.2373986,0
209,33,0.520,2,-0.05,-6.5095863,0
209,34,0.520,1,-0.05,-6.6229997,0
209,35,0.521,1,-0.05,-8.291659,0
209,36,0.510,1,-0.05,-8.855937,0
209,37,0.497,1,-0.05,-9.20873,0
209,38,0.401,0,1.0,-7.5569696,0
209,39,0.368,1,-0.05,-10.173299,0
209,40,0.337,1,-0.05,-12.098138,0
209,41,0.214,0,1.0,-15.062567,0
209,42,0.160,1,-100.0,-21.0914,0
210,0,0.654,0,1.0,0.16143388,0
210,1,0.668,0,1.0,0.27647883,0
210,2,0.664,1,-0.05,0.28573763,0
210,3,0.638,0,1.0,0.93222713,0
210,4,0.613,1,-0.05,0.6838747,0
210,5,0.577,0,1.0,0.3509477,0
210,6,0.518,0,1.0,-1.1187515,0
210,7,0.499,1,-0.05,-1.172655,0
210,8,0.487,1,-0.05,-0.64075863,0
210,9,0.471,1,-0.05,0.87375903,0
210,10,0.440,1,-0.05,-1.5215034,0
210,11,0.406,1,-0.05,-6.3969765,0
210,12,0.376,1,-0.05,-10.587246,0
210,13,0.348,1,-0.05,-15.037611,0
210,14,0.308,1,-0.05,-17.446466,0
210,15,0.286,1,-0.05,-13.921483,0
210,16,0.253,2,-0.05,-13.596764,0
210,17,0.212,1,-0.05,-16.097101,0
210,18,0.190,1,-100.0,-15.30383,0
211,0,0.671,2,-0.05,-0.052645683,0
211,1,0.685,0,1.0,-0.86361617,0
211,2,0.697,0,1.0,-0.72264206,0
211,3,0.668,0,1.0,-0.84613335,0
211,4,0.636,0,1.0,-1.0303657,0
211,5,0.603,0,1.0,-1.0788388,0
211,6,0.589,0,1.0,-1.2318357,0
211,7,0.570,1,-0.05,-1.415375,0
211,8,0.561,0,1.0,0.034706354,0
211,9,0.565,0,1.0,0.8366936,0
211,10,0.572,1,-0.05,1.395799,0
211,11,0.563,1,-0.05,1.9781592,0
211,12,0.608,0,1.0,3.4942632,0
211,13,0.652,0,1.0,3.201216,0
211,14,0.695,0,1.0,2.0111234,0
211,15,0.640,0,1.0,0.6714318,0
211,16,0.548,0,1.0,-0.31210327,0
211,17,0.560,1,-0.05,-0.9768343,0
211,18,0.532,1,-0.05,-0.8926952,0
211,19,0.521,1,-0.05,0.6102186,0
211,20,0.500,2,-0.05,0.17551708,0
211,21,0.419,0,1.0,1.6908867,0
211,22,0.368,1,-0.05,0.13962269,0
211,23,0.346,1,-0.05,-4.6394234,0
211,24,0.317,1,-0.05,-9.381845,0
211,25,0.285,1,-0.05,-14.716815,0
211,26,0.251,1,-0.05,-18.603739,0
211,27,0.202,2,-0.05,-19.223736,0
211,28,0.186,1,-100.0,-22.21844,0
212,0,0.654,0,1.0,-0.16360784,0
212,1,0.667,0,1.0,-0.05146098,0
212,2,0.667,0,1.0,-0.10811877,0
212,3,0.652,0,1.0,-0.20135808,0
212,4,0.647,0,1.0,-0.20713758,0
212,5,0.646,0,1.0,-0.04146129,0
212,6,0.634,0,1.0,-0.037461817,0
212,7,0.640,0,1.0,-0.096247196,0
212,8,0.633,1,-0.05,0.25768864,0
212,9,0.605,0,1.0,0.47621655,0
212,10,0.607,1,-0.05,-0.09647322,0
212,11,0.553,0,1.0,-1.0159864,0
212,12,0.525,1,-0.05,-1.0011228,0
212,13,0.502,2,-0.05,-0.07158911,0
212,14,0.480,1,-0.05,-0.691844,0
212,15,0.472,2,-0.05,0.6370559,0
212,16,0.433,1,-0.05,-1.2800312,0
212,17,0.429,2,-0.05,0.18807745,0
212,18,0.416,1,-0.05,-1.171751,0
212,19,0.388,1,-0.05,-0.62955475,0
212,20,0.367,1,-0.05,-2.7392902,0
212,21,0.333,1,-0.05,-8.748902,0
212,22,0.299,1,-0.05,-12.383465,0
212,23,0.276,1,-0.05,-19.108227,0
212,24,0.243,1,-0.05,-19.288277,0
212,25,0.208,1,-0.05,-17.617157,0
212,26,0.180,2,-100.0,-16.741123,0
213,0,0.667,0,1.0,-0.43276912,0
213,1,0.660,1,-0.05,-0.41345674,0
213,2,0.658,0,1.0,0.67967325,0
213,3,0.627,0,1.0,0.96029526,0
213,4,0.601,0,1.0,0.76505184,0
213,5,0.586,0,1.0,0.45370084,0
213,6,0.552,0,1.0,0.25345874,0
213,7,0.528,0,1.0,0.09439701,0
213,8,0.496,0,1.0,-0.15369785,0
213,9,0.473,0,1.0,-0.3481325,0
213,10,0.459,0,1.0,-0.7816247,0
213,11,0.434,2,-0.05,-1.0529611,0
213,12,0.432,1,-0.05,-1.10515,0
213,13,0.399,0,1.0,-1.6312647,0
213,14,0.347,0,1.0,-1.8675236,0
213,15,0.339,1,-0.05,-2.2339451,0
213,16,0.337,1,-0.05,-3.4324422,0
213,17,0.311,1,-0.05,-4.0127425,0
213,18,0.297,1,-0.05,-6.1809673,0
213,19,0.268,2,-0.05,-10.729275,0
213,20,0.244,1,-0.05,-9.392551,0
213,21,0.227,1,-0.05,-13.392352,0
213,22,0.193,1,-100.0,-17.91042,0
214,0,0.654,0,1.0,0.24512666,0
214,1,0.666,0,1.0,0.25046486,0
214,2,0.651,1,-0.05,0.25645792,0
214,3,0.633,0,1.0,0.7229725,0
214,4,0.607,0,1.0,0.66069376,0
214,5,0.572,0,1.0,0.3769988,0
214,6,0.533,0,1.0,0.048597693,0
214,7,0.516,0,1.0,-0.18158978,0
214,8,0.474,0,1.0,-0.45430362,0
214,9,0.434,0,1.0,-0.6206212,0
214,10,0.409,0,1.0,-1.2264278,0
214,11,0.386,0,1.0,-1.8135326,0
214,12,0.351,2,-0.05,-1.8688948,0
214,13,0.354,1,-0.05,-1.2644863,0
214,14,0.346,1,-0.05,-2.0335138,0
214,15,0.337,2,-0.05,-2.2346523,0
214,16,0.330,1,-0.05,-2.7755594,0
214,17,0.311,1,-0.05,-2.710186,0
214,18,0.294,1,-0.05,-5.16417,0
214,19,0.273,1,-0.05,-6.66479,0
214,20,0.250,2,-0.05,-13.0680065,0
214,21,0.213,1,-0.05,-10.842312,0
214,22,0.145,0,-100.0,-15.498049,0
215,0,0.672,2,-0.05,-0.08375436,0
215,1,0.686,0,1.0,-0.72923726,0
215,2,0.693,0,1.0,-0.4568454,0
215,3,0.689,1,-0.05,-0.5780522,0
215,4,0.671,0,1.0,-0.44983792,0
215,5,0.673,0,1.0,0.15207326,0
215,6,0.679,0,1.0,0.15652692,0
215,7,0.679,0,1.0,0.605577,0
215,8,0.672,0,1.0,0.56545883,0
215,9,0.664,0,1.0,0.62887967,0
215,10,0.670,0,1.0,0.51545054,0
215,11,0.669,2,-0.05,0.4485911,0
215,12,0.659,0,1.0,-0.4766209,0
215,13,0.641,2,-0.05,-0.71897066,0
215,14,0.642,2,-0.05,-1.6775479,0
215,15,0.622,2,-0.05,-2.250328,0
215,16,0.583,2,-0.05,-1.6409432,0
215,17,0.503,0,1.0,-3.350576,0
215,18,0.451,1,-0.05,-6.248289,0
215,19,0.412,1,-0.05,-6.1012707,0
215,20,0.349,0,1.0,-6.066975,0
215,21,0.307,1,-0.05,-8.343245,0
215,22,0.255,0,1.0,-9.2701235,0
215,23,0.223,1,-0.05,-10.637969,0
215,24,0.201,1,-0.05,-8.419666,0
215,25,0.208,2,-0.05,-1.866508,0
215,26,0.207,2,-0.05,-6.041092,0
215,27,0.163,0,-100.0,-11.893681,0
216,0,0.665,0,1.0,-0.15783727,0
216,1,0.666,0,1.0,-0.14684153,0
216,2,0.661,1,-0.05,-0.19450319,0
216,3,0.640,0,1.0,0.41058356,0
216,4,0.591,0,1.0,0.73217803,0
216,5,0.596,2,-0.05,0.2784692,0
216,6,0.600,0,1.0,0.020087004,0
216,7,0.596,1,-0.05,-0.46526217,0
216,8,0.574,0,1.0,0.17458946,0
216,9,0.548,0,1.0,0.092533946,0
216,10,0.515,0,1.0,-0.21521962,0
216,11,0.490,0,1.0,-0.6883259,0
216,12,0.456,0,1.0,-1.0974811,0
216,13,0.419,2,-0.05,-1.7714579,0
216,14,0.446,1,-0.05,-1.4724913,0
216,15,0.439,1,-0.05,-1.8151779,0
216,16,0.428,1,-0.05,-1.1032312,0
216,17,0.408,1,-0.05,-0.07343817,0
216,18,0.372,1,-0.05,-0.10882616,0
216,19,0.354,1,-0.05,-7.2260466,0
216,20,0.326,2,-0.05,-11.295369,0
216,21,0.295,1,-0.05,-10.813308,0
216,22,0.255,1,-0.05,-13.768421,0
216,23,0.242,1,-0.05,-19.938261,0
216,24,0.198,1,-100.0,-21.218359,0
217,0,0.671,2,-0.05,-0.08473778,0
217,1,0.685,0,1.0,-0.8796743,0
217,2,0.697,0,1.0,-0.69435334,0
217,3,0.668,0,1.0,-0.8753603,0
217,4,0.666,1,-0.05,-0.97724086,0
217,5,0.652,0,1.0,-0.35312217,0
217,6,0.656,0,1.0,0.24159807,0
217,7,0.648,0,1.0,0.5048261,0
217,8,0.654,1,-0.05,0.51907563,0
217,9,0.661,0,1.0,1.5732391,0
217,10,0.694,0,1.0,1.5651271,0
217,11,0.686,0,1.0,1.2190635,0
217,12,0.662,0,1.0,0.7091788,0
217,13,0.608,0,1.0,0.32903528,0
217,14,0.616,1,-0.05,-0.26110196,0
217,15,0.605,1,-0.05,-1.1071665,0
217,16,0.601,1,-0.05,-0.10667524,0
217,17,0.570,2,-0.05,1.3469186,0
217,18,0.561,1,-0.05,-0.08090171,0
217,19,0.548,1,-0.05,0.90263546,0
217,20,0.517,1,-0.05,2.303276,0
217,21,0.486,1,-0.05,-2.9215393,0
217,22,0.435,1,-0.05,-5.923521,0
217,23,0.424,1,-0.05,-13.181456,0
217,24,0.395,1,-0.05,-12.637173,0
217,25,0.347,1,-0.05,-10.338614,0
217,26,0.313,1,-0.05,-11.702298,0
217,27,0.290,1,-0.05,-11.892248,0
217,28,0.273,1,-0.05,-12.543211,0
217,29,0.264,2,-0.05,-7.7169647,0
217,30,0.185,0,-100.0,-13.364912,0
218,0,0.666,0,1.0,-0.38776338,0
218,1,0.667,0,1.0,-0.3894508,0
218,2,0.669,0,1.0,-0.4446572,0
218,3,0.661,1,-0.05,-0.25494456,0
218,4,0.643,0,1.0,0.4660849,0
218,5,0.624,0,1.0,0.366444,0
218,6,0.582,0,1.0,0.06903744,0
218,7,0.535,0,1.0,-0.18184197,0
218,8,0.514,0,1.0,-0.40005243,0
218,9,0.493,1,-0.05,-0.57489836,0
218,10,0.501,1,-0.05,-1.6087604,0
218,11,0.466,1,-0.05,0.10360873,0
218,12,0.451,1,-0.05,1.119725,0
218,13,0.347,0,1.0,0.4593649,0
218,14,0.299,1,-0.05,-8.006975,0
218,15,0.260,1,-0.05,-12.510861,0
218,16,0.235,1,-0.05,-17.481983,0
218,17,0.195,1,-100.0,-22.439224,0
219,0,0.654,0,1.0,-0.11981189,0
219,1,0.668,0,1.0,-0.008013368,0
219,2,0.667,0,1.0,-0.087415814,0
219,3,0.648,0,1.0,-0.16412199,0
219,4,0.639,0,1.0,-0.27075243,0
219,5,0.633,0,1.0,-0.3119769,0
219,6,0.635,0,1.0,-0.17343163,0
219,7,0.642,0,1.0,-0.2580793,0
219,8,0.621,2,-0.05,0.011226773,0
219,9,0.647,0,1.0,-0.36447752,0
219,10,0.664,0,1.0,-0.09828174,0
219,11,0.698,0,1.0,-0.4638362,0
219,12,0.698,0,1.0,-0.9528813,0
219,13,0.669,0,1.0,-0.8439742,0
219,14,0.643,0,1.0,-1.2613369,0
219,15,0.623,0,1.0,-1.7684126,0
219,16,0.611,1,-0.05,-2.0036278,0
219,17,0.602,1,-0.05,-1.3035597,0
219,18,0.619,2,-0.05,-0.43880713,0
219,19,0.618,0,1.0,-1.706083,0
219,20,0.614,2,-0.05,-1.8791226,0
219,21,0.609,1,-0.05,-2.1051812,0
219,22,0.593,2,-0.05,-2.114999,0
219,23,0.603,1,-0.05,-2.3989363,0
219,24,0.590,1,-0.05,-2.2117457,0
219,25,0.615,0,1.0,-0.81529176,0
219,26,0.630,2,-0.05,-0.9896287,0
219,27,0.628,0,1.0,-1.5736942,0
219,28,0.638,1,-0.05,-2.6051383,0
219,29,0.650,0,1.0,-1.4303241,0
219,30,0.678,1,-0.05,-1.2821009,0
219,31,0.688,1,-0.05,-2.137096,0
219,32,0.698,1,-0.05,-2.295823,0
219,33,0.700,1,-0.05,-0.93003154,0
219,34,0.678,1,-0.05,-2.0982547,0
219,35,0.590,0,1.0,-4.021577,0
219,36,0.536,1,-0.05,-7.8461733,0
219,37,0.505,1,-0.05,-11.11122,0
219,38,0.461,1,-0.05,-16.386543,0
219,39,0.433,1,-0.05,-17.5418,0
219,40,0.398,2,-0.05,-15.50626,0
219,41,0.375,1,-0.05,-19.635576,0
219,42,0.329,1,-0.05,-17.499279,0
219,43,0.303,1,-0.05,-16.319857,0
219,44,0.284,1,-0.05,-13.622791,0
219,45,0.264,2,-0.05,-9.101801,0
219,46,0.221,1,-0.05,-12.858304,0
219,47,0.197,1,-100.0,-10.1429825,0
220,0,0.655,2,-0.05,-0.41084743,0
220,1,0.685,0,1.0,-1.0348097,0
220,2,0.695,0,1.0,-0.78418857,0
220,3,0.677,0,1.0,-1.0454147,0
220,4,0.648,2,-0.05,-1.2552912,0
220,5,0.648,0,1.0,-2.8752937,0
220,6,0.604,2,-0.05,-2.8551772,0
220,7,0.602,2,-0.05,-2.8951812,0
220,8,0.536,0,1.0,-3.525602,0
220,9,0.471,1,-0.05,-5.208539,0
220,10,0.451,1,-0.05,-6.3104587,0
220,11,0.424,1,-0.05,-5.141286,0
220,12,0.409,0,1.0,-5.0147376,0
220,13,0.372,1,-0.05,-4.045892,0
220,14,0.379,1,-0.05,-2.2789397,0
220,15,0.391,0,1.0,1.4555663,0
220,16,0.402,2,-0.05,3.1103868,0
220,17,0.399,0,1.0,1.3509359,0
220,18,0.378,0,1.0,-0.32745457,0
220,19,0.372,1,-0.05,-0.7278094,0
220,20,0.376,0,1.0,1.6872416,0
220,21,0.397,2,-0.05,2.4152317,0
220,22,0.397,0,1.0,0.8179892,0
220,23,0.384,0,1.0,-0.8498131,0
220,24,0.357,0,1.0,-1.5667096,0
220,25,0.366,2,-0.05,-1.1893164,0
220,26,0.358,1,-0.05,-3.0193279,0
220,27,0.366,0,1.0,-1.585885,0
220,28,0.364,0,1.0,-0.1090492,0
220,29,0.362,0,1.0,-0.7554419,0
220,30,0.381,0,1.0,-1.5362741,0
220,31,0.379,0,1.0,-1.658395,0
220,32,0.376,2,-0.05,-1.6228535,0
220,33,0.374,2,-0.05,-2.80438,0
220,34,0.356,1,-0.05,-3.593384,0
220,35,0.353,1,-0.05,-3.34475,0
220,36,0.363,2,-0.05,-2.945723,0
220,37,0.344,1,-0.05,-3.0129864,0
220,38,0.356,1,-0.05,-1.3198764,0
220,39,0.385,0,1.0,2.0809662,0
220,40,0.405,1,-0.05,-2.4109337,0
220,41,0.422,1,-0.05,-1.9258208,0
220,42,0.440,1,-0.05,0.3806224,0
220,43,0.484,2,-0.05,0.9985932,0
220,44,0.523,1,-0.05,-0.04312682,0
220,45,0.561,1,-0.05,0.6140659,0
220,46,0.599,1,-0.05,0.42524052,0
220,47,0.615,1,-0.05,-2.274466,0
220,48,0.659,1,-0.05,-7.4534044,0
220,49,0.683,1,-0.05,-10.687202,0
220,50,0.712,1,-0.05,-10.285944,0
220,51,0.733,1,-0.05,-9.671272,0
220,52,0.707,1,-0.05,-6.3383904,0
220,53,0.690,1,-0.05,-2.234346,0
220,54,0.669,2,-0.05,0.8474797,0
220,55,0.638,2,-0.05,-1.6056092,0
220,56,0.565,0,1.0,-6.256702,0
220,57,0.512,2,-0.05,-10.059457,0
220,58,0.476,1,-0.05,-12.626572,0
220,59,0.458,1,-0.05,-11.541121,0
220,60,0.425,1,-0.05,-7.5242043,0
220,61,0.411,2,-0.05,-0.66944504,0
220,62,0.389,1,-0.05,-6.551317,0
220,63,0.375,2,-0.05,-2.925367,0
220,64,0.343,1,-0.05,-6.4059176,0
220,65,0.302,0,1.0,-3.1350744,0
220,66,0.262,0,1.0,-2.3666196,0
220,67,0.208,2,-0.05,-5.08206,0
220,68,0.153,0,-100.0,-11.472447,0
221,0,0.666,0,1.0,-0.50941527,0
221,1,0.667,0,1.0,-0.48197067,0
221,2,0.669,0,1.0,-0.5081562,0
221,3,0.667,0,1.0,-0.3229562,0
221,4,0.665,0,1.0,-0.4282304,0
221,5,0.654,0,1.0,-0.44694722,0
221,6,0.662,0,1.0,-0.5988705,0
221,7,0.659,0,1.0,-0.55691576,0
221,8,0.665,1,-0.05,-0.335559,0
221,9,0.657,0,1.0,0.17297304,0
221,10,0.606,0,1.0,0.45237398,0
221,11,0.590,0,1.0,-0.22376502,0
221,12,0.564,0,1.0,-0.70346844,0
221,13,0.524,2,-0.05,-1.2069057,0
221,14,0.537,0,1.0,-1.6756648,0
221,15,0.553,1,-0.05,-1.6866606,0
221,16,0.550,1,-0.05,-1.9763732,0
221,17,0.503,0,1.0,-1.8077593,0
221,18,0.437,0,1.0,-2.223475,0
221,19,0.426,1,-0.05,-2.177033,0
221,20,0.401,1,-0.05,-1.3853772,0
221,21,0.400,1,-0.05,-2.7430344,0
221,22,0.365,1,-0.05,-5.19312,0
221,23,0.321,1,-0.05,-10.76178,0
221,24,0.290,1,-0.05,-17.565166,0
221,25,0.272,1,-0.05,-19.082596,0
221,26,0.231,1,-0.05,-17.988882,0
221,27,0.209,1,-0.05,-19.222769,0
221,28,0.181,1,-100.0,-18.93039,0
222,0,0.677,1,-0.05,-0.43350315,0
222,1,0.668,2,-0.05,0.45075464,0
222,2,0.653,0,1.0,-0.19972861,0
222,3,0.657,2,-0.05,-0.5388433,0
222,4,0.666,0,1.0,-0.8909216,0
222,5,0.695,1,-0.05,-0.8673119,0
222,6,0.692,2,-0.05,-0.7690066,0
222,7,0.674,0,1.0,-0.8347992,0
222,8,0.657,1,-0.05,-1.9920253,0
222,9,0.656,1,-0.05,-1.1727582,0
222,10,0.672,0,1.0,0.56093025,0
222,11,0.671,0,1.0,0.99745363,0
222,12,0.692,0,1.0,1.1955023,0
222,13,0.682,2,-0.05,1.0238268,0
222,14,0.699,1,-0.05,0.33892697,0
222,15,0.686,0,1.0,1.0959702,0
222,16,0.648,0,1.0,0.886029,0
222,17,0.605,0,1.0,0.11795288,0
222,18,0.579,0,1.0,-0.3680761,0
222,19,0.540,0,1.0,-1.1327192,0
222,20,0.509,0,1.0,-1.5986863,0
222,21,0.475,0,1.0,-1.4934387,0
222,22,0.433,0,1.0,-1.949762,0
222,23,0.436,1,-0.05,-3.0033007,0
222,24,0.427,1,-0.05,-2.2179053,0
222,25,0.408,1,-0.05,-0.07081699,0
222,26,0.373,1,-0.05,-2.7706218,0
222,27,0.348,1,-0.05,-7.5916824,0
222,28,0.315,1,-0.05,-16.953705,0
222,29,0.271,1,-0.05,-18.029871,0
222,30,0.250,1,-0.05,-18.934141,0
222,31,0.223,1,-0.05,-21.252535,0
222,32,0.177,1,-100.0,-20.698757,0
223,0,0.661,0,1.0,-0.43435216,0
223,1,0.660,0,1.0,-0.27678955,0
223,2,0.651,0,1.0,-0.34650636,0
223,3,0.655,0,1.0,-0.32781267,0
223,4,0.635,0,1.0,-0.42306554,0
223,5,0.630,2,-0.05,-0.3290316,0
223,6,0.644,1,-0.05,-0.8842132,0
223,7,0.637,0,1.0,-0.12935328,0
223,8,0.602,0,1.0,0.23437518,0
223,9,0.592,0,1.0,0.087118626,0
223,10,0.549,0,1.0,-0.22974855,0
223,11,0.545,0,1.0,-0.7467426,0
223,12,0.530,0,1.0,-1.0223151,0
223,13,0.509,0,1.0,-1.5218502,0
223,14,0.487,0,1.0,-2.0005333,0
223,15,0.489,1,-0.05,-2.3238678,0
223,16,0.467,0,1.0,-2.011691,0
223,17,0.429,2,-0.05,-2.9147122,0
223,18,0.432,1,-0.05,-1.78424,0
223,19,0.408,2,-0.05,-2.2221458,0
223,20,0.405,1,-0.05,-2.81391,0
223,21,0.403,1,-0.05,-2.437633,0
223,22,0.384,1,-0.05,-0.29511786,0
223,23,0.363,1,-0.05,-3.6101322,0
223,24,0.317,2,-0.05,-8.388604,0
223,25,0.324,1,-0.05,-9.3731985,0
223,26,0.196,0,-100.0,-11.325237,0
224,0,0.655,0,1.0,-0.498101,0
224,1,0.665,0,1.0,-0.51518595,0
224,2,0.665,0,1.0,-0.48852837,0
224,3,0.649,0,1.0,-0.23763824,0
224,4,0.649,2,-0.05,-0.2885748,0
224,5,0.661,2,-0.05,-0.7440444,0
224,6,0.701,0,1.0,-1.8458116,0
224,7,0.670,2,-0.05,-2.1849332,0
224,8,0.639,1,-0.05,-1.5654474,0
224,9,0.655,2,-0.05,-2.5630333,0
224,10,0.646,2,-0.05,-2.383549,0
224,11,0.618,2,-0.05,-1.8879153,0
224,12,0.573,2,-0.05,-3.3270063,0
224,13,0.544,1,-0.05,-4.694121,0
224,14,0.523,1,-0.05,-4.6400948,0
224,15,0.505,1,-0.05,-4.673782,0
224,16,0.469,2,-0.05,-4.7335825,0
224,17,0.391,0,1.0,-5.61421,0
224,18,0.360,1,-0.05,-7.9826417,0
224,19,0.319,1,-0.05,-8.761489,0
224,20,0.314,2,-0.05,-7.7849627,0
224,21,0.242,0,1.0,-11.086128,0
224,22,0.130,0,-100.0,-11.373337,0
225,0,0.666,0,1.0,-0.33877754,0
225,1,0.667,0,1.0,-0.28757954,0
225,2,0.667,0,1.0,-0.38681078,0
225,3,0.667,0,1.0,-0.16091108,0
225,4,0.659,0,1.0,-0.18808067,0
225,5,0.676,0,1.0,-0.17309928,0
225,6,0.663,0,1.0,-0.120515466,0
225,7,0.664,0,1.0,-0.023180723,0
225,8,0.651,0,1.0,0.082971215,0
225,9,0.663,0,1.0,-0.14514911,0
225,10,0.649,0,1.0,0.18044776,0
225,11,0.667,0,1.0,-0.3905896,0
225,12,0.655,1,-0.05,-0.77399206,0
225,13,0.629,0,1.0,-0.5656748,0
225,14,0.628,2,-0.05,-0.63171756,0
225,15,0.630,0,1.0,-1.4846565,0
225,16,0.619,1,-0.05,-1.3566253,0
225,17,0.595,0,1.0,-1.5730704,0
225,18,0.570,0,1.0,-1.0952446,0
225,19,0.537,0,1.0,-1.7831455,0
225,20,0.547,1,-0.05,-2.777093,0
225,21,0.507,0,1.0,-1.66269,0
225,22,0.488,1,-0.05,-0.84053206,0
225,23,0.431,0,1.0,-1.7832949,0
225,24,0.393,1,-0.05,-3.077395,0
225,25,0.368,1,-0.05,-7.2645426,0
225,26,0.345,1,-0.05,-11.890482,0
225,27,0.224,0,1.0,-15.259815,0
225,28,0.175,1,-100.0,-21.025871,0
226,0,0.654,0,1.0,-0.25021148,0
226,1,0.668,0,1.0,-0.13470984,0
226,2,0.667,0,1.0,-0.23092806,0
226,3,0.647,0,1.0,-0.27111065,0
226,4,0.633,2,-0.05,-0.2812159,0
226,5,0.654,0,1.0,-0.558243,0
226,6,0.694,0,1.0,-0.8292141,0
226,7,0.701,1,-0.05,-1.0518417,0
226,8,0.700,0,1.0,-0.3696947,0
226,9,0.701,0,1.0,0.16644847,0
226,10,0.688,0,1.0,0.3922063,0
226,11,0.679,0,1.0,0.056328714,0
226,12,0.680,0,1.0,-0.46681643,0
226,13,0.676,0,1.0,-1.0688584,0
226,14,0.680,1,-0.05,-1.0336475,0
226,15,0.646,0,1.0,-0.83357894,0
226,16,0.593,0,1.0,-0.70798934,0
226,17,0.574,0,1.0,-1.2545257,0
226,18,0.549,1,-0.05,-1.9823006,0
226,19,0.557,1,-0.05,-0.8530818,0
226,20,0.528,1,-0.05,1.0582974,0
226,21,0.521,1,-0.05,0.6397939,0
226,22,0.414,0,1.0,-1.8063035,0
226,23,0.362,1,-0.05,-7.8242035,0
226,24,0.332,1,-0.05,-16.817924,0
226,25,0.288,1,-0.05,-17.24109,0
226,26,0.256,1,-0.05,-18.3298,0
226,27,0.165,0,-100.0,-20.837759,0
227,0,0.655,0,1.0,-0.6697701,0
227,1,0.665,1,-0.05,-0.70236707,0
227,2,0.672,1,-0.05,0.46068984,0
227,3,0.630,0,1.0,0.67890334,0
227,4,0.582,0,1.0,-0.0032688975,0
227,5,0.503,0,1.0,-0.9404806,0
227,6,0.486,1,-0.05,-1.573257,0
227,7,0.479,1,-0.05,-1.0268362,0
227,8,0.470,1,-0.05,1.282656,0
227,9,0.435,1,-0.05,0.6487975,0
227,10,0.397,1,-0.05,-5.127594,0
227,11,0.364,2,-0.05,-11.016869,0
227,12,0.332,1,-0.05,-10.029811,0
227,13,0.301,1,-0.05,-12.734525,0
227,14,0.271,1,-0.05,-19.914528,0
227,15,0.249,1,-0.05,-20.860014,0
227,16,0.200,1,-100.0,-18.292675,0
228,0,0.654,0,1.0,-0.5220895,0
228,1,0.666,0,1.0,-0.43504548,0
228,2,0.646,0,1.0,-0.3887496,0
228,3,0.653,2,-0.05,-0.44670784,0
228,4,0.658,0,1.0,-1.0879097,0
228,5,0.670,1,-0.05,-1.1269091,0
228,6,0.672,0,1.0,-0.66619635,0
228,7,0.684,0,1.0,-0.40849686,0
228,8,0.671,0,1.0,-0.18533766,0
228,9,0.669,0,1.0,-0.22228527,0
228,10,0.667,2,-0.05,-0.33001804,0
228,11,0.678,0,1.0,-0.39405727,0
228,12,0.686,2,-0.05,-0.34764326,0
228,13,0.698,2,-0.05,-1.4213412,0
228,14,0.694,2,-0.05,-2.218729,0
228,15,0.699,2,-0.05,-0.86389345,0
228,16,0.652,2,-0.05,-1.4969008,0
228,17,0.638,1,-0.05,-3.4082656,0
228,18,0.590,1,-0.05,-2.6229339,0
228,19,0.578,2,-0.05,-2.3977556,0
228,20,0.566,1,-0.05,-3.185309,0
228,21,0.524,1,-0.05,-3.486411,0
228,22,0.502,1,-0.05,-3.6395802,0
228,23,0.484,1,-0.05,-4.2682533,0
228,24,0.487,1,-0.05,-1.4989158,0
228,25,0.492,0,1.0,0.5304257,0
228,26,0.493,1,-0.05,1.0482546,0
228,27,0.534,0,1.0,2.5633016,0
228,28,0.577,0,1.0,2.4368072,0
228,29,0.601,0,1.0,1.2271625,0
228,30,0.667,0,1.0,0.9597043,0
228,31,0.674,1,-0.05,-0.16748446,0
228,32,0.708,0,1.0,0.18826187,0
228,33,0.656,1,-0.05,1.6763582,0
228,34,0.634,2,-0.05,0.8218914,0
228,35,0.608,0,1.0,1.1261287,0
228,36,0.583,1,-0.05,0.042605847,0
228,37,0.500,0,1.0,-1.0458059,0
228,38,0.465,1,-0.05,-1.3784866,0
228,39,0.448,1,-0.05,-2.9829779,0
228,40,0.423,1,-0.05,-9.66481,0
228,41,0.391,1,-0.05,-12.184593,0
228,42,0.364,2,-0.05,-14.231377,0
228,43,0.327,2,-0.05,-17.513002,0
228,44,0.292,1,-0.05,-16.285133,0
228,45,0.258,1,-0.05,-18.117382,0
228,46,0.233,1,-0.05,-20.387394,0
228,47,0.194,1,-100.0,-23.728981,0
229,0,0.654,0,1.0,-0.39988756,0
229,1,0.667,0,1.0,-0.33984113,0
229,2,0.667,0,1.0,-0.3872975,0
229,3,0.663,1,-0.05,-0.43431878,0
229,4,0.631,0,1.0,0.74476874,0
229,5,0.605,0,1.0,0.12501109,0
229,6,0.558,0,1.0,-0.06858349,0
229,7,0.506,0,1.0,-0.27890372,0
229,8,0.477,0,1.0,-0.5964161,0
229,9,0.431,0,1.0,-0.9270421,0
229,10,0.407,0,1.0,-1.6762879,0
229,11,0.380,1,-0.05,-1.8947791,0
229,12,0.365,1,-0.05,-1.807973,0
229,13,0.361,1,-0.05,-0.85082436,0
229,14,0.257,0,1.0,-2.2403498,0
229,15,0.211,1,-0.05,-9.361053,0
229,16,0.192,1,-100.0,-17.250927,0
230,0,0.654,0,1.0,-0.3599453,0
230,1,0.666,0,1.0,-0.22819972,0
230,2,0.667,0,1.0,-0.15599024,0
230,3,0.647,0,1.0,-0.27757204,0
230,4,0.639,0,1.0,-0.3246187,0
230,5,0.633,0,1.0,-0.24674964,0
230,6,0.640,0,1.0,-0.12113476,0
230,7,0.642,0,1.0,-0.2356441,0
230,8,0.620,0,1.0,0.21093184,0
230,9,0.620,0,1.0,-0.054967105,0
230,10,0.617,0,1.0,-0.5776633,0
230,11,0.607,0,1.0,-0.8930601,0
230,12,0.590,1,-0.05,-0.91388106,0
230,13,0.581,0,1.0,-0.69292426,0
230,14,0.557,0,1.0,-1.0289727,0
230,15,0.520,0,1.0,-0.98806417,0
230,16,0.490,0,1.0,-1.5016173,0
230,17,0.470,0,1.0,-2.4864686,0
230,18,0.450,1,-0.05,-2.5432868,0
230,19,0.436,2,-0.05,-1.9842073,0
230,20,0.414,0,1.0,-2.5022135,0
230,21,0.421,1,-0.05,-2.065021,0
230,22,0.409,1,-0.05,-2.2390747,0
230,23,0.405,1,-0.05,-2.9834735,0
230,24,0.381,2,-0.05,-6.773983,0
230,25,0.357,1,-0.05,-6.3985353,0
230,26,0.349,1,-0.05,-7.18486,0
230,27,0.305,1,-0.05,-11.42873,0
230,28,0.282,1,-0.05,-16.911095,0
230,29,0.258,1,-0.05,-20.045021,0
230,30,0.162,0,-100.0,-20.358545,0
231,0,0.655,0,1.0,-0.57088625,0
231,1,0.668,1,-0.05,-0.5988251,0
231,2,0.661,2,-0.05,0.17741811,0
231,3,0.661,0,1.0,-1.1077198,0
231,4,0.672,0,1.0,-0.9904338,0
231,5,0.677,2,-0.05,-0.934685,0
231,6,0.690,1,-0.05,-1.1102192,0
231,7,0.693,1,-0.05,-0.6354865,0
231,8,0.658,0,1.0,0.6312742,0
231,9,0.633,0,1.0,0.6730659,0
231,10,0.605,0,1.0,0.37137705,0
231,11,0.586,0,1.0,0.11142057,0
231,12,0.560,0,1.0,-0.06279957,0
231,13,0.518,0,1.0,-0.5230011,0
231,14,0.479,0,1.0,-1.1065724,0
231,15,0.442,0,1.0,-1.6012284,0
231,16,0.440,1,-0.05,-1.9290045,0
231,17,0.436,1,-0.05,-2.403965,0
231,18,0.408,2,-0.05,-0.9004395,0
231,19,0.399,1,-0.05,-2.0534608,0
231,20,0.392,1,-0.05,-0.77601814,0
231,21,0.369,1,-0.05,-0.21021986,0
231,22,0.344,1,-0.05,-4.142663,0
231,23,0.324,1,-0.05,-8.902811,0
231,24,0.294,1,-0.05,-13.506254,0
231,25,0.248,1,-0.05,-20.13546,0
231,26,0.221,1,-0.05,-20.146416,0
231,27,0.132,0,-100.0,-17.509178,0
232,0,0.668,0,1.0,-0.57613933,0
232,1,0.671,0,1.0,-0.5462192,0
232,2,0.679,0,1.0,-0.5939274,0
232,3,0.677,0,1.0,-0.36362708,0
232,4,0.654,2,-0.05,-0.47259772,0
232,5,0.696,0,1.0,-1.1251906,0
232,6,0.692,0,1.0,-1.0578636,0
232,7,0.684,1,-0.05,-1.1493934,0
232,8,0.674,0,1.0,-0.38603556,0
232,9,0.669,1,-0.05,0.2324872,0
232,10,0.676,0,1.0,1.0217042,0
232,11,0.712,0,1.0,1.1910964,0
232,12,0.670,0,1.0,0.6095595,0
232,13,0.637,0,1.0,0.03477168,0
232,14,0.623,0,1.0,-0.49766934,0
232,15,0.598,0,1.0,-1.0380198,0
232,16,0.577,0,1.0,-1.5412452,0
232,17,0.538,0,1.0,-1.4633092,0
232,18,0.522,0,1.0,-2.0250292,0
232,19,0.502,1,-0.05,-2.786809,0
232,20,0.491,2,-0.05,-1.9299724,0
232,21,0.487,1,-0.05,-2.430088,0
232,22,0.474,2,-0.05,-1.6557611,0
232,23,0.459,0,1.0,-2.054444,0
232,24,0.449,1,-0.05,-1.8331648,0
232,25,0.442,1,-0.05,-1.8064351,0
232,26,0.443,1,-0.05,-2.3816085,0
232,27,0.359,0,1.0,-4.4669476,0
232,28,0.321,1,-0.05,-8.82844,0
232,29,0.300,1,-0.05,-15.234061,0
232,30,0.272,1,-0.05,-17.67651,0
232,31,0.228,1,-0.05,-18.516756,0
232,32,0.201,1,-0.05,-23.214428,0
232,33,0.176,1,-100.0,-25.006794,0
233,0,0.677,1,-0.05,-0.2773627,0
233,1,0.650,0,1.0,0.53548455,0
233,2,0.610,0,1.0,0.5131109,0
233,3,0.565,0,1.0,0.19985592,0
233,4,0.546,0,1.0,-0.15406579,0
233,5,0.508,0,1.0,-0.37613416,0
233,6,0.463,0,1.0,-0.68555975,0
233,7,0.448,1,-0.05,-0.9992503,0
233,8,0.445,1,-0.05,-2.157837,0
233,9,0.425,1,-0.05,-0.86300015,0
233,10,0.405,1,-0.05,0.5361881,0
233,11,0.373,1,-0.05,-0.9397192,0
233,12,0.350,1,-0.05,-7.1613693,0
233,13,0.314,1,-0.05,-12.322666,0
233,14,0.278,2,-0.05,-18.430294,0
233,15,0.246,2,-0.05,-17.478292,0
233,16,0.221,1,-0.05,-15.794168,0
233,17,0.193,2,-100.0,-20.05886,0
234,0,0.659,0,1.0,-0.77797246,0
234,1,0.682,0,1.0,-0.7659639,0
234,2,0.684,0,1.0,-0.42198908,0
234,3,0.683,0,1.0,-0.38949704,0
234,4,0.672,0,1.0,-0.40196645,0
234,5,0.681,2,-0.05,-0.36341047,0
234,6,0.700,0,1.0,-0.4530002,0
234,7,0.662,0,1.0,-0.8525328,0
234,8,0.648,0,1.0,-0.9479222,0
234,9,0.626,1,-0.05,-1.1546828,0
234,10,0.624,0,1.0,-0.11206627,0
234,11,0.622,0,1.0,0.4617548,0
234,12,0.606,0,1.0,0.32346708,0
234,13,0.617,1,-0.05,0.01766473,0
234,14,0.614,1,-0.05,0.63172734,0
234,15,0.627,2,-0.05,1.9845619,0
234,16,0.643,0,1.0,0.87055576,0
234,17,0.646,2,-0.05,-0.26773447,0
234,18,0.645,1,-0.05,-0.72598886,0
234,19,0.647,2,-0.05,-0.9412966,0
234,20,0.650,0,1.0,-1.1103296,0
234,21,0.629,1,-0.05,-1.3812218,0
234,22,0.628,1,-0.05,-0.8287873,0
234,23,0.640,1,-0.05,-0.07591951,0
234,24,0.675,0,1.0,1.0596175,0
234,25,0.649,0,1.0,1.1870215,0
234,26,0.621,0,1.0,0.4213978,0
234,27,0.540,0,1.0,0.10002166,0
234,28,0.515,1,-0.05,0.09311569,0
234,29,0.504,1,-0.05,-0.98363626,0
234,30,0.496,1,-0.05,-1.6178613,0
234,31,0.449,1,-0.05,-2.6217475,0
234,32,0.446,2,-0.05,-7.6274385,0
234,33,0.416,1,-0.05,-7.2403393,0
234,34,0.392,1,-0.05,-10.6194935,0
234,35,0.376,1,-0.05,-11.367003,0
234,36,0.332,1,-0.05,-13.1288595,0
234,37,0.298,1,-0.05,-16.91529,0
234,38,0.270,1,-0.05,-19.587212,0
234,39,0.246,1,-0.05,-19.574636,0
234,40,0.218,1,-0.05,-16.050945,0
234,41,0.185,1,-100.0,-15.026295,0
235,0,0.667,0,1.0,-0.34808087,0
235,1,0.651,0,1.0,-0.2308377,0
235,2,0.650,0,1.0,-0.32100677,0
235,3,0.648,0,1.0,-0.33449697,0
235,4,0.637,0,1.0,-0.45970786,0
235,5,0.635,0,1.0,-0.52342427,0
235,6,0.632,0,1.0,-0.44639397,0
235,7,0.637,2,-0.05,-0.48427022,0
235,8,0.651,0,1.0,-0.5505153,0
235,9,0.660,0,1.0,-0.028564453,0
235,10,0.674,0,1.0,-0.2974044,0
235,11,0.692,2,-0.05,-0.5788935,0
235,12,0.708,1,-0.05,-1.4454399,0
235,13,0.678,0,1.0,-0.7571076,0
235,14,0.695,1,-0.05,-0.83663,0
235,15,0.708,0,1.0,-0.69381976,0
235,16,0.700,0,1.0,-0.67589295,0
235,17,0.680,0,1.0,-0.9749445,0
235,18,0.673,2,-0.05,-1.3985015,0
235,19,0.685,0,1.0,-1.5330973,0
235,20,0.687,1,-0.05,-1.6760386,0
235,21,0.688,1,-0.05,-1.7062968,0
235,22,0.652,0,1.0,-0.9141588,0
235,23,0.609,0,1.0,-1.3975507,0
235,24,0.560,0,1.0,-1.1513407,0
235,25,0.545,1,-0.05,-1.0744504,0
235,26,0.532,1,-0.05,-1.2953216,0
235,27,0.511,1,-0.05,-0.48678946,0
235,28,0.491,1,-0.05,-3.5807137,0
235,29,0.356,0,1.0,-8.127313,0
235,30,0.315,1,-0.05,-13.806914,0
235,31,0.288,1,-0.05,-15.229833,0
235,32,0.245,2,-0.05,-19.679043,0
235,33,0.214,2,-0.05,-18.762691,0
235,34,0.199,1,-100.0,-20.681377,0
236,0,0.654,0,1.0,-0.5921804,0
236,1,0.667,0,1.0,-0.5165396,0
236,2,0.667,0,1.0,-0.5425217,0
236,3,0.651,2,-0.05,-0.58446956,0
236,4,0.653,1,-0.05,-0.91408145,0
236,5,0.644,0,1.0,-0.5093155,0
236,6,0.639,0,1.0,0.17913175,0
236,7,0.614,0,1.0,0.11252916,0
236,8,0.594,0,1.0,-0.033977628,0
236,9,0.580,0,1.0,-0.15732443,0
236,10,0.574,1,-0.05,-0.53317046,0
236,11,0.579,1,-0.05,-0.4303794,0
236,12,0.545,1,-0.05,-1.1202867,0
236,13,0.478,0,1.0,0.41679162,0
236,14,0.443,2,-0.05,1.2773194,0
236,15,0.428,1,-0.05,0.43166184,0
236,16,0.408,1,-0.05,0.1066761,0
236,17,0.322,0,1.0,-1.6946497,0
236,18,0.240,1,-0.05,-7.8766346,0
236,19,0.211,2,-0.05,-13.203337,0
236,20,0.200,1,-100.0,-15.250382,0
237,0,0.663,0,1.0,-0.42173767,0
237,1,0.653,1,-0.05,-0.34721136,0
237,2,0.638,0,1.0,0.3589943,0
237,3,0.605,0,1.0,0.4161201,0
237,4,0.575,0,1.0,0.040465117,0
237,5,0.546,2,-0.05,-0.25799233,0
237,6,0.552,0,1.0,-0.6654875,0
237,7,0.534,0,1.0,-1.1612158,0
237,8,0.532,0,1.0,-1.1768472,0
237,9,0.535,0,1.0,-0.9036164,0
237,10,0.532,0,1.0,-0.8598813,0
237,11,0.528,1,-0.05,-1.1337439,0
237,12,0.506,0,1.0,-1.1861769,0
237,13,0.483,0,1.0,-1.1552007,0
237,14,0.461,0,1.0,-1.6561776,0
237,15,0.442,1,-0.05,-2.155982,0
237,16,0.440,1,-0.05,-2.124721,0
237,17,0.425,1,-0.05,-0.56865716,0
237,18,0.396,1,-0.05,1.3915088,0
237,19,0.384,1,-0.05,-1.7830629,0
237,20,0.350,1,-0.05,-6.376629,0
237,21,0.323,1,-0.05,-10.858253,0
237,22,0.295,1,-0.05,-17.88563,0
237,23,0.255,1,-0.05,-17.952654,0
237,24,0.227,1,-0.05,-18.096785,0
237,25,0.202,1,-0.05,-17.820652,0
237,26,0.181,1,-100.0,-16.297365,0
238,0,0.654,0,1.0,-0.48954904,0
238,1,0.653,1,-0.05,-0.425233,0
238,2,0.660,1,-0.05,0.6713124,0
238,3,0.627,0,1.0,0.78689194,0
238,4,0.580,2,-0.05,-0.08704072,0
238,5,0.553,0,1.0,-0.5031173,0
238,6,0.532,0,1.0,-0.52808404,0
238,7,0.485,0,1.0,-0.7770122,0
238,8,0.457,0,1.0,-1.0560993,0
238,9,0.440,2,-0.05,-1.2708644,0
238,10,0.431,0,1.0,-1.1516627,0
238,11,0.427,0,1.0,-1.4519341,0
238,12,0.439,1,-0.05,-1.5017064,0
238,13,0.431,1,-0.05,-1.2995231,0
238,14,0.430,1,-0.05,-2.3043451,0
238,15,0.411,1,-0.05,-1.0955467,0
238,16,0.383,2,-0.05,-1.3001194,0
238,17,0.356,1,-0.05,-0.3086791,0
238,18,0.339,1,-0.05,-3.1846561,0
238,19,0.318,1,-0.05,-6.5948935,0
238,20,0.282,1,-0.05,-11.163528,0
238,21,0.231,1,-0.05,-17.9357,0
238,22,0.208,1,-0.05,-22.276203,0
238,23,0.180,1,-100.0,-22.07972,0
239,0,0.654,0,1.0,-0.37293184,0
239,1,0.655,0,1.0,-0.41118884,0
239,2,0.659,0,1.0,-0.44401646,0
239,3,0.645,0,1.0,-0.44546342,0
239,4,0.638,2,-0.05,-0.50919414,0
239,5,0.668,0,1.0,-0.79448724,0
239,6,0.676,2,-0.05,-1.0970935,0
239,7,0.674,2,-0.05,-0.6843886,0
239,8,0.692,0,1.0,-1.6581602,0
239,9,0.627,2,-0.05,-1.4194541,0
239,10,0.620,2,-0.05,-1.8510216,0
239,11,0.504,0,1.0,-2.675179,0
239,12,0.458,1,-0.05,-5.539277,0
239,13,0.417,1,-0.05,-6.2142634,0
239,14,0.344,0,1.0,-7.847164,0
239,15,0.323,2,-0.05,-9.234174,0
239,16,0.289,1,-0.05,-9.8703575,0
239,17,0.235,0,1.0,-11.308789,0
239,18,0.194,1,-100.0,-12.419418,0
240,0,0.654,0,1.0,-0.21345317,0
240,1,0.668,0,1.0,-0.20857131,0
240,2,0.667,0,1.0,-0.148193,0
240,3,0.648,0,1.0,-0.22205412,0
240,4,0.643,0,1.0,-0.23161256,0
240,5,0.649,2,-0.05,-0.10188818,0
240,6,0.649,0,1.0,-0.5487504,0
240,7,0.685,0,1.0,-0.24738646,0
240,8,0.708,0,1.0,-0.38881892,0
240,9,0.695,0,1.0,-0.5126047,0
240,10,0.653,0,1.0,-0.786082,0
240,11,0.645,0,1.0,-0.66914344,0
240,12,0.612,0,1.0,-1.0952955,0
240,13,0.593,0,1.0,-1.6417867,0
240,14,0.568,0,1.0,-1.578649,0
240,15,0.553,0,1.0,-2.0726345,0
240,16,0.525,1,-0.05,-2.3936958,0
240,17,0.530,0,1.0,-1.1964022,0
240,18,0.533,0,1.0,-0.8843782,0
240,19,0.554,0,1.0,-1.2085565,0
240,20,0.553,0,1.0,-1.2710096,0
240,21,0.546,1,-0.05,-1.8558023,0
240,22,0.579,0,1.0,0.83433217,0
240,23,0.619,0,1.0,1.5833817,0
240,24,0.653,0,1.0,-1.8544843,0
240,25,0.673,1,-0.05,-3.4128838,0
240,26,0.693,1,-0.05,-2.8201003,0
240,27,0.731,1,-0.05,-1.0772407,0
240,28,0.711,1,-0.05,-0.035737514,0
240,29,0.676,1,-0.05,-0.8499646,0
240,30,0.646,1,-0.05,-2.770328,0
240,31,0.618,1,-0.05,-9.671425,0
240,32,0.603,1,-0.05,-12.367328,0
240,33,0.575,2,-0.05,-13.004597,0
240,34,0.533,1,-0.05,-13.84522,0
240,35,0.500,2,-0.05,-14.050974,0
240,36,0.473,1,-0.05,-16.146759,0
240,37,0.361,0,1.0,-16.343605,0
240,38,0.304,1,-0.05,-17.781677,0
240,39,0.263,1,-0.05,-18.445776,0
240,40,0.243,1,-0.05,-17.04534,0
240,41,0.223,1,-0.05,-14.26324,0
240,42,0.198,1,-100.0,-10.889323,0
241,0,0.654,0,1.0,-0.17070782,0
241,1,0.663,2,-0.05,-0.11131251,0
241,2,0.682,0,1.0,-0.71515095,0
241,3,0.689,0,1.0,-0.9433687,0
241,4,0.688,0,1.0,-0.9989077,0
241,5,0.655,0,1.0,-1.129941,0
241,6,0.640,1,-0.05,-1.2819675,0
241,7,0.640,0,1.0,0.29492146,0
241,8,0.652,2,-0.05,0.7553487,0
241,9,0.657,2,-0.05,-0.23230076,0
241,10,0.629,1,-0.05,-2.3706179,0
241,11,0.623,1,-0.05,-1.3218454,0
241,12,0.643,0,1.0,1.0972148,0
241,13,0.659,0,1.0,1.625232,0
241,14,0.676,0,1.0,1.2735728,0
241,15,0.684,0,1.0,0.6335908,0
241,16,0.710,0,1.0,0.26837462,0
241,17,0.687,0,1.0,-0.20560855,0
241,18,0.687,0,1.0,-0.75790477,0
241,19,0.665,0,1.0,-1.0208644,0
241,20,0.644,0,1.0,-1.5258101,0
241,21,0.618,0,1.0,-1.9894505,0
241,22,0.627,1,-0.05,-2.1110742,0
241,23,0.573,0,1.0,-2.003493,0
241,24,0.571,2,-0.05,-1.244318,0
241,25,0.553,2,-0.05,-1.7788163,0
241,26,0.556,1,-0.05,-2.2675557,0
241,27,0.559,2,-0.05,-2.2279475,0
241,28,0.544,1,-0.05,-2.3652935,0
241,29,0.554,1,-0.05,-2.042039,0
241,30,0.539,1,-0.05,-1.9135823,0
241,31,0.525,1,-0.05,-1.3647485,0
241,32,0.489,1,-0.05,-2.7218132,0
241,33,0.480,1,-0.05,-5.876897,0
241,34,0.433,1,-0.05,-9.471844,0
241,35,0.413,1,-0.05,-12.375965,0
241,36,0.331,0,1.0,-14.451822,0
241,37,0.236,1,-0.05,-20.03323,0
241,38,0.203,1,-0.05,-24.66474,0
241,39,0.175,1,-100.0,-20.315657,0
242,0,0.654,0,1.0,-0.2409414,0
242,1,0.677,1,-0.05,-0.16791594,0
242,2,0.653,0,1.0,0.9677394,0
242,3,0.625,1,-0.05,0.46919227,0
242,4,0.558,0,1.0,0.5023922,0
242,5,0.502,0,1.0,-0.9457822,0
242,6,0.480,1,-0.05,-1.223346,0
242,7,0.450,2,-0.05,-0.5000311,0
242,8,0.448,1,-0.05,-1.6088004,0
242,9,0.439,1,-0.05,-0.81640434,0
242,10,0.412,1,-0.05,0.98086095,0
242,11,0.331,0,1.0,-0.9076452,0
242,12,0.252,1,-0.05,-6.4453087,0
242,13,0.221,1,-0.05,-12.6153755,0
242,14,0.132,0,-100.0,-17.762817,0
243,0,0.668,0,1.0,-0.31365466,0
243,1,0.673,0,1.0,-0.36019552,0
243,2,0.666,0,1.0,-0.40932894,0
243,3,0.674,0,1.0,-0.26867926,0
243,4,0.663,0,1.0,-0.24872375,0
243,5,0.669,0,1.0,-0.23942494,0
243,6,0.659,0,1.0,-0.16019607,0
243,7,0.665,0,1.0,-0.2254827,0
243,8,0.660,0,1.0,-0.057374716,0
243,9,0.674,0,1.0,-0.38410878,0
243,10,0.652,0,1.0,-0.23858237,0
243,11,0.660,0,1.0,-0.5712297,0
243,12,0.665,0,1.0,-1.1260195,0
243,13,0.669,2,-0.05,-1.2676003,0
243,14,0.696,0,1.0,-1.4484956,0
243,15,0.701,0,1.0,-1.5776451,0
243,16,0.687,0,1.0,-1.6092333,0
243,17,0.674,2,-0.05,-1.9871706,0
243,18,0.621,0,1.0,-1.413342,0
243,19,0.602,2,-0.05,-1.3845121,0
243,20,0.581,1,-0.05,-0.8501529,0
243,21,0.537,0,1.0,-1.3781449,0
243,22,0.497,0,1.0,-2.5537777,0
243,23,0.480,1,-0.05,-2.939621,0
243,24,0.454,1,-0.05,-2.776723,0
243,25,0.477,0,1.0,-1.9821589,0
243,26,0.488,0,1.0,-0.18357933,0
243,27,0.480,1,-0.05,-1.6111076,0
243,28,0.495,2,-0.05,-2.2274804,0
243,29,0.513,2,-0.05,-2.700282,0
243,30,0.510,1,-0.05,-2.0792623,0
243,31,0.514,1,-0.05,-2.5885763,0
243,32,0.545,2,-0.05,-2.9722965,0
243,33,0.576,2,-0.05,-3.5170224,0
243,34,0.570,1,-0.05,-3.4334402,0
243,35,0.593,1,-0.05,-3.922011,0
243,36,0.609,2,-0.05,-4.1496134,0
243,37,0.619,2,-0.05,-4.866342,0
243,38,0.618,1,-0.05,-4.508448,0
243,39,0.637,2,-0.05,-5.282799,0
243,40,0.667,1,-0.05,-4.921483,0
243,41,0.691,1,-0.05,-6.4310765,0
243,42,0.710,1,-0.05,-6.9717793,0
243,43,0.742,1,-0.05,-4.107668,0
243,44,0.778,1,-0.05,-2.0560265,0
243,45,0.810,1,-0.05,-0.29433298,0
243,46,0.827,1,-0.05,-1.6925035,0
243,47,0.794,1,-0.05,-4.585509,0
243,48,0.792,2,-0.05,-10.438602,0
243,49,0.772,1,-0.05,-8.323585,0
243,50,0.727,1,-0.05,-11.833355,0
243,51,0.705,1,-0.05,-11.472452,0
243,52,0.667,1,-0.05,-10.766129,0
243,53,0.641,1,-0.05,-6.9473014,0
243,54,0.605,2,-0.05,-4.46281,0
243,55,0.575,1,-0.05,-7.696997,0
243,56,0.548,1,-0.05,-5.7148304,0
243,57,0.530,2,-0.05,-3.1296644,0
243,58,0.502,1,-0.05,-6.16975,0
243,59,0.478,2,-0.05,-3.6951554,0
243,60,0.454,1,-0.05,-6.702027,0
243,61,0.405,1,-0.05,-6.651557,0
243,62,0.387,2,-0.05,-1.0402102,0
243,63,0.378,2,-0.05,-4.5541377,0
243,64,0.359,1,-0.05,-9.157888,0
243,65,0.324,1,-0.05,-8.576786,0
243,66,0.317,2,-0.05,-2.524596,0
243,67,0.287,2,-0.05,-8.298066,0
243,68,0.250,1,-0.05,-13.57592,0
243,69,0.235,1,-0.05,-11.083864,0
243,70,0.221,2,-0.05,-8.34208,0
243,71,0.198,2,-100.0,-11.456329,0
244,0,0.667,0,1.0,-0.6308911,0
244,1,0.677,0,1.0,-0.5510857,0
244,2,0.679,0,1.0,-0.2772467,0
244,3,0.665,0,1.0,-0.25919533,0
244,4,0.695,1,-0.05,-0.23269534,0
244,5,0.675,0,1.0,0.9694724,0
244,6,0.629,0,1.0,1.1425797,0
244,7,0.630,1,-0.05,0.7109916,0
244,8,0.578,0,1.0,0.72385186,0
244,9,0.519,0,1.0,-0.6244662,0
244,10,0.473,1,-0.05,-1.5533043,0
244,11,0.480,1,-0.05,-0.4427024,0
244,12,0.464,1,-0.05,1.3083138,0
244,13,0.434,1,-0.05,1.3728147,0
244,14,0.402,1,-0.05,-4.062455,0
244,15,0.287,0,1.0,-10.050489,0
244,16,0.224,1,-0.05,-17.949844,0
244,17,0.120,0,-100.0,-24.27541,0
245,0,0.655,0,1.0,-0.061672926,0
245,1,0.665,0,1.0,-0.057815313,0
245,2,0.662,2,-0.05,-0.1282674,0
245,3,0.695,0,1.0,-0.78426874,0
245,4,0.670,0,1.0,-0.90771794,0
245,5,0.648,0,1.0,-1.0706835,0
245,6,0.607,0,1.0,-1.3836988,0
245,7,0.616,2,-0.05,-1.5399183,0
245,8,0.601,1,-0.05,-3.0458622,0
245,9,0.585,1,-0.05,-0.97860205,0
245,10,0.597,0,1.0,1.0749476,0
245,11,0.601,0,1.0,1.3780661,0
245,12,0.600,1,-0.05,1.3177092,0
245,13,0.638,0,1.0,1.6905382,0
245,14,0.671,0,1.0,1.7807279,0
245,15,0.679,0,1.0,0.957566,0
245,16,0.661,0,1.0,0.15464288,0
245,17,0.635,1,-0.05,-0.63241076,0
245,18,0.579,0,1.0,-0.4122004,0
245,19,0.558,1,-0.05,-1.1409789,0
245,20,0.531,2,-0.05,0.30035216,0
245,21,0.520,2,-0.05,-0.6651644,0
245,22,0.496,0,1.0,-1.6325504,0
245,23,0.483,1,-0.05,-2.0483656,0
245,24,0.442,0,1.0,-1.4486219,0
245,25,0.424,2,-0.05,-1.5418074,0
245,26,0.409,1,-0.05,-2.39274,0
245,27,0.402,1,-0.05,-1.0287166,0
245,28,0.332,0,1.0,-1.3154516,0
245,29,0.312,1,-0.05,-6.430272,0
245,30,0.276,1,-0.05,-9.095487,0
245,31,0.251,1,-0.05,-18.087559,0
245,32,0.213,1,-0.05,-19.612896,0
245,33,0.120,0,-100.0,-19.04446,0
246,0,0.655,0,1.0,-0.19348466,0
246,1,0.668,1,-0.05,-0.23574197,0
246,2,0.668,2,-0.05,0.6262939,0
246,3,0.670,0,1.0,0.10509312,0
246,4,0.664,0,1.0,-0.6394372,0
246,5,0.677,0,1.0,-0.56711924,0
246,6,0.706,0,1.0,-0.25301158,0
246,7,0.704,0,1.0,-0.3147,0
246,8,0.686,0,1.0,-0.26027,0
246,9,0.697,2,-0.05,-0.2440741,0
246,10,0.668,0,1.0,-1.0486709,0
246,11,0.620,0,1.0,-1.5409014,0
246,12,0.595,1,-0.05,-2.1291795,0
246,13,0.591,0,1.0,-1.0127596,0
246,14,0.584,0,1.0,-0.5369054,0
246,15,0.578,1,-0.05,-0.42622316,0
246,16,0.579,2,-0.05,0.5081341,0
246,17,0.568,0,1.0,-0.97671616,0
246,18,0.538,1,-0.05,-2.1696358,0
246,19,0.542,0,1.0,-0.8002943,0
246,20,0.562,0,1.0,-0.6177666,0
246,21,0.544,1,-0.05,-0.9438114,0
246,22,0.570,0,1.0,0.31871963,0
246,23,0.617,0,1.0,0.26769066,0
246,24,0.635,2,-0.05,-0.61200976,0
246,25,0.636,0,1.0,-1.3666599,0
246,26,0.633,1,-0.05,-1.6390915,0
246,27,0.667,0,1.0,0.12141526,0
246,28,0.682,2,-0.05,-0.7100487,0
246,29,0.674,1,-0.05,-1.1147797,0
246,30,0.690,1,-0.05,-0.8004463,0
246,31,0.692,1,-0.05,-1.2023182,0
246,32,0.698,1,-0.05,-0.8011608,0
246,33,0.679,1,-0.05,0.3081715,0
246,34,0.641,1,-0.05,-0.28734255,0
246,35,0.606,1,-0.05,-4.0955877,0
246,36,0.577,1,-0.05,-8.44291,0
246,37,0.549,1,-0.05,-13.040706,0
246,38,0.504,1,-0.05,-13.802458,0
246,39,0.472,1,-0.05,-13.035624,0
246,40,0.445,1,-0.05,-8.126089,0
246,41,0.430,2,-0.05,-2.5020528,0
246,42,0.335,0,1.0,-7.674279,0
246,43,0.314,1,-0.05,-13.723864,0
246,44,0.285,1,-0.05,-10.90988,0
246,45,0.273,2,-0.05,-4.5206385,0
246,46,0.260,2,-0.05,-9.620327,0
246,47,0.179,0,-100.0,-16.449705,0
247,0,0.666,0,1.0,-0.7218747,0
247,1,0.664,0,1.0,-0.64319086,0
247,2,0.667,0,1.0,-0.7126671,0
247,3,0.667,0,1.0,-0.45850086,0
247,4,0.665,0,1.0,-0.46661448,0
247,5,0.676,0,1.0,-0.5259377,0
247,6,0.663,0,1.0,-0.43724382,0
247,7,0.664,0,1.0,-0.3337512,0
247,8,0.645,0,1.0,-0.25590956,0
247,9,0.671,0,1.0,-0.11029732,0
247,10,0.649,0,1.0,-0.38675642,0
247,11,0.654,0,1.0,-0.85198736,0
247,12,0.663,1,-0.05,-1.128916,0
247,13,0.649,2,-0.05,-1.0534525,0
247,14,0.664,1,-0.05,-1.1292489,0
247,15,0.651,1,-0.05,-1.1263411,0
247,16,0.617,0,1.0,-0.36914432,0
247,17,0.573,1,-0.05,-0.9581088,0
247,18,0.521,0,1.0,0.13185507,0
247,19,0.432,0,1.0,0.11353719,0
247,20,0.389,1,-0.05,1.300245,0
247,21,0.377,1,-0.05,-1.5135384,0
247,22,0.355,1,-0.05,-3.8936844,0
247,23,0.328,1,-0.05,-9.01033,0
247,24,0.283,1,-0.05,-15.828611,0
247,25,0.239,1,-0.05,-17.968971,0
247,26,0.233,1,-0.05,-21.103485,0
247,27,0.193,1,-100.0,-20.884666,0
248,0,0.671,2,-0.05,-0.4689268,0
248,1,0.690,0,1.0,-1.2593863,0
248,2,0.694,0,1.0,-1.3183212,0
248,3,0.689,2,-0.05,-1.4440113,0
248,4,0.651,1,-0.05,-2.5894613,0
248,5,0.671,2,-0.05,-1.4239991,0
248,6,0.664,1,-0.05,-2.8636131,0
248,7,0.634,0,1.0,-1.5744344,0
248,8,0.617,0,1.0,-1.2056007,0
248,9,0.600,0,1.0,-1.1665114,0
248,10,0.585,1,-0.05,-1.1321287,0
248,11,0.593,0,1.0,0.34785575,0
248,12,0.597,1,-0.05,1.0095279,0
248,13,0.614,0,1.0,1.953364,0
248,14,0.661,0,1.0,1.8309932,0
248,15,0.704,0,1.0,1.1154083,0
248,16,0.694,2,-0.05,0.6393942,0
248,17,0.690,0,1.0,0.09651309,0
248,18,0.685,0,1.0,-0.71746325,0
248,19,0.675,1,-0.05,-1.2150519,0
248,20,0.653,0,1.0,-0.60378015,0
248,21,0.612,0,1.0,-0.70908594,0
248,22,0.581,0,1.0,-0.7045597,0
248,23,0.545,0,1.0,-1.0246438,0
248,24,0.533,2,-0.05,-2.2119775,0
248,25,0.522,1,-0.05,-2.0896358,0
248,26,0.493,0,1.0,-2.4705505,0
248,27,0.481,2,-0.05,-1.4736936,0
248,28,0.470,2,-0.05,-2.1295052,0
248,29,0.479,1,-0.05,-2.8049307,0
248,30,0.449,0,1.0,-2.1811478,0
248,31,0.416,2,-0.05,-1.5896304,0
248,32,0.424,1,-0.05,-1.646693,0
248,33,0.413,1,-0.05,-2.5596838,0
248,34,0.414,1,-0.05,-3.7803855,0
248,35,0.408,1,-0.05,-4.597619,0
248,36,0.297,0,1.0,-10.054983,0
248,37,0.254,1,-0.05,-16.881134,0
248,38,0.229,1,-0.05,-20.700157,0
248,39,0.199,1,-100.0,-22.4488,0
249,0,0.667,0,1.0,-0.5039835,0
249,1,0.656,2,-0.05,-0.36761928,0
249,2,0.659,1,-0.05,-0.9659486,0
249,3,0.654,0,1.0,-0.31799483,0
249,4,0.633,0,1.0,0.29924524,0
249,5,0.620,2,-0.05,0.1856677,0
249,6,0.624,0,1.0,-0.6033573,0
249,7,0.641,1,-0.05,-0.85324347,0
249,8,0.620,0,1.0,-0.2501223,0
249,9,0.602,0,1.0,0.16347706,0
249,10,0.581,0,1.0,-0.038190484,0
249,11,0.562,0,1.0,-0.22440112,0
249,12,0.553,1,-0.05,-0.65105987,0
249,13,0.524,0,1.0,-0.86689234,0
249,14,0.476,0,1.0,-1.8334032,0
249,15,0.420,0,1.0,-2.0131557,0
249,16,0.403,1,-0.05,-2.5349512,0
249,17,0.391,1,-0.05,-1.9874618,0
249,18,0.309,0,1.0,-1.1155324,0
249,19,0.281,1,-0.05,-5.50051,0
249,20,0.194,0,-100.0,-9.979453,0
250,0,0.668,0,1.0,-0.5215061,0
250,1,0.669,2,-0.05,-0.51041675,0
250,2,0.687,0,1.0,-1.288613,0
250,3,0.697,0,1.0,-1.2856045,0
250,4,0.683,2,-0.05,-1.4763635,0
250,5,0.671,1,-0.05,-2.3898444,0
250,6,0.672,1,-0.05,-1.353461,0
250,7,0.657,0,1.0,0.019077778,0
250,8,0.672,2,-0.05,0.74494845,0
250,9,0.675,0,1.0,-0.26019728,0
250,10,0.644,1,-0.05,-0.65142214,0
250,11,0.669,0,1.0,0.45063633,0
250,12,0.669,0,1.0,0.70238376,0
250,13,0.674,0,1.0,0.8762234,0
250,14,0.691,0,1.0,0.5264154,0
250,15,0.691,0,1.0,0.16946113,0
250,16,0.709,0,1.0,-0.3317243,0
250,17,0.700,0,1.0,-0.87018836,0
250,18,0.702,2,-0.05,-1.2784042,0
250,19,0.702,1,-0.05,-1.176084,0
250,20,0.693,2,-0.05,-1.3684114,0
250,21,0.696,1,-0.05,-1.2806901,0
250,22,0.705,1,-0.05,-1.7310963,0
250,23,0.663,0,1.0,-0.93534684,0
250,24,0.595,0,1.0,-0.9144082,0
250,25,0.566,0,1.0,-1.4317573,0
250,26,0.543,2,-0.05,-1.3345945,0
250,27,0.513,0,1.0,-1.4947344,0
250,28,0.495,0,1.0,-2.0526342,0
250,29,0.480,1,-0.05,-2.0375538,0
250,30,0.476,1,-0.05,-1.9184834,0
250,31,0.408,0,1.0,-2.7641985,0
250,32,0.382,1,-0.05,-4.363881,0
250,33,0.362,1,-0.05,-10.094692,0
250,34,0.338,1,-0.05,-13.698716,0
250,35,0.214,0,1.0,-15.806247,0
250,36,0.161,1,-100.0,-22.12704,0
251,0,0.654,0,1.0,-0.32378685,0
251,1,0.666,0,1.0,-0.27627122,0
251,2,0.648,0,1.0,-0.21208811,0
251,3,0.647,0,1.0,-0.3416574,0
251,4,0.661,0,1.0,-0.39380145,0
251,5,0.649,0,1.0,-0.433151,0
251,6,0.641,0,1.0,-0.35132694,0
251,7,0.634,0,1.0,-0.32012725,0
251,8,0.629,0,1.0,-0.3688525,0
251,9,0.630,0,1.0,-0.078725815,0
251,10,0.617,0,1.0,-0.45812488,0
251,11,0.617,0,1.0,-1.057167,0
251,12,0.616,2,-0.05,-1.4060282,0
251,13,0.608,1,-0.05,-1.4657907,0
251,14,0.607,2,-0.05,-1.1690767,0
251,15,0.600,1,-0.05,-1.444342,0
251,16,0.590,0,1.0,-0.9720557,0
251,17,0.550,0,1.0,-1.1656293,0
251,18,0.521,0,1.0,-1.2347424,0
251,19,0.487,0,1.0,-1.4824462,0
251,20,0.450,0,1.0,-2.3834941,0
251,21,0.443,1,-0.05,-2.7010064,0
251,22,0.410,2,-0.05,-1.701251,0
251,23,0.412,1,-0.05,-2.481766,0
251,24,0.407,1,-0.05,-1.7511859,0
251,25,0.398,1,-0.05,-1.5285664,0
251,26,0.366,1,-0.05,-5.12232,0
251,27,0.337,1,-0.05,-9.7507925,0
251,28,0.315,1,-0.05,-15.767893,0
251,29,0.275,1,-0.05,-16.422363,0
251,30,0.246,2,-0.05,-19.495802,0
251,31,0.228,1,-0.05,-22.652905,0
251,32,0.189,1,-100.0,-24.085178,0
252,0,0.654,0,1.0,-0.21371627,0
252,1,0.666,0,1.0,-0.14144707,0
252,2,0.647,0,1.0,-0.1408397,0
252,3,0.652,0,1.0,-0.29710448,0
252,4,0.642,0,1.0,-0.2946174,0
252,5,0.645,0,1.0,-0.248806,0
252,6,0.634,0,1.0,-0.18083453,0
252,7,0.631,0,1.0,-0.20951152,0
252,8,0.623,0,1.0,0.17765194,0
252,9,0.613,0,1.0,-0.036656976,0
252,10,0.604,0,1.0,-0.54312897,0
252,11,0.607,0,1.0,-1.0595045,0
252,12,0.602,1,-0.05,-1.3637062,0
252,13,0.584,0,1.0,-1.1896796,0
252,14,0.566,0,1.0,-1.326563,0
252,15,0.507,0,1.0,-1.2320939,0
252,16,0.479,0,1.0,-1.8094908,0
252,17,0.450,0,1.0,-2.8011856,0
252,18,0.435,1,-0.05,-2.673174,0
252,19,0.412,2,-0.05,-2.0638194,0
252,20,0.407,2,-0.05,-2.3687868,0
252,21,0.408,1,-0.05,-2.7441218,0
252,22,0.385,0,1.0,-2.0587094,0
252,23,0.345,0,1.0,-1.935203,0
252,24,0.344,1,-0.05,-2.1112175,0
252,25,0.334,1,-0.05,-3.6046324,0
252,26,0.321,1,-0.05,-10.45879,0
252,27,0.242,0,1.0,-13.002336,0
252,28,0.172,1,-100.0,-20.704708,0
253,0,0.654,0,1.0,-0.31427646,0
253,1,0.668,0,1.0,-0.2825719,0
253,2,0.664,1,-0.05,-0.24819267,0
253,3,0.642,0,1.0,0.52163893,0
253,4,0.609,0,1.0,0.2940361,0
253,5,0.570,0,1.0,-0.19510913,0
253,6,0.543,0,1.0,-0.4806738,0
253,7,0.501,0,1.0,-0.6677785,0
253,8,0.488,1,-0.05,-1.0676061,0
253,9,0.456,0,1.0,-2.231724,0
253,10,0.421,1,-0.05,-1.8928888,0
253,11,0.401,1,-0.05,-0.53674746,0
253,12,0.393,1,-0.05,-0.6470585,0
253,13,0.365,1,-0.05,-1.1731272,0
253,14,0.255,0,1.0,-7.1410427,0
253,15,0.195,1,-100.0,-15.020322,0
254,0,0.654,0,1.0,-0.43185616,0
254,1,0.666,0,1.0,-0.38214386,0
254,2,0.647,0,1.0,-0.3620677,0
254,3,0.648,0,1.0,-0.47160733,0
254,4,0.637,0,1.0,-0.4496764,0
254,5,0.637,0,1.0,-0.49250555,0
254,6,0.642,0,1.0,-0.46652818,0
254,7,0.623,1,-0.05,-0.3887366,0
254,8,0.610,0,1.0,0.30406624,0
254,9,0.589,0,1.0,-0.03918153,0
254,10,0.553,0,1.0,-0.49486673,0
254,11,0.518,0,1.0,-1.0614325,0
254,12,0.486,0,1.0,-1.4842987,0
254,13,0.470,2,-0.05,-1.8307984,0
254,14,0.464,1,-0.05,-1.7177298,0
254,15,0.442,0,1.0,-2.2658873,0
254,16,0.425,2,-0.05,-2.225802,0
254,17,0.413,1,-0.05,-2.0374858,0
254,18,0.392,2,-0.05,-2.2806478,0
254,19,0.398,1,-0.05,-2.1123624,0
254,20,0.391,1,-0.05,-2.2124696,0
254,21,0.364,1,-0.05,-1.2022676,0
254,22,0.357,1,-0.05,-1.9646082,0
254,23,0.328,1,-0.05,-6.215163,0
254,24,0.254,0,1.0,-10.688182,0
254,25,0.170,1,-100.0,-16.734926,0
255,0,0.654,0,1.0,-0.037277937,0
255,1,0.666,0,1.0,0.016997576,0
255,2,0.648,0,1.0,0.06501484,0
255,3,0.647,0,1.0,-0.006100297,0
255,4,0.661,0,1.0,-0.12330103,0
255,5,0.646,0,1.0,-0.11522651,0
255,6,0.635,0,1.0,0.026176691,0
255,7,0.630,0,1.0,-0.06315577,0
255,8,0.625,0,1.0,-0.067864776,0
255,9,0.626,0,1.0,0.18112695,0
255,10,0.625,0,1.0,-0.19924188,0
255,11,0.616,0,1.0,-0.69861734,0
255,12,0.600,0,1.0,-1.1674035,0
255,13,0.611,1,-0.05,-1.2306914,0
255,14,0.601,0,1.0,-1.2275325,0
255,15,0.552,0,1.0,-1.1346455,0
255,16,0.546,2,-0.05,-1.2354679,0
255,17,0.546,1,-0.05,-2.1612468,0
255,18,0.520,0,1.0,-1.4055475,0
255,19,0.493,1,-0.05,-2.3605127,0
255,20,0.489,1,-0.05,-1.2557586,0
255,21,0.456,1,-0.05,0.9405098,0
255,22,0.445,2,-0.05,-0.14172792,0
255,23,0.427,1,-0.05,-0.63251686,0
255,24,0.403,1,-0.05,-1.7566223,0
255,25,0.368,1,-0.05,-4.059574,0
255,26,0.349,1,-0.05,-13.640068,0
255,27,0.317,1,-0.05,-14.338289,0
255,28,0.282,1,-0.05,-18.48568,0
255,29,0.153,0,-100.0,-18.6103,0
256,0,0.655,0,1.0,-0.33571386,0
256,1,0.668,0,1.0,-0.41097152,0
256,2,0.665,0,1.0,-0.41288412,0
256,3,0.657,2,-0.05,-0.1359477,0
256,4,0.668,2,-0.05,-0.6677501,0
256,5,0.691,0,1.0,-1.4663699,0
256,6,0.695,2,-0.05,-2.6634488,0
256,7,0.688,2,-0.05,-2.5697584,0
256,8,0.654,2,-0.05,-1.7757384,0
256,9,0.635,1,-0.05,-1.8169622,0
256,10,0.614,2,-0.05,-1.7225744,0
256,11,0.569,1,-0.05,-2.469163,0
256,12,0.559,2,-0.05,-2.843141,0
256,13,0.535,1,-0.05,-3.414073,0
256,14,0.506,2,-0.05,-4.4863405,0
256,15,0.415,0,1.0,-5.0521135,0
256,16,0.364,1,-0.05,-8.459322,0
256,17,0.299,0,1.0,-9.542904,0
256,18,0.228,2,-0.05,-12.024994,0
256,19,0.202,1,-0.05,-13.572211,0
256,20,0.187,1,-100.0,-15.977757,0
257,0,0.654,0,1.0,-0.17772126,0
257,1,0.665,2,-0.05,-0.20092297,0
257,2,0.678,0,1.0,-0.786608,0
257,3,0.690,0,1.0,-1.1465074,0
257,4,0.690,0,1.0,-1.2460445,0
257,5,0.686,1,-0.05,-1.2341993,0
257,6,0.682,0,1.0,0.0890491,0
257,7,0.693,0,1.0,0.43098187,0
257,8,0.699,2,-0.05,0.5345952,0
257,9,0.692,0,1.0,-0.070145965,0
257,10,0.677,1,-0.05,-0.5889628,0
257,11,0.671,1,-0.05,0.55617297,0
257,12,0.702,0,1.0,1.3971572,0
257,13,0.675,0,1.0,0.8650003,0
257,14,0.640,0,1.0,0.26878005,0
257,15,0.615,0,1.0,-0.076456666,0
257,16,0.556,0,1.0,-0.4851501,0
257,17,0.541,0,1.0,-1.2196289,0
257,18,0.510,2,-0.05,-1.2612534,0
257,19,0.515,1,-0.05,-2.009729,0
257,20,0.473,0,1.0,-1.2745838,0
257,21,0.439,2,-0.05,-2.4259133,0
257,22,0.434,0,1.0,-2.264507,0
257,23,0.432,1,-0.05,-2.0110917,0
257,24,0.432,1,-0.05,-2.7014918,0
257,25,0.410,2,-0.05,-0.63114476,0
257,26,0.407,1,-0.05,-2.0756154,0
257,27,0.391,1,-0.05,-1.1355245,0
257,28,0.358,2,-0.05,-2.6533298,0
257,29,0.350,1,-0.05,-1.6966801,0
257,30,0.330,1,-0.05,-6.5464525,0
257,31,0.307,1,-0.05,-10.113895,0
257,32,0.289,1,-0.05,-13.334915,0
257,33,0.252,1,-0.05,-19.994328,0
257,34,0.222,1,-0.05,-19.907207,0
257,35,0.129,0,-100.0,-24.09449,0
258,0,0.655,0,1.0,-0.0020939112,0
258,1,0.668,0,1.0,0.025503874,0
258,2,0.662,2,-0.05,0.01588583,0
258,3,0.677,0,1.0,-0.6432899,0
258,4,0.699,0,1.0,-0.73920286,0
258,5,0.685,0,1.0,-0.8092474,0
258,6,0.640,0,1.0,-0.89794195,0
258,7,0.616,0,1.0,-1.0499051,0
258,8,0.605,0,1.0,-1.156675,0
258,9,0.579,1,-0.05,-1.1761099,0
258,10,0.580,0,1.0,0.7722575,0
258,11,0.590,0,1.0,1.0902476,0
258,12,0.582,0,1.0,1.1098875,0
258,13,0.586,0,1.0,0.71668583,0
258,14,0.593,2,-0.05,0.7326938,0
258,15,0.571,0,1.0,-0.81419325,0
258,16,0.541,0,1.0,-2.1005645,0
258,17,0.511,0,1.0,-2.1117043,0
258,18,0.509,1,-0.05,-2.4508271,0
258,19,0.504,0,1.0,-1.2817369,0
258,20,0.504,0,1.0,-1.2475482,0
258,21,0.492,0,1.0,-1.4699891,0
258,22,0.498,1,-0.05,-1.5731957,0
258,23,0.507,0,1.0,-0.123699844,0
258,24,0.564,0,1.0,-0.32459867,0
258,25,0.583,0,1.0,1.9345995,0
258,26,0.592,1,-0.05,-0.90565777,0
258,27,0.597,1,-0.05,-1.5338887,0
258,28,0.619,1,-0.05,-1.3434495,0
258,29,0.641,2,-0.05,0.45967185,0
258,30,0.659,1,-0.05,-0.4918337,0
258,31,0.690,1,-0.05,0.19340563,0
258,32,0.720,1,-0.05,1.0598507,0
258,33,0.628,0,1.0,-0.3535018,0
258,34,0.573,1,-0.05,-4.7318926,0
258,35,0.531,1,-0.05,-8.474779,0
258,36,0.506,1,-0.05,-15.219748,0
258,37,0.469,1,-0.05,-16.424465,0
258,38,0.438,1,-0.05,-15.576759,0
258,39,0.356,0,1.0,-15.462473,0
258,40,0.283,1,-0.05,-16.114216,0
258,41,0.262,1,-0.05,-15.868654,0
258,42,0.233,1,-0.05,-12.127972,0
258,43,0.208,2,-0.05,-7.017259,0
258,44,0.188,2,-100.0,-12.146562,0
259,0,0.667,0,1.0,-0.68808544,0
259,1,0.677,0,1.0,-0.6320282,0
259,2,0.681,0,1.0,-0.3611704,0
259,3,0.665,0,1.0,-0.33736396,0
259,4,0.676,0,1.0,-0.311306,0
259,5,0.687,0,1.0,-0.27473104,0
259,6,0.680,0,1.0,0.07564139,0
259,7,0.691,0,1.0,0.07895815,0
259,8,0.701,0,1.0,0.0731405,0
259,9,0.700,0,1.0,0.027244806,0
259,10,0.701,0,1.0,-0.123954654,0
259,11,0.705,0,1.0,-0.48156106,0
259,12,0.700,0,1.0,-0.49455285,0
259,13,0.704,2,-0.05,-0.94517255,0
259,14,0.694,2,-0.05,-1.6556348,0
259,15,0.649,0,1.0,-1.9828643,0
259,16,0.632,2,-0.05,-2.8958888,0
259,17,0.616,2,-0.05,-3.1686957,0
259,18,0.598,2,-0.05,-1.2983466,0
259,19,0.571,1,-0.05,-2.411798,0
259,20,0.544,2,-0.05,-1.5888107,0
259,21,0.527,1,-0.05,-2.2998514,0
259,22,0.493,1,-0.05,-2.8040998,0
259,23,0.440,0,1.0,-3.3954713,0
259,24,0.411,2,-0.05,-5.152261,0
259,25,0.385,1,-0.05,-6.2541504,0
259,26,0.377,2,-0.05,-6.7486486,0
259,27,0.343,1,-0.05,-7.2529383,0
259,28,0.326,2,-0.05,-7.621201,0
259,29,0.304,1,-0.05,-8.472956,0
259,30,0.288,1,-0.05,-10.899083,0
259,31,0.261,1,-0.05,-10.006943,0
259,32,0.273,2,-0.05,-2.6750884,0
259,33,0.236,1,-0.05,-8.201832,0
259,34,0.259,2,-0.05,-2.7756934,0
259,35,0.231,1,-0.05,-7.0814724,0
259,36,0.232,2,-0.05,-2.72256,0
259,37,0.228,2,-0.05,-7.808793,0
259,38,0.211,1,-0.05,-11.196076,0
259,39,0.186,1,-100.0,-9.313746,0
260,0,0.654,0,1.0,-0.12173295,0
260,1,0.666,0,1.0,-0.1304797,0
260,2,0.672,1,-0.05,-0.10858476,0
260,3,0.633,0,1.0,0.73269856,0
260,4,0.622,1,-0.05,0.2607183,0
260,5,0.595,0,1.0,0.25488043,0
260,6,0.571,0,1.0,-0.11200762,0
260,7,0.538,0,1.0,-0.3782177,0
260,8,0.501,0,1.0,-0.5866052,0
260,9,0.475,0,1.0,-1.0514146,0
260,10,0.424,0,1.0,-1.3220328,0
260,11,0.432,1,-0.05,-1.7742419,0
260,12,0.413,1,-0.05,-2.5721037,0
260,13,0.396,1,-0.05,-1.2027423,0
260,14,0.305,0,1.0,-1.2718415,0
260,15,0.265,1,-0.05,-6.467019,0
260,16,0.252,1,-0.05,-9.518349,0
260,17,0.219,1,-0.05,-16.174694,0
260,18,0.182,1,-100.0,-21.947609,0
261,0,0.667,0,1.0,-0.39732397,0
261,1,0.663,0,1.0,-0.23721993,0
261,2,0.652,0,1.0,-0.32233047,0
261,3,0.655,2,-0.05,-0.34562993,0
261,4,0.659,0,1.0,-0.8491205,0
261,5,0.699,0,1.0,-1.0965723,0
261,6,0.705,1,-0.05,-1.1898563,0
261,7,0.702,0,1.0,-0.2981522,0
261,8,0.703,0,1.0,0.01468575,0
261,9,0.702,0,1.0,0.0029740334,0
261,10,0.698,0,1.0,0.15660536,0
261,11,0.697,2,-0.05,-0.14446354,0
261,12,0.690,0,1.0,-0.16391027,0
261,13,0.672,0,1.0,-0.43138933,0
261,14,0.647,0,1.0,-1.0098491,0
261,15,0.628,2,-0.05,-1.6238927,0
261,16,0.605,1,-0.05,-2.2849221,0
261,17,0.612,0,1.0,-1.6086782,0
261,18,0.579,0,1.0,-1.5806744,0
261,19,0.571,1,-0.05,-1.9932158,0
261,20,0.575,1,-0.05,-1.2700063,0
261,21,0.621,0,1.0,-0.017721653,0
261,22,0.638,0,1.0,-0.0819599,0
261,23,0.676,0,1.0,-0.7340567,0
261,24,0.706,0,1.0,-1.138056,0
261,25,0.664,0,1.0,-0.8215097,0
261,26,0.633,0,1.0,-0.4636026,0
261,27,0.600,0,1.0,-1.1997483,0
261,28,0.567,2,-0.05,-3.0640218,0
261,29,0.557,1,-0.05,-4.1533766,0
261,30,0.549,1,-0.05,-4.5716743,0
261,31,0.549,2,-0.05,-5.3787494,0
261,32,0.534,1,-0.05,-5.0203643,0
261,33,0.519,1,-0.05,-6.768216,0
261,34,0.498,1,-0.05,-7.7898827,0
261,35,0.485,1,-0.05,-6.7607985,0
261,36,0.452,1,-0.05,-9.727402,0
261,37,0.426,1,-0.05,-13.359027,0
261,38,0.383,2,-0.05,-20.40348,0
261,39,0.356,1,-0.05,-18.24076,0
261,40,0.267,0,1.0,-21.957443,0
261,41,0.181,1,-100.0,-26.913359,0
262,0,0.654,0,1.0,-0.20247483,0
262,1,0.668,0,1.0,-0.14929557,0
262,2,0.647,2,-0.05,-0.16109252,0
262,3,0.653,0,1.0,-0.6924672,0
262,4,0.688,0,1.0,-0.8892114,0
262,5,0.686,0,1.0,-1.0439036,0
262,6,0.684,1,-0.05,-1.1133354,0
262,7,0.692,0,1.0,0.097085595,0
262,8,0.688,2,-0.05,0.5946086,0
262,9,0.680,0,1.0,0.13144636,0
262,10,0.656,0,1.0,-0.30320585,0
262,11,0.632,0,1.0,-0.54384613,0
262,12,0.596,0,1.0,-0.8626305,0
262,13,0.581,1,-0.05,-1.1457616,0
262,14,0.593,0,1.0,0.16991371,0
262,15,0.603,0,1.0,0.38002497,0
262,16,0.608,0,1.0,-0.025889277,0
262,17,0.612,0,1.0,-0.53595483,0
262,18,0.610,1,-0.05,-0.9842732,0
262,19,0.631,0,1.0,0.10979396,0
262,20,0.679,0,1.0,0.17582393,0
262,21,0.703,2,-0.05,-0.35027182,0
262,22,0.703,0,1.0,-1.5320678,0
262,23,0.689,1,-0.05,-1.4868336,0
262,24,0.696,0,1.0,-2.1357284,0
262,25,0.656,0,1.0,-0.46006453,0
262,26,0.623,2,-0.05,-0.34281594,0
262,27,0.635,1,-0.05,-1.4798701,0
262,28,0.636,1,-0.05,-1.1738428,0
262,29,0.613,1,-0.05,-1.5921366,0
262,30,0.595,1,-0.05,-2.566044,0
262,31,0.580,1,-0.05,-2.096733,0
262,32,0.486,0,1.0,-3.0850954,0
262,33,0.413,1,-0.05,-7.930315,0
262,34,0.399,1,-0.05,-14.673958,0
262,35,0.351,1,-0.05,-17.456802,0
262,36,0.320,1,-0.05,-21.309963,0
262,37,0.306,1,-0.05,-24.015442,0
262,38,0.265,1,-0.05,-21.037745,0
262,39,0.229,1,-0.05,-18.807407,0
262,40,0.214,2,-0.05,-15.518888,0
262,41,0.182,2,-100.0,-19.36108,0
263,0,0.670,0,1.0,-0.717705,0
263,1,0.667,0,1.0,-0.7231641,0
263,2,0.673,0,1.0,-0.2891283,0
263,3,0.673,0,1.0,-0.24860978,0
263,4,0.692,0,1.0,-0.24196732,0
263,5,0.682,0,1.0,-0.23956573,0
263,6,0.681,0,1.0,0.1810199,0
263,7,0.694,0,1.0,0.26214916,0
263,8,0.696,2,-0.05,0.16875637,0
263,9,0.708,0,1.0,0.015745878,0
263,10,0.693,2,-0.05,-0.06567383,0
263,11,0.666,1,-0.05,-1.8370212,0
263,12,0.675,2,-0.05,-0.7507292,0
263,13,0.656,1,-0.05,-2.060505,0
263,14,0.658,1,-0.05,-0.71701264,0
263,15,0.662,0,1.0,0.05002725,0
263,16,0.666,0,1.0,0.18972814,0
263,17,0.686,0,1.0,-0.23016798,0
263,18,0.691,0,1.0,-0.9078665,0
263,19,0.707,0,1.0,-1.1322817,0
263,20,0.693,0,1.0,-1.4985151,0
263,21,0.702,1,-0.05,-1.6436431,0
263,22,0.657,0,1.0,-0.718508,0
263,23,0.624,0,1.0,-1.1147438,0
263,24,0.585,0,1.0,-0.9681233,0
263,25,0.541,0,1.0,-1.1567233,0
263,26,0.531,1,-0.05,-1.379459,0
263,27,0.516,2,-0.05,-2.2975166,0
263,28,0.497,2,-0.05,-2.0224037,0
263,29,0.498,1,-0.05,-1.038119,0
263,30,0.492,1,-0.05,-2.4551148,0
263,31,0.483,1,-0.05,-2.8728628,0
263,32,0.456,2,-0.05,-5.021171,0
263,33,0.420,0,1.0,-4.044262,0
263,34,0.397,2,-0.05,-7.285661,0
263,35,0.388,1,-0.05,-6.9145565,0
263,36,0.380,1,-0.05,-9.101827,0
263,37,0.375,1,-0.05,-12.876467,0
263,38,0.337,1,-0.05,-14.458721,0
263,39,0.317,1,-0.05,-15.598295,0
263,40,0.276,2,-0.05,-19.490732,0
263,41,0.242,1,-0.05,-19.1749,0
263,42,0.243,1,-0.05,-23.67545,0
263,43,0.209,1,-0.05,-26.662138,0
263,44,0.161,1,-100.0,-29.401466,0
264,0,0.654,0,1.0,0.04971552,0
264,1,0.666,0,1.0,0.06660807,0
264,2,0.651,1,-0.05,0.09395766,0
264,3,0.643,0,1.0,0.5643335,0
264,4,0.612,0,1.0,0.51365423,0
264,5,0.598,1,-0.05,0.4006858,0
264,6,0.565,0,1.0,0.013490081,0
264,7,0.510,0,1.0,-0.8790057,0
264,8,0.477,1,-0.05,-1.6407385,0
264,9,0.460,1,-0.05,-1.2247901,0
264,10,0.438,1,-0.05,1.2312579,0
264,11,0.437,1,-0.05,1.7196639,0
264,12,0.387,1,-0.05,-2.5256033,0
264,13,0.371,2,-0.05,-6.8191004,0
264,14,0.337,1,-0.05,-6.841854,0
264,15,0.315,1,-0.05,-10.306617,0
264,16,0.273,1,-0.05,-15.88632,0
264,17,0.262,1,-0.05,-21.278065,0
264,18,0.218,1,-0.05,-22.904194,0
264,19,0.183,1,-100.0,-21.22042,0
265,0,0.654,0,1.0,-0.23210406,0
265,1,0.666,0,1.0,-0.22741008,0
265,2,0.647,0,1.0,-0.19727254,0
265,3,0.652,0,1.0,-0.37885618,0
265,4,0.642,0,1.0,-0.3252411,0
265,5,0.645,0,1.0,-0.30563235,0
265,6,0.634,0,1.0,-0.16988933,0
265,7,0.631,0,1.0,-0.25363028,0
265,8,0.631,1,-0.05,0.08776277,0
265,9,0.615,0,1.0,0.17465472,0
265,10,0.569,0,1.0,-0.028615832,0
265,11,0.532,0,1.0,-0.4608667,0
265,12,0.507,0,1.0,-1.0833507,0
265,13,0.495,0,1.0,-1.6413702,0
265,14,0.450,0,1.0,-1.808645,0
265,15,0.429,0,1.0,-1.9651365,0
265,16,0.408,1,-0.05,-2.117064,0
265,17,0.403,1,-0.05,-2.6118531,0
265,18,0.393,1,-0.05,-0.6802108,0
265,19,0.356,1,-0.05,-0.78199625,0
265,20,0.266,0,1.0,-5.491642,0
265,21,0.214,1,-0.05,-14.350064,0
265,22,0.188,1,-100.0,-22.387224,0
266,0,0.654,0,1.0,-0.2756579,0
266,1,0.666,0,1.0,-0.18307161,0
266,2,0.667,0,1.0,-0.14221752,0
266,3,0.648,0,1.0,-0.26027298,0
266,4,0.639,0,1.0,-0.25646937,0
266,5,0.644,2,-0.05,-0.30392778,0
266,6,0.662,0,1.0,-0.62039495,0
266,7,0.694,0,1.0,-0.8098649,0
266,8,0.691,2,-0.05,-0.19594836,0
266,9,0.692,0,1.0,-0.647331,0
266,10,0.634,0,1.0,-2.527638,0
266,11,0.609,1,-0.05,-3.3798795,0
266,12,0.589,1,-0.05,-1.4357977,0
266,13,0.588,0,1.0,0.119134545,0
266,14,0.604,0,1.0,0.5671181,0
266,15,0.597,0,1.0,0.3945338,0
266,16,0.622,0,1.0,0.09237605,0
266,17,0.628,0,1.0,-0.5210966,0
266,18,0.628,1,-0.05,-0.793342,0
266,19,0.636,2,-0.05,-0.1310308,0
266,20,0.641,0,1.0,-1.1367873,0
266,21,0.611,0,1.0,-1.0796226,0
266,22,0.628,1,-0.05,-1.6870024,0
266,23,0.612,1,-0.05,-1.6319659,0
266,24,0.658,0,1.0,-0.3572423,0
266,25,0.682,0,1.0,0.73040867,0
266,26,0.692,2,-0.05,-0.34193635,0
266,27,0.665,0,1.0,-1.0537944,0
266,28,0.661,1,-0.05,-1.0357718,0
266,29,0.661,1,-0.05,-1.0969734,0
266,30,0.647,1,-0.05,-1.2463615,0
266,31,0.642,1,-0.05,-1.663164,0
266,32,0.610,1,-0.05,0.11801958,0
266,33,0.580,1,-0.05,-0.918015,0
266,34,0.540,1,-0.05,-4.5654497,0
266,35,0.518,1,-0.05,-9.798101,0
266,36,0.418,0,1.0,-14.54769,0
266,37,0.238,0,1.0,-18.150928,0
266,38,0.184,1,-100.0,-25.951248,0
267,0,0.654,0,1.0,-0.27888584,0
267,1,0.666,0,1.0,-0.20678318,0
267,2,0.667,0,1.0,-0.19592857,0
267,3,0.648,0,1.0,-0.23612213,0
267,4,0.644,0,1.0,-0.21916592,0
267,5,0.646,0,1.0,-0.23299026,0
267,6,0.652,2,-0.05,-0.1018213,0
267,7,0.652,0,1.0,-0.21905327,0
267,8,0.690,0,1.0,-0.0767256,0
267,9,0.698,0,1.0,-0.11226809,0
267,10,0.693,0,1.0,-0.3278607,0
267,11,0.669,0,1.0,-0.8251604,0
267,12,0.654,0,1.0,-0.5974697,0
267,13,0.603,0,1.0,-1.0500544,0
267,14,0.581,0,1.0,-1.6667092,0
267,15,0.586,2,-0.05,-1.7477751,0
267,16,0.580,1,-0.05,-2.2529047,0
267,17,0.559,1,-0.05,-2.3595653,0
267,18,0.574,0,1.0,-0.49262047,0
267,19,0.579,0,1.0,-0.61555696,0
267,20,0.589,0,1.0,-0.834661,0
267,21,0.591,0,1.0,-1.3101668,0
267,22,0.598,1,-0.05,-1.6421124,0
267,23,0.625,0,1.0,-1.1015625,0
267,24,0.679,0,1.0,-0.08343947,0
267,25,0.700,0,1.0,0.6892134,0
267,26,0.699,1,-0.05,-1.0516634,0
267,27,0.680,1,-0.05,-1.5623262,0
267,28,0.672,1,-0.05,-1.7660666,0
267,29,0.652,1,-0.05,-0.36481237,0
267,30,0.623,1,-0.05,0.010284424,0
267,31,0.588,1,-0.05,-3.0388565,0
267,32,0.559,1,-0.05,-8.726797,0
267,33,0.537,1,-0.05,-12.911775,0
267,34,0.494,1,-0.05,-15.691328,0
267,35,0.467,2,-0.05,-15.971485,0
267,36,0.428,2,-0.05,-16.053005,0
267,37,0.395,1,-0.05,-17.846409,0
267,38,0.365,1,-0.05,-21.431627,0
267,39,0.324,1,-0.05,-18.898058,0
267,40,0.288,1,-0.05,-17.244331,0
267,41,0.267,1,-0.05,-14.633211,0
267,42,0.255,1,-0.05,-10.297576,0
267,43,0.250,2,-0.05,-2.4219227,0
267,44,0.235,2,-0.05,-7.4573402,0
267,45,0.206,1,-0.05,-17.00782,0
267,46,0.155,0,-100.0,-13.594368,0
268,0,0.655,0,1.0,-0.087794065,0
268,1,0.668,0,1.0,-0.091857076,0
268,2,0.660,0,1.0,-0.087213635,0
268,3,0.668,1,-0.05,0.09881246,0
268,4,0.648,0,1.0,0.8799329,0
268,5,0.615,0,1.0,0.5809898,0
268,6,0.578,0,1.0,0.29055297,0
268,7,0.555,0,1.0,-0.07446921,0
268,8,0.515,0,1.0,-0.10947764,0
268,9,0.478,0,1.0,-0.3232386,0
268,10,0.461,0,1.0,-1.022693,0
268,11,0.436,0,1.0,-1.2919189,0
268,12,0.402,0,1.0,-1.9151301,0
268,13,0.376,1,-0.05,-2.104126,0
268,14,0.381,1,-0.05,-2.3046231,0
268,15,0.374,1,-0.05,-1.3987999,0
268,16,0.342,1,-0.05,-1.5007105,0
268,17,0.321,1,-0.05,-5.478483,0
268,18,0.299,1,-0.05,-10.817299,0
268,19,0.257,1,-0.05,-14.199435,0
268,20,0.224,1,-0.05,-23.900518,0
268,21,0.203,1,-0.05,-22.560923,0
268,22,0.151,2,-100.0,-22.151419,0
269,0,0.671,2,-0.05,-0.45091546,0
269,1,0.690,0,1.0,-0.5965775,0
269,2,0.685,0,1.0,-0.85023355,0
269,3,0.649,0,1.0,-1.3320158,0
269,4,0.634,2,-0.05,-1.8015338,0
269,5,0.632,2,-0.05,-3.2416549,0
269,6,0.613,2,-0.05,-2.9682364,0
269,7,0.596,2,-0.05,-2.2997494,0
269,8,0.573,1,-0.05,-2.2134619,0
269,9,0.497,0,1.0,-3.4144306,0
269,10,0.455,2,-0.05,-5.60092,0
269,11,0.407,1,-0.05,-6.793502,0
269,12,0.406,2,-0.05,-8.1677885,0
269,13,0.379,1,-0.05,-8.416311,0
269,14,0.347,1,-0.05,-10.076012,0
269,15,0.331,2,-0.05,-8.706617,0
269,16,0.319,1,-0.05,-11.392466,0
269,17,0.307,2,-0.05,-10.625352,0
269,18,0.280,2,-0.05,-12.980328,0
269,19,0.244,1,-0.05,-13.655212,0
269,20,0.236,1,-0.05,-15.051781,0
269,21,0.206,2,-0.05,-16.504442,0
269,22,0.189,2,-100.0,-17.149597,0
270,0,0.667,0,1.0,-0.26417005,0
270,1,0.677,0,1.0,-0.17833674,0
270,2,0.681,0,1.0,0.05551672,0
270,3,0.673,0,1.0,0.032152534,0
270,4,0.680,0,1.0,-0.05927229,0
270,5,0.687,0,1.0,0.015975475,0
270,6,0.680,0,1.0,0.41990143,0
270,7,0.691,0,1.0,0.40518022,0
270,8,0.701,0,1.0,0.44365346,0
270,9,0.704,0,1.0,0.43547595,0
270,10,0.700,0,1.0,0.39029497,0
270,11,0.692,0,1.0,0.0931083,0
270,12,0.702,0,1.0,0.10013598,0
270,13,0.696,0,1.0,-0.27890927,0
270,14,0.682,1,-0.05,-0.8276675,0
270,15,0.689,0,1.0,-0.8723451,0
270,16,0.674,0,1.0,-0.5390521,0
270,17,0.646,0,1.0,-0.9696003,0
270,18,0.634,0,1.0,-0.70101595,0
270,19,0.615,2,-0.05,-1.3292553,0
270,20,0.621,1,-0.05,-2.032498,0
270,21,0.598,0,1.0,-1.8905065,0
270,22,0.545,0,1.0,-1.2859955,0
270,23,0.528,2,-0.05,-0.8357862,0
270,24,0.520,1,-0.05,-1.2231429,0
270,25,0.515,1,-0.05,-1.2747024,0
270,26,0.504,1,-0.05,-1.3277469,0
270,27,0.499,1,-0.05,-2.9866242,0
270,28,0.465,2,-0.05,-3.8311987,0
270,29,0.445,1,-0.05,-4.795952,0
270,30,0.424,1,-0.05,-8.283552,0
270,31,0.383,1,-0.05,-11.71075,0
270,32,0.363,1,-0.05,-14.591229,0
270,33,0.334,1,-0.05,-19.590546,0
270,34,0.221,0,1.0,-23.008934,0
270,35,0.147,1,-100.0,-25.728767,0
271,0,0.654,0,1.0,0.03155005,0
271,1,0.666,0,1.0,0.074221015,0
271,2,0.648,0,1.0,0.13208437,0
271,3,0.656,1,-0.05,-0.03371215,0
271,4,0.645,1,-0.05,0.8197581,0
271,5,0.614,0,1.0,1.0510972,0
271,6,0.547,0,1.0,-0.012797773,0
271,7,0.483,0,1.0,-1.0366744,0
271,8,0.462,1,-0.05,-1.4884347,0
271,9,0.441,2,-0.05,-1.0387492,0
271,10,0.432,1,-0.05,-1.9615439,0
271,11,0.426,1,-0.05,-0.14685225,0
271,12,0.331,0,1.0,1.3453851,0
271,13,0.310,1,-0.05,-4.8909283,0
271,14,0.267,1,-0.05,-7.0479097,0
271,15,0.258,1,-0.05,-13.337467,0
271,16,0.223,1,-0.05,-15.983364,0
271,17,0.189,1,-100.0,-23.230598,0
272,0,0.654,0,1.0,-0.16719842,0
272,1,0.666,0,1.0,-0.11857247,0
272,2,0.648,0,1.0,-0.091936946,0
272,3,0.648,0,1.0,-0.28010166,0
272,4,0.640,0,1.0,-0.29189432,0
272,5,0.641,0,1.0,-0.35913014,0
272,6,0.635,0,1.0,-0.28452122,0
272,7,0.633,0,1.0,-0.320709,0
272,8,0.625,0,1.0,0.067848265,0
272,9,0.616,0,1.0,-0.13571954,0
272,10,0.607,0,1.0,-0.5522125,0
272,11,0.612,1,-0.05,-0.8435477,0
272,12,0.601,0,1.0,-0.8097366,0
272,13,0.562,0,1.0,-0.7481717,0
272,14,0.544,2,-0.05,-1.2921063,0
272,15,0.557,1,-0.05,-1.3135798,0
272,16,0.536,2,-0.05,-1.5170778,0
272,17,0.542,1,-0.05,-1.3109291,0
272,18,0.507,0,1.0,-1.3964223,0
272,19,0.492,1,-0.05,-1.9092654,0
272,20,0.470,1,-0.05,-0.81283665,0
272,21,0.464,1,-0.05,0.9528731,0
272,22,0.439,1,-0.05,0.8569212,0
272,23,0.418,1,-0.05,-1.2103872,0
272,24,0.388,1,-0.05,-7.872761,0
272,25,0.361,1,-0.05,-11.491551,0
272,26,0.318,1,-0.05,-14.4897785,0
272,27,0.300,1,-0.05,-15.151784,0
272,28,0.256,1,-0.05,-17.956585,0
272,29,0.230,1,-0.05,-19.79494,0
272,30,0.207,1,-0.05,-20.31992,0
272,31,0.180,1,-100.0,-17.572512,0
273,0,0.654,0,1.0,-0.31251204,0
273,1,0.666,0,1.0,-0.3517667,0
273,2,0.667,0,1.0,-0.3091489,0
273,3,0.648,0,1.0,-0.4300847,0
273,4,0.644,0,1.0,-0.40437758,0
273,5,0.647,0,1.0,-0.38976014,0
273,6,0.639,0,1.0,-0.28051722,0
273,7,0.636,0,1.0,-0.19836724,0
273,8,0.613,0,1.0,0.16132015,0
273,9,0.629,0,1.0,-0.1005646,0
273,10,0.625,0,1.0,-0.42451847,0
273,11,0.610,0,1.0,-0.9171424,0
273,12,0.610,0,1.0,-0.8796407,0
273,13,0.592,1,-0.05,-1.1702244,0
273,14,0.590,0,1.0,-1.3976324,0
273,15,0.555,0,1.0,-1.1288775,0
273,16,0.527,0,1.0,-0.9323921,0
273,17,0.480,0,1.0,-1.6192485,0
273,18,0.463,0,1.0,-2.5312288,0
273,19,0.421,0,1.0,-1.915951,0
273,20,0.392,1,-0.05,-1.5784824,0
273,21,0.403,1,-0.05,-1.607755,0
273,22,0.389,1,-0.05,-3.1932926,0
273,23,0.355,1,-0.05,-6.4167128,0
273,24,0.333,2,-0.05,-13.053154,0
273,25,0.325,1,-0.05,-12.01039,0
273,26,0.284,1,-0.05,-16.44477,0
273,27,0.250,1,-0.05,-19.47448,0
273,28,0.219,1,-0.05,-21.035812,0
273,29,0.191,1,-100.0,-26.4739,0
274,0,0.654,0,1.0,0.06279194,0
274,1,0.666,0,1.0,0.047237515,0
274,2,0.646,0,1.0,0.077500105,0
274,3,0.650,0,1.0,0.02060461,0
274,4,0.642,0,1.0,-0.079455614,0
274,5,0.644,0,1.0,-0.026880622,0
274,6,0.626,0,1.0,-0.055136442,0
274,7,0.631,0,1.0,-0.13128757,0
274,8,0.619,0,1.0,0.22082216,0
274,9,0.623,0,1.0,-0.0057234764,0
274,10,0.607,0,1.0,-0.46826863,0
274,11,0.611,0,1.0,-0.97017217,0
274,12,0.617,2,-0.05,-1.0531205,0
274,13,0.613,0,1.0,-0.73992085,0
274,14,0.649,0,1.0,-0.7973844,0
274,15,0.653,2,-0.05,-0.94016373,0
274,16,0.667,1,-0.05,-0.41747367,0
274,17,0.680,0,1.0,-1.2790853,0
274,18,0.683,1,-0.05,-1.6687818,0
274,19,0.678,1,-0.05,-1.5444003,0
274,20,0.640,0,1.0,-0.7757777,0
274,21,0.592,0,1.0,0.22284096,0
274,22,0.588,2,-0.05,-0.82216716,0
274,23,0.546,0,1.0,-1.0561182,0
274,24,0.554,1,-0.05,-2.1361976,0
274,25,0.535,1,-0.05,-0.9872812,0
274,26,0.536,1,-0.05,-1.0546232,0
274,27,0.509,1,-0.05,-0.44417095,0
274,28,0.496,1,-0.05,-1.7798271,0
274,29,0.453,1,-0.05,-6.4222555,0
274,30,0.351,0,1.0,-8.238814,0
274,31,0.300,1,-0.05,-15.396191,0
274,32,0.256,2,-0.05,-21.881683,0
274,33,0.231,1,-0.05,-22.15092,0
274,34,0.199,1,-100.0,-25.386337,0
275,0,0.660,0,1.0,-0.22677672,0
275,1,0.652,2,-0.05,-0.15243578,0
275,2,0.648,0,1.0,-0.6674956,0
275,3,0.688,0,1.0,-0.6151699,0
275,4,0.690,0,1.0,-0.711782,0
275,5,0.663,0,1.0,-0.8439969,0
275,6,0.627,0,1.0,-0.8632945,0
275,7,0.622,1,-0.05,-0.8728845,0
275,8,0.620,0,1.0,0.48005062,0
275,9,0.622,0,1.0,0.72068536,0
275,10,0.625,0,1.0,0.7572374,0
275,11,0.631,0,1.0,0.46695834,0
275,12,0.649,0,1.0,0.625733,0
275,13,0.647,0,1.0,0.38957137,0
275,14,0.660,0,1.0,-0.3038786,0
275,15,0.662,0,1.0,-0.6734717,0
275,16,0.670,1,-0.05,-0.9032823,0
275,17,0.683,0,1.0,-0.16747129,0
275,18,0.692,0,1.0,-0.056428075,0
275,19,0.679,2,-0.05,-0.38839293,0
275,20,0.664,0,1.0,-1.3601149,0
275,21,0.673,1,-0.05,-1.4513116,0
275,22,0.654,0,1.0,-1.2198151,0
275,23,0.609,0,1.0,-0.11925769,0
275,24,0.603,1,-0.05,-1.13886,0
275,25,0.600,1,-0.05,-0.45440936,0
275,26,0.566,1,-0.05,-1.233544,0
275,27,0.562,1,-0.05,-1.0696704,0
275,28,0.527,1,-0.05,-1.3908901,0
275,29,0.508,1,-0.05,-3.2258663,0
275,30,0.473,1,-0.05,-5.3979006,0
275,31,0.432,1,-0.05,-11.4094715,0
275,32,0.412,1,-0.05,-17.056675,0
275,33,0.368,1,-0.05,-18.967789,0
275,34,0.347,1,-0.05,-17.076283,0
275,35,0.306,2,-0.05,-14.657492,0
275,36,0.286,1,-0.05,-18.50523,0
275,37,0.243,1,-0.05,-18.044647,0
275,38,0.261,1,-0.05,-11.6894245,0
275,39,0.207,0,1.0,-2.7552052,0
275,40,0.191,2,-100.0,-1.0507956,0
276,0,0.667,0,1.0,-0.400571,0
276,1,0.677,0,1.0,-0.3139689,0
276,2,0.673,2,-0.05,-0.06440163,0
276,3,0.694,0,1.0,-0.35367095,0
276,4,0.682,0,1.0,-0.15741968,0
276,5,0.650,0,1.0,-0.43570042,0
276,6,0.612,0,1.0,-0.7217288,0
276,7,0.596,0,1.0,-0.92624176,0
276,8,0.568,1,-0.05,-1.1271608,0
276,9,0.578,0,1.0,0.3555262,0
276,10,0.561,1,-0.05,0.9084358,0
276,11,0.562,1,-0.05,1.737222,0
276,12,0.597,0,1.0,2.9280367,0
276,13,0.656,0,1.0,3.1544333,0
276,14,0.708,0,1.0,2.3679025,0
276,15,0.649,0,1.0,1.2627796,0
276,16,0.630,1,-0.05,0.36705863,0
276,17,0.585,0,1.0,0.58840626,0
276,18,0.489,0,1.0,0.11938742,0
276,19,0.423,0,1.0,-0.28415596,0
276,20,0.393,1,-0.05,-0.08554268,0
276,21,0.367,1,-0.05,0.66953135,0
276,22,0.339,1,-0.05,-5.065092,0
276,23,0.303,2,-0.05,-8.233496,0
276,24,0.283,1,-0.05,-10.103329,0
276,25,0.257,2,-0.05,-16.387566,0
276,26,0.234,1,-0.05,-14.334311,0
276,27,0.187,1,-100.0,-19.430906,0
277,0,0.677,1,-0.05,0.07830274,0
277,1,0.656,0,1.0,0.5756295,0
277,2,0.605,0,1.0,0.3426875,0
277,3,0.594,1,-0.05,-0.13582426,0
277,4,0.540,0,1.0,-0.018722773,0
277,5,0.468,0,1.0,-0.87076867,0
277,6,0.442,1,-0.05,-1.2573553,0
277,7,0.430,1,-0.05,0.6206517,0
277,8,0.413,1,-0.05,1.8792958,0
277,9,0.297,0,1.0,0.93649864,0
277,10,0.239,1,-0.05,-9.079818,0
277,11,0.218,1,-0.05,-12.851407,0
277,12,0.180,1,-100.0,-21.903267,0
278,0,0.654,0,1.0,0.04555416,0
278,1,0.666,0,1.0,0.010667682,0
278,2,0.667,0,1.0,-0.040005326,0
278,3,0.659,1,-0.05,-0.10010195,0
278,4,0.628,0,1.0,0.61787164,0
278,5,0.622,1,-0.05,0.04622072,0
278,6,0.586,0,1.0,0.33292055,0
278,7,0.546,2,-0.05,-0.349419,0
278,8,0.533,0,1.0,-0.6666335,0
278,9,0.478,0,1.0,-0.66298425,0
278,10,0.484,1,-0.05,-1.0565971,0
278,11,0.472,1,-0.05,-1.5600222,0
278,12,0.455,1,-0.05,-1.2495664,0
278,13,0.447,1,-0.05,1.6171931,0
278,14,0.406,1,-0.05,2.5026026,0
278,15,0.381,1,-0.05,-2.6547518,0
278,16,0.364,1,-0.05,-6.080702,0
278,17,0.309,1,-0.05,-11.418824,0
278,18,0.295,1,-0.05,-15.175552,0
278,19,0.164,0,-100.0,-17.21503,0
279,0,0.665,0,1.0,-0.16786766,0
279,1,0.669,0,1.0,-0.21868622,0
279,2,0.668,0,1.0,-0.15446258,0
279,3,0.663,0,1.0,-0.11115217,0
279,4,0.667,0,1.0,-0.11939883,0
279,5,0.665,0,1.0,-0.16566205,0
279,6,0.665,0,1.0,-0.19058609,0
279,7,0.654,0,1.0,-0.17788887,0
279,8,0.665,0,1.0,-0.16497993,0
279,9,0.655,0,1.0,-0.220662,0
279,10,0.670,0,1.0,-0.0024729967,0
279,11,0.661,0,1.0,-0.48017108,0
279,12,0.667,1,-0.05,-1.0385776,0
279,13,0.645,0,1.0,-0.9880043,0
279,14,0.611,0,1.0,-0.79129314,0
279,15,0.597,0,1.0,-1.2136185,0
279,16,0.577,0,1.0,-1.1924022,0
279,17,0.531,0,1.0,-1.3578862,0
279,18,0.499,0,1.0,-2.5486736,0
279,19,0.490,1,-0.05,-1.436804,0
279,20,0.483,2,-0.05,-1.8203188,0
279,21,0.471,0,1.0,-1.9245251,0
279,22,0.459,1,-0.05,-1.5918465,0
279,23,0.452,1,-0.05,-1.5469021,0
279,24,0.391,0,1.0,-2.0826201,0
279,25,0.377,1,-0.05,-5.245255,0
279,26,0.345,1,-0.05,-7.7605553,0
279,27,0.328,1,-0.05,-13.215776,0
279,28,0.307,1,-0.05,-16.997448,0
279,29,0.268,1,-0.05,-20.405449,0
279,30,0.229,1,-0.05,-23.886883,0
279,31,0.202,1,-0.05,-27.846928,0
279,32,0.161,2,-100.0,-30.410385,0
280,0,0.671,2,-0.05,-0.85772896,0
280,1,0.687,0,1.0,-0.80726004,0
280,2,0.702,2,-0.05,-0.9771615,0
280,3,0.661,0,1.0,-2.4099264,0
280,4,0.636,2,-0.05,-3.1532097,0
280,5,0.609,2,-0.05,-3.0555418,0
280,6,0.585,2,-0.05,-2.5684285,0
280,7,0.514,0,1.0,-1.5310633,0
280,8,0.423,1,-0.05,-4.0466223,0
280,9,0.419,1,-0.05,-6.5573463,0
280,10,0.394,1,-0.05,-8.173325,0
280,11,0.359,2,-0.05,-6.9738836,0
280,12,0.362,2,-0.05,-10.060186,0
280,13,0.327,1,-0.05,-9.873756,0
280,14,0.270,0,1.0,-11.523116,0
280,15,0.229,1,-0.05,-15.689523,0
280,16,0.211,1,-0.05,-15.043033,0
280,17,0.190,2,-100.0,-9.100138,0
281,0,0.667,0,1.0,-0.64524865,0
281,1,0.677,1,-0.05,-0.6009368,0
281,2,0.652,0,1.0,0.019305825,0
281,3,0.618,0,1.0,0.38916767,0
281,4,0.613,2,-0.05,-0.07415819,0
281,5,0.603,0,1.0,-0.48825192,0
281,6,0.620,0,1.0,-0.63754773,0
281,7,0.633,0,1.0,-0.60612655,0
281,8,0.623,0,1.0,-0.494915,0
281,9,0.627,2,-0.05,-0.50177646,0
281,10,0.631,0,1.0,-0.31900597,0
281,11,0.669,0,1.0,0.13196552,0
281,12,0.690,0,1.0,-0.09803581,0
281,13,0.699,2,-0.05,0.14961052,0
281,14,0.677,2,-0.05,-1.3194406,0
281,15,0.629,0,1.0,-2.3532152,0
281,16,0.599,2,-0.05,-2.4253862,0
281,17,0.591,2,-0.05,-2.1530337,0
281,18,0.544,2,-0.05,-2.1315312,0
281,19,0.532,1,-0.05,-3.5324583,0
281,20,0.492,1,-0.05,-3.4133985,0
281,21,0.477,2,-0.05,-4.4876585,0
281,22,0.455,1,-0.05,-4.503663,0
281,23,0.414,1,-0.05,-6.433625,0
281,24,0.415,2,-0.05,-5.5690064,0
281,25,0.354,1,-0.05,-7.2409463,0
281,26,0.363,2,-0.05,-7.239583,0
281,27,0.348,1,-0.05,-8.399089,0
281,28,0.322,2,-0.05,-8.653452,0
281,29,0.300,1,-0.05,-10.502987,0
281,30,0.286,2,-0.05,-11.53865,0
281,31,0.261,1,-0.05,-12.0317135,0
281,32,0.240,1,-0.05,-13.925934,0
281,33,0.230,1,-0.05,-9.032446,0
281,34,0.217,0,1.0,-2.6042252,0
281,35,0.211,2,-0.05,-1.6970899,0
281,36,0.215,2,-0.05,-4.712889,0
281,37,0.199,1,-100.0,-12.781626,0
282,0,0.654,0,1.0,-0.057421207,0
282,1,0.666,0,1.0,-0.033504963,0
282,2,0.647,0,1.0,-0.0064923763,0
282,3,0.650,0,1.0,-0.16707683,0
282,4,0.642,0,1.0,-0.31114876,0
282,5,0.631,0,1.0,-0.24225569,0
282,6,0.626,0,1.0,-0.17002738,0
282,7,0.631,0,1.0,-0.23440456,0
282,8,0.619,0,1.0,0.07791114,0
282,9,0.623,0,1.0,-0.09250271,0
282,10,0.607,0,1.0,-0.4378643,0
282,11,0.627,1,-0.05,-1.0193024,0
282,12,0.585,0,1.0,-0.79855096,0
282,13,0.552,0,1.0,-0.92339146,0
282,14,0.521,0,1.0,-1.1179719,0
282,15,0.497,0,1.0,-1.1712528,0
282,16,0.451,0,1.0,-1.4291362,0
282,17,0.434,0,1.0,-2.7445757,0
282,18,0.395,1,-0.05,-2.649968,0
282,19,0.399,2,-0.05,-1.8035587,0
282,20,0.388,1,-0.05,-2.1478906,0
282,21,0.384,1,-0.05,-1.3283536,0
282,22,0.359,1,-0.05,-1.4133463,0
282,23,0.334,1,-0.05,-5.1735563,0
282,24,0.303,1,-0.05,-12.07192,0
282,25,0.287,1,-0.05,-19.724968,0
282,26,0.246,1,-0.05,-19.677982,0
282,27,0.219,1,-0.05,-24.863838,0
282,28,0.179,1,-100.0,-27.193192,0
283,0,0.654,0,1.0,-0.18371475,0
283,1,0.653,1,-0.05,-0.17781913,0
283,2,0.639,0,1.0,0.32779408,0
283,3,0.594,0,1.0,-0.22016728,0
283,4,0.562,0,1.0,-0.43003392,0
283,5,0.540,0,1.0,-0.72071826,0
283,6,0.501,0,1.0,-0.83045006,0
283,7,0.471,0,1.0,-1.0001447,0
283,8,0.451,0,1.0,-1.2890476,0
283,9,0.408,0,1.0,-1.6526649,0
283,10,0.368,0,1.0,-1.7592583,0
283,11,0.349,1,-0.05,-1.8134435,0
283,12,0.345,2,-0.05,-2.4047842,0
283,13,0.338,1,-0.05,-1.7206509,0
283,14,0.334,1,-0.05,-2.6739306,0
283,15,0.315,1,-0.05,-2.0841093,0
283,16,0.280,1,-0.05,-6.349859,0
283,17,0.195,0,-100.0,-9.565306,0
284,0,0.668,0,1.0,-0.108086824,0
284,1,0.671,0,1.0,-0.10887766,0
284,2,0.672,0,1.0,-0.124970675,0
284,3,0.653,1,-0.05,-0.19537699,0
284,4,0.659,2,-0.05,0.3458748,0
284,5,0.665,0,1.0,-0.037761092,0
284,6,0.674,0,1.0,-0.10458338,0
284,7,0.693,0,1.0,-0.07296038,0
284,8,0.703,0,1.0,0.057210565,0
284,9,0.707,1,-0.05,0.09719157,0
284,10,0.699,0,1.0,0.43502355,0
284,11,0.685,0,1.0,0.40181565,0
284,12,0.667,0,1.0,0.1886906,0
284,13,0.657,0,1.0,-0.37294614,0
284,14,0.645,0,1.0,-0.7323483,0
284,15,0.643,1,-0.05,-0.92648435,0
284,16,0.616,0,1.0,-0.30288243,0
284,17,0.548,0,1.0,-0.15412283,0
284,18,0.514,0,1.0,-1.133668,0
284,19,0.479,0,1.0,-2.1270123,0
284,20,0.422,0,1.0,-1.1918275,0
284,21,0.409,1,-0.05,-1.9613965,0
284,22,0.409,1,-0.05,-0.68798697,0
284,23,0.391,1,-0.05,-1.5550895,0
284,24,0.360,1,-0.05,-4.838456,0
284,25,0.332,1,-0.05,-10.6592045,0
284,26,0.247,0,1.0,-16.794819,0
284,27,0.164,1,-100.0,-22.350248,0
285,0,0.654,0,1.0,0.0034116507,0
285,1,0.668,0,1.0,-0.0022568703,0
285,2,0.667,0,1.0,-0.059064627,0
285,3,0.648,0,1.0,-0.104227185,0
285,4,0.643,0,1.0,-0.0942359,0
285,5,0.647,0,1.0,-0.014020681,0
285,6,0.628,0,1.0,0.11498642,0
285,7,0.639,0,1.0,0.10234952,0
285,8,0.635,0,1.0,0.45796573,0
285,9,0.626,1,-0.05,0.17481142,0
285,10,0.599,0,1.0,-0.2818334,0
285,11,0.584,2,-0.05,-0.26836455,0
285,12,0.594,0,1.0,-0.96497345,0
285,13,0.565,0,1.0,-0.9660851,0
285,14,0.588,1,-0.05,-1.0992657,0
285,15,0.569,1,-0.05,-0.9281988,0
285,16,0.530,0,1.0,-0.18857622,0
285,17,0.501,1,-0.05,-1.4084111,0
285,18,0.493,1,-0.05,-0.72839,0
285,19,0.468,1,-0.05,2.3644743,0
285,20,0.429,1,-0.05,1.6973562,0
285,21,0.413,1,-0.05,-3.155776,0
285,22,0.383,1,-0.05,-7.9092007,0
285,23,0.351,1,-0.05,-12.504966,0
285,24,0.309,1,-0.05,-12.677241,0
285,25,0.285,1,-0.05,-14.231485,0
285,26,0.259,1,-0.05,-18.270134,0
285,27,0.241,1,-0.05,-19.738132,0
285,28,0.207,1,-0.05,-18.911776,0
285,29,0.191,1,-100.0,-10.527492,0
286,0,0.676,1,-0.05,0.0860734,0
286,1,0.629,0,1.0,0.4386524,0
286,2,0.608,0,1.0,-0.15267491,0
286,3,0.553,0,1.0,-0.41367924,0
286,4,0.512,0,1.0,-0.72237754,0
286,5,0.475,0,1.0,-0.93285275,0
286,6,0.451,0,1.0,-1.167209,0
286,7,0.432,1,-0.05,-1.508434,0
286,8,0.401,1,-0.05,-1.9363295,0
286,9,0.400,1,-0.05,0.36945367,0
286,10,0.375,1,-0.05,0.67701054,0
286,11,0.349,1,-0.05,-0.8896332,0
286,12,0.325,2,-0.05,-8.632905,0
286,13,0.305,1,-0.05,-8.646511,0
286,14,0.247,1,-0.05,-11.094636,0
286,15,0.227,1,-0.05,-19.34312,0
286,16,0.194,2,-100.0,-25.486086,0
287,0,0.667,0,1.0,-0.34917927,0
287,1,0.677,0,1.0,-0.22001588,0
287,2,0.681,0,1.0,0.10401952,0
287,3,0.673,0,1.0,0.15930194,0
287,4,0.680,0,1.0,0.13728821,0
287,5,0.687,0,1.0,0.19149947,0
287,6,0.676,2,-0.05,0.4292215,0
287,7,0.703,0,1.0,-0.23552144,0
287,8,0.689,2,-0.05,0.0031602383,0
287,9,0.658,0,1.0,-1.0104543,0
287,10,0.577,0,1.0,-2.4618003,0
287,11,0.569,1,-0.05,-3.2747412,0
287,12,0.556,1,-0.05,-2.9659214,0
287,13,0.551,0,1.0,-0.27473074,0
287,14,0.529,0,1.0,0.798123,0
287,15,0.551,2,-0.05,0.82533705,0
287,16,0.520,0,1.0,-0.50482774,0
287,17,0.504,2,-0.05,-1.5803285,0
287,18,0.506,1,-0.05,-2.8581514,0
287,19,0.497,1,-0.05,-1.6919241,0
287,20,0.508,0,1.0,0.9263706,0
287,21,0.510,0,1.0,0.55984396,0
287,22,0.521,0,1.0,-0.095532656,0
287,23,0.536,0,1.0,-0.26210058,0
287,24,0.563,0,1.0,-0.699541,0
287,25,0.558,0,1.0,-0.61776006,0
287,26,0.575,0,1.0,-0.7061549,0
287,27,0.600,0,1.0,0.5913435,0
287,28,0.603,0,1.0,1.049295,0
287,29,0.613,1,-0.05,-1.084153,0
287,30,0.625,2,-0.05,-2.2257485,0
287,31,0.654,2,-0.05,-2.2093272,0
287,32,0.645,2,-0.05,-1.0429535,0
287,33,0.643,1,-0.05,0.12439567,0
287,34,0.653,1,-0.05,-0.81436336,0
287,35,0.644,1,-0.05,-2.4464972,0
287,36,0.690,2,-0.05,-3.1703064,0
287,37,0.756,0,1.0,-3.4203904,0
287,38,0.792,1,-0.05,-4.2271686,0
287,39,0.794,1,-0.05,-5.1266766,0
287,40,0.783,0,1.0,-5.633279,0
287,41,0.769,1,-0.05,-5.4463983,0
287,42,0.750,1,-0.05,-5.9231834,0
287,43,0.731,1,-0.05,-2.4951763,0
287,44,0.711,1,-0.05,-2.6060634,0
287,45,0.682,1,-0.05,-5.1520424,0
287,46,0.651,1,-0.05,-10.072428,0
287,47,0.626,1,-0.05,-12.714815,0
287,48,0.594,1,-0.05,-11.258712,0
287,49,0.563,1,-0.05,-9.330585,0
287,50,0.541,1,-0.05,-6.7316766,0
287,51,0.500,1,-0.05,-5.187149,0
287,52,0.485,1,-0.05,-2.4951968,0
287,53,0.412,0,1.0,1.6967663,0
287,54,0.352,0,1.0,2.123999,0
287,55,0.284,0,1.0,-0.8879819,0
287,56,0.241,2,-0.05,-2.6793742,0
287,57,0.242,2,-0.05,-8.191326,0
287,58,0.206,1,-0.05,-15.128917,0
287,59,0.177,1,-100.0,-13.410579,0
288,0,0.654,0,1.0,0.090364814,0
288,1,0.666,0,1.0,0.08035874,0
288,2,0.646,0,1.0,0.013229132,0
288,3,0.650,0,1.0,-0.030565023,0
288,4,0.642,0,1.0,-0.10797763,0
288,5,0.646,0,1.0,-0.058548093,0
288,6,0.634,0,1.0,0.034465194,0
288,7,0.632,0,1.0,-0.028470397,0
288,8,0.630,0,1.0,0.16094244,0
288,9,0.622,0,1.0,0.07113278,0
288,10,0.619,0,1.0,-0.25705612,0
288,11,0.615,0,1.0,-0.90193367,0
288,12,0.611,1,-0.05,-1.1260822,0
288,13,0.569,0,1.0,-1.1860578,0
288,14,0.558,1,-0.05,-0.898034,0
288,15,0.521,0,1.0,-0.5947194,0
288,16,0.503,1,-0.05,-1.3553725,0
288,17,0.493,1,-0.05,-0.5832687,0
288,18,0.471,2,-0.05,2.1725674,0
288,19,0.426,0,1.0,1.0945898,0
288,20,0.375,1,-0.05,-0.2607515,0
288,21,0.357,1,-0.05,0.1276002,0
288,22,0.342,1,-0.05,-5.600363,0
288,23,0.293,1,-0.05,-8.044774,0
288,24,0.263,1,-0.05,-17.373135,0
288,25,0.246,1,-0.05,-19.951973,0
288,26,0.203,1,-0.05,-23.641905,0
288,27,0.181,1,-100.0,-26.687946,0
289,0,0.654,0,1.0,-0.14507079,0
289,1,0.666,0,1.0,-0.1263187,0
289,2,0.648,0,1.0,-0.1467135,0
289,3,0.648,0,1.0,-0.18298304,0
289,4,0.640,0,1.0,-0.1839174,0
289,5,0.641,0,1.0,-0.2499814,0
289,6,0.632,2,-0.05,-0.16308475,0
289,7,0.651,0,1.0,-0.24903405,0
289,8,0.677,0,1.0,0.29772168,0
289,9,0.697,0,1.0,0.18951482,0
289,10,0.690,0,1.0,-0.042912066,0
289,11,0.665,0,1.0,-0.38386655,0
289,12,0.657,2,-0.05,-0.07577264,0
289,13,0.621,0,1.0,-1.3204849,0
289,14,0.591,1,-0.05,-2.1710339,0
289,15,0.586,1,-0.05,-1.9467727,0
289,16,0.579,0,1.0,0.012268484,0
289,17,0.575,0,1.0,0.34416372,0
289,18,0.582,0,1.0,-0.26579738,0
289,19,0.580,1,-0.05,-0.82023764,0
289,20,0.599,0,1.0,-0.20074749,0
289,21,0.633,0,1.0,-0.038297415,0
289,22,0.632,1,-0.05,0.02121681,0
289,23,0.674,0,1.0,0.5720175,0
289,24,0.709,0,1.0,1.2705778,0
289,25,0.667,0,1.0,0.40281248,0
289,26,0.625,0,1.0,0.63650715,0
289,27,0.605,1,-0.05,-0.66684794,0
289,28,0.594,1,-0.05,-1.0302267,0
289,29,0.583,1,-0.05,-1.5837553,0
289,30,0.568,1,-0.05,0.53000116,0
289,31,0.534,1,-0.05,-0.9657583,0
289,32,0.504,1,-0.05,-2.8267622,0
289,33,0.415,0,1.0,-8.815755,0
289,34,0.244,0,1.0,-13.826017,0
289,35,0.209,1,-0.05,-26.808378,0
289,36,0.172,2,-100.0,-31.048344,0
290,0,0.667,0,1.0,-0.45790243,0
290,1,0.677,0,1.0,-0.36170638,0
290,2,0.679,0,1.0,-0.002901435,0
290,3,0.665,0,1.0,-0.017229795,0
290,4,0.676,0,1.0,0.03624165,0
290,5,0.683,0,1.0,0.052822232,0
290,6,0.689,0,1.0,0.2543789,0
290,7,0.694,0,1.0,0.2551241,0
290,8,0.692,0,1.0,0.21051049,0
290,9,0.711,0,1.0,0.35491574,0
290,10,0.693,2,-0.05,0.111513436,0
290,11,0.692,0,1.0,0.19666874,0
290,12,0.658,0,1.0,-0.3544886,0
290,13,0.647,1,-0.05,-0.09898794,0
290,14,0.633,0,1.0,-0.39316535,0
290,15,0.631,0,1.0,-0.13376892,0
290,16,0.623,1,-0.05,-0.64955556,0
290,17,0.660,0,1.0,-0.7283089,0
290,18,0.656,2,-0.05,-0.55853117,0
290,19,0.646,1,-0.05,-1.11864,0
290,20,0.688,0,1.0,-0.19217247,0
290,21,0.685,1,-0.05,-0.21202505,0
290,22,0.677,0,1.0,0.24349803,0
290,23,0.648,2,-0.05,0.8574139,0
290,24,0.624,0,1.0,0.3893209,0
290,25,0.576,0,1.0,-0.57380617,0
290,26,0.563,1,-0.05,-1.1759012,0
290,27,0.521,0,1.0,-2.130171,0
290,28,0.478,0,1.0,-2.2238584,0
290,29,0.428,1,-0.05,-4.508831,0
290,30,0.408,1,-0.05,-8.572816,0
290,31,0.312,0,1.0,-10.008891,0
290,32,0.276,1,-0.05,-16.571167,0
290,33,0.239,1,-0.05,-19.40296,0
290,34,0.218,1,-0.05,-26.309658,0
290,35,0.195,1,-100.0,-29.33482,0
291,0,0.654,0,1.0,-0.16665852,0
291,1,0.668,0,1.0,-0.2176063,0
291,2,0.667,0,1.0,-0.2907393,0
291,3,0.649,0,1.0,-0.33956707,0
291,4,0.639,0,1.0,-0.34852123,0
291,5,0.645,1,-0.05,-0.33863926,0
291,6,0.624,0,1.0,-0.52235305,0
291,7,0.584,0,1.0,-0.9085616,0
291,8,0.545,0,1.0,-1.0073475,0
291,9,0.516,0,1.0,-1.2240528,0
291,10,0.480,0,1.0,-1.4535658,0
291,11,0.452,0,1.0,-1.6425381,0
291,12,0.442,1,-0.05,-1.9074783,0
291,13,0.442,2,-0.05,-1.9225354,0
291,14,0.432,1,-0.05,-1.991984,0
291,15,0.418,1,-0.05,-1.9615936,0
291,16,0.406,1,-0.05,-0.4227574,0
291,17,0.380,1,-0.05,2.1306129,0
291,18,0.362,1,-0.05,-2.1765995,0
291,19,0.312,1,-0.05,-5.996249,0
291,20,0.293,1,-0.05,-14.024849,0
291,21,0.266,1,-0.05,-20.685835,0
291,22,0.222,1,-0.05,-20.964329,0
291,23,0.120,0,-100.0,-21.299566,0
292,0,0.664,2,-0.05,-0.13730693,0
292,1,0.658,2,-0.05,-0.37285972,0
292,2,0.700,0,1.0,-0.757771,0
292,3,0.639,0,1.0,-1.7116096,0
292,4,0.613,1,-0.05,-3.0491104,0
292,5,0.602,1,-0.05,-2.5807428,0
292,6,0.592,1,-0.05,-0.6989708,0
292,7,0.605,0,1.0,1.2003603,0
292,8,0.632,0,1.0,1.1583331,0
292,9,0.653,0,1.0,0.9788227,0
292,10,0.687,0,1.0,0.80930895,0
292,11,0.694,0,1.0,0.47485936,0
292,12,0.682,0,1.0,0.32615864,0
292,13,0.661,0,1.0,-0.16666365,0
292,14,0.640,0,1.0,-0.44541585,0
292,15,0.618,0,1.0,-0.6917443,0
292,16,0.587,0,1.0,-0.88678193,0
292,17,0.567,0,1.0,-1.1187096,0
292,18,0.536,0,1.0,-1.3919196,0
292,19,0.515,0,1.0,-1.392311,0
292,20,0.486,0,1.0,-1.35988,0
292,21,0.468,0,1.0,-2.5777147,0
292,22,0.434,0,1.0,-1.3889558,0
292,23,0.424,2,-0.05,-2.2441335,0
292,24,0.417,1,-0.05,-1.7393141,0
292,25,0.427,1,-0.05,-1.3306123,0
292,26,0.400,2,-0.05,-1.7690156,0
292,27,0.417,1,-0.05,-1.5302856,0
292,28,0.398,1,-0.05,-2.2476344,0
292,29,0.368,2,-0.05,-4.5281477,0
292,30,0.367,1,-0.05,-3.9034534,0
292,31,0.361,1,-0.05,-5.2499323,0
292,32,0.328,1,-0.05,-10.684061,0
292,33,0.306,1,-0.05,-17.128044,0
292,34,0.266,1,-0.05,-19.205132,0
292,35,0.249,1,-0.05,-23.62401,0
292,36,0.171,0,-100.0,-27.292645,0
293,0,0.655,0,1.0,0.04556465,0
293,1,0.665,0,1.0,0.016648293,0
293,2,0.668,0,1.0,-0.05261016,0
293,3,0.668,0,1.0,0.10974336,0
293,4,0.661,0,1.0,0.105695605,0
293,5,0.678,0,1.0,0.18372,0
293,6,0.661,2,-0.05,0.2023226,0
293,7,0.678,0,1.0,0.21516454,0
293,8,0.701,0,1.0,0.11506891,0
293,9,0.670,0,1.0,-0.0911963,0
293,10,0.653,0,1.0,0.19585979,0
293,11,0.642,1,-0.05,-0.11138284,0
293,12,0.626,0,1.0,0.4710065,0
293,13,0.638,0,1.0,0.5306362,0
293,14,0.632,0,1.0,0.27265644,0
293,15,0.635,0,1.0,-0.37688172,0
293,16,0.626,0,1.0,-0.84774685,0
293,17,0.639,1,-0.05,-0.98596287,0
293,18,0.656,0,1.0,-0.74754345,0
293,19,0.674,0,1.0,-0.14429343,0
293,20,0.712,0,1.0,-0.39542663,0
293,21,0.668,0,1.0,-0.9433018,0
293,22,0.651,0,1.0,-0.26646364,0
293,23,0.612,0,1.0,-0.30532098,0
293,24,0.604,1,-0.05,-2.1133986,0
293,25,0.597,1,-0.05,-3.7733579,0
293,26,0.576,1,-0.05,-2.5325851,0
293,27,0.556,1,-0.05,-1.1178923,0
293,28,0.552,1,-0.05,-1.8579235,0
293,29,0.517,1,-0.05,-5.8238735,0
293,30,0.489,1,-0.05,-9.798463,0
293,31,0.368,0,1.0,-17.218044,0
293,32,0.235,0,1.0,-22.367947,0
293,33,0.156,2,-100.0,-30.366928,0
294,0,0.667,0,1.0,-0.36959553,0
294,1,0.661,0,1.0,-0.29632473,0
294,2,0.678,0,1.0,-0.03391266,0
294,3,0.683,0,1.0,0.027603269,0
294,4,0.676,0,1.0,0.10200083,0
294,5,0.681,2,-0.05,0.35315597,0
294,6,0.695,0,1.0,0.05835879,0
294,7,0.664,0,1.0,0.06293917,0
294,8,0.643,0,1.0,-0.05094278,0
294,9,0.622,0,1.0,-0.1892544,0
294,10,0.587,0,1.0,-0.6038567,0
294,11,0.559,0,1.0,-1.15052,0
294,12,0.529,1,-0.05,-1.6091082,0
294,13,0.530,0,1.0,-0.0077795982,0
294,14,0.532,0,1.0,0.5557916,0
294,15,0.521,0,1.0,0.44783854,0
294,16,0.526,1,-0.05,0.23738903,0
294,17,0.536,0,1.0,0.33110273,0
294,18,0.557,0,1.0,0.8296907,0
294,19,0.582,0,1.0,0.11929512,0
294,20,0.604,0,1.0,-0.117408514,0
294,21,0.634,0,1.0,-0.109905005,0
294,22,0.677,0,1.0,0.87747544,0
294,23,0.688,0,1.0,0.04166037,0
294,24,0.703,1,-0.05,-0.70140696,0
294,25,0.700,2,-0.05,-2.131423,0
294,26,0.694,2,-0.05,-2.384532,0
294,27,0.703,1,-0.05,-0.60852766,0
294,28,0.702,2,-0.05,-2.4951282,0
294,29,0.691,1,-0.05,-1.2047291,0
294,30,0.690,2,-0.05,-2.7518682,0
294,31,0.694,1,-0.05,-1.7703745,0
294,32,0.698,2,-0.05,-3.1010756,0
294,33,0.688,1,-0.05,-2.5627637,0
294,34,0.689,2,-0.05,-3.7984319,0
294,35,0.682,1,-0.05,-3.0206501,0
294,36,0.694,1,-0.05,-4.171711,0
294,37,0.680,1,-0.05,-4.2813125,0
294,38,0.674,1,-0.05,-2.8620377,0
294,39,0.662,1,-0.05,-0.8703842,0
294,40,0.632,1,-0.05,-0.48363924,0
294,41,0.531,0,1.0,-4.754385,0
294,42,0.477,1,-0.05,-10.875034,0
294,43,0.445,1,-0.05,-16.28836,0
294,44,0.347,0,1.0,-19.576097,0
294,45,0.261,1,-0.05,-22.627186,0
294,46,0.230,1,-0.05,-23.760609,0
294,47,0.204,1,-0.05,-23.363716,0
294,48,0.159,1,-100.0,-20.675602,0
295,0,0.671,2,-0.05,0.17087615,0
295,1,0.675,1,-0.05,-0.20578939,0
295,2,0.669,0,1.0,-0.112903,0
295,3,0.660,0,1.0,0.080479264,0
295,4,0.647,0,1.0,0.049033284,0
295,5,0.651,0,1.0,-0.011084437,0
295,6,0.644,0,1.0,0.017521739,0
295,7,0.633,0,1.0,0.0399431,0
295,8,0.632,0,1.0,-0.06837332,0
295,9,0.622,0,1.0,-0.03210306,0
295,10,0.607,0,1.0,-0.066773415,0
295,11,0.604,0,1.0,-0.15967894,0
295,12,0.600,0,1.0,-0.80295205,0
295,13,0.607,1,-0.05,-0.9924047,0
295,14,0.559,0,1.0,-0.9694394,0
295,15,0.519,0,1.0,-0.8349669,0
295,16,0.506,2,-0.05,-0.6485957,0
295,17,0.510,1,-0.05,-1.413681,0
295,18,0.474,0,1.0,-0.96006477,0
295,19,0.431,0,1.0,-2.0423675,0
295,20,0.400,1,-0.05,-2.1153855,0
295,21,0.392,1,-0.05,-1.1976087,0
295,22,0.372,2,-0.05,-0.4434204,0
295,23,0.353,1,-0.05,0.46710777,0
295,24,0.340,1,-0.05,-2.0520468,0
295,25,0.310,1,-0.05,-6.2422037,0
295,26,0.294,1,-0.05,-14.634713,0
295,27,0.255,1,-0.05,-20.272963,0
295,28,0.120,0,-100.0,-23.470718,0
296,0,0.655,0,1.0,-0.067335606,0
296,1,0.668,1,-0.05,-0.17314267,0
296,2,0.645,0,1.0,-0.14692295,0
296,3,0.610,0,1.0,-0.530537,0
296,4,0.588,0,1.0,-0.70539,0
296,5,0.559,0,1.0,-0.90788186,0
296,6,0.526,0,1.0,-1.3767846,0
296,7,0.502,0,1.0,-1.4534628,0
296,8,0.465,0,1.0,-1.6936862,0
296,9,0.432,0,1.0,-1.8670015,0
296,10,0.422,1,-0.05,-2.047787,0
296,11,0.418,1,-0.05,-1.9790832,0
296,12,0.400,1,-0.05,-0.65489316,0
296,13,0.364,1,-0.05,1.0711534,0
296,14,0.350,1,-0.05,0.51338863,0
296,15,0.330,1,-0.05,-7.519598,0
296,16,0.305,1,-0.05,-11.474335,0
296,17,0.264,1,-0.05,-19.40242,0
296,18,0.235,1,-0.05,-22.199535,0
296,19,0.198,1,-100.0,-21.539623,0
297,0,0.671,2,-0.05,-0.4560609,0
297,1,0.684,0,1.0,-0.77163815,0
297,2,0.698,0,1.0,-0.5939969,0
297,3,0.685,0,1.0,-0.69644666,0
297,4,0.656,1,-0.05,-0.7599517,0
297,5,0.663,0,1.0,-0.30445874,0
297,6,0.655,2,-0.05,0.2214874,0
297,7,0.663,2,-0.05,-0.21490741,0
297,8,0.641,2,-0.05,-1.4483111,0
297,9,0.635,2,-0.05,-2.4074216,0
297,10,0.620,2,-0.05,-1.9227123,0
297,11,0.587,1,-0.05,-1.5314153,0
297,12,0.574,2,-0.05,-2.1270745,0
297,13,0.547,1,-0.05,-1.7905302,0
297,14,0.523,2,-0.05,-2.8003678,0
297,15,0.492,1,-0.05,-2.8705232,0
297,16,0.468,1,-0.05,-3.8917363,0
297,17,0.463,2,-0.05,-4.240309,0
297,18,0.431,1,-0.05,-5.5440903,0
297,19,0.402,2,-0.05,-5.0481467,0
297,20,0.397,2,-0.05,-7.4150224,0
297,21,0.371,1,-0.05,-7.816907,0
297,22,0.330,1,-0.05,-9.423353,0
297,23,0.324,2,-0.05,-8.8555565,0
297,24,0.307,1,-0.05,-12.174843,0
297,25,0.293,2,-0.05,-9.866005,0
297,26,0.268,1,-0.05,-13.565763,0
297,27,0.251,2,-0.05,-13.137871,0
297,28,0.227,1,-0.05,-15.562172,0
297,29,0.203,2,-0.05,-15.504403,0
297,30,0.188,1,-100.0,-17.74125,0
298,0,0.654,0,1.0,-0.024898887,0
298,1,0.670,1,-0.05,0.008671761,0
298,2,0.654,0,1.0,-0.033649683,0
298,3,0.612,0,1.0,-0.1709131,0
298,4,0.590,0,1.0,-0.472324,0
298,5,0.553,0,1.0,-0.66134393,0
298,6,0.536,0,1.0,-1.0386915,0
298,7,0.494,0,1.0,-1.2763258,0
298,8,0.478,0,1.0,-1.3326304,0
298,9,0.475,2,-0.05,-1.4611616,0
298,10,0.451,0,1.0,-0.93007743,0
298,11,0.461,1,-0.05,-0.82983613,0
298,12,0.434,0,1.0,-1.148567,0
298,13,0.429,1,-0.05,-1.7218089,0
298,14,0.410,1,-0.05,-2.0469453,0
298,15,0.406,1,-0.05,-0.6861489,0
298,16,0.402,1,-0.05,1.2588735,0
298,17,0.361,2,-0.05,-0.16277122,0
298,18,0.355,1,-0.05,-2.0232506,0
298,19,0.324,1,-0.05,-2.916605,0
298,20,0.295,1,-0.05,-8.476612,0
298,21,0.255,1,-0.05,-14.40267,0
298,22,0.236,1,-0.05,-23.748627,0
298,23,0.120,0,-100.0,-26.005783,0
299,0,0.655,0,1.0,-0.12686753,0
299,1,0.668,0,1.0,-0.12702012,0
299,2,0.660,0,1.0,-0.1309954,0
299,3,0.667,0,1.0,-0.011520147,0
299,4,0.669,0,1.0,0.042120576,0
299,5,0.654,0,1.0,0.0138270855,0
299,6,0.665,0,1.0,0.0065312386,0
299,7,0.668,0,1.0,-0.059612155,0
299,8,0.674,0,1.0,0.05485332,0
299,9,0.667,1,-0.05,-0.013118744,0
299,10,0.639,0,1.0,-0.3832364,0
299,11,0.622,0,1.0,-0.44279933,0
299,12,0.601,1,-0.05,-0.7234824,0
299,13,0.595,1,-0.05,-0.41757345,0
299,14,0.588,1,-0.05,0.48876563,0
299,15,0.520,0,1.0,1.828931,0
299,16,0.462,1,-0.05,2.0124297,0
299,17,0.438,1,-0.05,1.5660675,0
299,18,0.397,1,-0.05,-1.871695,0
299,19,0.373,1,-0.05,-7.2398777,0
299,20,0.348,2,-0.05,-14.28906,0
299,21,0.299,1,-0.05,-15.621992,0
299,22,0.272,1,-0.05,-21.15062,0
299,23,0.168,0,-100.0,-21.57102,0
300,0,0.672,2,-0.05,-0.07332182,0
300,1,0.692,0,1.0,-0.33480215,0
300,2,0.696,0,1.0,0.07297701,0
300,3,0.643,0,1.0,-0.14410174,0
300,4,0.609,0,1.0,-0.49882746,0
300,5,0.599,0,1.0,-0.71913064,0
300,6,0.550,0,1.0,-0.9822532,0
300,7,0.535,1,-0.05,-1.2215958,0
300,8,0.529,1,-0.05,-0.41422266,0
300,9,0.552,0,1.0,1.5007172,0
300,10,0.569,0,1.0,1.6786146,0
300,11,0.595,0,1.0,1.3440154,0
300,12,0.621,0,1.0,0.96745765,0
300,13,0.636,0,1.0,0.43964505,0
300,14,0.664,0,1.0,0.21667671,0
300,15,0.693,2,-0.05,-0.075237215,0
300,16,0.681,1,-0.05,-0.820034,0
300,17,0.700,0,1.0,-0.18882859,0
300,18,0.662,0,1.0,-0.35223317,0
300,19,0.642,0,1.0,-0.40527987,0
300,20,0.599,0,1.0,-0.35416102,0
300,21,0.578,0,1.0,-1.1891136,0
300,22,0.539,0,1.0,-0.05058503,0
300,23,0.497,0,1.0,-1.3529078,0
300,24,0.490,1,-0.05,-1.4813226,0
300,25,0.469,1,-0.05,-1.8284642,0
300,26,0.463,2,-0.05,-2.3346357,0
300,27,0.456,1,-0.05,-1.5319269,0
300,28,0.435,1,-0.05,-2.3895211,0
300,29,0.406,1,-0.05,-7.512491,0
300,30,0.380,2,-0.05,-9.57841,0
300,31,0.356,1,-0.05,-12.335189,0
300,32,0.335,1,-0.05,-15.7435665,0
300,33,0.303,1,-0.05,-17.929142,0
300,34,0.270,1,-0.05,-22.48389,0
300,35,0.244,1,-0.05,-29.944784,0
300,36,0.150,0,-100.0,-29.962963,0
301,0,0.668,0,1.0,-0.06342971,0
301,1,0.671,0,1.0,-0.064992785,0
301,2,0.672,0,1.0,-0.06913972,0
301,3,0.677,0,1.0,-0.11664903,0
301,4,0.661,0,1.0,-0.011483312,0
301,5,0.673,0,1.0,-0.00385952,0
301,6,0.662,0,1.0,0.060488224,0
301,7,0.676,0,1.0,0.07593989,0
301,8,0.667,1,-0.05,0.23388505,0
301,9,0.667,0,1.0,0.07416189,0
301,10,0.645,0,1.0,0.06690228,0
301,11,0.621,0,1.0,-0.4073428,0
301,12,0.588,0,1.0,-0.6393765,0
301,13,0.558,0,1.0,-1.010279,0
301,14,0.525,0,1.0,-1.1228977,0
301,15,0.494,0,1.0,-1.3560789,0
301,16,0.481,2,-0.05,-1.5312095,0
301,17,0.480,1,-0.05,-1.8153819,0
301,18,0.461,0,1.0,-1.2720201,0
301,19,0.402,0,1.0,-2.4332085,0
301,20,0.367,0,1.0,-1.6551465,0
301,21,0.350,1,-0.05,-2.0558496,0
301,22,0.326,2,-0.05,-1.632869,0
301,23,0.332,1,-0.05,-1.7009462,0
301,24,0.312,1,-0.05,-2.2724154,0
301,25,0.297,1,-0.05,-9.850502,0
301,26,0.278,1,-0.05,-11.84126,0
301,27,0.244,1,-0.05,-21.030754,0
301,28,0.136,0,-100.0,-26.56037,0
302,0,0.668,0,1.0,-0.08164716,0
302,1,0.671,0,1.0,-0.03669226,0
302,2,0.679,0,1.0,-0.05951965,0
302,3,0.677,0,1.0,0.084594846,0
302,4,0.660,0,1.0,0.06757414,0
302,5,0.666,0,1.0,0.13034046,0
302,6,0.669,2,-0.05,0.070858836,0
302,7,0.689,0,1.0,0.2401421,0
302,8,0.698,0,1.0,0.017101288,0
302,9,0.684,0,1.0,0.30592203,0
302,10,0.628,0,1.0,0.0026685,0
302,11,0.622,0,1.0,-0.53638995,0
302,12,0.593,0,1.0,-0.985963,0
302,13,0.554,0,1.0,-0.9522871,0
302,14,0.532,0,1.0,-1.5933281,0
302,15,0.524,1,-0.05,-2.2183442,0
302,16,0.519,0,1.0,-0.78503585,0
302,17,0.518,2,-0.05,-0.8054297,0
302,18,0.505,1,-0.05,-2.0341208,0
302,19,0.515,1,-0.05,-0.72162426,0
302,20,0.547,0,1.0,0.46638435,0
302,21,0.581,0,1.0,1.229676,0
302,22,0.628,0,1.0,0.2120254,0
302,23,0.654,0,1.0,1.3401244,0
302,24,0.706,0,1.0,0.38166142,0
302,25,0.685,1,-0.05,-0.85654855,0
302,26,0.692,1,-0.05,-1.2179967,0
302,27,0.650,2,-0.05,-2.208477,0
302,28,0.635,2,-0.05,-2.0173163,0
302,29,0.610,0,1.0,-2.8629951,0
302,30,0.599,2,-0.05,-3.6386993,0
302,31,0.611,1,-0.05,-3.4101944,0
302,32,0.602,2,-0.05,-4.187189,0
302,33,0.595,0,1.0,-3.682946,0
302,34,0.604,1,-0.05,-3.8405776,0
302,35,0.595,1,-0.05,-4.9653277,0
302,36,0.598,1,-0.05,-7.227772,0
302,37,0.593,1,-0.05,-6.4454985,0
302,38,0.507,0,1.0,-4.3314295,0
302,39,0.468,1,-0.05,-7.257165,0
302,40,0.436,2,-0.05,-10.945203,0
302,41,0.420,1,-0.05,-12.613537,0
302,42,0.399,1,-0.05,-13.611036,0
302,43,0.362,1,-0.05,-20.133,0
302,44,0.339,1,-0.05,-24.829407,0
302,45,0.302,1,-0.05,-24.675203,0
302,46,0.254,1,-0.05,-20.770157,0
302,47,0.229,1,-0.05,-18.252895,0
302,48,0.202,1,-0.05,-17.068417,0
302,49,0.178,1,-100.0,-13.919693,0
303,0,0.676,1,-0.05,0.07171357,0
303,1,0.660,2,-0.05,0.21704865,0
303,2,0.656,0,1.0,-0.01341629,0
303,3,0.654,0,1.0,-0.08261275,0
303,4,0.662,0,1.0,-0.023912907,0
303,5,0.661,0,1.0,-0.072589874,0
303,6,0.669,2,-0.05,0.1780541,0
303,7,0.678,0,1.0,0.020590365,0
303,8,0.708,0,1.0,0.3087008,0
303,9,0.663,0,1.0,0.08716214,0
303,10,0.618,0,1.0,0.04688275,0
303,11,0.602,0,1.0,-0.33294874,0
303,12,0.566,0,1.0,-0.8199706,0
303,13,0.561,1,-0.05,-1.0181487,0
303,14,0.555,0,1.0,0.26164907,0
303,15,0.546,0,1.0,0.6469979,0
303,16,0.568,0,1.0,0.6591196,0
303,17,0.549,0,1.0,0.7847439,0
303,18,0.558,0,1.0,0.27117485,0
303,19,0.550,2,-0.05,-0.5456229,0
303,20,0.547,0,1.0,-1.0607306,0
303,21,0.499,0,1.0,-2.171826,0
303,22,0.492,2,-0.05,-1.9798193,0
303,23,0.437,0,1.0,-1.8001674,0
303,24,0.366,0,1.0,-1.9537948,0
303,25,0.324,0,1.0,-1.6327331,0
303,26,0.296,1,-0.05,-2.1860332,0
303,27,0.293,1,-0.05,-2.7890751,0
303,28,0.283,0,1.0,-0.96891475,0
303,29,0.295,0,1.0,1.7894883,0
303,30,0.372,0,1.0,0.31065023,0
303,31,0.426,1,-0.05,-1.9984921,0
303,32,0.463,2,-0.05,-2.011598,0
303,33,0.471,1,-0.05,-2.3998308,0
303,34,0.522,2,-0.05,-2.665752,0
303,35,0.545,2,-0.05,-3.124706,0
303,36,0.561,1,-0.05,-2.8723438,0
303,37,0.588,1,-0.05,-3.4031258,0
303,38,0.618,1,-0.05,-3.1543584,0
303,39,0.654,1,-0.05,-2.5710835,0
303,40,0.682,1,-0.05,1.5016463,0
303,41,0.737,1,-0.05,1.6930192,0
303,42,0.752,1,-0.05,1.3725773,0
303,43,0.746,1,-0.05,0.8546927,0
303,44,0.735,1,-0.05,-4.1456237,0
303,45,0.725,0,1.0,-4.4119334,0
303,46,0.729,2,-0.05,-6.35002,0
303,47,0.716,1,-0.05,-7.8141165,0
303,48,0.717,1,-0.05,-7.795662,0
303,49,0.731,2,-0.05,-6.2179704,0
303,50,0.706,1,-0.05,-9.002953,0
303,51,0.666,1,-0.05,-7.832433,0
303,52,0.644,1,-0.05,-5.692866,0
303,53,0.605,2,-0.05,-2.4770718,0
303,54,0.578,1,-0.05,-5.0454636,0
303,55,0.565,2,-0.05,-3.3606296,0
303,56,0.530,1,-0.05,-7.648114,0
303,57,0.508,1,-0.05,-5.8936577,0
303,58,0.484,2,-0.05,-3.062283,0
303,59,0.458,1,-0.05,-6.599818,0
303,60,0.424,1,-0.05,-4.4967713,0
303,61,0.369,0,1.0,0.99118376,0
303,62,0.317,0,1.0,0.7709602,0
303,63,0.280,2,-0.05,-1.5796804,0
303,64,0.268,2,-0.05,-9.073483,0
303,65,0.188,0,-100.0,-16.110458,0
304,0,0.677,1,-0.05,-0.23522842,0
304,1,0.639,0,1.0,-0.18525934,0
304,2,0.628,1,-0.05,-0.6657747,0
304,3,0.568,0,1.0,0.23171401,0
304,4,0.503,0,1.0,-0.5830165,0
304,5,0.478,1,-0.05,-1.2102437,0
304,6,0.455,1,-0.05,-0.16350341,0
304,7,0.433,1,-0.05,2.403719,0
304,8,0.404,1,-0.05,1.7815852,0
304,9,0.378,1,-0.05,-3.8113422,0
304,10,0.341,2,-0.05,-8.188784,0
304,11,0.308,1,-0.05,-8.273712,0
304,12,0.278,1,-0.05,-14.245053,0
304,13,0.239,1,-0.05,-21.42788,0
304,14,0.204,2,-0.05,-25.880577,0
304,15,0.186,1,-100.0,-26.962444,0
305,0,0.653,2,-0.05,-0.22431612,0
305,1,0.684,0,1.0,-0.5472808,0
305,2,0.704,0,1.0,-0.45970058,0
305,3,0.679,0,1.0,-0.6155077,0
305,4,0.654,0,1.0,-0.8359947,0
305,5,0.639,1,-0.05,-0.8686168,0
305,6,0.645,0,1.0,-0.16477662,0
305,7,0.625,0,1.0,0.42522717,0
305,8,0.640,0,1.0,0.36544383,0
305,9,0.638,2,-0.05,0.29491413,0
305,10,0.630,0,1.0,0.09834397,0
305,11,0.616,1,-0.05,-0.7343286,0
305,12,0.616,0,1.0,0.286021,0
305,13,0.622,0,1.0,0.40068865,0
305,14,0.627,0,1.0,0.10127926,0
305,15,0.605,0,1.0,0.26898003,0
305,16,0.634,0,1.0,-0.2916118,0
305,17,0.637,0,1.0,-0.7490729,0
305,18,0.634,1,-0.05,-0.7593638,0
305,19,0.643,0,1.0,-0.85009253,0
305,20,0.673,0,1.0,-0.07714689,0
305,21,0.701,0,1.0,-0.16017532,0
305,22,0.690,2,-0.05,-0.56658053,0
305,23,0.688,1,-0.05,-1.7061989,0
305,24,0.668,0,1.0,0.3432647,0
305,25,0.612,0,1.0,1.1916628,0
305,26,0.563,0,1.0,-1.0752568,0
305,27,0.563,1,-0.05,-2.4317808,0
305,28,0.542,2,-0.05,-1.745225,0
305,29,0.529,2,-0.05,-4.3045683,0
305,30,0.508,1,-0.05,-2.2890334,0
305,31,0.505,1,-0.05,-3.6387131,0
305,32,0.505,1,-0.05,-4.0732374,0
305,33,0.497,1,-0.05,-5.566908,0
305,34,0.474,1,-0.05,-4.868764,0
305,35,0.359,0,1.0,-9.427643,0
305,36,0.300,2,-0.05,-19.109394,0
305,37,0.280,2,-0.05,-19.21418,0
305,38,0.247,2,-0.05,-22.768421,0
305,39,0.248,1,-0.05,-23.223925,0
305,40,0.174,0,-100.0,-25.793129,0
306,0,0.668,0,1.0,0.075384974,0
306,1,0.671,0,1.0,0.03056407,0
306,2,0.672,0,1.0,0.05646932,0
306,3,0.659,0,1.0,0.05214846,0
306,4,0.665,0,1.0,0.21688557,0
306,5,0.664,0,1.0,0.26359165,0
306,6,0.664,0,1.0,0.33115995,0
306,7,0.659,2,-0.05,0.3490994,0
306,8,0.687,0,1.0,0.5043123,0
306,9,0.704,1,-0.05,0.74016356,0
306,10,0.689,0,1.0,0.73142564,0
306,11,0.707,0,1.0,0.34951693,0
306,12,0.687,0,1.0,0.5396264,0
306,13,0.684,0,1.0,0.30901057,0
306,14,0.696,0,1.0,-0.28430843,0
306,15,0.693,1,-0.05,-0.640934,0
306,16,0.678,0,1.0,-0.4945649,0
306,17,0.633,0,1.0,-0.089657485,0
306,18,0.603,0,1.0,0.06905079,0
306,19,0.583,0,1.0,-0.41592932,0
306,20,0.554,2,-0.05,-1.317702,0
306,21,0.561,0,1.0,-2.4020684,0
306,22,0.552,1,-0.05,-2.3283813,0
306,23,0.528,0,1.0,-0.63943523,0
306,24,0.499,0,1.0,-0.7347808,0
306,25,0.480,1,-0.05,-1.4711251,0
306,26,0.481,1,-0.05,-2.6085439,0
306,27,0.456,1,-0.05,-3.1082797,0
306,28,0.424,1,-0.05,-6.288232,0
306,29,0.323,0,1.0,-12.366545,0
306,30,0.261,1,-0.05,-18.486567,0
306,31,0.236,1,-0.05,-26.99225,0
306,32,0.207,1,-0.05,-29.447227,0
306,33,0.167,1,-100.0,-31.922386,0
307,0,0.654,0,1.0,0.14257169,0
307,1,0.668,0,1.0,0.150805,0
307,2,0.667,0,1.0,0.06711531,0
307,3,0.648,0,1.0,-0.0018693209,0
307,4,0.650,0,1.0,0.0053406954,0
307,5,0.636,2,-0.05,0.0034816265,0
307,6,0.649,0,1.0,0.028414965,0
307,7,0.665,2,-0.05,0.33473593,0
307,8,0.690,0,1.0,0.8655413,0
307,9,0.658,0,1.0,-0.12035918,0
307,10,0.592,0,1.0,-1.748215,0
307,11,0.575,2,-0.05,-2.7556596,0
307,12,0.557,2,-0.05,-3.2420273,0
307,13,0.548,1,-0.05,-2.6065207,0
307,14,0.512,2,-0.05,-3.114188,0
307,15,0.502,2,-0.05,-2.9204803,0
307,16,0.476,1,-0.05,-2.7843428,0
307,17,0.453,2,-0.05,-4.8641233,0
307,18,0.424,1,-0.05,-4.4679637,0
307,19,0.406,1,-0.05,-7.118503,0
307,20,0.378,2,-0.05,-5.1745605,0
307,21,0.365,1,-0.05,-8.534521,0
307,22,0.353,1,-0.05,-6.3756733,0
307,23,0.325,1,-0.05,-4.902937,0
307,24,0.317,1,-0.05,-2.0835266,0
307,25,0.320,1,-0.05,0.8728342,0
307,26,0.348,0,1.0,3.997697,0
307,27,0.404,0,1.0,4.7151346,0
307,28,0.427,0,1.0,3.9508896,0
307,29,0.490,0,1.0,3.4172523,0
307,30,0.523,0,1.0,2.2108338,0
307,31,0.555,0,1.0,1.9825182,0
307,32,0.595,0,1.0,1.3107479,0
307,33,0.627,0,1.0,2.0323246,0
307,34,0.679,0,1.0,1.6268244,0
307,35,0.693,0,1.0,0.19782567,0
307,36,0.682,1,-0.05,-2.0807827,0
307,37,0.685,1,-0.05,-1.4129697,0
307,38,0.665,1,-0.05,-1.5736454,0
307,39,0.633,1,-0.05,1.0477211,0
307,40,0.610,1,-0.05,1.104969,0
307,41,0.568,1,-0.05,-0.3750353,0
307,42,0.468,0,1.0,-7.8109465,0
307,43,0.400,1,-0.05,-15.600517,0
307,44,0.369,1,-0.05,-19.078234,0
307,45,0.333,1,-0.05,-20.836933,0
307,46,0.298,1,-0.05,-21.53916,0
307,47,0.281,1,-0.05,-19.71259,0
307,48,0.250,1,-0.05,-14.841395,0
307,49,0.228,2,-0.05,-8.225607,0
307,50,0.193,1,-100.0,-13.972415,0
308,0,0.654,0,1.0,0.020817399,0
308,1,0.667,0,1.0,0.05091536,0
308,2,0.667,0,1.0,-0.040523767,0
308,3,0.652,0,1.0,-0.13353205,0
308,4,0.642,0,1.0,-0.10448933,0
308,5,0.646,0,1.0,-0.10536301,0
308,6,0.634,2,-0.05,-0.15314639,0
308,7,0.655,0,1.0,-0.089975715,0
308,8,0.679,0,1.0,0.39721167,0
308,9,0.696,0,1.0,0.39106768,0
308,10,0.688,0,1.0,0.17618787,0
308,11,0.656,0,1.0,0.4766103,0
308,12,0.644,0,1.0,0.060920477,0
308,13,0.632,2,-0.05,-0.3538462,0
308,14,0.601,0,1.0,-1.4325702,0
308,15,0.552,0,1.0,-2.0960612,0
308,16,0.523,2,-0.05,-3.0283418,0
308,17,0.514,2,-0.05,-3.721127,0
308,18,0.500,2,-0.05,-2.0981946,0
308,19,0.449,1,-0.05,-1.6260502,0
308,20,0.444,1,-0.05,-2.9963984,0
308,21,0.428,2,-0.05,-3.8876705,0
308,22,0.399,1,-0.05,-4.7279415,0
308,23,0.384,2,-0.05,-4.7259617,0
308,24,0.356,2,-0.05,-5.7633333,0
308,25,0.339,1,-0.05,-7.940261,0
308,26,0.306,1,-0.05,-8.807529,0
308,27,0.283,1,-0.05,-9.29944,0
308,28,0.274,1,-0.05,-7.129333,0
308,29,0.267,1,-0.05,-2.152692,0
308,30,0.277,0,1.0,0.2148267,0
308,31,0.278,0,1.0,1.5747002,0
308,32,0.287,0,1.0,1.2062042,0
308,33,0.325,0,1.0,0.96712023,0
308,34,0.338,0,1.0,1.0027537,0
308,35,0.354,2,-0.05,3.7586737,0
308,36,0.347,1,-0.05,0.81496996,0
308,37,0.431,0,1.0,1.0514743,0
308,38,0.457,2,-0.05,-0.91369045,0
308,39,0.475,2,-0.05,-1.8266699,0
308,40,0.497,1,-0.05,-1.3851376,0
308,41,0.496,2,-0.05,-2.256514,0
308,42,0.601,0,1.0,-1.7682816,0
308,43,0.610,1,-0.05,-2.1632729,0
308,44,0.632,1,-0.05,-3.0968163,0
308,45,0.660,1,-0.05,-3.4635344,0
308,46,0.767,0,1.0,-1.7516146,0
308,47,0.689,1,-0.05,-2.7470303,0
308,48,0.672,1,-0.05,-2.4844599,0
308,49,0.632,1,-0.05,-0.5687866,0
308,50,0.613,1,-0.05,-1.2933412,0
308,51,0.587,1,-0.05,-3.4420543,0
308,52,0.577,0,1.0,-7.6730103,0
308,53,0.557,1,-0.05,-8.503464,0
308,54,0.550,1,-0.05,-8.418247,0
308,55,0.569,1,-0.05,-4.999637,0
308,56,0.574,1,-0.05,-2.3823144,0
308,57,0.587,2,-0.05,-0.5768664,0
308,58,0.591,1,-0.05,-3.2950296,0
308,59,0.559,2,-0.05,-2.0308814,0
308,60,0.524,1,-0.05,-5.2702913,0
308,61,0.492,1,-0.05,-4.4755564,0
308,62,0.466,2,-0.05,-1.8443826,0
308,63,0.448,2,-0.05,-4.786573,0
308,64,0.374,0,1.0,-9.167927,0
308,65,0.290,1,-0.05,-13.373308,0
308,66,0.243,1,-0.05,-15.663507,0
308,67,0.212,1,-0.05,-12.753073,0
308,68,0.214,2,-0.05,-9.491215,0
308,69,0.182,1,-100.0,-14.027498,0
309,0,0.671,2,-0.05,-0.100307345,0
309,1,0.680,0,1.0,-0.43195498,0
309,2,0.674,0,1.0,-0.04817158,0
309,3,0.653,0,1.0,-0.16857374,0
309,4,0.635,1,-0.05,-0.4361782,0
309,5,0.644,0,1.0,-0.4711308,0
309,6,0.623,0,1.0,0.39624488,0
309,7,0.628,0,1.0,0.42114508,0
309,8,0.635,2,-0.05,0.814625,0
309,9,0.606,0,1.0,-0.53362,0
309,10,0.578,0,1.0,-0.65741825,0
309,11,0.536,0,1.0,-1.0535835,0
309,12,0.499,0,1.0,-1.6101675,0
309,13,0.482,1,-0.05,-1.8763627,0
309,14,0.476,0,1.0,0.020233572,0
309,15,0.467,1,-0.05,0.51983315,0
309,16,0.496,0,1.0,1.5639937,0
309,17,0.518,0,1.0,1.3902484,0
309,18,0.548,0,1.0,0.7884453,0
309,19,0.582,0,1.0,0.67933595,0
309,20,0.606,0,1.0,-0.31895918,0
309,21,0.640,0,1.0,0.13465512,0
309,22,0.648,0,1.0,-0.36537158,0
309,23,0.683,1,-0.05,0.7040577,0
309,24,0.694,0,1.0,2.0144567,0
309,25,0.683,1,-0.05,-1.309048,0
309,26,0.653,2,-0.05,-1.2537643,0
309,27,0.653,1,-0.05,-0.88548136,0
309,28,0.653,1,-0.05,-0.94333375,0
